사고번호,사고일시,요일,시군구,사고내용,사망자수,중상자수,경상자수,부상신고자수,사고유형,법규위반,노면상태,기상상태,도로형태,가해운전자 차종,가해운전자 성별,가해운전자 연령,가해운전자 상해정도,피해운전자 차종,피해운전자 성별,피해운전자 연령,피해운전자 상해정도
2020011000100067,2020년 1월 10일 06시,금요일,전라남도 여수시 율촌면,경상사고,0,0,1,0,차대차 - 추돌,안전운전불이행,건조,맑음,단일로 - 터널,승용,남,28세,기타불명,승용,남,26세,경상
2020011000100068,2020년 1월 10일 06시,금요일,전라남도 영암군 삼호읍,경상사고,0,0,1,0,차대차 - 추돌,안전운전불이행,건조,맑음,교차로 - 교차로부근,화물,여,42세,상해없음,승용,여,68세,경상
2020011000100085,2020년 1월 10일 07시,금요일,전라남도 영암군 삼호읍,경상사고,0,0,1,0,차대차 - 측면충돌,안전운전불이행,건조,맑음,교차로 - 교차로안,승용,남,37세,상해없음,승용,여,25세,경상
2020011000100086,2020년 1월 10일 07시,금요일,전라남도 장성군 남면,경상사고,0,0,4,0,차대차 - 기타,안전거리미확보,건조,맑음,교차로 - 교차로부근,승용,남,30세,경상,승용,남,36세,상해없음
2020011000100109,2020년 1월 10일 08시,금요일,전라남도 순천시 해룡면,중상사고,0,1,0,0,차대차 - 추돌,안전운전불이행,건조,맑음,단일로 - 기타,화물,남,31세,기타불명,사륜오토바이(ATV),여,81세,중상
2020011000100110,2020년 1월 10일 08시,금요일,전라남도 장흥군 용산면,경상사고,0,0,2,0,차대차 - 측면충돌,기타,건조,맑음,교차로 - 교차로안,건설기계,남,71세,상해없음,승용,여,68세,경상
2020011000100111,2020년 1월 10일 08시,금요일,전라남도 고흥군 과역면,사망사고,1,0,0,0,차대사람 - 횡단중,안전운전불이행,건조,맑음,단일로 - 기타,화물,남,53세,상해없음,보행자,여,89세,사망
2020011000100112,2020년 1월 10일 08시,금요일,전라남도 해남군 해남읍,경상사고,0,0,2,0,차대차 - 측면충돌,교차로운행방법위반,건조,맑음,교차로 - 교차로안,화물,남,72세,경상,승용,여,47세,경상
2020011000100113,2020년 1월 10일 08시,금요일,전라남도 강진군 신전면,경상사고,0,0,1,0,차대차 - 추돌,안전운전불이행,건조,맑음,단일로 - 기타,승용,남,57세,상해없음,원동기,남,54세,경상
2020011000100114,2020년 1월 10일 08시,금요일,전라남도 광양시 황길동,경상사고,0,0,1,0,차대차 - 기타,안전운전불이행,건조,맑음,단일로 - 교량,특수,남,39세,상해없음,승용,남,47세,경상
2020011000100186,2020년 1월 10일 10시,금요일,전라남도 순천시 조례동,경상사고,0,0,1,0,차대차 - 기타,안전운전불이행,건조,맑음,단일로 - 기타,승용,남,79세,상해없음,승합,남,44세,상해없음
2020011000100187,2020년 1월 10일 10시,금요일,전라남도 해남군 해남읍,경상사고,0,0,1,0,차대차 - 측면충돌,기타,건조,맑음,단일로 - 기타,이륜,남,41세,경상,화물,남,50세,상해없음
2020011000100213,2020년 1월 10일 11시,금요일,전라남도 목포시 석현동,경상사고,0,0,1,0,차대차 - 추돌,안전운전불이행,건조,맑음,교차로 - 교차로안,화물,남,37세,경상,승용,남,78세,상해없음
2020011000100214,2020년 1월 10일 11시,금요일,전라남도 여수시 주삼동,경상사고,0,0,1,0,차대차 - 추돌,안전거리미확보,건조,맑음,단일로 - 기타,승용,남,27세,상해없음,승용,남,31세,경상
2020011000100215,2020년 1월 10일 11시,금요일,전라남도 여수시 화장동,중상사고,0,1,0,0,차대차 - 기타,안전운전불이행,건조,맑음,교차로 - 교차로안,화물,남,27세,상해없음,자전거,남,70세,중상
2020011000100249,2020년 1월 10일 12시,금요일,전라남도 나주시 공산면,경상사고,0,0,2,0,차대차 - 측면충돌,중앙선침범,건조,맑음,단일로 - 교량,승용,남,72세,상해없음,승용,남,25세,경상
2020011000100291,2020년 1월 10일 13시,금요일,전라남도 강진군 칠량면,중상사고,0,1,0,1,차대사람 - 기타,안전운전불이행,건조,맑음,단일로 - 기타,화물,남,76세,부상신고,보행자,남,47세,중상
2020011000100323,2020년 1월 10일 14시,금요일,전라남도 보성군 득량면,중상사고,0,3,2,0,차대차 - 측면충돌,교차로운행방법위반,건조,맑음,교차로 - 교차로안,승용,남,59세,상해없음,승용,남,53세,경상
2020011000100324,2020년 1월 10일 14시,금요일,전라남도 함평군 함평읍,경상사고,0,0,1,0,차대차 - 측면충돌,교차로운행방법위반,건조,맑음,교차로 - 교차로부근,승용,남,34세,상해없음,승용,남,36세,경상
2020011000100325,2020년 1월 10일 14시,금요일,전라남도 함평군 월야면,부상신고사고,0,0,0,2,차량단독 - 기타,안전운전불이행,건조,맑음,기타 - 기타,이륜,남,82세,부상신고,,,,
2020011000100326,2020년 1월 10일 14시,금요일,전라남도 강진군 군동면,경상사고,0,0,3,0,차대차 - 측면충돌,신호위반,건조,맑음,교차로 - 교차로안,승용,여,70세,상해없음,승용,남,58세,경상
2020011000100349,2020년 1월 10일 15시,금요일,전라남도 목포시 옥암동,경상사고,0,0,1,0,차대차 - 기타,신호위반,건조,맑음,교차로 - 교차로안,승용,여,41세,상해없음,승용,여,30세,경상
2020011000100350,2020년 1월 10일 15시,금요일,전라남도 목포시 옥암동,경상사고,0,0,1,0,차대차 - 측면충돌,안전운전불이행,건조,맑음,교차로 - 교차로안,승용,남,55세,상해없음,승용,남,54세,경상
2020011000100351,2020년 1월 10일 15시,금요일,전라남도 진도군 진도읍,중상사고,0,1,0,0,차대차 - 측면충돌,안전운전불이행,건조,맑음,기타 - 기타,화물,남,74세,상해없음,이륜,남,62세,중상
2020011000100392,2020년 1월 10일 16시,금요일,전라남도 순천시 인월동,경상사고,0,0,1,0,차대차 - 측면충돌,안전운전불이행,건조,맑음,단일로 - 기타,건설기계,남,60세,상해없음,승용,여,47세,경상
2020011000100418,2020년 1월 10일 17시,금요일,전라남도 구례군 용방면,중상사고,0,1,0,0,차대차 - 측면충돌,안전운전불이행,건조,맑음,교차로 - 교차로부근,승용,남,35세,상해없음,이륜,여,68세,중상
2020011000100470,2020년 1월 10일 18시,금요일,전라남도 광양시 황길동,중상사고,0,1,1,0,차대차 - 추돌,안전운전불이행,건조,맑음,교차로 - 교차로부근,승용,남,29세,중상,특수,남,68세,경상
2020011000100471,2020년 1월 10일 18시,금요일,전라남도 광양시 광영동,경상사고,0,0,2,0,차대차 - 기타,안전운전불이행,건조,맑음,교차로 - 교차로안,승용,남,61세,경상,승용,여,55세,경상
2020011000100517,2020년 1월 10일 19시,금요일,전라남도 해남군 해남읍,경상사고,0,0,1,0,차대차 - 측면충돌,중앙선침범,건조,맑음,단일로 - 기타,승용,여,62세,상해없음,이륜,여,45세,경상
2020011000100555,2020년 1월 10일 20시,금요일,전라남도 목포시 상락동2가,경상사고,0,0,1,0,차대차 - 추돌,안전운전불이행,건조,맑음,단일로 - 기타,이륜,남,48세,경상,승용,남,52세,상해없음
2020011000100556,2020년 1월 10일 20시,금요일,전라남도 순천시 조례동,중상사고,0,1,0,0,차대차 - 측면충돌,안전거리미확보,건조,맑음,단일로 - 기타,화물,남,64세,상해없음,이륜,남,42세,중상
2020011000100603,2020년 1월 10일 22시,금요일,전라남도 목포시 옥암동,경상사고,0,0,1,0,차대차 - 기타,교차로운행방법위반,건조,맑음,교차로 - 교차로안,승합,남,46세,상해없음,승용,남,27세,경상
2020011100100043,2020년 1월 11일 02시,토요일,전라남도 여수시 웅천동,경상사고,0,0,1,0,차대차 - 측면충돌,신호위반,건조,맑음,교차로 - 교차로안,승용,남,26세,상해없음,승용,남,53세,경상
2020011100100044,2020년 1월 11일 02시,토요일,전라남도 순천시 연향동,중상사고,0,4,1,0,차대차 - 측면충돌,신호위반,건조,맑음,교차로 - 교차로안,승용,남,28세,상해없음,승용,남,51세,중상
2020011100100047,2020년 1월 11일 03시,토요일,전라남도 고흥군 점암면,경상사고,0,0,1,0,차량단독 - 공작물충돌,안전운전불이행,건조,맑음,단일로 - 기타,승용,남,38세,경상,,,,
2020011100100067,2020년 1월 11일 05시,토요일,전라남도 순천시 조례동,경상사고,0,0,1,0,차대차 - 추돌,안전운전불이행,건조,맑음,교차로 - 교차로부근,승용,남,34세,상해없음,승용,여,40세,경상
2020011100100122,2020년 1월 11일 09시,토요일,전라남도 목포시 용당동,경상사고,0,0,1,0,차대사람 - 기타,안전운전불이행,건조,맑음,단일로 - 기타,승용,남,46세,상해없음,보행자,남,53세,경상
2020011100100123,2020년 1월 11일 09시,토요일,전라남도 여수시 관문동,경상사고,0,0,1,0,차대차 - 측면충돌,교차로운행방법위반,건조,맑음,교차로 - 교차로안,화물,남,72세,상해없음,이륜,남,61세,경상
2020011100100124,2020년 1월 11일 09시,토요일,전라남도 해남군 해남읍,중상사고,0,1,0,0,차대사람 - 횡단중,안전운전불이행,건조,맑음,단일로 - 기타,승용,여,35세,기타불명,보행자,여,88세,중상
2020011100100151,2020년 1월 11일 10시,토요일,전라남도 순천시 홍내동,경상사고,0,0,1,0,차대차 - 기타,교차로운행방법위반,건조,맑음,교차로 - 교차로안,승용,남,48세,상해없음,승용,여,61세,경상
2020011100100152,2020년 1월 11일 10시,토요일,전라남도 나주시 송월동,경상사고,0,0,1,0,차대차 - 측면충돌,안전운전불이행,건조,맑음,단일로 - 기타,화물,남,59세,상해없음,화물,남,63세,경상
2020011100100186,2020년 1월 11일 11시,토요일,전라남도 영암군 삼호읍,중상사고,0,1,0,0,차대차 - 측면충돌,안전운전불이행,건조,맑음,교차로 - 교차로안,승합,남,53세,상해없음,이륜,남,49세,중상
2020011100100187,2020년 1월 11일 11시,토요일,전라남도 영암군 삼호읍,경상사고,0,0,2,0,차대차 - 추돌,안전운전불이행,건조,맑음,교차로 - 교차로부근,승용,여,57세,경상,승용,남,25세,경상
2020011100100300,2020년 1월 11일 14시,토요일,전라남도 곡성군 입면,경상사고,0,0,1,0,차대차 - 추돌,안전거리미확보,건조,맑음,단일로 - 기타,승용,남,35세,상해없음,승합,남,52세,경상
2020011100100301,2020년 1월 11일 14시,토요일,전라남도 광양시 황금동,중상사고,0,1,0,0,차대차 - 측면충돌,신호위반,건조,맑음,교차로 - 교차로안,승용,여,56세,상해없음,승용,남,63세,중상
2020011100100353,2020년 1월 11일 16시,토요일,전라남도 목포시 죽교동,중상사고,0,1,0,0,차대차 - 기타,안전운전불이행,건조,맑음,단일로 - 기타,이륜,남,21세,상해없음,승용,기타불명,미분류,기타불명
2020011100100354,2020년 1월 11일 16시,토요일,전라남도 광양시 광양읍,경상사고,0,0,1,0,차대차 - 측면충돌,안전운전불이행,건조,맑음,단일로 - 기타,승용,남,49세,상해없음,자전거,남,39세,경상
2020011100100390,2020년 1월 11일 17시,토요일,전라남도 여수시 소라면,중상사고,0,3,0,0,차대차 - 정면충돌,중앙선침범,건조,맑음,단일로 - 기타,승용,남,61세,중상,승용,남,33세,중상
2020011100100391,2020년 1월 11일 17시,토요일,전라남도 여수시 남산동,경상사고,0,0,2,0,차대차 - 추돌,안전운전불이행,건조,맑음,교차로 - 교차로안,승용,남,60세,상해없음,승용,여,47세,경상
2020011100100392,2020년 1월 11일 17시,토요일,전라남도 순천시 해룡면,경상사고,0,0,1,0,차대차 - 후진중충돌,교차로운행방법위반,건조,맑음,교차로 - 교차로안,승용,여,71세,상해없음,승용,남,45세,상해없음
2020011100100430,2020년 1월 11일 18시,토요일,전라남도 여수시 적량동,경상사고,0,0,1,0,차대차 - 측면충돌,안전운전불이행,건조,맑음,단일로 - 기타,승용,여,64세,상해없음,승용,남,24세,경상
2020011100100431,2020년 1월 11일 18시,토요일,전라남도 완도군 군외면,경상사고,0,0,1,0,차대차 - 정면충돌,중앙선침범,건조,맑음,단일로 - 기타,승용,남,71세,상해없음,승용,여,42세,경상
2020011100100472,2020년 1월 11일 19시,토요일,전라남도 목포시 옥암동,경상사고,0,0,4,0,차대차 - 측면충돌,교차로운행방법위반,건조,맑음,교차로 - 교차로안,승용,남,36세,경상,이륜,남,22세,상해없음
2020011100100473,2020년 1월 11일 19시,토요일,전라남도 여수시 수정동,경상사고,0,0,4,0,차대차 - 추돌,안전운전불이행,건조,맑음,단일로 - 기타,승용,남,46세,상해없음,승용,남,19세,경상
2020011100100553,2020년 1월 11일 22시,토요일,전라남도 목포시 옥암동,중상사고,0,1,0,0,차대사람 - 기타,안전운전불이행,건조,맑음,교차로 - 교차로안,승용,여,36세,상해없음,보행자,남,75세,중상
2020011100100554,2020년 1월 11일 22시,토요일,전라남도 광양시 광양읍,경상사고,0,0,1,0,차대차 - 정면충돌,안전운전불이행,건조,맑음,단일로 - 기타,승용,남,34세,상해없음,이륜,남,39세,경상
2020011200100010,2020년 1월 12일 00시,일요일,전라남도 목포시 상동,경상사고,0,0,5,0,차대차 - 측면충돌,안전운전불이행,건조,맑음,교차로 - 교차로안,승용,남,25세,상해없음,승용,남,50세,경상
2020011200100011,2020년 1월 12일 00시,일요일,전라남도 광양시 중동,경상사고,0,0,3,0,차대차 - 측면충돌,직진우회전진행방해,건조,맑음,교차로 - 교차로안,승용,남,58세,상해없음,승용,남,21세,경상
2020011200100044,2020년 1월 12일 03시,일요일,전라남도 순천시 연향동,경상사고,0,0,1,0,차대사람 - 기타,안전운전불이행,건조,맑음,단일로 - 기타,기타불명,기타불명,미분류,기타불명,보행자,여,19세,경상
2020011200100070,2020년 1월 12일 07시,일요일,전라남도 여수시 학동,경상사고,0,0,1,0,차대사람 - 차도통행중,안전운전불이행,건조,맑음,단일로 - 기타,승용,여,30세,상해없음,보행자,남,39세,경상
2020011200100071,2020년 1월 12일 07시,일요일,전라남도 완도군 노화읍,중상사고,0,1,0,0,차대사람 - 기타,안전운전불이행,건조,맑음,단일로 - 기타,화물,여,49세,상해없음,보행자,여,88세,중상
2020011200100078,2020년 1월 12일 08시,일요일,전라남도 여수시 덕충동,경상사고,0,0,8,0,차대차 - 추돌,안전운전불이행,건조,맑음,교차로 - 교차로부근,승합,남,37세,상해없음,승합,남,53세,경상
2020011200100079,2020년 1월 12일 08시,일요일,전라남도 여수시 소라면,경상사고,0,0,1,0,차대차 - 측면충돌,안전운전불이행,건조,맑음,단일로 - 기타,화물,남,68세,상해없음,승용,남,64세,경상
2020011200100080,2020년 1월 12일 08시,일요일,전라남도 담양군 담양읍,중상사고,0,1,1,0,차대차 - 측면충돌,안전운전불이행,건조,맑음,교차로 - 교차로안,승용,남,69세,경상,승합,여,46세,중상
2020011200100091,2020년 1월 12일 09시,일요일,전라남도 광양시 중동,경상사고,0,0,1,0,차대차 - 기타,신호위반,건조,맑음,교차로 - 교차로안,승용,남,34세,상해없음,승용,여,56세,경상
2020011200100166,2020년 1월 12일 13시,일요일,전라남도 여수시 오림동,경상사고,0,0,2,0,차대차 - 측면충돌,차로위반,건조,맑음,단일로 - 기타,승용,남,71세,상해없음,승용,남,38세,경상
2020011200100217,2020년 1월 12일 15시,일요일,전라남도 순천시 풍덕동,중상사고,0,1,1,0,차대차 - 기타,신호위반,건조,맑음,교차로 - 교차로안,승용,여,53세,상해없음,승용,남,44세,중상
2020011200100241,2020년 1월 12일 16시,일요일,전라남도 목포시 상동,경상사고,0,0,5,0,차대차 - 기타,직진우회전진행방해,건조,맑음,단일로 - 기타,승용,여,25세,상해없음,승용,남,19세,경상
2020011200100242,2020년 1월 12일 16시,일요일,전라남도 나주시 세지면,경상사고,0,0,1,0,차대사람 - 횡단중,안전운전불이행,건조,맑음,단일로 - 기타,이륜,남,48세,상해없음,보행자,남,75세,경상
2020011200100264,2020년 1월 12일 17시,일요일,전라남도 순천시 매곡동,경상사고,0,0,2,0,차대차 - 측면충돌,직진우회전진행방해,건조,맑음,교차로 - 교차로안,승용,남,36세,상해없음,승용,남,70세,경상
2020011200100265,2020년 1월 12일 17시,일요일,전라남도 고흥군 풍양면,경상사고,0,0,1,0,차대차 - 측면충돌,기타,건조,맑음,교차로 - 교차로안,승용,남,48세,상해없음,승용,여,72세,경상
2020011200100292,2020년 1월 12일 18시,일요일,전라남도 순천시 조례동,경상사고,0,0,1,0,차대차 - 기타,안전운전불이행,건조,맑음,단일로 - 기타,승용,남,25세,상해없음,승용,남,54세,상해없음
2020011200100293,2020년 1월 12일 18시,일요일,전라남도 장성군 장성읍,중상사고,0,1,0,0,차대사람 - 기타,안전운전불이행,건조,맑음,교차로 - 교차로안,승용,여,34세,상해없음,보행자,여,69세,중상
2020011200100317,2020년 1월 12일 19시,일요일,전라남도 여수시 문수동,경상사고,0,0,1,0,차대사람 - 길가장자리구역통행중,안전운전불이행,건조,맑음,단일로 - 기타,기타불명,기타불명,미분류,기타불명,보행자,여,21세,경상
2020011200100318,2020년 1월 12일 19시,일요일,전라남도 광양시 옥곡면,중상사고,0,1,1,0,차대차 - 정면충돌,중앙선침범,건조,맑음,단일로 - 기타,화물,남,46세,경상,화물,남,49세,중상
2020011200100344,2020년 1월 12일 20시,일요일,전라남도 목포시 상동,경상사고,0,0,1,0,차대사람 - 횡단중,안전운전불이행,건조,맑음,교차로 - 교차로안,승용,남,47세,상해없음,보행자,남,54세,경상
2020011200100345,2020년 1월 12일 20시,일요일,전라남도 여수시 화장동,경상사고,0,0,1,0,차대차 - 정면충돌,신호위반,건조,맑음,교차로 - 교차로안,승용,남,62세,상해없음,승용,남,65세,경상
2020011200100346,2020년 1월 12일 20시,일요일,전라남도 순천시 동외동,경상사고,0,0,1,0,차대차 - 기타,안전운전불이행,건조,맑음,단일로 - 기타,승용,남,27세,상해없음,승용,남,42세,경상
2020011200100347,2020년 1월 12일 20시,일요일,전라남도 나주시 동강면,중상사고,0,1,3,0,차대차 - 측면충돌,신호위반,건조,맑음,교차로 - 교차로안,화물,남,42세,경상,승용,남,28세,중상
2020011200100378,2020년 1월 12일 22시,일요일,전라남도 영암군 신북면,경상사고,0,0,3,0,차대차 - 기타,안전운전불이행,건조,맑음,단일로 - 기타,승용,남,33세,경상,화물,남,62세,상해없음
2020011200100387,2020년 1월 12일 23시,일요일,전라남도 여수시 돌산읍,경상사고,0,0,1,0,차대차 - 기타,안전운전불이행,건조,맑음,단일로 - 기타,승용,남,39세,상해없음,승용,여,53세,경상
2020011300100023,2020년 1월 13일 05시,월요일,전라남도 강진군 대구면,중상사고,0,1,0,0,차대사람 - 횡단중,안전운전불이행,건조,맑음,교차로 - 교차로부근,화물,남,58세,상해없음,보행자,여,81세,중상
2020011300100058,2020년 1월 13일 07시,월요일,전라남도 여수시 율촌면,경상사고,0,0,1,0,차대차 - 측면충돌,안전거리미확보,건조,맑음,단일로 - 기타,화물,남,46세,상해없음,승용,남,44세,경상
2020011300100101,2020년 1월 13일 09시,월요일,전라남도 곡성군 오곡면,경상사고,0,0,1,1,차대차 - 측면충돌,안전운전불이행,젖음/습기,흐림,교차로 - 교차로안,화물,남,55세,부상신고,건설기계,남,45세,경상
2020011300100102,2020년 1월 13일 09시,월요일,전라남도 광양시 금호동,중상사고,0,1,0,0,차대사람 - 횡단중,안전운전불이행,건조,맑음,교차로 - 교차로안,기타불명,남,28세,상해없음,보행자,남,45세,중상
2020011300100131,2020년 1월 13일 10시,월요일,전라남도 순천시 해룡면,경상사고,0,0,1,0,차대차 - 측면충돌,안전거리미확보,건조,맑음,교차로 - 교차로부근,화물,남,74세,상해없음,승용,남,39세,상해없음
2020011300100132,2020년 1월 13일 10시,월요일,전라남도 장흥군 용산면,중상사고,0,3,0,0,차대차 - 추돌,안전운전불이행,건조,맑음,교차로 - 교차로안,화물,남,64세,상해없음,화물,남,72세,중상
2020011300100166,2020년 1월 13일 11시,월요일,전라남도 영광군 군서면,중상사고,0,1,1,0,차대차 - 측면충돌,직진우회전진행방해,건조,맑음,교차로 - 교차로안,승용,남,67세,중상,화물,남,53세,경상
2020011300100167,2020년 1월 13일 11시,월요일,전라남도 강진군 강진읍,경상사고,0,0,1,0,차대차 - 측면충돌,안전운전불이행,건조,맑음,단일로 - 기타,이륜,남,78세,경상,화물,남,48세,기타불명
2020011300100168,2020년 1월 13일 11시,월요일,전라남도 함평군 엄다면,경상사고,0,0,1,0,차대차 - 기타,안전운전불이행,건조,맑음,기타 - 기타,승용,남,70세,상해없음,건설기계,남,41세,상해없음
2020011300100234,2020년 1월 13일 13시,월요일,전라남도 목포시 석현동,경상사고,0,0,2,0,차대차 - 기타,안전운전불이행,건조,맑음,단일로 - 기타,승용,남,67세,경상,화물,남,72세,경상
2020011300100308,2020년 1월 13일 15시,월요일,전라남도 순천시 풍덕동,경상사고,0,0,1,1,차대차 - 측면충돌,안전운전불이행,건조,맑음,교차로 - 교차로안,이륜,남,73세,부상신고,승용,여,51세,경상
2020011300100382,2020년 1월 13일 17시,월요일,전라남도 순천시 조례동,중상사고,0,1,0,0,차대차 - 추돌,안전운전불이행,건조,맑음,교차로 - 교차로부근,승용,여,60세,상해없음,원동기,여,71세,중상
2020011300100383,2020년 1월 13일 17시,월요일,전라남도 보성군 벌교읍,중상사고,0,1,0,0,차대차 - 측면충돌,안전운전불이행,건조,맑음,단일로 - 기타,화물,남,66세,상해없음,이륜,남,79세,중상
2020011300100384,2020년 1월 13일 17시,월요일,전라남도 진도군 조도면,사망사고,1,0,0,0,차량단독 - 공작물충돌,안전운전불이행,건조,맑음,단일로 - 기타,사륜오토바이(ATV),남,82세,사망,,,,
2020011300100385,2020년 1월 13일 17시,월요일,전라남도 광양시 중동,경상사고,0,0,1,0,차대차 - 기타,신호위반,건조,맑음,교차로 - 교차로횡단보도내,승용,남,64세,상해없음,자전거,여,31세,경상
2020011300100435,2020년 1월 13일 18시,월요일,전라남도 순천시 왕지동,경상사고,0,0,2,0,차대차 - 기타,중앙선침범,건조,맑음,교차로 - 교차로부근,승용,남,59세,경상,승용,여,46세,경상
2020011300100436,2020년 1월 13일 18시,월요일,전라남도 순천시 해룡면,경상사고,0,0,1,0,차대차 - 기타,중앙선침범,건조,맑음,단일로 - 기타,승용,여,45세,상해없음,승용,남,35세,상해없음
2020011300100437,2020년 1월 13일 18시,월요일,전라남도 장흥군 용산면,경상사고,0,0,2,0,차대차 - 추돌,과속,건조,맑음,교차로 - 교차로부근,승용,남,26세,경상,승용,남,57세,경상
2020011300100438,2020년 1월 13일 18시,월요일,전라남도 고흥군 도덕면,중상사고,0,1,1,0,차대차 - 추돌,안전운전불이행,건조,맑음,단일로 - 기타,승용,남,59세,경상,화물,남,48세,중상
2020011300100439,2020년 1월 13일 18시,월요일,전라남도 곡성군 옥과면,중상사고,0,1,0,0,차대차 - 정면충돌,중앙선침범,건조,맑음,단일로 - 기타,승용,남,29세,상해없음,이륜,남,64세,중상
2020011300100520,2020년 1월 13일 20시,월요일,전라남도 목포시 용당동,경상사고,0,0,3,0,차대차 - 측면충돌,교차로운행방법위반,건조,맑음,교차로 - 교차로안,승용,여,59세,상해없음,승용,남,46세,경상
2020011400100060,2020년 1월 14일 06시,화요일,전라남도 영암군 서호면,사망사고,1,0,0,0,차대차 - 추돌,안전운전불이행,건조,맑음,단일로 - 기타,화물,여,49세,상해없음,원동기,남,78세,사망
2020011400100077,2020년 1월 14일 07시,화요일,전라남도 보성군 벌교읍,중상사고,0,1,0,0,차대사람 - 횡단중,안전운전불이행,건조,맑음,단일로 - 기타,승용,여,64세,상해없음,보행자,남,67세,중상
2020011400100110,2020년 1월 14일 08시,화요일,전라남도 목포시 연산동,경상사고,0,0,1,0,차대사람 - 횡단중,신호위반,건조,맑음,교차로 - 교차로부근,화물,남,46세,상해없음,보행자,남,8세,경상
2020011400100171,2020년 1월 14일 10시,화요일,전라남도 순천시 해룡면,경상사고,0,0,1,0,차대차 - 측면충돌,안전운전불이행,건조,맑음,단일로 - 기타,화물,남,30세,상해없음,승용,여,51세,경상
2020011400100172,2020년 1월 14일 10시,화요일,전라남도 순천시 인제동,경상사고,0,0,1,0,차대차 - 측면충돌,안전운전불이행,건조,맑음,교차로 - 교차로안,이륜,남,74세,경상,화물,남,43세,상해없음
2020011400100173,2020년 1월 14일 10시,화요일,전라남도 장흥군 장흥읍,경상사고,0,0,3,0,차대차 - 측면충돌,안전운전불이행,건조,맑음,단일로 - 기타,승용,여,59세,경상,승용,여,60세,경상
2020011400100174,2020년 1월 14일 10시,화요일,전라남도 광양시 중동,경상사고,0,0,1,0,차대사람 - 기타,안전운전불이행,건조,맑음,단일로 - 기타,승용,남,67세,상해없음,보행자,여,45세,경상
2020011400100256,2020년 1월 14일 12시,화요일,전라남도 화순군 화순읍,경상사고,0,0,1,0,차대차 - 기타,안전운전불이행,건조,맑음,단일로 - 기타,특수,남,21세,상해없음,승용,남,22세,경상
2020011400100352,2020년 1월 14일 15시,화요일,전라남도 고흥군 봉래면,중상사고,0,1,1,0,차대차 - 측면충돌,안전운전불이행,건조,맑음,교차로 - 교차로안,이륜,남,76세,경상,화물,남,50세,상해없음
2020011400100380,2020년 1월 14일 16시,화요일,전라남도 고흥군 과역면,중상사고,0,1,0,0,차량단독 - 공작물충돌,안전운전불이행,건조,맑음,단일로 - 기타,화물,여,63세,중상,,,,
2020011400100381,2020년 1월 14일 16시,화요일,전라남도 광양시 황길동,경상사고,0,0,2,0,차대차 - 측면충돌,중앙선침범,건조,맑음,교차로 - 교차로부근,특수,남,45세,경상,승용,남,64세,경상
2020011400100415,2020년 1월 14일 17시,화요일,전라남도 고흥군 도화면,경상사고,0,0,2,0,차대차 - 측면충돌,안전운전불이행,건조,맑음,단일로 - 기타,승용,남,67세,경상,승용,남,22세,경상
2020011400100463,2020년 1월 14일 18시,화요일,전라남도 목포시 용당동,중상사고,0,1,1,0,차대사람 - 기타,과속,건조,맑음,교차로 - 교차로부근,원동기,남,23세,경상,보행자,여,72세,중상
2020011400100464,2020년 1월 14일 18시,화요일,전라남도 완도군 약산면,중상사고,0,1,0,0,차대사람 - 길가장자리구역통행중,안전운전불이행,건조,맑음,단일로 - 기타,화물,남,36세,상해없음,보행자,남,57세,중상
2020011400100465,2020년 1월 14일 18시,화요일,전라남도 무안군 청계면,사망사고,1,0,0,0,차대사람 - 횡단중,과속,건조,맑음,단일로 - 기타,승용,남,54세,상해없음,보행자,남,67세,사망
2020011400100466,2020년 1월 14일 18시,화요일,전라남도 광양시 마동,중상사고,0,2,2,0,차대차 - 측면충돌,안전운전불이행,건조,맑음,단일로 - 기타,화물,남,32세,중상,승용,남,44세,경상
2020011400100506,2020년 1월 14일 19시,화요일,전라남도 목포시 연산동,경상사고,0,0,1,0,차대사람 - 횡단중,보행자보호의무위반,건조,맑음,교차로 - 교차로횡단보도내,승용,여,35세,상해없음,보행자,여,18세,경상
2020011400100507,2020년 1월 14일 19시,화요일,전라남도 순천시 별량면,중상사고,0,1,2,0,차대차 - 추돌,안전운전불이행,건조,맑음,교차로 - 교차로부근,화물,남,34세,중상,승용,남,49세,경상
2020011400100508,2020년 1월 14일 19시,화요일,전라남도 장성군 동화면,경상사고,0,0,1,0,차대차 - 후진중충돌,안전운전불이행,건조,맑음,교차로 - 교차로안,화물,남,33세,상해없음,승용,남,35세,경상
2020011400100532,2020년 1월 14일 20시,화요일,전라남도 순천시 오천동,경상사고,0,0,1,0,차대차 - 기타,안전운전불이행,건조,맑음,교차로 - 교차로안,원동기,여,29세,경상,승용,여,43세,상해없음
2020011400100564,2020년 1월 14일 21시,화요일,전라남도 목포시 용당동,경상사고,0,0,1,0,차대차 - 기타,안전운전불이행,건조,맑음,단일로 - 기타,승용,여,63세,상해없음,승용,남,55세,상해없음
2020011500100019,2020년 1월 15일 01시,수요일,전라남도 목포시 상동,경상사고,0,0,3,0,차대차 - 기타,교차로운행방법위반,건조,맑음,교차로 - 교차로안,승용,남,54세,경상,화물,남,18세,경상