사고번호,사고일시,요일,시군구,사고내용,사망자수,중상자수,경상자수,부상신고자수,사고유형,법규위반,노면상태,기상상태,도로형태,가해운전자 차종,가해운전자 성별,가해운전자 연령,가해운전자 상해정도,피해운전자 차종,피해운전자 성별,피해운전자 연령,피해운전자 상해정도
2020011500100024,2020년 1월 15일 02시,수요일,전라남도 화순군 도곡면,부상신고사고,0,0,0,1,차량단독 - 전도전복 - 전도,안전운전불이행,건조,맑음,단일로 - 기타,승용,남,56세,부상신고,,,,
2020011500100027,2020년 1월 15일 03시,수요일,전라남도 여수시 문수동,경상사고,0,0,1,0,차량단독 - 공작물충돌,안전운전불이행,건조,맑음,단일로 - 기타,이륜,남,25세,경상,,,,
2020011500100039,2020년 1월 15일 05시,수요일,전라남도 강진군 군동면,중상사고,0,1,0,0,차대사람 - 기타,안전운전불이행,건조,맑음,단일로 - 기타,화물,여,62세,상해없음,보행자,여,54세,중상
2020011500100054,2020년 1월 15일 06시,수요일,전라남도 순천시 조례동,경상사고,0,0,1,0,차대차 - 추돌,안전운전불이행,건조,맑음,교차로 - 교차로부근,승용,남,37세,상해없음,승용,남,39세,경상
2020011500100073,2020년 1월 15일 07시,수요일,전라남도 완도군 완도읍,경상사고,0,0,1,0,차대차 - 측면충돌,안전운전불이행,건조,맑음,교차로 - 교차로안,승용,여,54세,경상,승용,남,60세,상해없음
2020011500100074,2020년 1월 15일 07시,수요일,전라남도 완도군 고금면,사망사고,1,0,0,0,차대사람 - 기타,안전운전불이행,건조,맑음,교차로 - 교차로부근,화물,남,66세,상해없음,보행자,여,77세,사망
2020011500100099,2020년 1월 15일 08시,수요일,전라남도 목포시 옥암동,경상사고,0,0,1,0,차대차 - 추돌,안전운전불이행,건조,맑음,단일로 - 기타,승합,남,54세,상해없음,승합,남,50세,경상
2020011500100156,2020년 1월 15일 10시,수요일,전라남도 여수시 중흥동,경상사고,0,0,1,0,차대차 - 측면충돌,안전운전불이행,건조,맑음,교차로 - 교차로안,승용,남,59세,상해없음,화물,여,51세,경상
2020011500100157,2020년 1월 15일 10시,수요일,전라남도 고흥군 포두면,중상사고,0,1,0,0,차대차 - 기타,기타,건조,맑음,교차로 - 교차로안,승합,남,52세,기타불명,이륜,남,77세,중상
2020011500100189,2020년 1월 15일 11시,수요일,전라남도 화순군 화순읍,부상신고사고,0,0,0,1,차량단독 - 공작물충돌,안전운전불이행,건조,맑음,단일로 - 기타,건설기계,남,61세,부상신고,,,,
2020011500100190,2020년 1월 15일 11시,수요일,전라남도 영암군 삼호읍,경상사고,0,0,1,0,차대차 - 추돌,안전운전불이행,건조,맑음,교차로 - 교차로부근,화물,남,49세,상해없음,승용,여,42세,경상
2020011500100191,2020년 1월 15일 11시,수요일,전라남도 완도군 완도읍,경상사고,0,0,1,0,차대사람 - 횡단중,중앙선침범,건조,맑음,교차로 - 교차로횡단보도내,승용,여,57세,상해없음,보행자,남,7세,경상
2020011500100192,2020년 1월 15일 11시,수요일,전라남도 무안군 운남면,경상사고,0,0,1,0,차대차 - 측면충돌,신호위반,건조,맑음,교차로 - 교차로안,이륜,남,80세,경상,승용,남,28세,상해없음
2020011500100220,2020년 1월 15일 12시,수요일,전라남도 순천시 조례동,경상사고,0,0,1,0,차대차 - 측면충돌,안전운전불이행,건조,맑음,단일로 - 기타,승용,여,43세,상해없음,승용,여,51세,경상
2020011500100221,2020년 1월 15일 12시,수요일,전라남도 담양군 담양읍,경상사고,0,0,1,0,차대차 - 기타,불법유턴,건조,맑음,교차로 - 교차로부근,화물,남,66세,상해없음,승용,남,54세,경상
2020011500100284,2020년 1월 15일 14시,수요일,전라남도 해남군 황산면,중상사고,0,1,0,0,차대사람 - 횡단중,중앙선침범,건조,맑음,단일로 - 기타,승합,남,48세,상해없음,보행자,남,35세,중상
2020011500100327,2020년 1월 15일 15시,수요일,전라남도 목포시 옥암동,경상사고,0,0,1,0,차대차 - 추돌,안전운전불이행,건조,맑음,단일로 - 기타,승용,여,23세,상해없음,승용,여,42세,경상
2020011500100328,2020년 1월 15일 15시,수요일,전라남도 목포시 상동,경상사고,0,0,1,0,차대차 - 측면충돌,교차로운행방법위반,건조,맑음,교차로 - 교차로안,승용,여,38세,경상,승용,여,58세,상해없음
2020011500100329,2020년 1월 15일 15시,수요일,전라남도 여수시 율촌면,사망사고,1,0,0,0,차량단독 - 공작물충돌,안전운전불이행,건조,맑음,단일로 - 기타,이륜,남,54세,사망,,,,
2020011500100330,2020년 1월 15일 15시,수요일,전라남도 나주시 남평읍,경상사고,0,0,1,0,차대차 - 측면충돌,안전운전불이행,건조,맑음,교차로 - 교차로안,승용,남,58세,상해없음,화물,남,34세,경상
2020011500100373,2020년 1월 15일 16시,수요일,전라남도 광양시 광양읍,중상사고,0,1,1,0,차대차 - 측면충돌,안전거리미확보,건조,맑음,단일로 - 기타,승용,남,49세,상해없음,이륜,남,61세,중상
2020011500100405,2020년 1월 15일 17시,수요일,전라남도 나주시 공산면,중상사고,0,1,1,0,차대차 - 측면충돌,직진우회전진행방해,건조,맑음,교차로 - 교차로안,화물,남,33세,경상,화물,남,67세,중상
2020011500100461,2020년 1월 15일 18시,수요일,전라남도 나주시 송월동,경상사고,0,0,1,0,차대차 - 기타,교차로운행방법위반,건조,맑음,교차로 - 교차로안,승용,남,52세,상해없음,이륜,남,28세,경상
2020011500100462,2020년 1월 15일 18시,수요일,전라남도 장흥군 장흥읍,경상사고,0,0,2,0,차대차 - 측면충돌,교차로운행방법위반,건조,맑음,교차로 - 교차로안,승용,여,49세,경상,승용,여,58세,경상
2020011500100463,2020년 1월 15일 18시,수요일,전라남도 해남군 산이면,경상사고,0,0,2,0,차대차 - 추돌,안전거리미확보,건조,맑음,단일로 - 기타,승합,남,49세,상해없음,승용,여,66세,경상
2020011500100521,2020년 1월 15일 19시,수요일,전라남도 목포시 상동,중상사고,0,1,0,0,차대사람 - 횡단중,보행자보호의무위반,건조,맑음,단일로 - 기타,이륜,남,58세,상해없음,보행자,남,76세,중상
2020011500100558,2020년 1월 15일 20시,수요일,전라남도 광양시 중동,경상사고,0,0,4,0,차대차 - 추돌,안전운전불이행,건조,맑음,교차로 - 교차로부근,승용,여,41세,상해없음,승용,남,23세,경상
2020011500100585,2020년 1월 15일 21시,수요일,전라남도 목포시 석현동,경상사고,0,0,1,0,차대차 - 추돌,안전운전불이행,건조,맑음,단일로 - 기타,승용,남,59세,상해없음,승용,남,43세,기타불명
2020011500100586,2020년 1월 15일 21시,수요일,전라남도 여수시 소호동,경상사고,0,0,1,0,차대차 - 측면충돌,안전운전불이행,건조,맑음,단일로 - 기타,이륜,남,57세,경상,승용,남,36세,기타불명
2020011500100614,2020년 1월 15일 22시,수요일,전라남도 진도군 진도읍,경상사고,0,0,1,0,차대사람 - 기타,안전운전불이행,건조,맑음,단일로 - 기타,승용,남,52세,상해없음,보행자,남,71세,경상
2020011600100074,2020년 1월 16일 07시,목요일,전라남도 목포시 산정동,경상사고,0,0,1,0,차대차 - 측면충돌,신호위반,건조,기타,교차로 - 교차로안,승용,남,57세,경상,승용,여,57세,상해없음
2020011600100104,2020년 1월 16일 08시,목요일,전라남도 광양시 진월면,중상사고,0,1,2,0,차대차 - 측면충돌,신호위반,건조,맑음,교차로 - 교차로안,승합,남,54세,경상,승용,여,52세,경상
2020011600100126,2020년 1월 16일 09시,목요일,전라남도 고흥군 도양읍,경상사고,0,0,1,0,차량단독 - 공작물충돌,안전운전불이행,건조,맑음,교차로 - 교차로안,승용,남,72세,상해없음,,,,
2020011600100225,2020년 1월 16일 12시,목요일,전라남도 고흥군 고흥읍,경상사고,0,0,1,0,차대차 - 측면충돌,안전운전불이행,건조,맑음,교차로 - 교차로부근,화물,남,78세,상해없음,승용,남,34세,경상
2020011600100260,2020년 1월 16일 13시,목요일,전라남도 화순군 도곡면,경상사고,0,0,1,0,차대차 - 측면충돌,교차로운행방법위반,건조,맑음,교차로 - 교차로안,승용,남,31세,상해없음,승용,여,65세,경상
2020011600100261,2020년 1월 16일 13시,목요일,전라남도 곡성군 옥과면,경상사고,0,0,3,0,차대차 - 측면충돌,직진우회전진행방해,건조,맑음,교차로 - 교차로안,승용,여,51세,경상,승용,여,65세,경상
2020011600100262,2020년 1월 16일 13시,목요일,전라남도 광양시 중동,경상사고,0,0,1,0,차대차 - 측면충돌,중앙선침범,건조,맑음,단일로 - 기타,승용,여,51세,상해없음,승용,여,29세,경상
2020011600100294,2020년 1월 16일 14시,목요일,전라남도 순천시 조례동,경상사고,0,0,2,0,차대차 - 기타,중앙선침범,건조,맑음,단일로 - 기타,승용,여,43세,상해없음,승용,남,28세,경상
2020011600100364,2020년 1월 16일 16시,목요일,전라남도 목포시 연산동,경상사고,0,0,1,0,차대사람 - 기타,보행자보호의무위반,건조,맑음,교차로 - 교차로횡단보도내,승용,남,53세,기타불명,보행자,남,37세,경상
2020011600100365,2020년 1월 16일 16시,목요일,전라남도 목포시 용당동,경상사고,0,0,2,0,차대차 - 기타,안전운전불이행,건조,맑음,교차로 - 교차로부근,승용,여,59세,경상,승용,남,51세,경상
2020011600100402,2020년 1월 16일 17시,목요일,전라남도 여수시 여서동,경상사고,0,0,1,0,차대차 - 측면충돌,차로위반,건조,맑음,단일로 - 기타,승용,여,51세,기타불명,승용,여,26세,경상
2020011600100403,2020년 1월 16일 17시,목요일,전라남도 광양시 광양읍,경상사고,0,0,1,0,차대차 - 측면충돌,안전운전불이행,건조,맑음,단일로 - 기타,이륜,남,21세,경상,승용,여,48세,상해없음
2020011600100459,2020년 1월 16일 18시,목요일,전라남도 여수시 주삼동,경상사고,0,0,2,0,차대차 - 측면충돌,신호위반,건조,맑음,교차로 - 교차로안,승용,남,47세,상해없음,승용,남,26세,경상
2020011600100460,2020년 1월 16일 18시,목요일,전라남도 순천시 동외동,경상사고,0,0,1,0,차대차 - 기타,안전운전불이행,건조,맑음,단일로 - 기타,승용,여,46세,상해없음,자전거,남,82세,경상
2020011600100461,2020년 1월 16일 18시,목요일,전라남도 광양시 중동,경상사고,0,0,2,0,차대차 - 측면충돌,교차로운행방법위반,건조,맑음,교차로 - 교차로안,화물,남,62세,경상,승용,여,43세,경상
2020011600100517,2020년 1월 16일 19시,목요일,전라남도 목포시 용당동,부상신고사고,0,0,0,1,차대차 - 기타,안전운전불이행,건조,맑음,단일로 - 기타,승용,남,58세,상해없음,자전거,남,58세,부상신고
2020011600100518,2020년 1월 16일 19시,목요일,전라남도 순천시 해룡면,경상사고,0,0,1,0,차대차 - 기타,안전운전불이행,건조,맑음,단일로 - 기타,승용,남,29세,상해없음,화물,남,46세,경상
2020011600100519,2020년 1월 16일 19시,목요일,전라남도 완도군 군외면,경상사고,0,0,1,0,차대차 - 측면충돌,안전운전불이행,건조,맑음,단일로 - 기타,승용,남,47세,상해없음,화물,남,52세,경상
2020011600100549,2020년 1월 16일 20시,목요일,전라남도 나주시 이창동,경상사고,0,0,1,0,차대차 - 측면충돌,안전운전불이행,건조,맑음,단일로 - 기타,승용,남,60세,상해없음,승용,남,59세,경상
2020011700100030,2020년 1월 17일 04시,금요일,전라남도 목포시 상동,경상사고,0,0,1,0,차대차 - 기타,신호위반,건조,흐림,교차로 - 교차로안,승용,남,44세,상해없음,승용,남,54세,경상
2020011700100043,2020년 1월 17일 05시,금요일,전라남도 목포시 상동,경상사고,0,0,2,0,차대차 - 추돌,안전운전불이행,건조,맑음,단일로 - 기타,승용,남,20세,상해없음,승용,남,64세,경상
2020011700100044,2020년 1월 17일 05시,금요일,전라남도 무안군 삼향읍,경상사고,0,0,1,0,차대사람 - 횡단중,보행자보호의무위반,건조,맑음,교차로 - 교차로안,화물,남,40세,상해없음,보행자,남,60세,경상
2020011700100082,2020년 1월 17일 07시,금요일,전라남도 여수시 화치동,경상사고,0,0,2,0,차대차 - 측면충돌,안전운전불이행,건조,맑음,교차로 - 교차로부근,승용,남,50세,경상,화물,남,49세,경상
2020011700100106,2020년 1월 17일 08시,금요일,전라남도 여수시 화장동,경상사고,0,0,2,0,차대차 - 측면충돌,직진우회전진행방해,건조,맑음,교차로 - 교차로안,승용,여,39세,경상,승용,여,43세,경상
2020011700100107,2020년 1월 17일 08시,금요일,전라남도 강진군 강진읍,중상사고,0,1,0,0,차대차 - 기타,직진우회전진행방해,건조,맑음,교차로 - 교차로안,승용,여,51세,상해없음,이륜,남,80세,중상
2020011700100108,2020년 1월 17일 08시,금요일,전라남도 광양시 광양읍,중상사고,0,1,3,0,차대차 - 측면충돌,안전운전불이행,건조,맑음,단일로 - 기타,화물,남,65세,경상,승용,여,29세,경상
2020011700100133,2020년 1월 17일 09시,금요일,전라남도 영암군 삼호읍,경상사고,0,0,2,0,차대차 - 측면충돌,안전운전불이행,건조,맑음,교차로 - 교차로안,승용,여,53세,경상,승합,여,32세,경상
2020011700100134,2020년 1월 17일 09시,금요일,전라남도 영암군 삼호읍,경상사고,0,0,1,0,차대차 - 측면충돌,안전운전불이행,건조,맑음,단일로 - 기타,특수,남,65세,상해없음,승용,여,36세,경상
2020011700100178,2020년 1월 17일 11시,금요일,전라남도 곡성군 곡성읍,중상사고,0,1,0,0,차대사람 - 횡단중,안전운전불이행,건조,맑음,단일로 - 기타,사륜오토바이(ATV),여,77세,상해없음,보행자,여,86세,중상
2020011700100205,2020년 1월 17일 12시,금요일,전라남도 목포시 용해동,경상사고,0,0,1,0,차대차 - 측면충돌,신호위반,건조,맑음,단일로 - 터널,승용,남,64세,상해없음,승용,여,46세,경상
2020011700100206,2020년 1월 17일 12시,금요일,전라남도 영광군 영광읍,경상사고,0,0,1,0,차대차 - 측면충돌,안전운전불이행,건조,맑음,단일로 - 기타,승용,남,50세,상해없음,자전거,남,70세,경상
2020011700100207,2020년 1월 17일 12시,금요일,전라남도 영암군 도포면,경상사고,0,0,6,0,차대차 - 추돌,안전운전불이행,건조,맑음,교차로 - 교차로안,화물,남,55세,상해없음,승합,남,45세,경상
2020011700100232,2020년 1월 17일 13시,금요일,전라남도 여수시 덕충동,경상사고,0,0,1,0,차대차 - 측면충돌,차로위반,건조,맑음,단일로 - 기타,승용,여,37세,상해없음,승용,남,69세,경상
2020011700100233,2020년 1월 17일 13시,금요일,전라남도 담양군 창평면,중상사고,0,1,0,0,차대차 - 후진중충돌,안전운전불이행,건조,맑음,기타 - 기타,승용,남,35세,상해없음,승용,여,51세,중상
2020011700100271,2020년 1월 17일 14시,금요일,전라남도 광양시 중동,부상신고사고,0,0,0,1,차대차 - 정면충돌,안전운전불이행,건조,맑음,기타 - 기타,승용,여,33세,부상신고,승용,여,51세,기타불명
2020011700100314,2020년 1월 17일 15시,금요일,전라남도 여수시 소라면,경상사고,0,0,1,0,차대차 - 측면충돌,안전거리미확보,건조,맑음,교차로 - 교차로부근,승용,여,48세,상해없음,승용,여,40세,경상
2020011700100315,2020년 1월 17일 15시,금요일,전라남도 순천시 조곡동,경상사고,0,0,1,0,차대차 - 기타,안전운전불이행,건조,맑음,교차로 - 교차로부근,승용,남,72세,상해없음,승용,여,50세,경상
2020011700100316,2020년 1월 17일 15시,금요일,전라남도 고흥군 고흥읍,중상사고,0,1,0,0,차대사람 - 기타,안전운전불이행,건조,맑음,교차로 - 교차로부근,사륜오토바이(ATV),남,79세,상해없음,보행자,여,80세,중상
2020011700100317,2020년 1월 17일 15시,금요일,전라남도 구례군 구례읍,중상사고,0,1,0,0,차대사람 - 기타,안전운전불이행,건조,맑음,교차로 - 교차로안,승용,남,64세,상해없음,보행자,여,79세,중상
2020011700100345,2020년 1월 17일 16시,금요일,전라남도 목포시 산정동,경상사고,0,0,1,0,차대차 - 기타,안전운전불이행,건조,맑음,단일로 - 기타,승합,남,71세,상해없음,승용,남,38세,경상
2020011700100346,2020년 1월 17일 16시,금요일,전라남도 목포시 산정동,경상사고,0,0,1,0,차대차 - 측면충돌,안전운전불이행,건조,맑음,단일로 - 기타,화물,남,46세,상해없음,승용,남,58세,상해없음
2020011700100390,2020년 1월 17일 17시,금요일,전라남도 여수시 중흥동,경상사고,0,0,1,0,차대차 - 측면충돌,안전운전불이행,건조,맑음,교차로 - 교차로안,승용,여,49세,상해없음,승용,남,33세,경상
2020011700100391,2020년 1월 17일 17시,금요일,전라남도 영암군 삼호읍,중상사고,0,1,0,0,차대차 - 측면충돌,안전운전불이행,건조,맑음,교차로 - 교차로부근,승용,남,51세,상해없음,이륜,남,29세,중상
2020011700100392,2020년 1월 17일 17시,금요일,전라남도 영암군 삼호읍,경상사고,0,0,1,0,차대차 - 측면충돌,안전운전불이행,건조,맑음,단일로 - 기타,승용,남,53세,상해없음,화물,남,29세,경상
2020011700100436,2020년 1월 17일 18시,금요일,전라남도 화순군 화순읍,경상사고,0,0,1,0,차대차 - 기타,직진우회전진행방해,건조,맑음,교차로 - 교차로안,승용,남,52세,상해없음,이륜,남,18세,경상
2020011700100437,2020년 1월 17일 18시,금요일,전라남도 진도군 진도읍,경상사고,0,0,1,0,차대사람 - 횡단중,안전운전불이행,건조,맑음,교차로 - 교차로부근,화물,남,50세,상해없음,보행자,여,49세,경상
2020011700100497,2020년 1월 17일 19시,금요일,전라남도 영광군 대마면,중상사고,0,1,0,0,차대차 - 기타,안전운전불이행,건조,맑음,단일로 - 교량,화물,남,58세,상해없음,승용,남,52세,중상
2020011700100498,2020년 1월 17일 19시,금요일,전라남도 장흥군 유치면,경상사고,0,0,2,0,차대차 - 측면충돌,교차로운행방법위반,건조,맑음,교차로 - 교차로안,화물,남,55세,경상,승용,남,64세,경상
2020011700100577,2020년 1월 17일 21시,금요일,전라남도 순천시 해룡면,경상사고,0,0,2,1,차대차 - 측면충돌,안전운전불이행,건조,맑음,단일로 - 기타,승용,남,22세,부상신고,승용,남,38세,경상
2020011700100578,2020년 1월 17일 21시,금요일,전라남도 무안군 삼향읍,사망사고,1,0,0,0,차대차 - 추돌,안전운전불이행,건조,맑음,교차로 - 교차로안,이륜,남,16세,사망,승용,여,50세,상해없음
2020011700100608,2020년 1월 17일 22시,금요일,전라남도 목포시 산정동,경상사고,0,0,1,0,차대차 - 기타,신호위반,건조,맑음,교차로 - 교차로안,승용,남,19세,상해없음,이륜,남,46세,경상
2020011700100609,2020년 1월 17일 22시,금요일,전라남도 영암군 삼호읍,사망사고,1,0,0,0,차대차 - 추돌,안전운전불이행,건조,맑음,단일로 - 기타,원동기,남,32세,사망,승합,기타불명,미분류,기타불명
2020011700100626,2020년 1월 17일 23시,금요일,전라남도 해남군 해남읍,중상사고,0,1,0,0,차대사람 - 기타,안전운전불이행,건조,맑음,기타 - 기타,승용,남,24세,상해없음,보행자,남,24세,중상
2020011800100007,2020년 1월 18일 00시,토요일,전라남도 순천시 용당동,경상사고,0,0,2,0,차대차 - 측면충돌,안전운전불이행,건조,맑음,기타 - 기타,이륜,남,22세,경상,자전거,남,15세,경상
2020011800100079,2020년 1월 18일 06시,토요일,전라남도 나주시 금천면,중상사고,0,1,0,0,차대사람 - 차도통행중,안전운전불이행,건조,맑음,단일로 - 기타,승용,남,53세,상해없음,보행자,남,27세,중상
2020011800100107,2020년 1월 18일 08시,토요일,전라남도 목포시 용당동,경상사고,0,0,1,0,차대사람 - 기타,안전운전불이행,건조,맑음,단일로 - 기타,승용,남,63세,상해없음,보행자,여,70세,경상
2020011800100108,2020년 1월 18일 08시,토요일,전라남도 목포시 상동,경상사고,0,0,2,0,차대차 - 기타,안전운전불이행,건조,맑음,단일로 - 기타,승용,여,60세,경상,화물,남,33세,경상
2020011800100109,2020년 1월 18일 08시,토요일,전라남도 여수시 덕충동,중상사고,0,1,1,1,차대차 - 측면충돌,신호위반,건조,맑음,단일로 - 터널,화물,남,71세,부상신고,건설기계,남,45세,경상
2020011800100110,2020년 1월 18일 08시,토요일,전라남도 무안군 현경면,경상사고,0,0,2,0,차대차 - 추돌,안전운전불이행,건조,맑음,교차로 - 교차로부근,화물,남,69세,상해없음,승용,여,43세,경상
2020011800100131,2020년 1월 18일 09시,토요일,전라남도 무안군 삼향읍,중상사고,0,1,0,0,차대차 - 측면충돌,신호위반,건조,맑음,교차로 - 교차로안,승용,남,43세,상해없음,승용,남,64세,중상
2020011800100153,2020년 1월 18일 10시,토요일,전라남도 목포시 석현동,경상사고,0,0,1,0,차대차 - 기타,안전운전불이행,건조,맑음,교차로 - 교차로안,승용,여,57세,상해없음,화물,남,44세,경상
2020011800100189,2020년 1월 18일 11시,토요일,전라남도 목포시 산정동,중상사고,0,1,0,0,차대차 - 기타,신호위반,건조,맑음,교차로 - 교차로안,승용,여,53세,상해없음,이륜,남,35세,중상
2020011800100190,2020년 1월 18일 11시,토요일,전라남도 영암군 영암읍,중상사고,0,4,0,0,차대차 - 측면충돌,신호위반,건조,맑음,교차로 - 교차로안,건설기계,남,36세,상해없음,승용,남,71세,중상
2020011800100228,2020년 1월 18일 12시,토요일,전라남도 여수시 미평동,부상신고사고,0,0,0,1,차대차 - 측면충돌,불법유턴,건조,맑음,교차로 - 교차로안,승용,여,59세,상해없음,승용,여,32세,부상신고
2020011800100229,2020년 1월 18일 12시,토요일,전라남도 장흥군 장흥읍,경상사고,0,0,1,0,차대차 - 측면충돌,직진우회전진행방해,건조,맑음,교차로 - 교차로안,승용,남,77세,상해없음,승용,남,50세,경상
2020011800100230,2020년 1월 18일 12시,토요일,전라남도 진도군 진도읍,중상사고,0,1,0,0,차대차 - 측면충돌,안전운전불이행,건조,맑음,기타 - 기타,자전거,남,75세,중상,승용,남,57세,상해없음
2020011800100268,2020년 1월 18일 13시,토요일,전라남도 여수시 봉산동,경상사고,0,0,1,0,차대차 - 기타,안전운전불이행,건조,맑음,단일로 - 기타,승용,남,46세,상해없음,승용,여,36세,경상
2020011800100269,2020년 1월 18일 13시,토요일,전라남도 나주시 중앙동,경상사고,0,0,1,0,차대차 - 기타,안전운전불이행,건조,맑음,교차로 - 교차로부근,승합,남,52세,기타불명,원동기,남,21세,경상
2020011800100270,2020년 1월 18일 13시,토요일,전라남도 무안군 일로읍,중상사고,0,1,0,0,차대차 - 측면충돌,안전운전불이행,건조,맑음,교차로 - 교차로안,화물,남,70세,상해없음,자전거,남,36세,중상
2020011800100271,2020년 1월 18일 13시,토요일,전라남도 진도군 진도읍,경상사고,0,0,1,0,차대차 - 측면충돌,안전운전불이행,건조,맑음,기타 - 기타,승용,여,53세,상해없음,이륜,남,79세,경상
2020011800100310,2020년 1월 18일 14시,토요일,전라남도 순천시 송광면,중상사고,0,1,0,0,차대차 - 측면충돌,안전운전불이행,건조,맑음,단일로 - 기타,승합,남,54세,상해없음,농기계,남,73세,중상
2020011800100311,2020년 1월 18일 14시,토요일,전라남도 영암군 신북면,경상사고,0,0,1,0,차대차 - 추돌,안전운전불이행,건조,맑음,단일로 - 기타,승용,남,25세,상해없음,화물,남,69세,경상
2020011800100342,2020년 1월 18일 15시,토요일,전라남도 목포시 동명동,경상사고,0,0,1,0,차대차 - 기타,안전운전불이행,건조,맑음,교차로 - 교차로부근,화물,남,59세,상해없음,승용,여,58세,경상
2020011800100343,2020년 1월 18일 15시,토요일,전라남도 담양군 담양읍,경상사고,0,0,2,0,차대차 - 기타,직진우회전진행방해,건조,맑음,교차로 - 교차로안,승용,남,34세,경상,승용,남,50세,경상
2020011800100344,2020년 1월 18일 15시,토요일,전라남도 광양시 마동,경상사고,0,0,1,0,차대차 - 추돌,안전운전불이행,건조,맑음,단일로 - 기타,승용,여,41세,경상,승용,여,56세,기타불명
2020011800100376,2020년 1월 18일 16시,토요일,전라남도 여수시 학동,중상사고,0,1,1,0,차대차 - 기타,교차로운행방법위반,건조,맑음,교차로 - 교차로안,이륜,남,49세,중상,화물,남,39세,경상
2020011800100377,2020년 1월 18일 16시,토요일,전라남도 순천시 연향동,경상사고,0,0,5,0,차대차 - 측면충돌,교차로운행방법위반,건조,맑음,교차로 - 교차로안,승용,여,57세,상해없음,승용,여,48세,경상
2020011800100378,2020년 1월 18일 16시,토요일,전라남도 고흥군 과역면,경상사고,0,0,2,0,차대차 - 측면충돌,안전운전불이행,건조,맑음,단일로 - 기타,화물,남,63세,상해없음,화물,남,21세,경상
2020011800100411,2020년 1월 18일 17시,토요일,전라남도 목포시 석현동,경상사고,0,0,2,0,차대차 - 기타,안전운전불이행,건조,맑음,단일로 - 기타,승용,여,24세,경상,승용,여,56세,경상
2020011800100412,2020년 1월 18일 17시,토요일,전라남도 목포시 산정동,경상사고,0,0,2,0,차대차 - 기타,안전운전불이행,건조,맑음,기타 - 기타,승용,남,79세,상해없음,승용,여,55세,경상
2020011800100413,2020년 1월 18일 17시,토요일,전라남도 순천시 조례동,경상사고,0,0,3,0,차대차 - 측면충돌,안전운전불이행,건조,맑음,단일로 - 기타,승용,여,60세,경상,승용,여,33세,경상
2020011800100414,2020년 1월 18일 17시,토요일,전라남도 강진군 강진읍,중상사고,0,1,0,0,차대차 - 측면충돌,안전운전불이행,건조,맑음,교차로 - 교차로부근,승용,남,57세,상해없음,자전거,남,82세,중상
2020011800100456,2020년 1월 18일 18시,토요일,전라남도 목포시 옥암동,경상사고,0,0,2,0,차대차 - 측면충돌,안전운전불이행,건조,맑음,교차로 - 교차로부근,승용,남,33세,상해없음,승용,남,42세,경상
2020011800100457,2020년 1월 18일 18시,토요일,전라남도 나주시 교동,중상사고,0,1,3,0,차대차 - 기타,불법유턴,건조,맑음,단일로 - 기타,승합,남,64세,중상,승용,남,51세,경상
2020011800100458,2020년 1월 18일 18시,토요일,전라남도 영광군 백수읍,사망사고,1,0,0,0,차대사람 - 차도통행중,안전운전불이행,건조,맑음,단일로 - 기타,승용,남,61세,상해없음,보행자,여,82세,사망
2020011800100459,2020년 1월 18일 18시,토요일,전라남도 함평군 월야면,경상사고,0,0,1,0,차대차 - 측면충돌,안전운전불이행,건조,맑음,교차로 - 교차로부근,화물,남,62세,상해없음,승합,남,45세,경상
2020011800100460,2020년 1월 18일 18시,토요일,전라남도 영암군 미암면,중상사고,0,1,0,0,차대차 - 추돌,안전운전불이행,건조,맑음,단일로 - 기타,화물,남,60세,상해없음,농기계,남,78세,중상
2020011800100461,2020년 1월 18일 18시,토요일,전라남도 영암군 삼호읍,중상사고,0,1,1,0,차대차 - 측면충돌,안전운전불이행,건조,맑음,교차로 - 교차로안,승용,남,47세,경상,이륜,남,28세,중상
2020011800100502,2020년 1월 18일 19시,토요일,전라남도 장흥군 장흥읍,경상사고,0,0,1,0,차대차 - 측면충돌,직진우회전진행방해,건조,맑음,교차로 - 교차로안,승용,남,28세,상해없음,화물,남,62세,경상
2020011800100553,2020년 1월 18일 21시,토요일,전라남도 목포시 용당동,경상사고,0,0,1,0,차대차 - 기타,안전운전불이행,건조,맑음,단일로 - 기타,승용,남,58세,상해없음,기타불명,남,18세,경상
2020011800100602,2020년 1월 18일 23시,토요일,전라남도 여수시 종화동,경상사고,0,0,1,0,차대차 - 측면충돌,차로위반,건조,맑음,단일로 - 기타,승용,여,21세,상해없음,승용,남,64세,경상
2020011900100102,2020년 1월 19일 09시,일요일,전라남도 여수시 중앙동,경상사고,0,0,1,0,차대차 - 후진중충돌,안전운전불이행,건조,맑음,단일로 - 기타,화물,남,56세,상해없음,화물,남,57세,경상
2020011900100117,2020년 1월 19일 10시,일요일,전라남도 완도군 신지면,경상사고,0,0,1,0,차대사람 - 횡단중,안전운전불이행,건조,맑음,교차로 - 교차로안,화물,남,68세,상해없음,보행자,남,79세,경상
2020011900100118,2020년 1월 19일 10시,일요일,전라남도 구례군 산동면,경상사고,0,0,1,0,차대사람 - 기타,안전운전불이행,건조,맑음,기타 - 기타,승용,남,79세,상해없음,보행자,여,59세,경상
2020011900100141,2020년 1월 19일 11시,일요일,전라남도 목포시 용해동,경상사고,0,0,1,0,차대차 - 기타,교차로운행방법위반,젖음/습기,비,교차로 - 교차로안,승용,남,72세,상해없음,화물,남,60세,경상