사고번호,사고일시,요일,시군구,사고내용,사망자수,중상자수,경상자수,부상신고자수,사고유형,법규위반,노면상태,기상상태,도로형태,가해운전자 차종,가해운전자 성별,가해운전자 연령,가해운전자 상해정도,피해운전자 차종,피해운전자 성별,피해운전자 연령,피해운전자 상해정도
2020012200100569,2020년 1월 22일 19시,수요일,전라남도 목포시 죽교동,중상사고,0,1,0,0,차대사람 - 횡단중,보행자보호의무위반,젖음/습기,비,단일로 - 기타,승용,남,55세,상해없음,보행자,여,83세,중상
2020012200100571,2020년 1월 22일 19시,수요일,전라남도 순천시 해룡면,경상사고,0,0,1,0,차대차 - 측면충돌,불법유턴,건조,맑음,단일로 - 기타,승용,남,46세,상해없음,승용,남,23세,경상
2020012200100619,2020년 1월 22일 20시,수요일,전라남도 목포시 상동,경상사고,0,0,1,0,차대차 - 측면충돌,교차로운행방법위반,젖음/습기,비,교차로 - 교차로안,승용,남,21세,상해없음,화물,남,59세,경상
2020012200100620,2020년 1월 22일 20시,수요일,전라남도 순천시 조례동,중상사고,0,1,0,0,차대차 - 측면충돌,안전운전불이행,젖음/습기,비,단일로 - 기타,승용,남,45세,상해없음,원동기,남,47세,중상
2020012200100621,2020년 1월 22일 20시,수요일,전라남도 영광군 염산면,경상사고,0,0,5,0,차대차 - 측면충돌,안전운전불이행,건조,흐림,교차로 - 교차로안,승용,남,63세,경상,승합,남,45세,경상
2020012200100663,2020년 1월 22일 21시,수요일,전라남도 목포시 산정동,경상사고,0,0,2,0,차대차 - 기타,교차로운행방법위반,건조,맑음,교차로 - 교차로안,승용,여,65세,경상,승용,여,46세,경상
2020012200100664,2020년 1월 22일 21시,수요일,전라남도 해남군 해남읍,경상사고,0,0,1,0,차대사람 - 기타,안전운전불이행,젖음/습기,비,교차로 - 교차로안,승용,남,23세,상해없음,보행자,여,38세,경상
2020012200100694,2020년 1월 22일 22시,수요일,전라남도 해남군 산이면,경상사고,0,0,4,0,차대차 - 정면충돌,중앙선침범,젖음/습기,흐림,단일로 - 기타,화물,남,28세,상해없음,승합,여,45세,경상
2020012200100734,2020년 1월 22일 23시,수요일,전라남도 순천시 동외동,경상사고,0,0,1,0,차대차 - 측면충돌,교차로운행방법위반,건조,맑음,교차로 - 교차로안,승용,남,32세,상해없음,승용,남,59세,경상
2020012300100029,2020년 1월 23일 01시,목요일,전라남도 고흥군 고흥읍,경상사고,0,0,1,0,차량단독 - 공작물충돌,안전운전불이행,젖음/습기,비,단일로 - 기타,승용,남,28세,경상,,,,
2020012300100038,2020년 1월 23일 02시,목요일,전라남도 화순군 북면,경상사고,0,0,2,0,차대차 - 측면충돌,직진우회전진행방해,건조,맑음,교차로 - 교차로안,승용,남,63세,상해없음,승용,남,71세,경상
2020012300100039,2020년 1월 23일 02시,목요일,전라남도 곡성군 옥과면,경상사고,0,0,2,0,차대차 - 측면충돌,안전운전불이행,건조,맑음,단일로 - 기타,승용,남,20세,상해없음,화물,남,43세,경상
2020012300100095,2020년 1월 23일 07시,목요일,전라남도 여수시 화장동,경상사고,0,0,1,0,차대차 - 측면충돌,신호위반,젖음/습기,맑음,교차로 - 교차로안,승용,여,61세,상해없음,승용,남,40세,경상
2020012300100182,2020년 1월 23일 10시,목요일,전라남도 여수시 학동,경상사고,0,0,3,0,차대차 - 측면충돌,안전운전불이행,건조,맑음,단일로 - 기타,승용,여,40세,상해없음,승용,남,28세,경상
2020012300100183,2020년 1월 23일 10시,목요일,전라남도 나주시 중앙동,중상사고,0,1,1,0,차대차 - 측면충돌,직진우회전진행방해,건조,흐림,교차로 - 교차로안,승용,여,55세,경상,승용,여,43세,중상
2020012300100224,2020년 1월 23일 11시,목요일,전라남도 순천시 별량면,중상사고,0,1,1,0,차대차 - 추돌,안전거리미확보,건조,맑음,단일로 - 기타,승용,여,45세,상해없음,승용,남,64세,경상
2020012300100225,2020년 1월 23일 11시,목요일,전라남도 나주시 동강면,중상사고,0,1,1,0,차량단독 - 도로외이탈 - 추락,안전운전불이행,건조,맑음,단일로 - 기타,사륜오토바이(ATV),여,67세,중상,,,,
2020012300100264,2020년 1월 23일 12시,목요일,전라남도 목포시 용해동,경상사고,0,0,2,0,차대차 - 기타,안전운전불이행,건조,맑음,단일로 - 기타,승용,여,26세,경상,승합,남,39세,경상
2020012300100311,2020년 1월 23일 13시,목요일,전라남도 신안군 암태면,경상사고,0,0,1,0,차대차 - 기타,직진우회전진행방해,건조,맑음,교차로 - 교차로안,농기계,남,76세,상해없음,이륜,남,78세,경상
2020012300100312,2020년 1월 23일 13시,목요일,전라남도 순천시 해룡면,경상사고,0,0,1,0,차대차 - 측면충돌,직진우회전진행방해,건조,맑음,교차로 - 교차로안,화물,남,67세,상해없음,승용,여,32세,경상
2020012300100313,2020년 1월 23일 13시,목요일,전라남도 고흥군 과역면,중상사고,0,1,0,0,차대차 - 측면충돌,교차로운행방법위반,젖음/습기,맑음,교차로 - 교차로안,화물,남,59세,상해없음,이륜,남,36세,중상
2020012300100356,2020년 1월 23일 14시,목요일,전라남도 영광군 대마면,경상사고,0,0,5,0,차대차 - 측면충돌,직진우회전진행방해,건조,맑음,교차로 - 교차로안,승용,남,32세,상해없음,승용,남,43세,경상
2020012300100357,2020년 1월 23일 14시,목요일,전라남도 무안군 청계면,경상사고,0,0,2,0,차대차 - 추돌,안전운전불이행,건조,맑음,교차로 - 교차로부근,화물,남,80세,상해없음,승용,남,71세,경상
2020012300100462,2020년 1월 23일 16시,목요일,전라남도 목포시 옥암동,경상사고,0,0,6,0,차대차 - 기타,안전거리미확보,건조,맑음,단일로 - 기타,승용,남,35세,경상,승용,여,40세,경상
2020012300100463,2020년 1월 23일 16시,목요일,전라남도 여수시 오림동,경상사고,0,0,1,0,차대차 - 측면충돌,차로위반,건조,맑음,단일로 - 기타,승용,여,62세,상해없음,승용,남,45세,경상
2020012300100464,2020년 1월 23일 16시,목요일,전라남도 순천시 연향동,경상사고,0,0,1,0,차대사람 - 길가장자리구역통행중,안전운전불이행,건조,맑음,단일로 - 기타,승용,여,57세,상해없음,보행자,여,24세,경상
2020012300100528,2020년 1월 23일 17시,목요일,전라남도 목포시 용해동,경상사고,0,0,2,0,차대차 - 측면충돌,안전운전불이행,건조,맑음,기타 - 기타,승용,여,37세,경상,승용,여,62세,경상
2020012300100529,2020년 1월 23일 17시,목요일,전라남도 함평군 함평읍,사망사고,1,0,0,0,차량단독 - 도로외이탈 - 기타,안전운전불이행,건조,맑음,단일로 - 기타,이륜,남,75세,사망,,,,
2020012300100530,2020년 1월 23일 17시,목요일,전라남도 장성군 장성읍,중상사고,0,1,0,0,차대사람 - 기타,안전운전불이행,건조,맑음,단일로 - 기타,승합,남,62세,상해없음,보행자,남,54세,중상
2020012300100581,2020년 1월 23일 18시,목요일,전라남도 순천시 해룡면,중상사고,0,1,0,0,차대사람 - 횡단중,보행자보호의무위반,건조,맑음,교차로 - 교차로안,승용,여,52세,상해없음,보행자,남,7세,중상
2020012300100582,2020년 1월 23일 18시,목요일,전라남도 순천시 해룡면,중상사고,0,1,0,0,차대사람 - 횡단중,보행자보호의무위반,건조,맑음,단일로 - 기타,승용,남,25세,상해없음,보행자,남,6세,중상
2020012300100583,2020년 1월 23일 18시,목요일,전라남도 나주시 이창동,경상사고,0,0,2,0,차대차 - 기타,기타,건조,맑음,교차로 - 교차로부근,화물,남,43세,상해없음,승용,남,42세,경상
2020012300100629,2020년 1월 23일 19시,목요일,전라남도 여수시 돌산읍,경상사고,0,0,2,0,차대차 - 추돌,안전운전불이행,건조,맑음,단일로 - 기타,승합,남,44세,상해없음,승용,남,60세,경상
2020012300100630,2020년 1월 23일 19시,목요일,전라남도 여수시 화장동,경상사고,0,0,1,0,차대차 - 추돌,교차로운행방법위반,건조,맑음,교차로 - 교차로안,승용,남,49세,상해없음,이륜,남,45세,경상
2020012300100675,2020년 1월 23일 20시,목요일,전라남도 광양시 광양읍,경상사고,0,0,4,0,차대차 - 기타,안전거리미확보,건조,맑음,교차로 - 교차로부근,승용,남,60세,상해없음,승용,남,20세,경상
2020012300100711,2020년 1월 23일 21시,목요일,전라남도 목포시 옥암동,경상사고,0,0,1,0,차대차 - 측면충돌,신호위반,건조,맑음,교차로 - 교차로안,승용,남,69세,상해없음,승용,남,36세,경상
2020012300100737,2020년 1월 23일 22시,목요일,전라남도 광양시 광양읍,중상사고,0,1,4,0,차대차 - 기타,안전운전불이행,건조,맑음,교차로 - 교차로부근,화물,남,50세,상해없음,화물,남,43세,경상
2020012400100016,2020년 1월 24일 00시,금요일,전라남도 해남군 해남읍,경상사고,0,0,3,0,차대차 - 정면충돌,중앙선침범,건조,맑음,단일로 - 기타,승용,여,43세,기타불명,승용,남,33세,경상
2020012400100064,2020년 1월 24일 04시,금요일,전라남도 순천시 조례동,경상사고,0,0,1,0,차대차 - 측면충돌,안전거리미확보,건조,맑음,단일로 - 기타,승용,여,54세,상해없음,이륜,남,57세,경상
2020012400100129,2020년 1월 24일 10시,금요일,전라남도 고흥군 고흥읍,경상사고,0,0,2,0,차대차 - 측면충돌,교차로운행방법위반,건조,맑음,교차로 - 교차로안,승용,여,46세,경상,승용,남,51세,경상
2020012400100157,2020년 1월 24일 11시,금요일,전라남도 강진군 강진읍,중상사고,0,1,0,0,차대사람 - 기타,안전운전불이행,건조,맑음,단일로 - 기타,승용,남,50세,상해없음,보행자,남,68세,중상
2020012400100183,2020년 1월 24일 12시,금요일,전라남도 영암군 금정면,경상사고,0,0,1,0,차대차 - 기타,안전운전불이행,건조,맑음,교차로 - 교차로부근,화물,남,77세,상해없음,화물,남,44세,경상
2020012400100184,2020년 1월 24일 12시,금요일,전라남도 함평군 엄다면,중상사고,0,1,0,0,차대사람 - 기타,안전운전불이행,건조,맑음,기타 - 기타,승용,남,39세,상해없음,보행자,남,43세,중상
2020012400100214,2020년 1월 24일 13시,금요일,전라남도 여수시 미평동,중상사고,0,1,0,0,차대차 - 측면충돌,중앙선침범,건조,맑음,단일로 - 기타,승용,남,40세,상해없음,자전거,남,40세,중상
2020012400100215,2020년 1월 24일 13시,금요일,전라남도 함평군 학교면,중상사고,0,3,2,0,차대차 - 측면충돌,직진우회전진행방해,건조,맑음,교차로 - 교차로안,승용,남,64세,중상,승용,남,40세,중상
2020012400100216,2020년 1월 24일 13시,금요일,전라남도 광양시 광양읍,경상사고,0,0,1,0,차대사람 - 기타,안전운전불이행,건조,맑음,단일로 - 기타,승용,남,50세,상해없음,보행자,남,66세,경상
2020012400100241,2020년 1월 24일 14시,금요일,전라남도 무안군 무안읍,경상사고,0,0,4,0,차대차 - 측면충돌,직진우회전진행방해,건조,맑음,교차로 - 교차로안,승용,남,19세,경상,승용,여,55세,경상
2020012400100292,2020년 1월 24일 16시,금요일,전라남도 신안군 암태면,경상사고,0,0,2,0,차대차 - 측면충돌,중앙선침범,건조,맑음,단일로 - 기타,승용,남,19세,상해없음,화물,남,27세,경상
2020012400100313,2020년 1월 24일 17시,금요일,전라남도 여수시 국동,부상신고사고,0,0,0,1,차대차 - 측면충돌,불법유턴,건조,맑음,교차로 - 교차로부근,자전거,남,64세,부상신고,화물,남,59세,상해없음
2020012400100314,2020년 1월 24일 17시,금요일,전라남도 함평군 함평읍,경상사고,0,0,1,0,차대사람 - 기타,안전운전불이행,건조,맑음,주차장 - 주차장,승용,남,41세,상해없음,보행자,남,5세,경상
2020012400100315,2020년 1월 24일 17시,금요일,전라남도 영암군 영암읍,경상사고,0,0,4,0,차대차 - 추돌,안전운전불이행,건조,맑음,단일로 - 기타,승용,남,37세,경상,승용,남,51세,경상
2020012400100338,2020년 1월 24일 18시,금요일,전라남도 광양시 진월면,중상사고,0,1,0,0,차대차 - 정면충돌,직진우회전진행방해,건조,맑음,교차로 - 교차로안,승용,남,59세,상해없음,이륜,남,42세,중상
2020012400100376,2020년 1월 24일 19시,금요일,전라남도 순천시 조곡동,경상사고,0,0,2,0,차대차 - 기타,직진우회전진행방해,건조,맑음,교차로 - 교차로안,승용,여,52세,경상,승용,남,68세,경상
2020012400100399,2020년 1월 24일 20시,금요일,전라남도 순천시 조례동,경상사고,0,0,1,0,차대차 - 추돌,안전운전불이행,건조,맑음,교차로 - 교차로안,화물,남,55세,상해없음,승용,남,64세,경상
2020012400100400,2020년 1월 24일 20시,금요일,전라남도 광양시 광양읍,경상사고,0,0,2,0,차대차 - 측면충돌,안전거리미확보,건조,맑음,교차로 - 교차로부근,승합,남,60세,상해없음,승용,여,43세,경상
2020012400100439,2020년 1월 24일 22시,금요일,전라남도 순천시 연향동,중상사고,0,1,1,0,차대차 - 기타,안전운전불이행,건조,맑음,교차로 - 교차로안,승용,남,55세,중상,승용,남,24세,경상
2020012400100440,2020년 1월 24일 22시,금요일,전라남도 광양시 중동,중상사고,0,1,0,0,차대차 - 측면충돌,신호위반,건조,맑음,교차로 - 교차로안,이륜,남,38세,중상,승용,남,67세,상해없음
2020012500100026,2020년 1월 25일 03시,토요일,전라남도 광양시 광영동,경상사고,0,0,2,0,차량단독 - 공작물충돌,안전운전불이행,건조,맑음,단일로 - 기타,화물,남,27세,경상,,,,
2020012500100027,2020년 1월 25일 03시,토요일,전라남도 구례군 구례읍,부상신고사고,0,0,0,1,차량단독 - 공작물충돌,안전운전불이행,건조,맑음,단일로 - 기타,승용,남,27세,부상신고,,,,
2020012500100063,2020년 1월 25일 09시,토요일,전라남도 신안군 압해읍,경상사고,0,0,3,0,차대차 - 기타,교차로운행방법위반,건조,맑음,교차로 - 교차로안,승용,남,41세,상해없음,승합,남,50세,경상
2020012500100080,2020년 1월 25일 10시,토요일,전라남도 여수시 교동,경상사고,0,0,1,0,차대사람 - 길가장자리구역통행중,안전운전불이행,건조,맑음,단일로 - 기타,승용,남,59세,상해없음,보행자,여,29세,경상
2020012500100101,2020년 1월 25일 11시,토요일,전라남도 보성군 겸백면,경상사고,0,0,2,0,차대차 - 측면충돌,안전운전불이행,건조,맑음,교차로 - 교차로안,승용,남,79세,상해없음,승용,남,35세,경상
2020012500100122,2020년 1월 25일 12시,토요일,전라남도 장흥군 대덕읍,중상사고,0,1,1,0,차량단독 - 도로외이탈 - 추락,안전운전불이행,건조,맑음,단일로 - 기타,화물,남,18세,경상,,,,
2020012500100152,2020년 1월 25일 13시,토요일,전라남도 화순군 북면,중상사고,0,1,1,0,차대차 - 측면충돌,기타,건조,맑음,교차로 - 교차로안,이륜,남,57세,중상,승용,여,40세,경상
2020012500100153,2020년 1월 25일 13시,토요일,전라남도 무안군 해제면,경상사고,0,0,3,0,차대차 - 기타,신호위반,건조,흐림,교차로 - 교차로안,승용,남,37세,상해없음,승용,남,35세,경상
2020012500100172,2020년 1월 25일 14시,토요일,전라남도 강진군 칠량면,중상사고,0,1,0,0,차대사람 - 횡단중,안전운전불이행,건조,맑음,단일로 - 기타,승용,남,26세,상해없음,보행자,여,59세,중상
2020012500100198,2020년 1월 25일 15시,토요일,전라남도 완도군 군외면,경상사고,0,0,3,0,차대차 - 기타,안전운전불이행,건조,맑음,단일로 - 기타,승용,여,44세,상해없음,승용,여,46세,경상
2020012500100199,2020년 1월 25일 15시,토요일,전라남도 진도군 진도읍,사망사고,1,0,0,0,차대차 - 측면충돌,차로위반,건조,맑음,단일로 - 기타,이륜,남,76세,사망,승용,여,37세,상해없음
2020012500100217,2020년 1월 25일 16시,토요일,전라남도 여수시 둔덕동,경상사고,0,0,1,0,차대차 - 측면충돌,안전운전불이행,건조,맑음,단일로 - 기타,승용,남,51세,상해없음,승용,남,41세,경상
2020012500100218,2020년 1월 25일 16시,토요일,전라남도 영광군 영광읍,경상사고,0,0,2,0,차대차 - 정면충돌,교차로운행방법위반,건조,맑음,교차로 - 교차로안,승용,여,44세,상해없음,승용,여,66세,경상
2020012500100260,2020년 1월 25일 18시,토요일,전라남도 순천시 조례동,부상신고사고,0,0,0,1,차대차 - 측면충돌,신호위반,건조,맑음,교차로 - 교차로안,이륜,남,26세,부상신고,승용,남,55세,상해없음
2020012500100325,2020년 1월 25일 21시,토요일,전라남도 목포시 용당동,경상사고,0,0,2,0,차대차 - 기타,안전운전불이행,건조,기타,기타 - 기타,승용,남,27세,경상,승용,여,25세,경상
2020012600100026,2020년 1월 26일 02시,일요일,전라남도 담양군 대전면,부상신고사고,0,0,0,1,차량단독 - 전도전복 - 전복,안전운전불이행,건조,맑음,교차로 - 교차로부근,승용,남,52세,부상신고,,,,
2020012600100037,2020년 1월 26일 04시,일요일,전라남도 목포시 상동,경상사고,0,0,1,0,차대사람 - 기타,안전운전불이행,건조,맑음,단일로 - 기타,기타불명,기타불명,미분류,기타불명,보행자,여,24세,경상
2020012600100060,2020년 1월 26일 07시,일요일,전라남도 여수시 둔덕동,경상사고,0,0,1,0,차대차 - 측면충돌,신호위반,건조,맑음,교차로 - 교차로안,승용,여,51세,상해없음,승용,여,30세,경상
2020012600100071,2020년 1월 26일 09시,일요일,전라남도 목포시 옥암동,중상사고,0,1,1,0,차대차 - 기타,차로위반,건조,맑음,교차로 - 교차로부근,승합,남,55세,상해없음,승용,남,26세,중상
2020012600100072,2020년 1월 26일 09시,일요일,전라남도 순천시 왕지동,경상사고,0,0,3,0,차대차 - 기타,직진우회전진행방해,건조,맑음,교차로 - 교차로안,승용,남,63세,경상,승용,여,37세,경상
2020012600100100,2020년 1월 26일 11시,일요일,전라남도 신안군 압해읍,경상사고,0,0,4,0,차대차 - 기타,안전운전불이행,건조,맑음,교차로 - 교차로부근,승용,남,66세,상해없음,승용,남,34세,경상
2020012600100101,2020년 1월 26일 11시,일요일,전라남도 순천시 해룡면,중상사고,0,1,1,0,차대차 - 측면충돌,신호위반,건조,맑음,교차로 - 교차로안,승용,남,62세,중상,승용,남,28세,경상
2020012600100102,2020년 1월 26일 11시,일요일,전라남도 고흥군 동강면,경상사고,0,0,1,0,차량단독 - 전도전복 - 전도,안전운전불이행,건조,맑음,단일로 - 기타,원동기,남,50세,경상,,,,
2020012600100103,2020년 1월 26일 11시,일요일,전라남도 곡성군 석곡면,중상사고,0,1,0,0,차대사람 - 횡단중,안전운전불이행,건조,맑음,단일로 - 기타,승용,남,68세,상해없음,보행자,남,87세,중상
2020012600100119,2020년 1월 26일 12시,일요일,전라남도 나주시 빛가람동,경상사고,0,0,1,0,차대차 - 기타,안전운전불이행,건조,맑음,기타 - 기타,화물,남,49세,상해없음,승용,여,42세,경상
2020012600100120,2020년 1월 26일 12시,일요일,전라남도 담양군 용면,경상사고,0,0,4,0,차대차 - 추돌,안전운전불이행,건조,맑음,단일로 - 기타,승용,여,48세,상해없음,승용,남,55세,경상
2020012600100140,2020년 1월 26일 13시,일요일,전라남도 여수시 소라면,경상사고,0,0,4,0,차대차 - 측면충돌,안전운전불이행,건조,맑음,단일로 - 기타,승용,남,55세,상해없음,승용,남,62세,상해없음
2020012600100141,2020년 1월 26일 13시,일요일,전라남도 나주시 금천면,중상사고,0,1,0,0,차대차 - 정면충돌,신호위반,건조,맑음,교차로 - 교차로안,승용,남,63세,상해없음,승용,여,49세,중상
2020012600100156,2020년 1월 26일 14시,일요일,전라남도 담양군 담양읍,경상사고,0,0,2,0,차대차 - 추돌,과속,건조,맑음,단일로 - 기타,승용,남,52세,상해없음,승용,남,64세,경상
2020012600100193,2020년 1월 26일 16시,일요일,전라남도 목포시 용해동,경상사고,0,0,3,0,차대차 - 측면충돌,차로위반,건조,맑음,단일로 - 기타,승용,남,44세,경상,승용,남,41세,경상
2020012600100194,2020년 1월 26일 16시,일요일,전라남도 목포시 상동,경상사고,0,0,4,0,차대차 - 기타,안전운전불이행,건조,맑음,교차로 - 교차로안,승용,남,69세,상해없음,승용,남,40세,경상
2020012600100195,2020년 1월 26일 16시,일요일,전라남도 나주시 죽림동,경상사고,0,0,1,0,차대차 - 기타,안전운전불이행,건조,맑음,기타 - 기타,승용,여,50세,상해없음,승용,남,54세,상해없음
2020012600100211,2020년 1월 26일 17시,일요일,전라남도 고흥군 도양읍,중상사고,0,1,6,0,차대차 - 측면충돌,교차로운행방법위반,건조,맑음,교차로 - 교차로안,승용,남,52세,경상,승용,남,57세,경상
2020012600100212,2020년 1월 26일 17시,일요일,전라남도 무안군 삼향읍,경상사고,0,0,1,0,차대사람 - 횡단중,보행자보호의무위반,건조,맑음,교차로 - 교차로횡단보도내,승용,남,22세,상해없음,보행자,남,23세,경상
2020012600100232,2020년 1월 26일 18시,일요일,전라남도 목포시 옥암동,경상사고,0,0,1,0,차대차 - 기타,차로위반,건조,맑음,단일로 - 기타,승용,남,51세,상해없음,승용,남,53세,경상
2020012600100233,2020년 1월 26일 18시,일요일,전라남도 여수시 화양면,중상사고,0,1,0,0,차대차 - 추돌,안전운전불이행,건조,맑음,기타 - 기타,승용,남,25세,상해없음,승용,남,45세,중상
2020012600100234,2020년 1월 26일 18시,일요일,전라남도 여수시 돌산읍,중상사고,0,1,0,0,차대사람 - 횡단중,안전운전불이행,건조,맑음,단일로 - 기타,승용,남,51세,상해없음,보행자,여,47세,중상
2020012700100010,2020년 1월 27일 00시,월요일,전라남도 고흥군 과역면,중상사고,0,1,2,0,차대차 - 정면충돌,중앙선침범,젖음/습기,비,단일로 - 기타,화물,남,53세,상해없음,승용,남,43세,경상
2020012700100011,2020년 1월 27일 00시,월요일,전라남도 광양시 중동,중상사고,0,1,0,0,차대사람 - 기타,안전운전불이행,젖음/습기,비,단일로 - 기타,승용,여,45세,상해없음,보행자,여,35세,중상
2020012700100026,2020년 1월 27일 01시,월요일,전라남도 여수시 봉계동,경상사고,0,0,2,0,차대차 - 후진중충돌,안전운전불이행,젖음/습기,비,교차로 - 교차로부근,승용,남,38세,상해없음,승용,남,55세,경상
2020012700100059,2020년 1월 27일 04시,월요일,전라남도 여수시 학동,경상사고,0,0,1,0,차대사람 - 기타,안전운전불이행,젖음/습기,비,교차로 - 교차로부근,승용,남,23세,상해없음,보행자,남,24세,경상
2020012700100103,2020년 1월 27일 09시,월요일,전라남도 해남군 해남읍,경상사고,0,0,3,0,차대차 - 측면충돌,신호위반,젖음/습기,비,교차로 - 교차로안,승용,여,53세,상해없음,승용,남,63세,경상
2020012700100134,2020년 1월 27일 11시,월요일,전라남도 목포시 상동,경상사고,0,0,1,0,차대차 - 기타,안전운전불이행,젖음/습기,비,단일로 - 기타,승용,남,48세,상해없음,승용,남,36세,경상
2020012700100135,2020년 1월 27일 11시,월요일,전라남도 여수시 웅천동,경상사고,0,0,2,0,차대차 - 추돌,안전거리미확보,건조,맑음,교차로 - 교차로안,승용,남,67세,상해없음,승용,남,71세,경상
2020012700100156,2020년 1월 27일 12시,월요일,전라남도 장흥군 장흥읍,경상사고,0,0,1,0,차대차 - 측면충돌,교차로운행방법위반,젖음/습기,비,교차로 - 교차로안,승용,남,54세,상해없음,승용,여,53세,상해없음
2020012700100191,2020년 1월 27일 14시,월요일,전라남도 목포시 용해동,경상사고,0,0,4,0,차대차 - 측면충돌,중앙선침범,젖음/습기,비,단일로 - 기타,승용,남,19세,상해없음,승용,남,39세,경상
2020012700100192,2020년 1월 27일 14시,월요일,전라남도 강진군 강진읍,경상사고,0,0,1,0,차대차 - 측면충돌,기타,젖음/습기,비,교차로 - 교차로안,승합,여,49세,경상,화물,남,56세,상해없음
2020012700100258,2020년 1월 27일 17시,월요일,전라남도 장흥군 안양면,경상사고,0,0,1,0,차량단독 - 공작물충돌,안전운전불이행,젖음/습기,비,단일로 - 기타,승용,남,46세,경상,,,,
2020012700100289,2020년 1월 27일 18시,월요일,전라남도 여수시 안산동,중상사고,0,1,0,0,차대차 - 측면충돌,안전운전불이행,젖음/습기,비,교차로 - 교차로안,화물,여,58세,상해없음,이륜,남,44세,중상
2020012700100372,2020년 1월 27일 20시,월요일,전라남도 목포시 연산동,중상사고,0,1,0,0,차대사람 - 횡단중,안전운전불이행,젖음/습기,흐림,교차로 - 교차로횡단보도내,승용,남,19세,상해없음,보행자,남,55세,중상
2020012700100373,2020년 1월 27일 20시,월요일,전라남도 영광군 영광읍,중상사고,0,1,0,0,차대차 - 정면충돌,중앙선침범,젖음/습기,맑음,단일로 - 기타,승용,남,33세,상해없음,이륜,남,57세,중상
2020012700100412,2020년 1월 27일 21시,월요일,전라남도 목포시 옥암동,경상사고,0,0,1,0,차대차 - 기타,안전운전불이행,젖음/습기,비,교차로 - 교차로부근,이륜,남,49세,경상,이륜,남,50세,상해없음
2020012700100413,2020년 1월 27일 21시,월요일,전라남도 여수시 여서동,경상사고,0,0,1,0,차대차 - 후진중충돌,안전운전불이행,건조,맑음,단일로 - 기타,승용,남,22세,상해없음,이륜,남,43세,경상
2020012800100106,2020년 1월 28일 08시,화요일,전라남도 목포시 산정동,경상사고,0,0,1,0,차대차 - 기타,직진우회전진행방해,건조,맑음,교차로 - 교차로안,승용,남,21세,상해없음,승용,여,56세,경상
2020012800100129,2020년 1월 28일 09시,화요일,전라남도 순천시 덕월동,경상사고,0,0,1,0,차대차 - 측면충돌,직진우회전진행방해,건조,맑음,교차로 - 교차로안,승용,여,48세,상해없음,승용,여,39세,경상
2020012800100130,2020년 1월 28일 09시,화요일,전라남도 완도군 완도읍,중상사고,0,1,1,0,차대차 - 측면충돌,과속,건조,맑음,교차로 - 교차로안,승용,남,61세,상해없음,승용,남,61세,경상
2020012800100164,2020년 1월 28일 10시,화요일,전라남도 목포시 상동,경상사고,0,0,1,0,차대사람 - 횡단중,신호위반,건조,맑음,교차로 - 교차로부근,승용,남,56세,상해없음,보행자,여,36세,경상
2020012800100165,2020년 1월 28일 10시,화요일,전라남도 영광군 염산면,부상신고사고,0,0,0,1,차대차 - 측면충돌,안전운전불이행,건조,맑음,단일로 - 기타,이륜,남,79세,부상신고,화물,남,59세,상해없음
2020012800100166,2020년 1월 28일 10시,화요일,전라남도 장성군 장성읍,경상사고,0,0,1,0,차대차 - 기타,안전운전불이행,건조,맑음,교차로 - 교차로안,승용,남,57세,상해없음,승용,여,61세,경상
2020012800100189,2020년 1월 28일 11시,화요일,전라남도 여수시 교동,경상사고,0,0,1,0,차대사람 - 길가장자리구역통행중,안전운전불이행,건조,맑음,단일로 - 기타,승용,남,47세,상해없음,보행자,여,82세,경상
2020012800100190,2020년 1월 28일 11시,화요일,전라남도 순천시 연향동,경상사고,0,0,2,0,차대차 - 측면충돌,직진우회전진행방해,건조,맑음,교차로 - 교차로안,승용,여,51세,경상,승용,남,35세,경상
2020012800100215,2020년 1월 28일 12시,화요일,전라남도 목포시 용해동,경상사고,0,0,1,0,차대차 - 측면충돌,안전운전불이행,건조,맑음,단일로 - 기타,승용,남,54세,상해없음,승용,남,36세,경상
2020012800100216,2020년 1월 28일 12시,화요일,전라남도 여수시 덕충동,중상사고,0,1,1,0,차대차 - 기타,안전운전불이행,건조,맑음,교차로 - 교차로안,이륜,남,74세,경상,이륜,남,34세,중상
2020012800100217,2020년 1월 28일 12시,화요일,전라남도 순천시 안풍동,중상사고,0,1,0,0,차대차 - 기타,직진우회전진행방해,건조,맑음,교차로 - 교차로안,원동기,남,65세,중상,승합,남,56세,상해없음
2020012800100247,2020년 1월 28일 13시,화요일,전라남도 여수시 덕충동,경상사고,0,0,2,0,차대차 - 추돌,안전운전불이행,건조,맑음,단일로 - 기타,승용,여,56세,기타불명,승용,남,68세,경상
2020012800100273,2020년 1월 28일 14시,화요일,전라남도 영광군 영광읍,경상사고,0,0,1,0,차대차 - 정면충돌,교차로운행방법위반,건조,맑음,교차로 - 교차로안,화물,남,43세,상해없음,승용,여,49세,경상
2020012800100309,2020년 1월 28일 15시,화요일,전라남도 나주시 왕곡면,경상사고,0,0,1,0,차대차 - 측면충돌,직진우회전진행방해,건조,흐림,교차로 - 교차로부근,화물,남,70세,상해없음,승용,여,61세,경상