사고번호,사고일시,요일,시군구,사고내용,사망자수,중상자수,경상자수,부상신고자수,사고유형,법규위반,노면상태,기상상태,도로형태,가해운전자 차종,가해운전자 성별,가해운전자 연령,가해운전자 상해정도,피해운전자 차종,피해운전자 성별,피해운전자 연령,피해운전자 상해정도
2020012800100337,2020년 1월 28일 16시,화요일,전라남도 여수시 웅천동,경상사고,0,0,3,0,차대차 - 추돌,안전운전불이행,건조,맑음,단일로 - 기타,승용,남,32세,상해없음,승용,여,38세,경상
2020012800100338,2020년 1월 28일 16시,화요일,전라남도 순천시 생목동,경상사고,0,0,1,0,차대차 - 추돌,안전운전불이행,건조,맑음,교차로 - 교차로부근,이륜,남,65세,경상,승용,남,46세,상해없음
2020012800100339,2020년 1월 28일 16시,화요일,전라남도 담양군 담양읍,중상사고,0,1,0,0,차량단독 - 공작물충돌,안전운전불이행,건조,맑음,교차로 - 교차로부근,화물,남,68세,중상,,,,
2020012800100437,2020년 1월 28일 19시,화요일,전라남도 순천시 행동,경상사고,0,0,1,0,차대차 - 기타,신호위반,젖음/습기,흐림,교차로 - 교차로안,승용,남,25세,상해없음,승용,여,46세,경상
2020012800100462,2020년 1월 28일 20시,화요일,전라남도 강진군 신전면,경상사고,0,0,1,0,차량단독 - 기타,안전운전불이행,건조,맑음,단일로 - 기타,화물,남,51세,경상,,,,
2020012800100484,2020년 1월 28일 21시,화요일,전라남도 여수시 학동,경상사고,0,0,2,0,차대차 - 정면충돌,안전운전불이행,건조,맑음,교차로 - 교차로안,승용,남,42세,상해없음,승용,남,44세,경상
2020012800100506,2020년 1월 28일 22시,화요일,전라남도 목포시 용당동,경상사고,0,0,2,0,차대차 - 측면충돌,안전운전불이행,건조,흐림,교차로 - 교차로안,승합,남,54세,기타불명,승용,남,30세,경상
2020012900100051,2020년 1월 29일 05시,수요일,전라남도 순천시 서면,경상사고,0,0,1,0,차대차 - 기타,안전운전불이행,젖음/습기,비,교차로 - 교차로안,승용,남,30세,경상,건설기계,남,53세,기타불명
2020012900100100,2020년 1월 29일 08시,수요일,전라남도 목포시 상동,경상사고,0,0,2,0,차대차 - 측면충돌,안전운전불이행,건조,맑음,단일로 - 기타,건설기계,남,54세,상해없음,승용,남,59세,경상
2020012900100101,2020년 1월 29일 08시,수요일,전라남도 여수시 중흥동,경상사고,0,0,1,0,차대차 - 측면충돌,안전운전불이행,건조,맑음,단일로 - 기타,승합,남,71세,상해없음,승용,남,24세,경상
2020012900100102,2020년 1월 29일 08시,수요일,전라남도 화순군 화순읍,경상사고,0,0,1,0,차대차 - 기타,교차로운행방법위반,건조,맑음,교차로 - 교차로안,승용,여,36세,상해없음,기타불명,남,73세,경상
2020012900100148,2020년 1월 29일 10시,수요일,전라남도 여수시 돌산읍,경상사고,0,0,2,1,차대차 - 추돌,안전운전불이행,건조,맑음,교차로 - 교차로부근,화물,남,70세,상해없음,화물,남,52세,부상신고
2020012900100172,2020년 1월 29일 11시,수요일,전라남도 광양시 광양읍,중상사고,0,1,0,0,차대차 - 후진중충돌,안전운전불이행,젖음/습기,흐림,단일로 - 기타,화물,남,41세,상해없음,이륜,남,68세,중상
2020012900100256,2020년 1월 29일 14시,수요일,전라남도 여수시 화양면,사망사고,1,0,0,0,차량단독 - 전도전복 - 전복,안전운전불이행,젖음/습기,비,단일로 - 기타,이륜,남,63세,사망,,,,
2020012900100257,2020년 1월 29일 14시,수요일,전라남도 순천시 조곡동,경상사고,0,0,1,0,차대차 - 측면충돌,안전거리미확보,젖음/습기,비,교차로 - 교차로부근,화물,남,76세,상해없음,승용,남,51세,경상
2020012900100288,2020년 1월 29일 15시,수요일,전라남도 화순군 화순읍,경상사고,0,0,1,0,차대사람 - 횡단중,보행자보호의무위반,젖음/습기,비,교차로 - 교차로횡단보도내,승용,여,56세,상해없음,보행자,남,43세,경상
2020012900100289,2020년 1월 29일 15시,수요일,전라남도 담양군 창평면,사망사고,1,0,0,0,차대차 - 기타,불법유턴,건조,맑음,단일로 - 기타,승용,남,70세,상해없음,원동기,남,56세,사망
2020012900100318,2020년 1월 29일 16시,수요일,전라남도 목포시 호남동,경상사고,0,0,1,0,차대차 - 기타,안전운전불이행,건조,맑음,교차로 - 교차로안,승용,남,29세,상해없음,자전거,남,84세,경상
2020012900100319,2020년 1월 29일 16시,수요일,전라남도 목포시 중동2가,중상사고,0,1,0,0,차대사람 - 기타,안전운전불이행,건조,맑음,단일로 - 기타,승용,남,66세,상해없음,보행자,남,81세,중상
2020012900100320,2020년 1월 29일 16시,수요일,전라남도 담양군 담양읍,중상사고,0,1,0,0,차대차 - 기타,교차로운행방법위반,건조,맑음,교차로 - 교차로안,승용,남,77세,상해없음,승용,남,28세,상해없음
2020012900100386,2020년 1월 29일 18시,수요일,전라남도 목포시 죽교동,경상사고,0,0,1,0,차대차 - 추돌,안전운전불이행,건조,맑음,교차로 - 교차로부근,승용,여,57세,경상,승용,남,66세,상해없음
2020012900100387,2020년 1월 29일 18시,수요일,전라남도 순천시 장천동,중상사고,0,1,0,0,차대사람 - 횡단중,보행자보호의무위반,젖음/습기,비,교차로 - 교차로횡단보도내,승용,남,70세,상해없음,보행자,여,51세,중상
2020012900100419,2020년 1월 29일 19시,수요일,전라남도 화순군 이양면,경상사고,0,0,4,0,차대차 - 기타,안전운전불이행,젖음/습기,비,단일로 - 기타,승용,여,27세,경상,승용,남,34세,경상
2020012900100420,2020년 1월 29일 19시,수요일,전라남도 광양시 도이동,경상사고,0,0,2,0,차대차 - 기타,안전운전불이행,젖음/습기,비,교차로 - 교차로부근,승용,여,59세,경상,화물,남,55세,경상
2020012900100450,2020년 1월 29일 20시,수요일,전라남도 담양군 담양읍,경상사고,0,0,1,0,차대차 - 정면충돌,신호위반,건조,맑음,교차로 - 교차로안,승용,여,57세,상해없음,승용,남,51세,경상
2020012900100471,2020년 1월 29일 21시,수요일,전라남도 목포시 상동,경상사고,0,0,3,0,차대차 - 기타,신호위반,건조,맑음,교차로 - 교차로안,원동기,남,16세,경상,승용,남,51세,경상
2020012900100472,2020년 1월 29일 21시,수요일,전라남도 여수시 공화동,경상사고,0,0,1,0,차대차 - 측면충돌,안전운전불이행,젖음/습기,비,교차로 - 교차로안,승용,남,69세,상해없음,승합,남,54세,경상
2020012900100491,2020년 1월 29일 22시,수요일,전라남도 무안군 무안읍,경상사고,0,0,1,0,차대사람 - 기타,안전운전불이행,건조,맑음,교차로 - 교차로부근,승용,남,49세,상해없음,보행자,남,48세,경상
2020013000100016,2020년 1월 30일 01시,목요일,전라남도 목포시 산정동,경상사고,0,0,2,0,차대차 - 기타,직진우회전진행방해,건조,맑음,교차로 - 교차로안,승용,여,51세,경상,승용,남,39세,경상
2020013000100113,2020년 1월 30일 08시,목요일,전라남도 목포시 상동,경상사고,0,0,1,0,차대차 - 측면충돌,직진우회전진행방해,건조,맑음,단일로 - 고가도로위,승용,남,52세,상해없음,승용,여,32세,경상
2020013000100114,2020년 1월 30일 08시,목요일,전라남도 나주시 빛가람동,중상사고,0,1,0,0,차대사람 - 횡단중,안전운전불이행,건조,맑음,교차로 - 교차로안,승용,여,29세,상해없음,보행자,여,70세,중상
2020013000100115,2020년 1월 30일 08시,목요일,전라남도 화순군 능주면,중상사고,0,1,0,0,차대차 - 후진중충돌,안전운전불이행,건조,맑음,교차로 - 교차로안,화물,남,52세,상해없음,자전거,남,41세,중상
2020013000100150,2020년 1월 30일 09시,목요일,전라남도 여수시 율촌면,경상사고,0,0,2,0,차대차 - 측면충돌,안전운전불이행,건조,맑음,교차로 - 교차로안,승용,여,45세,상해없음,승용,여,55세,경상
2020013000100190,2020년 1월 30일 10시,목요일,전라남도 목포시 용당동,경상사고,0,0,1,0,차대차 - 기타,직진우회전진행방해,건조,맑음,교차로 - 교차로안,승용,남,71세,경상,승용,여,49세,상해없음
2020013000100191,2020년 1월 30일 10시,목요일,전라남도 여수시 문수동,경상사고,0,0,1,0,차대차 - 측면충돌,직진우회전진행방해,건조,맑음,교차로 - 교차로안,승용,여,56세,상해없음,승용,여,71세,경상
2020013000100192,2020년 1월 30일 10시,목요일,전라남도 순천시 용당동,경상사고,0,0,1,0,차대차 - 후진중충돌,안전운전불이행,건조,맑음,교차로 - 교차로안,화물,남,35세,상해없음,원동기,남,77세,경상
2020013000100193,2020년 1월 30일 10시,목요일,전라남도 순천시 연향동,경상사고,0,0,2,0,차대차 - 측면충돌,기타,젖음/습기,맑음,교차로 - 교차로안,승용,여,51세,경상,승합,남,38세,경상
2020013000100194,2020년 1월 30일 10시,목요일,전라남도 영광군 영광읍,경상사고,0,0,1,0,차대사람 - 기타,안전운전불이행,건조,맑음,단일로 - 기타,승용,여,62세,상해없음,보행자,남,36세,경상
2020013000100218,2020년 1월 30일 11시,목요일,전라남도 목포시 연산동,경상사고,0,0,1,0,차대차 - 추돌,안전운전불이행,건조,맑음,단일로 - 기타,승용,여,50세,상해없음,승용,여,33세,경상
2020013000100219,2020년 1월 30일 11시,목요일,전라남도 순천시 조례동,경상사고,0,0,1,0,차대사람 - 차도통행중,안전운전불이행,건조,맑음,교차로 - 교차로부근,승용,여,45세,상해없음,보행자,남,11세,경상
2020013000100249,2020년 1월 30일 12시,목요일,전라남도 순천시 연향동,경상사고,0,0,1,0,차대차 - 기타,안전운전불이행,건조,맑음,단일로 - 기타,승용,남,71세,상해없음,승합,남,48세,경상
2020013000100280,2020년 1월 30일 13시,목요일,전라남도 순천시 해룡면,경상사고,0,0,1,1,차대차 - 측면충돌,안전운전불이행,건조,맑음,교차로 - 교차로안,승용,남,29세,상해없음,이륜,남,46세,경상
2020013000100281,2020년 1월 30일 13시,목요일,전라남도 완도군 완도읍,경상사고,0,0,3,0,차대차 - 측면충돌,신호위반,건조,맑음,교차로 - 교차로안,화물,남,73세,경상,승용,남,58세,경상
2020013000100317,2020년 1월 30일 14시,목요일,전라남도 신안군 암태면,경상사고,0,0,4,0,차대차 - 기타,중앙선침범,건조,맑음,단일로 - 기타,화물,남,54세,상해없음,승용,남,68세,경상
2020013000100318,2020년 1월 30일 14시,목요일,전라남도 장흥군 장흥읍,경상사고,0,0,2,0,차대차 - 측면충돌,직진우회전진행방해,건조,맑음,교차로 - 교차로안,승용,남,65세,상해없음,승용,여,35세,경상
2020013000100361,2020년 1월 30일 15시,목요일,전라남도 여수시 여서동,경상사고,0,0,1,0,차대차 - 정면충돌,안전운전불이행,건조,맑음,단일로 - 기타,승용,여,20세,기타불명,승용,남,36세,경상
2020013000100362,2020년 1월 30일 15시,목요일,전라남도 광양시 광양읍,중상사고,0,1,0,0,차대사람 - 기타,안전운전불이행,건조,맑음,기타 - 기타,화물,남,39세,상해없음,보행자,여,86세,중상
2020013000100363,2020년 1월 30일 15시,목요일,전라남도 광양시 광양읍,중상사고,0,2,0,0,차대차 - 기타,차로위반,건조,맑음,단일로 - 기타,화물,남,47세,중상,승용,남,62세,중상
2020013000100380,2020년 1월 30일 16시,목요일,전라남도 목포시 산정동,경상사고,0,0,2,0,차대차 - 기타,안전운전불이행,건조,맑음,단일로 - 기타,화물,남,30세,상해없음,승용,여,35세,경상
2020013000100381,2020년 1월 30일 16시,목요일,전라남도 영암군 삼호읍,경상사고,0,0,1,0,차대차 - 측면충돌,신호위반,건조,맑음,교차로 - 교차로안,승용,여,35세,상해없음,화물,남,43세,경상
2020013000100382,2020년 1월 30일 16시,목요일,전라남도 완도군 노화읍,경상사고,0,0,1,0,차대차 - 측면충돌,안전운전불이행,건조,맑음,단일로 - 기타,이륜,남,38세,경상,화물,남,61세,상해없음
2020013000100417,2020년 1월 30일 17시,목요일,전라남도 여수시 소라면,중상사고,0,1,0,0,차량단독 - 기타,안전운전불이행,건조,맑음,단일로 - 기타,이륜,남,85세,상해없음,,,,
2020013000100418,2020년 1월 30일 17시,목요일,전라남도 순천시 조곡동,경상사고,0,0,2,0,차대차 - 추돌,안전운전불이행,건조,맑음,교차로 - 교차로안,승용,여,49세,경상,승합,남,49세,경상
2020013000100419,2020년 1월 30일 17시,목요일,전라남도 함평군 함평읍,경상사고,0,0,1,0,차대사람 - 보도통행중,안전운전불이행,건조,맑음,단일로 - 기타,승용,남,58세,상해없음,보행자,남,58세,경상
2020013000100447,2020년 1월 30일 18시,목요일,전라남도 여수시 돌산읍,사망사고,1,0,0,0,차대사람 - 횡단중,안전운전불이행,건조,맑음,단일로 - 기타,화물,남,65세,상해없음,보행자,남,78세,사망
2020013000100448,2020년 1월 30일 18시,목요일,전라남도 순천시 연향동,경상사고,0,0,1,0,차대사람 - 횡단중,보행자보호의무위반,건조,맑음,교차로 - 교차로횡단보도내,승용,여,53세,상해없음,보행자,여,14세,경상
2020013000100449,2020년 1월 30일 18시,목요일,전라남도 영암군 삼호읍,경상사고,0,0,2,0,차대차 - 추돌,안전운전불이행,건조,맑음,교차로 - 교차로부근,승용,남,25세,경상,화물,남,50세,경상
2020013000100450,2020년 1월 30일 18시,목요일,전라남도 무안군 삼향읍,경상사고,0,0,3,0,차대차 - 추돌,안전운전불이행,건조,맑음,교차로 - 교차로부근,화물,남,58세,상해없음,승용,여,41세,경상
2020013000100483,2020년 1월 30일 19시,목요일,전라남도 목포시 산정동,경상사고,0,0,2,0,차대차 - 추돌,교차로운행방법위반,건조,맑음,교차로 - 교차로안,승합,남,51세,상해없음,승용,여,45세,경상
2020013000100484,2020년 1월 30일 19시,목요일,전라남도 순천시 용당동,중상사고,0,1,0,0,차대차 - 측면충돌,안전운전불이행,건조,맑음,단일로 - 기타,승용,남,63세,상해없음,이륜,남,42세,중상
2020013000100485,2020년 1월 30일 19시,목요일,전라남도 순천시 조례동,경상사고,0,0,1,0,차대차 - 후진중충돌,안전운전불이행,건조,맑음,단일로 - 기타,승합,남,48세,상해없음,승용,남,26세,경상
2020013000100486,2020년 1월 30일 19시,목요일,전라남도 완도군 소안면,중상사고,0,1,0,0,차량단독 - 기타,안전운전불이행,건조,맑음,단일로 - 기타,이륜,남,59세,중상,,,,
2020013000100487,2020년 1월 30일 19시,목요일,전라남도 광양시 광양읍,경상사고,0,0,2,0,차대차 - 측면충돌,신호위반,건조,맑음,교차로 - 교차로안,승용,남,49세,경상,승용,여,34세,경상
2020013000100512,2020년 1월 30일 20시,목요일,전라남도 순천시 서면,경상사고,0,0,1,0,차대사람 - 기타,안전운전불이행,건조,맑음,단일로 - 기타,승합,남,52세,상해없음,보행자,여,23세,경상
2020013000100513,2020년 1월 30일 20시,목요일,전라남도 화순군 화순읍,중상사고,0,1,0,0,차대차 - 측면충돌,안전운전불이행,건조,맑음,교차로 - 교차로안,승용,남,19세,상해없음,개인형이동수단(PM),남,61세,중상
2020013000100536,2020년 1월 30일 21시,목요일,전라남도 광양시 광양읍,경상사고,0,0,1,0,차대차 - 측면충돌,중앙선침범,건조,맑음,단일로 - 기타,승용,남,37세,상해없음,이륜,남,27세,경상
2020013100100007,2020년 1월 31일 00시,금요일,전라남도 순천시 연향동,중상사고,0,1,4,0,차대차 - 측면충돌,안전운전불이행,건조,맑음,단일로 - 기타,승용,남,61세,상해없음,승용,남,26세,경상
2020013100100057,2020년 1월 31일 06시,금요일,전라남도 영암군 삼호읍,중상사고,0,1,0,0,차량단독 - 전도전복 - 전도,안전운전불이행,건조,맑음,단일로 - 기타,이륜,남,49세,중상,,,,
2020013100100058,2020년 1월 31일 06시,금요일,전라남도 광양시 광양읍,중상사고,0,1,0,0,차대차 - 기타,안전운전불이행,건조,맑음,단일로 - 기타,화물,남,21세,상해없음,개인형이동수단(PM),남,83세,중상
2020013100100074,2020년 1월 31일 07시,금요일,전라남도 나주시 송월동,경상사고,0,0,2,0,차대차 - 측면충돌,중앙선침범,건조,맑음,단일로 - 기타,승용,남,31세,경상,승용,여,35세,경상
2020013100100075,2020년 1월 31일 07시,금요일,전라남도 장흥군 유치면,경상사고,0,0,1,0,차량단독 - 도로외이탈 - 추락,안전운전불이행,건조,맑음,단일로 - 기타,승용,여,68세,경상,,,,
2020013100100076,2020년 1월 31일 07시,금요일,전라남도 화순군 화순읍,경상사고,0,0,1,0,차대차 - 기타,안전운전불이행,건조,맑음,단일로 - 기타,화물,여,57세,경상,승용,남,46세,기타불명
2020013100100121,2020년 1월 31일 09시,금요일,전라남도 순천시 연향동,중상사고,0,1,0,0,차대차 - 기타,교차로운행방법위반,건조,맑음,교차로 - 교차로부근,승용,여,40세,상해없음,개인형이동수단(PM),남,19세,중상
2020013100100149,2020년 1월 31일 10시,금요일,전라남도 목포시 죽교동,경상사고,0,0,1,0,차대차 - 기타,직진우회전진행방해,건조,맑음,교차로 - 교차로안,원동기,남,82세,상해없음,화물,남,48세,경상
2020013100100180,2020년 1월 31일 11시,금요일,전라남도 나주시 평산동,부상신고사고,0,0,0,1,차대차 - 기타,안전운전불이행,건조,맑음,단일로 - 기타,화물,남,53세,상해없음,승용,남,76세,부상신고
2020013100100213,2020년 1월 31일 12시,금요일,전라남도 여수시 군자동,경상사고,0,0,1,0,차대차 - 측면충돌,안전운전불이행,건조,맑음,단일로 - 기타,승용,여,63세,상해없음,승용,여,43세,기타불명
2020013100100242,2020년 1월 31일 13시,금요일,전라남도 목포시 석현동,경상사고,0,0,4,0,차대차 - 측면충돌,안전운전불이행,건조,맑음,교차로 - 교차로안,화물,남,25세,기타불명,화물,남,34세,경상
2020013100100243,2020년 1월 31일 13시,금요일,전라남도 해남군 해남읍,경상사고,0,0,3,0,차대차 - 기타,차로위반,건조,맑음,단일로 - 기타,화물,남,48세,상해없음,승용,남,24세,경상
2020013100100244,2020년 1월 31일 13시,금요일,전라남도 영광군 영광읍,중상사고,0,1,0,0,차대차 - 기타,안전운전불이행,건조,맑음,단일로 - 기타,사륜오토바이(ATV),남,70세,기타불명,승용,여,43세,상해없음
2020013100100271,2020년 1월 31일 14시,금요일,전라남도 담양군 담양읍,중상사고,0,2,2,0,차대차 - 정면충돌,중앙선침범,건조,맑음,교차로 - 교차로부근,승합,남,78세,경상,승용,남,67세,경상
2020013100100299,2020년 1월 31일 15시,금요일,전라남도 장성군 장성읍,경상사고,0,0,1,0,차대차 - 측면충돌,안전운전불이행,건조,맑음,교차로 - 교차로안,승용,남,70세,상해없음,승용,여,72세,경상
2020013100100405,2020년 1월 31일 18시,금요일,전라남도 순천시 해룡면,경상사고,0,0,1,0,차대차 - 추돌,안전운전불이행,건조,맑음,교차로 - 교차로안,원동기,남,22세,경상,승용,남,40세,상해없음
2020013100100406,2020년 1월 31일 18시,금요일,전라남도 광양시 중동,경상사고,0,0,2,0,차대차 - 측면충돌,안전운전불이행,건조,맑음,교차로 - 교차로부근,승용,남,28세,경상,승용,남,49세,경상
2020013100100481,2020년 1월 31일 20시,금요일,전라남도 목포시 연산동,경상사고,0,0,2,0,차대사람 - 기타,안전운전불이행,건조,맑음,교차로 - 교차로부근,승용,남,57세,상해없음,보행자,남,57세,경상
2020013100100482,2020년 1월 31일 20시,금요일,전라남도 여수시 신기동,경상사고,0,0,2,0,차대차 - 측면충돌,신호위반,건조,맑음,단일로 - 기타,승용,여,47세,경상,승용,여,71세,경상
2020013100100515,2020년 1월 31일 22시,금요일,전라남도 여수시 덕충동,경상사고,0,0,1,0,차대차 - 측면충돌,안전운전불이행,건조,맑음,교차로 - 교차로부근,승용,여,51세,상해없음,승합,남,39세,상해없음
2020013100100516,2020년 1월 31일 22시,금요일,전라남도 여수시 화장동,경상사고,0,0,3,0,차대차 - 추돌,안전운전불이행,건조,맑음,교차로 - 교차로부근,승용,남,56세,상해없음,승용,남,26세,경상
2020013100100547,2020년 1월 31일 23시,금요일,전라남도 목포시 상동,경상사고,0,0,2,0,차대차 - 측면충돌,신호위반,건조,맑음,교차로 - 교차로안,승용,남,25세,상해없음,승용,여,49세,경상
2020013100100548,2020년 1월 31일 23시,금요일,전라남도 여수시 수정동,중상사고,0,1,0,0,차대사람 - 횡단중,안전운전불이행,건조,맑음,단일로 - 기타,승용,남,25세,상해없음,보행자,남,47세,중상
2020013100100549,2020년 1월 31일 23시,금요일,전라남도 순천시 용당동,경상사고,0,0,1,0,차대사람 - 기타,안전운전불이행,건조,맑음,교차로 - 교차로부근,승용,남,62세,상해없음,보행자,여,42세,경상
2020020100100028,2020년 2월 1일 01시,토요일,전라남도 영암군 시종면,중상사고,0,1,1,0,차량단독 - 공작물충돌,안전운전불이행,건조,맑음,단일로 - 기타,화물,남,83세,경상,,,,
2020020100100029,2020년 2월 1일 01시,토요일,전라남도 완도군 완도읍,경상사고,0,0,2,0,차대차 - 측면충돌,신호위반,건조,맑음,교차로 - 교차로안,승용,여,40세,경상,승용,남,33세,경상
2020020100100080,2020년 2월 1일 07시,토요일,전라남도 목포시 연산동,경상사고,0,0,1,0,차대차 - 기타,안전운전불이행,건조,맑음,단일로 - 기타,승용,남,66세,상해없음,승용,남,60세,상해없음
2020020100100081,2020년 2월 1일 07시,토요일,전라남도 광양시 중동,경상사고,0,0,1,0,차대사람 - 횡단중,안전운전불이행,건조,맑음,단일로 - 기타,승용,여,39세,상해없음,보행자,남,21세,경상
2020020100100126,2020년 2월 1일 10시,토요일,전라남도 나주시 서내동,경상사고,0,0,2,0,차대차 - 측면충돌,직진우회전진행방해,건조,맑음,교차로 - 교차로안,승용,남,68세,경상,승용,여,45세,경상
2020020100100147,2020년 2월 1일 11시,토요일,전라남도 여수시 여서동,중상사고,0,1,0,0,차대사람 - 횡단중,신호위반,건조,맑음,단일로 - 기타,승용,여,61세,상해없음,보행자,여,59세,중상
2020020100100148,2020년 2월 1일 11시,토요일,전라남도 여수시 돌산읍,경상사고,0,0,4,0,차대차 - 추돌,안전운전불이행,건조,맑음,기타 - 기타,승용,남,46세,기타불명,승용,여,43세,경상
2020020100100149,2020년 2월 1일 11시,토요일,전라남도 고흥군 도양읍,경상사고,0,0,1,0,차대차 - 측면충돌,안전운전불이행,건조,맑음,교차로 - 교차로안,이륜,남,79세,경상,화물,남,63세,상해없음
2020020100100183,2020년 2월 1일 12시,토요일,전라남도 목포시 산정동,중상사고,0,1,0,0,차대사람 - 횡단중,신호위반,건조,맑음,교차로 - 교차로횡단보도내,이륜,남,61세,상해없음,보행자,여,73세,중상
2020020100100209,2020년 2월 1일 13시,토요일,전라남도 목포시 상동,경상사고,0,0,1,0,차대차 - 측면충돌,안전운전불이행,건조,맑음,교차로 - 교차로부근,승용,남,29세,기타불명,승용,여,55세,경상
2020020100100210,2020년 2월 1일 13시,토요일,전라남도 여수시 선원동,경상사고,0,0,2,0,차대차 - 측면충돌,신호위반,건조,맑음,교차로 - 교차로안,승용,남,22세,상해없음,승용,남,74세,경상
2020020100100211,2020년 2월 1일 13시,토요일,전라남도 여수시 웅천동,경상사고,0,0,1,0,차대차 - 측면충돌,중앙선침범,건조,맑음,단일로 - 기타,승용,남,54세,상해없음,이륜,남,52세,경상
2020020100100212,2020년 2월 1일 13시,토요일,전라남도 완도군 완도읍,경상사고,0,0,1,0,차대차 - 측면충돌,안전운전불이행,건조,맑음,교차로 - 교차로안,승용,남,70세,상해없음,화물,남,53세,경상
2020020100100237,2020년 2월 1일 14시,토요일,전라남도 여수시 미평동,경상사고,0,0,2,0,차대차 - 측면충돌,안전운전불이행,건조,맑음,단일로 - 기타,승용,남,28세,상해없음,승용,남,30세,경상
2020020100100238,2020년 2월 1일 14시,토요일,전라남도 보성군 문덕면,부상신고사고,0,0,0,1,차대차 - 추돌,안전거리미확보,건조,맑음,교차로 - 교차로안,승용,남,38세,상해없음,이륜,남,39세,부상신고
2020020100100373,2020년 2월 1일 19시,토요일,전라남도 목포시 상동,경상사고,0,0,3,0,차대차 - 기타,중앙선침범,건조,맑음,단일로 - 기타,승용,남,57세,상해없음,승용,남,49세,경상
2020020100100374,2020년 2월 1일 19시,토요일,전라남도 목포시 산정동,경상사고,0,0,1,0,차대사람 - 기타,안전운전불이행,건조,맑음,단일로 - 기타,기타불명,기타불명,미분류,기타불명,보행자,남,39세,경상
2020020100100375,2020년 2월 1일 19시,토요일,전라남도 광양시 광양읍,경상사고,0,0,1,0,차대차 - 추돌,안전운전불이행,건조,맑음,교차로 - 교차로부근,화물,남,54세,상해없음,승용,여,58세,경상
2020020100100420,2020년 2월 1일 21시,토요일,전라남도 순천시 조곡동,중상사고,0,1,0,0,차대차 - 측면충돌,안전운전불이행,건조,맑음,단일로 - 기타,승용,남,25세,상해없음,이륜,남,29세,중상
2020020100100455,2020년 2월 1일 23시,토요일,전라남도 여수시 미평동,경상사고,0,0,1,0,차대차 - 측면충돌,안전운전불이행,건조,맑음,교차로 - 교차로부근,승용,남,30세,상해없음,승용,남,31세,경상
2020020100100456,2020년 2월 1일 23시,토요일,전라남도 순천시 남정동,중상사고,0,1,0,0,차대사람 - 기타,안전운전불이행,건조,맑음,교차로 - 교차로안,승용,남,51세,상해없음,보행자,남,61세,중상
2020020200100031,2020년 2월 2일 01시,일요일,전라남도 장흥군 관산읍,경상사고,0,0,1,0,차량단독 - 공작물충돌,중앙선침범,건조,맑음,단일로 - 기타,승용,여,58세,경상,,,,
2020020200100094,2020년 2월 2일 08시,일요일,전라남도 여수시 광무동,중상사고,0,1,1,2,차대차 - 기타,안전운전불이행,건조,맑음,교차로 - 교차로안,화물,남,47세,상해없음,승용,여,33세,경상
2020020200100141,2020년 2월 2일 11시,일요일,전라남도 목포시 산정동,경상사고,0,0,1,0,차대차 - 기타,중앙선침범,건조,맑음,단일로 - 기타,승용,여,50세,상해없음,원동기,남,45세,경상
2020020200100142,2020년 2월 2일 11시,일요일,전라남도 순천시 연향동,경상사고,0,0,2,0,차대차 - 추돌,안전운전불이행,건조,맑음,교차로 - 교차로부근,승용,여,24세,상해없음,승용,여,76세,경상
2020020200100155,2020년 2월 2일 12시,일요일,전라남도 목포시 옥암동,경상사고,0,0,1,0,차대차 - 기타,안전운전불이행,건조,맑음,단일로 - 기타,승용,여,31세,상해없음,승합,남,49세,경상
2020020200100156,2020년 2월 2일 12시,일요일,전라남도 여수시 미평동,중상사고,0,1,0,0,차대차 - 정면충돌,교차로운행방법위반,건조,맑음,교차로 - 교차로안,승용,여,34세,상해없음,이륜,남,32세,중상
2020020200100157,2020년 2월 2일 12시,일요일,전라남도 영광군 영광읍,경상사고,0,0,3,0,차대차 - 측면충돌,교차로운행방법위반,건조,맑음,교차로 - 교차로안,승용,남,70세,상해없음,승용,남,57세,경상
2020020200100158,2020년 2월 2일 12시,일요일,전라남도 담양군 담양읍,경상사고,0,0,2,0,차대차 - 측면충돌,직진우회전진행방해,건조,맑음,교차로 - 교차로안,원동기,남,75세,경상,승용,여,44세,경상
2020020200100178,2020년 2월 2일 13시,일요일,전라남도 나주시 영산동,경상사고,0,0,2,0,차대차 - 기타,신호위반,건조,맑음,교차로 - 교차로안,승용,남,51세,상해없음,승용,여,32세,경상
2020020200100199,2020년 2월 2일 14시,일요일,전라남도 목포시 대양동,경상사고,0,0,1,0,차대차 - 측면충돌,중앙선침범,건조,맑음,교차로 - 교차로부근,화물,남,53세,상해없음,승용,여,42세,경상
2020020200100200,2020년 2월 2일 14시,일요일,전라남도 함평군 대동면,중상사고,0,1,0,0,차량단독 - 도로외이탈 - 추락,안전운전불이행,건조,맑음,단일로 - 기타,사륜오토바이(ATV),남,71세,중상,,,,
2020020200100201,2020년 2월 2일 14시,일요일,전라남도 담양군 창평면,경상사고,0,0,2,0,차대차 - 후진중충돌,안전운전불이행,건조,맑음,단일로 - 기타,화물,남,60세,상해없음,승용,남,28세,경상
2020020200100202,2020년 2월 2일 14시,일요일,전라남도 광양시 다압면,부상신고사고,0,0,0,1,차량단독 - 기타,안전운전불이행,건조,맑음,단일로 - 기타,화물,남,58세,부상신고,,,,