사고번호,사고일시,요일,시군구,사고내용,사망자수,중상자수,경상자수,부상신고자수,사고유형,법규위반,노면상태,기상상태,도로형태,가해운전자 차종,가해운전자 성별,가해운전자 연령,가해운전자 상해정도,피해운전자 차종,피해운전자 성별,피해운전자 연령,피해운전자 상해정도
2020020800100228,2020년 2월 8일 12시,토요일,전라남도 완도군 군외면,중상사고,0,1,0,0,차대사람 - 기타,안전운전불이행,건조,맑음,교차로 - 교차로안,승용,남,70세,상해없음,보행자,여,52세,중상
2020020800100229,2020년 2월 8일 12시,토요일,전라남도 구례군 마산면,경상사고,0,0,1,0,차대차 - 측면충돌,중앙선침범,건조,맑음,단일로 - 기타,승용,남,58세,상해없음,승용,남,54세,경상
2020020800100252,2020년 2월 8일 13시,토요일,전라남도 화순군 화순읍,중상사고,0,1,0,0,차대차 - 기타,안전운전불이행,건조,맑음,교차로 - 교차로안,승용,남,55세,상해없음,이륜,남,19세,중상
2020020800100281,2020년 2월 8일 14시,토요일,전라남도 목포시 용당동,경상사고,0,0,2,0,차대차 - 측면충돌,신호위반,건조,맑음,교차로 - 교차로안,승용,남,76세,상해없음,승용,남,55세,경상
2020020800100282,2020년 2월 8일 14시,토요일,전라남도 순천시 오천동,경상사고,0,0,1,0,차대차 - 기타,안전거리미확보,건조,맑음,단일로 - 기타,승용,남,38세,상해없음,승용,남,29세,상해없음
2020020800100283,2020년 2월 8일 14시,토요일,전라남도 광양시 중동,경상사고,0,0,2,0,차대차 - 기타,직진우회전진행방해,건조,맑음,교차로 - 교차로안,승용,남,30세,상해없음,승용,남,25세,경상
2020020800100316,2020년 2월 8일 15시,토요일,전라남도 여수시 오림동,경상사고,0,0,1,0,차대차 - 측면충돌,안전거리미확보,건조,맑음,교차로 - 교차로부근,승용,남,57세,상해없음,승용,남,64세,경상
2020020800100317,2020년 2월 8일 15시,토요일,전라남도 나주시 남평읍,경상사고,0,0,1,0,차대차 - 측면충돌,기타,건조,맑음,단일로 - 기타,화물,남,55세,상해없음,승용,여,58세,경상
2020020800100318,2020년 2월 8일 15시,토요일,전라남도 구례군 광의면,경상사고,0,0,2,0,차대차 - 측면충돌,안전운전불이행,건조,맑음,교차로 - 교차로부근,승용,남,76세,상해없음,승용,남,34세,경상
2020020800100343,2020년 2월 8일 16시,토요일,전라남도 여수시 웅천동,경상사고,0,0,1,0,차대차 - 측면충돌,신호위반,건조,맑음,단일로 - 기타,화물,남,53세,상해없음,승용,남,27세,경상
2020020800100344,2020년 2월 8일 16시,토요일,전라남도 강진군 강진읍,경상사고,0,0,1,0,차대차 - 측면충돌,안전운전불이행,건조,맑음,단일로 - 기타,원동기,남,19세,상해없음,승용,남,24세,경상
2020020800100405,2020년 2월 8일 18시,토요일,전라남도 목포시 산정동,경상사고,0,0,1,0,차대사람 - 기타,안전운전불이행,건조,맑음,교차로 - 교차로안,승용,남,44세,상해없음,보행자,여,64세,경상
2020020800100406,2020년 2월 8일 18시,토요일,전라남도 순천시 연향동,중상사고,0,1,0,0,차대사람 - 보도통행중,보행자보호의무위반,건조,맑음,단일로 - 기타,이륜,남,17세,상해없음,보행자,여,63세,중상
2020020800100407,2020년 2월 8일 18시,토요일,전라남도 나주시 송월동,중상사고,0,1,1,0,차대사람 - 차도통행중,안전운전불이행,건조,맑음,교차로 - 교차로부근,승용,남,29세,상해없음,보행자,남,71세,중상
2020020800100488,2020년 2월 8일 20시,토요일,전라남도 나주시 빛가람동,경상사고,0,0,1,0,차대차 - 측면충돌,안전운전불이행,건조,맑음,교차로 - 교차로부근,승용,남,35세,상해없음,승용,남,21세,경상
2020020800100523,2020년 2월 8일 21시,토요일,전라남도 구례군 구례읍,경상사고,0,0,1,0,차대차 - 측면충돌,차로위반,건조,맑음,단일로 - 기타,승용,여,53세,상해없음,승용,남,27세,경상
2020020800100545,2020년 2월 8일 22시,토요일,전라남도 순천시 옥천동,부상신고사고,0,0,0,1,차대차 - 기타,안전운전불이행,건조,맑음,단일로 - 기타,승용,여,29세,부상신고,승용,남,32세,상해없음
2020020900100009,2020년 2월 9일 00시,일요일,전라남도 여수시 충무동,경상사고,0,0,2,0,차대차 - 기타,안전운전불이행,건조,맑음,단일로 - 기타,승용,남,27세,상해없음,승용,남,69세,경상
2020020900100044,2020년 2월 9일 02시,일요일,전라남도 고흥군 도양읍,경상사고,0,0,5,0,차대차 - 추돌,안전운전불이행,건조,맑음,단일로 - 기타,승용,남,28세,상해없음,승합,남,20세,경상
2020020900100101,2020년 2월 9일 08시,일요일,전라남도 해남군 해남읍,경상사고,0,0,3,0,차대차 - 측면충돌,신호위반,건조,맑음,교차로 - 교차로안,화물,남,71세,상해없음,승용,남,68세,경상
2020020900100126,2020년 2월 9일 10시,일요일,전라남도 목포시 연산동,중상사고,0,1,0,0,차대사람 - 기타,과속,건조,맑음,교차로 - 교차로부근,승용,여,52세,상해없음,보행자,남,8세,중상
2020020900100168,2020년 2월 9일 12시,일요일,전라남도 고흥군 고흥읍,중상사고,0,1,0,0,차대차 - 기타,직진우회전진행방해,건조,맑음,교차로 - 교차로안,승용,남,37세,상해없음,자전거,여,79세,중상
2020020900100169,2020년 2월 9일 12시,일요일,전라남도 함평군 나산면,중상사고,0,1,0,0,차량단독 - 전도전복 - 전도,안전운전불이행,건조,맑음,기타 - 기타,이륜,남,81세,상해없음,,,,
2020020900100190,2020년 2월 9일 13시,일요일,전라남도 무안군 삼향읍,경상사고,0,0,3,0,차대차 - 추돌,안전운전불이행,건조,맑음,단일로 - 기타,승용,여,51세,상해없음,승용,남,33세,경상
2020020900100242,2020년 2월 9일 15시,일요일,전라남도 나주시 삼도동,경상사고,0,0,1,0,차대차 - 측면충돌,직진우회전진행방해,건조,맑음,교차로 - 교차로안,승용,남,48세,상해없음,승용,남,64세,경상
2020020900100261,2020년 2월 9일 16시,일요일,전라남도 장흥군 장흥읍,경상사고,0,0,2,0,차대차 - 기타,기타,건조,맑음,단일로 - 기타,화물,남,48세,상해없음,승용,남,39세,경상
2020020900100262,2020년 2월 9일 16시,일요일,전라남도 광양시 금호동,중상사고,0,1,1,0,차대차 - 정면충돌,신호위반,건조,맑음,교차로 - 교차로안,승용,남,56세,중상,화물,남,48세,경상
2020020900100288,2020년 2월 9일 17시,일요일,전라남도 목포시 옥암동,경상사고,0,0,2,0,차대차 - 측면충돌,안전운전불이행,건조,맑음,교차로 - 교차로부근,화물,남,58세,상해없음,승용,남,41세,경상
2020020900100289,2020년 2월 9일 17시,일요일,전라남도 강진군 도암면,중상사고,0,1,1,0,차대차 - 추돌,신호위반,건조,맑음,단일로 - 기타,승용,여,58세,경상,화물,남,58세,중상
2020020900100350,2020년 2월 9일 19시,일요일,전라남도 목포시 산정동,경상사고,0,0,2,0,차대사람 - 차도통행중,안전운전불이행,건조,맑음,단일로 - 기타,이륜,남,26세,경상,보행자,남,10세,경상
2020020900100351,2020년 2월 9일 19시,일요일,전라남도 목포시 대안동,경상사고,0,0,2,0,차대차 - 기타,안전운전불이행,건조,맑음,단일로 - 기타,승용,여,59세,경상,승용,남,32세,경상
2020020900100388,2020년 2월 9일 20시,일요일,전라남도 함평군 월야면,경상사고,0,0,1,0,차대차 - 기타,안전운전불이행,건조,맑음,기타 - 기타,승용,여,56세,경상,승합,남,63세,상해없음
2020021000100024,2020년 2월 10일 02시,월요일,전라남도 고흥군 도양읍,중상사고,0,1,1,0,차대차 - 정면충돌,안전운전불이행,건조,맑음,교차로 - 교차로안,화물,남,79세,경상,승용,남,28세,중상
2020021000100093,2020년 2월 10일 07시,월요일,전라남도 나주시 빛가람동,경상사고,0,0,1,0,차대사람 - 횡단중,보행자보호의무위반,건조,맑음,교차로 - 교차로횡단보도내,승용,여,27세,상해없음,보행자,여,39세,경상
2020021000100094,2020년 2월 10일 07시,월요일,전라남도 함평군 함평읍,중상사고,0,1,0,0,차대사람 - 기타,기타,건조,맑음,기타 - 기타,화물,남,43세,상해없음,보행자,남,50세,중상
2020021000100141,2020년 2월 10일 08시,월요일,전라남도 여수시 봉강동,경상사고,0,0,2,0,차대차 - 추돌,안전운전불이행,건조,맑음,단일로 - 기타,승용,여,36세,상해없음,승용,여,47세,경상
2020021000100142,2020년 2월 10일 08시,월요일,전라남도 여수시 적량동,경상사고,0,0,1,0,차대차 - 측면충돌,교차로운행방법위반,건조,맑음,교차로 - 교차로안,승용,남,33세,상해없음,승용,남,46세,경상
2020021000100143,2020년 2월 10일 08시,월요일,전라남도 순천시 용당동,경상사고,0,0,1,0,차대사람 - 횡단중,보행자보호의무위반,건조,맑음,교차로 - 교차로횡단보도내,승용,여,37세,상해없음,보행자,남,12세,경상
2020021000100144,2020년 2월 10일 08시,월요일,전라남도 화순군 이양면,경상사고,0,0,1,0,차대차 - 기타,차로위반,건조,맑음,단일로 - 기타,화물,남,38세,상해없음,승용,남,51세,경상
2020021000100174,2020년 2월 10일 09시,월요일,전라남도 순천시 가곡동,경상사고,0,0,2,0,차대차 - 측면충돌,직진우회전진행방해,건조,맑음,교차로 - 교차로안,승용,남,31세,경상,승용,여,58세,경상
2020021000100175,2020년 2월 10일 09시,월요일,전라남도 나주시 산포면,경상사고,0,0,2,0,차대차 - 추돌,안전거리미확보,건조,흐림,교차로 - 교차로부근,승용,여,35세,경상,승용,남,64세,경상
2020021000100176,2020년 2월 10일 09시,월요일,전라남도 장성군 북이면,경상사고,0,0,2,0,차대차 - 기타,안전운전불이행,건조,맑음,교차로 - 교차로부근,화물,남,62세,상해없음,화물,남,69세,경상
2020021000100177,2020년 2월 10일 09시,월요일,전라남도 구례군 구례읍,경상사고,0,0,1,0,차대차 - 측면충돌,안전운전불이행,건조,맑음,교차로 - 교차로안,화물,남,79세,상해없음,승용,여,40세,경상
2020021000100213,2020년 2월 10일 10시,월요일,전라남도 영암군 삼호읍,경상사고,0,0,1,0,차대차 - 추돌,안전운전불이행,건조,맑음,교차로 - 교차로부근,화물,남,80세,상해없음,승용,여,64세,경상
2020021000100214,2020년 2월 10일 10시,월요일,전라남도 장성군 장성읍,경상사고,0,0,2,0,차대차 - 추돌,안전거리미확보,건조,맑음,단일로 - 기타,화물,남,34세,경상,승용,남,37세,상해없음
2020021000100245,2020년 2월 10일 11시,월요일,전라남도 목포시 해안동1가,경상사고,0,0,1,0,차대차 - 측면충돌,안전운전불이행,건조,맑음,단일로 - 기타,승용,남,62세,경상,화물,남,56세,상해없음
2020021000100278,2020년 2월 10일 12시,월요일,전라남도 순천시 조례동,경상사고,0,0,6,0,차대차 - 기타,기타,건조,맑음,단일로 - 기타,승용,남,21세,경상,승용,남,61세,경상
2020021000100279,2020년 2월 10일 12시,월요일,전라남도 해남군 옥천면,경상사고,0,0,1,0,차대차 - 추돌,안전운전불이행,건조,맑음,단일로 - 기타,승용,여,44세,기타불명,승용,여,65세,경상
2020021000100315,2020년 2월 10일 13시,월요일,전라남도 영암군 영암읍,경상사고,0,0,2,0,차대차 - 기타,안전운전불이행,건조,맑음,교차로 - 교차로안,이륜,남,82세,경상,승용,여,65세,상해없음
2020021000100339,2020년 2월 10일 14시,월요일,전라남도 나주시 이창동,중상사고,0,1,0,0,차대차 - 측면충돌,안전운전불이행,건조,맑음,교차로 - 교차로안,화물,남,66세,상해없음,자전거,남,61세,중상
2020021000100340,2020년 2월 10일 14시,월요일,전라남도 고흥군 고흥읍,경상사고,0,0,1,0,차대차 - 측면충돌,교차로운행방법위반,건조,맑음,교차로 - 교차로안,화물,남,50세,상해없음,승용,남,63세,상해없음
2020021000100363,2020년 2월 10일 15시,월요일,전라남도 순천시 해룡면,경상사고,0,0,1,0,차대차 - 측면충돌,불법유턴,건조,맑음,단일로 - 기타,자전거,남,9세,경상,승용,여,33세,상해없음
2020021000100408,2020년 2월 10일 16시,월요일,전라남도 목포시 옥암동,경상사고,0,0,2,0,차대차 - 측면충돌,차로위반,건조,맑음,단일로 - 기타,승용,여,40세,상해없음,화물,남,58세,경상
2020021000100409,2020년 2월 10일 16시,월요일,전라남도 나주시 송월동,경상사고,0,0,1,0,차대사람 - 횡단중,신호위반,건조,맑음,교차로 - 교차로횡단보도내,승용,남,39세,기타불명,보행자,여,18세,경상
2020021000100441,2020년 2월 10일 17시,월요일,전라남도 목포시 연산동,경상사고,0,0,3,0,차대차 - 측면충돌,안전운전불이행,건조,맑음,교차로 - 교차로안,승용,남,49세,경상,승용,여,35세,경상
2020021000100442,2020년 2월 10일 17시,월요일,전라남도 곡성군 오산면,경상사고,0,0,1,0,차량단독 - 공작물충돌,안전운전불이행,젖음/습기,맑음,단일로 - 기타,이륜,남,49세,경상,,,,
2020021000100443,2020년 2월 10일 17시,월요일,전라남도 무안군 무안읍,중상사고,0,1,0,0,차대사람 - 횡단중,안전운전불이행,건조,흐림,기타 - 기타,승용,여,49세,상해없음,보행자,여,73세,중상
2020021000100488,2020년 2월 10일 18시,월요일,전라남도 목포시 옥암동,경상사고,0,0,1,0,차대차 - 측면충돌,안전운전불이행,건조,흐림,단일로 - 기타,승용,남,34세,상해없음,승용,남,67세,경상
2020021000100489,2020년 2월 10일 18시,월요일,전라남도 순천시 덕월동,경상사고,0,0,2,0,차대차 - 후진중충돌,안전운전불이행,건조,맑음,교차로 - 교차로부근,승용,남,58세,상해없음,승용,남,78세,경상
2020021000100490,2020년 2월 10일 18시,월요일,전라남도 영암군 삼호읍,경상사고,0,0,2,0,차량단독 - 공작물충돌,안전운전불이행,건조,맑음,단일로 - 기타,승용,남,42세,경상,,,,
2020021000100491,2020년 2월 10일 18시,월요일,전라남도 광양시 도이동,중상사고,0,1,1,0,차대차 - 측면충돌,직진우회전진행방해,건조,맑음,교차로 - 교차로안,화물,남,54세,상해없음,승용,남,60세,경상
2020021000100537,2020년 2월 10일 19시,월요일,전라남도 고흥군 대서면,사망사고,1,0,0,0,차대사람 - 차도통행중,안전운전불이행,건조,맑음,단일로 - 기타,승용,남,39세,상해없음,보행자,남,53세,사망
2020021000100538,2020년 2월 10일 19시,월요일,전라남도 영암군 삼호읍,경상사고,0,0,2,0,차대차 - 측면충돌,안전운전불이행,건조,맑음,교차로 - 교차로안,승용,남,42세,경상,승용,여,46세,경상
2020021000100573,2020년 2월 10일 20시,월요일,전라남도 강진군 군동면,중상사고,0,2,2,0,차량단독 - 공작물충돌,안전운전불이행,건조,맑음,단일로 - 기타,승용,남,33세,중상,,,,
2020021000100600,2020년 2월 10일 21시,월요일,전라남도 순천시 조례동,경상사고,0,0,1,0,차대차 - 측면충돌,안전거리미확보,건조,맑음,교차로 - 교차로안,승용,남,54세,상해없음,승용,남,39세,경상
2020021000100628,2020년 2월 10일 22시,월요일,전라남도 화순군 화순읍,중상사고,0,1,0,0,차대차 - 기타,안전거리미확보,건조,맑음,단일로 - 기타,승용,남,53세,상해없음,이륜,남,19세,중상
2020021100100094,2020년 2월 11일 07시,화요일,전라남도 함평군 함평읍,경상사고,0,0,1,0,차대차 - 기타,중앙선침범,건조,맑음,단일로 - 기타,화물,남,56세,상해없음,승용,남,59세,경상
2020021100100095,2020년 2월 11일 07시,화요일,전라남도 영암군 학산면,중상사고,0,1,0,0,차대차 - 측면충돌,신호위반,건조,맑음,교차로 - 교차로안,승용,여,48세,상해없음,승용,여,54세,중상
2020021100100096,2020년 2월 11일 07시,화요일,전라남도 영암군 삼호읍,경상사고,0,0,1,0,차대차 - 추돌,안전운전불이행,건조,맑음,교차로 - 교차로부근,승용,남,45세,상해없음,승용,남,63세,경상
2020021100100114,2020년 2월 11일 08시,화요일,전라남도 담양군 창평면,경상사고,0,0,1,0,차량단독 - 기타,안전운전불이행,건조,맑음,단일로 - 기타,승용,여,56세,경상,,,,
2020021100100115,2020년 2월 11일 08시,화요일,전라남도 진도군 조도면,중상사고,0,2,1,0,차량단독 - 전도전복 - 전도,안전운전불이행,건조,맑음,단일로 - 기타,이륜,남,74세,중상,,,,
2020021100100145,2020년 2월 11일 09시,화요일,전라남도 신안군 지도읍,경상사고,0,0,1,0,차대차 - 측면충돌,교차로운행방법위반,건조,맑음,교차로 - 교차로안,화물,남,77세,상해없음,승용,남,51세,경상
2020021100100146,2020년 2월 11일 09시,화요일,전라남도 고흥군 도양읍,경상사고,0,0,1,0,차대차 - 측면충돌,교차로운행방법위반,건조,맑음,교차로 - 교차로안,승합,남,55세,경상,화물,남,67세,상해없음
2020021100100147,2020년 2월 11일 09시,화요일,전라남도 광양시 광양읍,경상사고,0,0,1,0,차대사람 - 기타,안전운전불이행,건조,맑음,교차로 - 교차로부근,승합,남,62세,상해없음,보행자,여,85세,경상
2020021100100177,2020년 2월 11일 10시,화요일,전라남도 나주시 성북동,경상사고,0,0,1,0,차량단독 - 기타,안전운전불이행,건조,맑음,교차로 - 교차로부근,승합,남,66세,상해없음,,,,
2020021100100211,2020년 2월 11일 11시,화요일,전라남도 여수시 웅천동,경상사고,0,0,1,0,차대차 - 측면충돌,안전운전불이행,건조,맑음,교차로 - 교차로안,이륜,남,43세,경상,승용,여,50세,상해없음
2020021100100212,2020년 2월 11일 11시,화요일,전라남도 해남군 화산면,중상사고,0,1,0,0,차대차 - 측면충돌,기타,건조,맑음,교차로 - 교차로안,화물,남,32세,상해없음,원동기,여,78세,중상
2020021100100241,2020년 2월 11일 12시,화요일,전라남도 여수시 돌산읍,중상사고,0,1,0,0,차대차 - 정면충돌,중앙선침범,건조,맑음,단일로 - 기타,이륜,남,19세,상해없음,승용,여,59세,상해없음
2020021100100242,2020년 2월 11일 12시,화요일,전라남도 여수시 학동,경상사고,0,0,1,0,차대차 - 측면충돌,안전운전불이행,건조,맑음,교차로 - 교차로안,승용,여,63세,상해없음,승용,여,26세,경상
2020021100100349,2020년 2월 11일 15시,화요일,전라남도 목포시 상동,경상사고,0,0,3,0,차대차 - 기타,차로위반,건조,맑음,교차로 - 교차로부근,승합,여,45세,경상,승용,남,40세,경상
2020021100100380,2020년 2월 11일 16시,화요일,전라남도 순천시 가곡동,경상사고,0,0,1,0,차대사람 - 기타,안전운전불이행,건조,맑음,기타 - 기타,승용,여,51세,상해없음,보행자,남,57세,경상
2020021100100381,2020년 2월 11일 16시,화요일,전라남도 영암군 삼호읍,경상사고,0,0,4,0,차대차 - 추돌,안전운전불이행,건조,맑음,단일로 - 기타,승용,여,56세,기타불명,승용,남,31세,경상
2020021100100455,2020년 2월 11일 18시,화요일,전라남도 순천시 해룡면,경상사고,0,0,1,0,차대차 - 추돌,안전운전불이행,건조,맑음,단일로 - 기타,승용,남,26세,상해없음,승용,여,28세,경상
2020021100100456,2020년 2월 11일 18시,화요일,전라남도 화순군 화순읍,부상신고사고,0,0,0,1,차대차 - 기타,교차로운행방법위반,건조,맑음,교차로 - 교차로안,이륜,남,25세,부상신고,승용,남,62세,상해없음
2020021100100457,2020년 2월 11일 18시,화요일,전라남도 화순군 화순읍,경상사고,0,0,1,0,차대차 - 측면충돌,안전운전불이행,건조,맑음,교차로 - 교차로안,승용,남,38세,상해없음,승용,남,41세,경상
2020021100100574,2020년 2월 11일 21시,화요일,전라남도 목포시 산정동,경상사고,0,0,3,0,차대차 - 측면충돌,안전운전불이행,건조,맑음,교차로 - 교차로안,승용,남,35세,경상,승용,남,55세,경상
2020021100100595,2020년 2월 11일 22시,화요일,전라남도 여수시 선원동,경상사고,0,0,3,0,차대차 - 측면충돌,안전운전불이행,젖음/습기,흐림,교차로 - 교차로부근,승용,남,47세,상해없음,승용,남,30세,경상
2020021100100596,2020년 2월 11일 22시,화요일,전라남도 장성군 남면,경상사고,0,0,2,0,차대차 - 추돌,안전운전불이행,건조,맑음,단일로 - 기타,승용,남,50세,경상,화물,남,51세,경상
2020021200100057,2020년 2월 12일 05시,수요일,전라남도 여수시 고소동,사망사고,1,0,0,0,차대사람 - 횡단중,안전운전불이행,젖음/습기,비,단일로 - 기타,화물,남,70세,상해없음,보행자,여,71세,사망
2020021200100131,2020년 2월 12일 08시,수요일,전라남도 여수시 여서동,경상사고,0,0,1,0,차대차 - 측면충돌,안전운전불이행,건조,맑음,교차로 - 교차로부근,승용,남,50세,기타불명,승합,남,55세,경상
2020021200100132,2020년 2월 12일 08시,수요일,전라남도 순천시 가곡동,경상사고,0,0,3,0,차대차 - 기타,과속,젖음/습기,비,단일로 - 기타,승용,여,27세,경상,화물,남,71세,경상
2020021200100133,2020년 2월 12일 08시,수요일,전라남도 곡성군 곡성읍,중상사고,0,1,0,0,차대차 - 측면충돌,직진우회전진행방해,젖음/습기,비,교차로 - 교차로안,자전거,여,66세,중상,승용,여,46세,상해없음
2020021200100165,2020년 2월 12일 09시,수요일,전라남도 여수시 여서동,경상사고,0,0,1,0,차대차 - 측면충돌,안전운전불이행,젖음/습기,비,교차로 - 교차로안,승용,여,52세,상해없음,승용,여,55세,경상
2020021200100215,2020년 2월 12일 11시,수요일,전라남도 영암군 시종면,경상사고,0,0,1,0,차대사람 - 기타,안전운전불이행,젖음/습기,흐림,기타 - 기타,승용,남,28세,상해없음,보행자,여,70세,경상
2020021200100216,2020년 2월 12일 11시,수요일,전라남도 구례군 토지면,사망사고,1,0,0,0,차량단독 - 기타,안전운전불이행,젖음/습기,비,단일로 - 기타,승용,남,52세,사망,,,,
2020021200100273,2020년 2월 12일 13시,수요일,전라남도 보성군 보성읍,중상사고,0,1,1,0,차대차 - 추돌,안전운전불이행,젖음/습기,비,단일로 - 기타,승용,남,30세,경상,화물,남,65세,중상
2020021200100302,2020년 2월 12일 14시,수요일,전라남도 순천시 인제동,경상사고,0,0,1,0,차대차 - 추돌,안전거리미확보,건조,맑음,교차로 - 교차로부근,화물,남,62세,상해없음,승용,여,51세,상해없음
2020021200100332,2020년 2월 12일 15시,수요일,전라남도 강진군 도암면,경상사고,0,0,1,0,차량단독 - 공작물충돌,안전운전불이행,건조,맑음,단일로 - 기타,승용,남,55세,경상,,,,
2020021200100366,2020년 2월 12일 16시,수요일,전라남도 여수시 소라면,경상사고,0,0,3,0,차대차 - 측면충돌,교차로운행방법위반,젖음/습기,맑음,교차로 - 교차로안,승용,남,22세,경상,승용,여,35세,경상
2020021200100367,2020년 2월 12일 16시,수요일,전라남도 순천시 조례동,중상사고,0,1,0,0,차대사람 - 기타,안전운전불이행,건조,맑음,단일로 - 기타,승합,남,29세,상해없음,보행자,남,66세,중상
2020021200100368,2020년 2월 12일 16시,수요일,전라남도 장흥군 관산읍,경상사고,0,0,1,0,차량단독 - 공작물충돌,안전운전불이행,젖음/습기,비,단일로 - 기타,화물,남,26세,경상,,,,
2020021200100395,2020년 2월 12일 17시,수요일,전라남도 여수시 율촌면,경상사고,0,0,1,0,차량단독 - 기타,안전운전불이행,젖음/습기,흐림,단일로 - 기타,승용,남,48세,경상,,,,
2020021200100396,2020년 2월 12일 17시,수요일,전라남도 나주시 성북동,경상사고,0,0,1,0,차대차 - 측면충돌,불법유턴,건조,맑음,단일로 - 기타,승용,남,22세,상해없음,승용,남,28세,경상
2020021200100397,2020년 2월 12일 17시,수요일,전라남도 광양시 중동,경상사고,0,0,1,0,차대차 - 측면충돌,중앙선침범,건조,흐림,단일로 - 기타,승용,여,59세,상해없음,승용,여,42세,경상
2020021200100443,2020년 2월 12일 18시,수요일,전라남도 강진군 강진읍,중상사고,0,1,0,0,차대사람 - 횡단중,안전운전불이행,젖음/습기,흐림,단일로 - 기타,승용,여,67세,상해없음,보행자,여,69세,중상
2020021200100444,2020년 2월 12일 18시,수요일,전라남도 광양시 도이동,경상사고,0,0,1,0,차대사람 - 횡단중,안전운전불이행,젖음/습기,흐림,교차로 - 교차로안,승용,남,38세,상해없음,보행자,남,40세,경상
2020021200100504,2020년 2월 12일 19시,수요일,전라남도 목포시 산정동,경상사고,0,0,1,0,차대차 - 측면충돌,교차로운행방법위반,젖음/습기,흐림,교차로 - 교차로안,승용,남,29세,상해없음,자전거,남,81세,경상
2020021200100505,2020년 2월 12일 19시,수요일,전라남도 진도군 진도읍,경상사고,0,0,1,0,차대차 - 추돌,안전거리미확보,건조,맑음,교차로 - 교차로부근,승용,남,39세,상해없음,화물,남,65세,경상
2020021200100543,2020년 2월 12일 20시,수요일,전라남도 목포시 산정동,경상사고,0,0,1,0,차대차 - 측면충돌,안전운전불이행,건조,맑음,교차로 - 교차로안,승용,남,52세,상해없음,승용,남,33세,경상
2020021200100592,2020년 2월 12일 21시,수요일,전라남도 목포시 산정동,경상사고,0,0,2,0,차대차 - 측면충돌,신호위반,건조,맑음,교차로 - 교차로안,승용,남,27세,경상,승용,남,36세,경상
2020021200100617,2020년 2월 12일 22시,수요일,전라남도 목포시 산정동,경상사고,0,0,2,0,차대차 - 측면충돌,신호위반,젖음/습기,비,교차로 - 교차로안,승용,남,57세,경상,승용,남,20세,경상
2020021200100638,2020년 2월 12일 23시,수요일,전라남도 여수시 미평동,경상사고,0,0,1,0,차대차 - 추돌,안전운전불이행,건조,맑음,교차로 - 교차로안,승용,남,36세,상해없음,이륜,남,44세,경상
2020021300100051,2020년 2월 13일 06시,목요일,전라남도 영광군 영광읍,경상사고,0,0,1,0,차대차 - 측면충돌,직진우회전진행방해,젖음/습기,안개,교차로 - 교차로안,승용,남,18세,상해없음,화물,남,61세,경상
2020021300100071,2020년 2월 13일 07시,목요일,전라남도 순천시 서면,중상사고,0,1,1,0,차대차 - 측면충돌,신호위반,건조,맑음,교차로 - 교차로안,승용,남,71세,경상,승용,남,48세,중상
2020021300100122,2020년 2월 13일 09시,목요일,전라남도 목포시 옥암동,경상사고,0,0,1,0,차대차 - 기타,중앙선침범,건조,맑음,단일로 - 기타,화물,여,57세,상해없음,이륜,남,20세,경상
2020021300100123,2020년 2월 13일 09시,목요일,전라남도 목포시 석현동,경상사고,0,0,6,0,차대차 - 기타,안전운전불이행,젖음/습기,비,단일로 - 기타,승용,여,43세,경상,승용,여,38세,경상
2020021300100124,2020년 2월 13일 09시,목요일,전라남도 여수시 웅천동,경상사고,0,0,1,0,차대차 - 기타,교차로운행방법위반,건조,맑음,교차로 - 교차로안,승용,여,27세,기타불명,승용,남,60세,경상
2020021300100125,2020년 2월 13일 09시,목요일,전라남도 순천시 해룡면,경상사고,0,0,1,0,차대사람 - 보도통행중,보행자보호의무위반,건조,맑음,교차로 - 교차로횡단보도내,승용,여,46세,상해없음,보행자,여,40세,경상
2020021300100126,2020년 2월 13일 09시,목요일,전라남도 화순군 춘양면,경상사고,0,0,3,0,차대차 - 추돌,안전운전불이행,건조,흐림,단일로 - 기타,화물,남,65세,기타불명,승용,남,27세,경상
2020021300100127,2020년 2월 13일 09시,목요일,전라남도 광양시 태인동,경상사고,0,0,1,0,차대차 - 측면충돌,안전운전불이행,건조,맑음,단일로 - 기타,화물,남,60세,상해없음,승용,여,41세,경상
2020021300100159,2020년 2월 13일 10시,목요일,전라남도 순천시 연향동,경상사고,0,0,1,0,차대차 - 측면충돌,안전운전불이행,건조,맑음,단일로 - 기타,승용,남,24세,상해없음,승용,여,35세,경상
2020021300100160,2020년 2월 13일 10시,목요일,전라남도 장성군 장성읍,경상사고,0,0,1,0,차대차 - 기타,안전운전불이행,건조,맑음,기타 - 기타,기타불명,기타불명,미분류,기타불명,승용,남,23세,경상
2020021300100192,2020년 2월 13일 11시,목요일,전라남도 목포시 옥암동,경상사고,0,0,1,0,차대차 - 기타,교차로운행방법위반,젖음/습기,흐림,교차로 - 교차로안,승용,남,42세,상해없음,이륜,남,45세,경상
2020021300100193,2020년 2월 13일 11시,목요일,전라남도 여수시 율촌면,중상사고,0,1,1,0,차대차 - 추돌,차로위반,건조,맑음,단일로 - 기타,승용,여,45세,상해없음,승용,남,38세,경상
2020021300100224,2020년 2월 13일 12시,목요일,전라남도 여수시 소호동,경상사고,0,0,1,0,차대사람 - 기타,안전운전불이행,건조,맑음,단일로 - 기타,화물,남,60세,상해없음,보행자,남,65세,경상