사고번호,사고일시,요일,시군구,사고내용,사망자수,중상자수,경상자수,부상신고자수,사고유형,법규위반,노면상태,기상상태,도로형태,가해운전자 차종,가해운전자 성별,가해운전자 연령,가해운전자 상해정도,피해운전자 차종,피해운전자 성별,피해운전자 연령,피해운전자 상해정도
2020021300100225,2020년 2월 13일 12시,목요일,전라남도 여수시 신월동,경상사고,0,0,1,0,차대사람 - 횡단중,안전운전불이행,건조,맑음,단일로 - 기타,승용,남,66세,기타불명,보행자,남,8세,경상
2020021300100255,2020년 2월 13일 13시,목요일,전라남도 목포시 상동,경상사고,0,0,2,0,차대차 - 기타,교차로운행방법위반,건조,맑음,교차로 - 교차로안,승용,남,63세,상해없음,승용,남,39세,경상
2020021300100256,2020년 2월 13일 13시,목요일,전라남도 광양시 광양읍,중상사고,0,2,3,0,차대차 - 측면충돌,신호위반,건조,맑음,교차로 - 교차로안,승용,여,50세,상해없음,승용,여,51세,중상
2020021300100310,2020년 2월 13일 15시,목요일,전라남도 여수시 둔덕동,경상사고,0,0,1,0,차대차 - 측면충돌,차로위반,건조,맑음,단일로 - 기타,화물,남,44세,상해없음,승용,남,69세,경상
2020021300100311,2020년 2월 13일 15시,목요일,전라남도 화순군 화순읍,부상신고사고,0,0,0,1,차대차 - 기타,교차로운행방법위반,건조,맑음,교차로 - 교차로안,이륜,남,78세,부상신고,승용,남,53세,상해없음
2020021300100340,2020년 2월 13일 16시,목요일,전라남도 여수시 미평동,중상사고,0,1,0,0,차대차 - 측면충돌,안전운전불이행,건조,맑음,교차로 - 교차로횡단보도내,승용,남,35세,상해없음,자전거,남,25세,중상
2020021300100341,2020년 2월 13일 16시,목요일,전라남도 순천시 서면,경상사고,0,0,1,0,차대차 - 측면충돌,안전운전불이행,건조,맑음,단일로 - 기타,승용,여,25세,상해없음,화물,여,57세,경상
2020021300100388,2020년 2월 13일 17시,목요일,전라남도 여수시 여천동,경상사고,0,0,1,0,차대차 - 추돌,안전운전불이행,건조,맑음,단일로 - 기타,승용,남,34세,상해없음,승용,남,22세,경상
2020021300100389,2020년 2월 13일 17시,목요일,전라남도 순천시 동외동,경상사고,0,0,3,0,차대차 - 측면충돌,직진우회전진행방해,건조,맑음,교차로 - 교차로안,승용,여,33세,상해없음,승용,여,28세,경상
2020021300100438,2020년 2월 13일 18시,목요일,전라남도 순천시 장천동,경상사고,0,0,2,0,차대사람 - 횡단중,신호위반,건조,맑음,교차로 - 교차로횡단보도내,이륜,남,60세,경상,보행자,남,53세,경상
2020021300100482,2020년 2월 13일 19시,목요일,전라남도 여수시 신월동,사망사고,1,0,0,0,차대사람 - 횡단중,보행자보호의무위반,건조,맑음,교차로 - 교차로횡단보도내,승용,남,38세,상해없음,보행자,여,19세,사망
2020021300100483,2020년 2월 13일 19시,목요일,전라남도 순천시 연향동,중상사고,0,1,0,0,차대사람 - 기타,안전운전불이행,건조,맑음,기타 - 기타,자전거,남,12세,상해없음,보행자,남,75세,중상
2020021300100484,2020년 2월 13일 19시,목요일,전라남도 고흥군 고흥읍,중상사고,0,1,0,0,차대사람 - 횡단중,안전운전불이행,건조,맑음,단일로 - 기타,승용,남,71세,상해없음,보행자,남,38세,중상
2020021300100485,2020년 2월 13일 19시,목요일,전라남도 무안군 삼향읍,경상사고,0,0,3,0,차대차 - 측면충돌,안전운전불이행,건조,맑음,교차로 - 교차로안,승용,남,26세,경상,승용,여,36세,경상
2020021300100527,2020년 2월 13일 20시,목요일,전라남도 고흥군 금산면,중상사고,0,1,0,0,차량단독 - 공작물충돌,안전운전불이행,건조,맑음,단일로 - 기타,승용,남,44세,중상,,,,
2020021300100528,2020년 2월 13일 20시,목요일,전라남도 영광군 영광읍,경상사고,0,0,1,0,차대차 - 추돌,안전운전불이행,건조,맑음,단일로 - 기타,화물,남,30세,상해없음,화물,남,53세,경상
2020021300100529,2020년 2월 13일 20시,목요일,전라남도 강진군 강진읍,중상사고,0,1,0,0,차대차 - 추돌,안전거리미확보,건조,맑음,교차로 - 교차로안,원동기,남,29세,중상,승용,남,57세,상해없음
2020021300100567,2020년 2월 13일 21시,목요일,전라남도 곡성군 오곡면,중상사고,0,3,4,0,차대차 - 측면충돌,과속,건조,맑음,교차로 - 교차로안,승용,남,18세,경상,승용,남,55세,경상
2020021300100628,2020년 2월 13일 23시,목요일,전라남도 목포시 옥암동,경상사고,0,0,2,0,차대차 - 추돌,안전운전불이행,건조,맑음,교차로 - 교차로안,승용,남,39세,상해없음,승용,남,60세,경상
2020021300100629,2020년 2월 13일 23시,목요일,전라남도 목포시 산정동,경상사고,0,0,1,0,차대차 - 측면충돌,안전운전불이행,건조,맑음,단일로 - 기타,승용,남,29세,상해없음,승용,남,31세,경상
2020021300100630,2020년 2월 13일 23시,목요일,전라남도 여수시 선원동,경상사고,0,0,1,0,차대사람 - 횡단중,보행자보호의무위반,건조,맑음,교차로 - 교차로횡단보도내,화물,남,56세,상해없음,보행자,남,34세,경상
2020021400100018,2020년 2월 14일 01시,금요일,전라남도 여수시 광무동,중상사고,0,1,0,0,차대차 - 측면충돌,교차로운행방법위반,건조,맑음,교차로 - 교차로안,승용,남,31세,상해없음,원동기,남,21세,중상
2020021400100019,2020년 2월 14일 01시,금요일,전라남도 곡성군 오산면,경상사고,0,0,1,0,차대차 - 추돌,안전운전불이행,건조,맑음,단일로 - 기타,이륜,남,72세,경상,화물,남,54세,기타불명
2020021400100025,2020년 2월 14일 02시,금요일,전라남도 목포시 상동,경상사고,0,0,1,0,차대차 - 후진중충돌,안전운전불이행,건조,맑음,단일로 - 기타,승용,남,50세,상해없음,이륜,남,17세,경상
2020021400100026,2020년 2월 14일 02시,금요일,전라남도 나주시 대기동,중상사고,0,1,3,0,차대차 - 추돌,안전운전불이행,건조,맑음,단일로 - 기타,승용,남,32세,경상,화물,남,55세,경상
2020021400100035,2020년 2월 14일 03시,금요일,전라남도 여수시 학동,경상사고,0,0,2,0,차대차 - 추돌,안전운전불이행,건조,맑음,교차로 - 교차로부근,승용,남,24세,상해없음,승용,남,70세,경상
2020021400100062,2020년 2월 14일 06시,금요일,전라남도 영암군 삼호읍,경상사고,0,0,1,0,차대사람 - 기타,안전운전불이행,건조,기타,단일로 - 기타,화물,남,49세,상해없음,보행자,남,41세,경상
2020021400100152,2020년 2월 14일 09시,금요일,전라남도 여수시 화장동,경상사고,0,0,1,0,차대차 - 기타,안전운전불이행,건조,맑음,단일로 - 기타,이륜,남,30세,경상,승용,남,47세,상해없음
2020021400100153,2020년 2월 14일 09시,금요일,전라남도 나주시 세지면,중상사고,0,3,0,0,차대차 - 정면충돌,중앙선침범,건조,맑음,교차로 - 교차로부근,화물,남,77세,중상,승용,여,30세,중상
2020021400100204,2020년 2월 14일 11시,금요일,전라남도 무안군 삼향읍,경상사고,0,0,2,0,차대차 - 측면충돌,안전운전불이행,건조,맑음,단일로 - 기타,건설기계,남,53세,상해없음,승용,여,64세,경상
2020021400100205,2020년 2월 14일 11시,금요일,전라남도 광양시 광양읍,중상사고,0,1,0,0,차대사람 - 차도통행중,안전운전불이행,건조,맑음,단일로 - 기타,화물,남,66세,상해없음,보행자,남,75세,중상
2020021400100222,2020년 2월 14일 12시,금요일,전라남도 목포시 상동,중상사고,0,1,0,0,차대사람 - 기타,안전운전불이행,건조,맑음,교차로 - 교차로부근,화물,남,25세,상해없음,보행자,남,74세,중상
2020021400100264,2020년 2월 14일 13시,금요일,전라남도 보성군 벌교읍,경상사고,0,0,1,0,차대사람 - 길가장자리구역통행중,안전운전불이행,건조,맑음,단일로 - 기타,원동기,여,75세,상해없음,보행자,여,64세,경상
2020021400100265,2020년 2월 14일 13시,금요일,전라남도 영광군 영광읍,경상사고,0,0,1,0,차대차 - 측면충돌,신호위반,건조,맑음,단일로 - 기타,화물,여,37세,경상,승용,남,19세,상해없음
2020021400100266,2020년 2월 14일 13시,금요일,전라남도 담양군 금성면,경상사고,0,0,1,0,차대차 - 측면충돌,기타,건조,맑음,교차로 - 교차로안,화물,남,56세,상해없음,화물,남,62세,경상
2020021400100308,2020년 2월 14일 14시,금요일,전라남도 광양시 중동,중상사고,0,1,0,0,차대사람 - 횡단중,안전운전불이행,건조,맑음,단일로 - 기타,승용,여,47세,상해없음,보행자,여,8세,중상
2020021400100348,2020년 2월 14일 15시,금요일,전라남도 여수시 화양면,경상사고,0,0,1,0,차대차 - 측면충돌,신호위반,건조,맑음,교차로 - 교차로안,승용,남,59세,상해없음,농기계,남,77세,경상
2020021400100349,2020년 2월 14일 15시,금요일,전라남도 여수시 소라면,경상사고,0,0,2,0,차대차 - 후진중충돌,안전운전불이행,건조,맑음,단일로 - 기타,승용,여,63세,상해없음,승용,여,34세,경상
2020021400100381,2020년 2월 14일 16시,금요일,전라남도 목포시 상동,경상사고,0,0,1,0,차대차 - 기타,안전운전불이행,건조,맑음,단일로 - 기타,승용,남,63세,상해없음,이륜,남,19세,경상
2020021400100382,2020년 2월 14일 16시,금요일,전라남도 나주시 산포면,중상사고,0,1,3,0,차대차 - 추돌,안전거리미확보,건조,맑음,단일로 - 기타,화물,남,49세,상해없음,승용,남,25세,경상
2020021400100428,2020년 2월 14일 17시,금요일,전라남도 여수시 화장동,경상사고,0,0,1,0,차대차 - 추돌,안전운전불이행,건조,맑음,기타 - 기타,승용,여,53세,상해없음,승합,남,29세,경상
2020021400100479,2020년 2월 14일 18시,금요일,전라남도 곡성군 오산면,경상사고,0,0,1,0,차량단독 - 공작물충돌,안전운전불이행,건조,맑음,교차로 - 교차로안,승용,여,47세,경상,,,,
2020021400100525,2020년 2월 14일 19시,금요일,전라남도 장흥군 장흥읍,경상사고,0,0,3,0,차대차 - 기타,교차로운행방법위반,건조,맑음,교차로 - 교차로안,승용,남,34세,경상,승용,남,33세,경상
2020021400100566,2020년 2월 14일 20시,금요일,전라남도 목포시 옥암동,경상사고,0,0,1,0,차대차 - 기타,안전운전불이행,건조,맑음,단일로 - 기타,기타불명,기타불명,미분류,기타불명,승용,남,36세,경상
2020021400100633,2020년 2월 14일 22시,금요일,전라남도 여수시 선원동,경상사고,0,0,3,0,차대차 - 측면충돌,신호위반,건조,맑음,교차로 - 교차로안,승용,남,28세,경상,승용,여,53세,경상
2020021400100659,2020년 2월 14일 23시,금요일,전라남도 나주시 빛가람동,경상사고,0,0,1,0,차대차 - 기타,중앙선침범,건조,맑음,단일로 - 기타,승용,여,42세,상해없음,이륜,남,16세,경상
2020021500100015,2020년 2월 15일 00시,토요일,전라남도 여수시 관문동,경상사고,0,0,2,0,차대차 - 추돌,안전운전불이행,건조,맑음,교차로 - 교차로안,승용,남,31세,상해없음,원동기,남,44세,경상
2020021500100016,2020년 2월 15일 00시,토요일,전라남도 나주시 산포면,사망사고,1,0,3,0,차대사람 - 차도통행중,안전운전불이행,건조,맑음,단일로 - 기타,승용,남,24세,상해없음,보행자,남,45세,사망
2020021500100036,2020년 2월 15일 01시,토요일,전라남도 해남군 해남읍,경상사고,0,0,3,0,차대차 - 추돌,안전운전불이행,건조,맑음,단일로 - 기타,화물,여,59세,기타불명,승합,남,63세,경상
2020021500100037,2020년 2월 15일 01시,토요일,전라남도 무안군 삼향읍,중상사고,0,1,1,0,차대사람 - 횡단중,안전운전불이행,건조,맑음,단일로 - 기타,승용,남,40세,상해없음,보행자,남,29세,중상
2020021500100051,2020년 2월 15일 02시,토요일,전라남도 순천시 연향동,경상사고,0,0,2,0,차대차 - 기타,안전운전불이행,건조,맑음,교차로 - 교차로안,승용,여,32세,상해없음,승용,남,52세,경상
2020021500100084,2020년 2월 15일 05시,토요일,전라남도 나주시 동수동,경상사고,0,0,1,0,차량단독 - 공작물충돌,안전운전불이행,건조,맑음,교차로 - 교차로부근,승용,남,21세,경상,,,,
2020021500100099,2020년 2월 15일 06시,토요일,전라남도 무안군 몽탄면,경상사고,0,0,1,0,차량단독 - 공작물충돌,안전운전불이행,건조,맑음,교차로 - 교차로안,승용,여,25세,경상,,,,
2020021500100113,2020년 2월 15일 08시,토요일,전라남도 진도군 의신면,중상사고,0,1,0,0,차대차 - 측면충돌,안전운전불이행,기타,맑음,단일로 - 기타,승용,여,55세,상해없음,이륜,남,63세,중상
2020021500100131,2020년 2월 15일 09시,토요일,전라남도 나주시 공산면,사망사고,1,1,0,0,차대차 - 측면충돌,신호위반,건조,맑음,교차로 - 교차로안,승용,남,56세,사망,화물,남,38세,중상
2020021500100158,2020년 2월 15일 10시,토요일,전라남도 목포시 중앙동3가,경상사고,0,0,2,0,차대차 - 측면충돌,직진우회전진행방해,건조,맑음,교차로 - 교차로안,승용,남,32세,경상,승용,남,20세,경상
2020021500100159,2020년 2월 15일 10시,토요일,전라남도 영암군 신북면,경상사고,0,0,1,0,차대차 - 측면충돌,안전운전불이행,건조,맑음,교차로 - 교차로안,승용,남,42세,상해없음,원동기,여,71세,경상
2020021500100186,2020년 2월 15일 11시,토요일,전라남도 장흥군 대덕읍,경상사고,0,0,1,0,차대사람 - 차도통행중,안전운전불이행,건조,맑음,단일로 - 기타,화물,남,47세,상해없음,보행자,여,79세,경상
2020021500100187,2020년 2월 15일 11시,토요일,전라남도 함평군 나산면,경상사고,0,0,3,0,차대차 - 측면충돌,교차로운행방법위반,건조,맑음,교차로 - 교차로안,승용,여,48세,경상,승용,남,79세,경상
2020021500100228,2020년 2월 15일 12시,토요일,전라남도 영암군 삼호읍,경상사고,0,0,1,0,차대차 - 측면충돌,안전운전불이행,건조,맑음,교차로 - 교차로안,이륜,남,69세,경상,승용,여,65세,상해없음
2020021500100229,2020년 2월 15일 12시,토요일,전라남도 담양군 무정면,중상사고,0,1,0,0,차량단독 - 공작물충돌,안전운전불이행,건조,맑음,단일로 - 기타,승용,여,51세,중상,,,,
2020021500100254,2020년 2월 15일 13시,토요일,전라남도 순천시 연향동,경상사고,0,0,1,0,차대차 - 측면충돌,안전운전불이행,건조,맑음,교차로 - 교차로안,자전거,남,15세,경상,승용,여,46세,상해없음
2020021500100255,2020년 2월 15일 13시,토요일,전라남도 화순군 화순읍,경상사고,0,0,3,0,차대차 - 추돌,안전거리미확보,건조,맑음,교차로 - 교차로부근,승합,남,53세,상해없음,승용,여,53세,경상
2020021500100256,2020년 2월 15일 13시,토요일,전라남도 강진군 강진읍,경상사고,0,0,1,0,차대차 - 측면충돌,안전운전불이행,건조,맑음,교차로 - 교차로부근,승합,남,43세,상해없음,승용,남,77세,경상
2020021500100284,2020년 2월 15일 14시,토요일,전라남도 여수시 문수동,중상사고,0,1,1,0,차대차 - 후진중충돌,안전운전불이행,건조,맑음,단일로 - 기타,승용,여,44세,상해없음,승용,남,34세,중상
2020021500100285,2020년 2월 15일 14시,토요일,전라남도 나주시 삼영동,경상사고,0,0,2,0,차대차 - 측면충돌,안전운전불이행,건조,맑음,단일로 - 기타,화물,남,58세,상해없음,승합,남,59세,경상
2020021500100286,2020년 2월 15일 14시,토요일,전라남도 장흥군 장평면,경상사고,0,0,1,0,차대차 - 측면충돌,안전운전불이행,건조,맑음,교차로 - 교차로안,승용,남,23세,상해없음,화물,남,59세,경상
2020021500100287,2020년 2월 15일 14시,토요일,전라남도 광양시 진월면,경상사고,0,0,3,0,차대차 - 추돌,안전거리미확보,건조,맑음,교차로 - 교차로부근,건설기계,남,53세,경상,화물,남,78세,경상
2020021500100317,2020년 2월 15일 15시,토요일,전라남도 화순군 도곡면,경상사고,0,0,3,0,차대차 - 기타,중앙선침범,건조,맑음,단일로 - 기타,승용,여,51세,상해없음,승용,여,28세,경상
2020021500100340,2020년 2월 15일 16시,토요일,전라남도 신안군 압해읍,중상사고,0,1,4,0,차대차 - 정면충돌,중앙선침범,건조,기타,단일로 - 기타,승용,남,25세,기타불명,승용,남,57세,경상
2020021500100341,2020년 2월 15일 16시,토요일,전라남도 순천시 해룡면,경상사고,0,0,1,0,차대차 - 측면충돌,신호위반,건조,맑음,교차로 - 교차로안,이륜,남,43세,상해없음,승용,남,29세,경상
2020021500100384,2020년 2월 15일 17시,토요일,전라남도 목포시 상동,중상사고,0,1,7,0,차대차 - 측면충돌,직진우회전진행방해,건조,맑음,교차로 - 교차로안,화물,남,47세,경상,승용,남,42세,중상
2020021500100385,2020년 2월 15일 17시,토요일,전라남도 영암군 영암읍,경상사고,0,0,2,0,차대차 - 측면충돌,신호위반,건조,맑음,교차로 - 교차로안,승용,여,53세,경상,화물,남,53세,경상
2020021500100386,2020년 2월 15일 17시,토요일,전라남도 무안군 삼향읍,경상사고,0,0,2,0,차대차 - 측면충돌,안전운전불이행,건조,맑음,단일로 - 기타,승합,남,27세,상해없음,승용,여,30세,경상
2020021500100420,2020년 2월 15일 18시,토요일,전라남도 목포시 연산동,경상사고,0,0,1,0,차대차 - 추돌,안전운전불이행,건조,흐림,단일로 - 기타,화물,기타불명,미분류,기타불명,승용,여,37세,경상
2020021500100421,2020년 2월 15일 18시,토요일,전라남도 고흥군 두원면,중상사고,0,1,0,0,차대차 - 추돌,안전운전불이행,건조,맑음,단일로 - 기타,승용,남,77세,상해없음,농기계,남,77세,중상
2020021500100463,2020년 2월 15일 19시,토요일,전라남도 여수시 화양면,경상사고,0,0,1,0,차대차 - 측면충돌,신호위반,건조,맑음,교차로 - 교차로안,승용,남,57세,상해없음,승용,여,66세,경상
2020021500100535,2020년 2월 15일 21시,토요일,전라남도 장흥군 관산읍,경상사고,0,0,1,0,차량단독 - 전도전복 - 전도,안전운전불이행,젖음/습기,비,교차로 - 교차로안,이륜,남,57세,경상,,,,
2020021500100580,2020년 2월 15일 22시,토요일,전라남도 순천시 연향동,중상사고,0,1,0,0,차대차 - 측면충돌,안전운전불이행,건조,맑음,교차로 - 교차로안,원동기,남,29세,중상,승용,남,27세,상해없음
2020021600100038,2020년 2월 16일 01시,일요일,전라남도 목포시 상동,경상사고,0,0,2,0,차대차 - 측면충돌,직진우회전진행방해,젖음/습기,비,교차로 - 교차로안,승용,남,33세,상해없음,승용,남,24세,경상
2020021600100062,2020년 2월 16일 02시,일요일,전라남도 여수시 관문동,경상사고,0,0,2,0,차대차 - 측면충돌,신호위반,젖음/습기,비,교차로 - 교차로안,승용,남,39세,상해없음,승용,남,27세,경상
2020021600100063,2020년 2월 16일 02시,일요일,전라남도 여수시 선원동,경상사고,0,0,1,0,차대차 - 측면충돌,교차로운행방법위반,건조,맑음,교차로 - 교차로안,화물,남,59세,상해없음,이륜,남,51세,경상
2020021600100121,2020년 2월 16일 06시,일요일,전라남도 목포시 호남동,중상사고,0,1,0,0,차대사람 - 기타,안전운전불이행,젖음/습기,흐림,단일로 - 기타,승용,남,70세,상해없음,보행자,여,82세,중상
2020021600100122,2020년 2월 16일 06시,일요일,전라남도 여수시 소호동,경상사고,0,0,1,0,차대차 - 추돌,안전운전불이행,건조,맑음,교차로 - 교차로부근,승용,남,41세,상해없음,승합,남,49세,경상
2020021600100144,2020년 2월 16일 08시,일요일,전라남도 고흥군 도양읍,중상사고,0,1,0,0,차대차 - 측면충돌,기타,건조,맑음,교차로 - 교차로안,화물,남,58세,기타불명,승합,여,60세,중상
2020021600100153,2020년 2월 16일 09시,일요일,전라남도 순천시 덕월동,경상사고,0,0,1,0,차대차 - 측면충돌,차로위반,젖음/습기,눈,단일로 - 기타,승용,남,66세,상해없음,승용,남,42세,경상
2020021600100167,2020년 2월 16일 10시,일요일,전라남도 광양시 광양읍,중상사고,0,1,0,0,차대차 - 정면충돌,안전운전불이행,건조,흐림,교차로 - 교차로부근,승용,여,46세,상해없음,승용,여,36세,중상
2020021600100181,2020년 2월 16일 11시,일요일,전라남도 순천시 가곡동,경상사고,0,0,4,0,차대차 - 기타,신호위반,건조,맑음,기타 - 기타,승용,남,43세,상해없음,승용,여,38세,경상
2020021600100182,2020년 2월 16일 11시,일요일,전라남도 순천시 해룡면,경상사고,0,0,1,0,차대차 - 기타,교차로운행방법위반,건조,맑음,교차로 - 교차로안,승용,여,33세,경상,화물,남,57세,상해없음
2020021600100183,2020년 2월 16일 11시,일요일,전라남도 영암군 시종면,경상사고,0,0,1,0,차대차 - 기타,중앙선침범,건조,맑음,단일로 - 기타,화물,남,87세,상해없음,승용,남,55세,상해없음
2020021600100235,2020년 2월 16일 13시,일요일,전라남도 나주시 성북동,경상사고,0,0,2,0,차대차 - 측면충돌,직진우회전진행방해,건조,맑음,교차로 - 교차로안,승용,남,61세,상해없음,승용,남,70세,상해없음
2020021600100236,2020년 2월 16일 13시,일요일,전라남도 구례군 광의면,중상사고,0,2,0,0,차대차 - 정면충돌,안전운전불이행,건조,맑음,단일로 - 기타,승용,남,52세,상해없음,승합,남,50세,중상
2020021600100260,2020년 2월 16일 14시,일요일,전라남도 곡성군 겸면,사망사고,1,0,0,0,차대사람 - 기타,안전운전불이행,젖음/습기,눈,단일로 - 기타,화물,남,36세,상해없음,보행자,여,82세,사망
2020021600100282,2020년 2월 16일 15시,일요일,전라남도 목포시 금동2가,경상사고,0,0,1,0,차대차 - 측면충돌,중앙선침범,건조,맑음,교차로 - 교차로부근,자전거,남,78세,경상,승용,남,57세,상해없음
2020021600100283,2020년 2월 16일 15시,일요일,전라남도 목포시 상동,경상사고,0,0,1,1,차대차 - 측면충돌,직진우회전진행방해,건조,맑음,교차로 - 교차로안,승용,여,52세,부상신고,이륜,남,20세,경상
2020021600100284,2020년 2월 16일 15시,일요일,전라남도 무안군 삼향읍,경상사고,0,0,1,0,차대차 - 기타,안전운전불이행,건조,맑음,교차로 - 교차로횡단보도내,승용,남,36세,상해없음,자전거,여,18세,경상
2020021600100310,2020년 2월 16일 16시,일요일,전라남도 여수시 국동,경상사고,0,0,1,0,차대차 - 측면충돌,안전운전불이행,건조,맑음,교차로 - 교차로안,승용,남,65세,상해없음,승용,남,36세,경상
2020021600100311,2020년 2월 16일 16시,일요일,전라남도 구례군 산동면,경상사고,0,0,1,0,차대차 - 측면충돌,안전운전불이행,서리/결빙,눈,단일로 - 기타,승용,남,64세,상해없음,승용,남,59세,상해없음
2020021600100339,2020년 2월 16일 17시,일요일,전라남도 영광군 영광읍,경상사고,0,0,1,0,차대차 - 후진중충돌,안전운전불이행,젖음/습기,눈,교차로 - 교차로안,승용,남,69세,상해없음,이륜,남,63세,경상
2020021600100340,2020년 2월 16일 17시,일요일,전라남도 함평군 해보면,중상사고,0,1,0,0,차대차 - 측면충돌,안전거리미확보,서리/결빙,눈,교차로 - 교차로부근,건설기계,남,56세,상해없음,화물,남,61세,중상
2020021600100377,2020년 2월 16일 18시,일요일,전라남도 여수시 웅천동,경상사고,0,0,1,0,차대차 - 측면충돌,차로위반,건조,맑음,단일로 - 기타,승용,남,74세,상해없음,승용,남,27세,경상
2020021600100378,2020년 2월 16일 18시,일요일,전라남도 고흥군 고흥읍,중상사고,0,1,0,0,차대사람 - 횡단중,보행자보호의무위반,적설,눈,교차로 - 교차로안,화물,남,65세,상해없음,보행자,여,79세,중상
2020021600100478,2020년 2월 16일 22시,일요일,전라남도 여수시 소라면,중상사고,0,1,0,0,차대차 - 측면충돌,중앙선침범,건조,맑음,교차로 - 교차로부근,승용,남,29세,상해없음,이륜,남,39세,중상
2020021600100494,2020년 2월 16일 23시,일요일,전라남도 목포시 상동,경상사고,0,0,2,0,차대차 - 기타,신호위반,서리/결빙,눈,교차로 - 교차로안,승용,남,49세,상해없음,화물,남,59세,경상
2020021600100495,2020년 2월 16일 23시,일요일,전라남도 순천시 연향동,중상사고,0,1,0,0,차대사람 - 기타,안전운전불이행,건조,맑음,단일로 - 기타,승합,남,57세,상해없음,보행자,여,70세,중상
2020021600100496,2020년 2월 16일 23시,일요일,전라남도 무안군 삼향읍,경상사고,0,0,1,0,차대차 - 추돌,안전운전불이행,적설,눈,단일로 - 지하차도(도로)내,승용,여,43세,상해없음,이륜,남,21세,경상
2020021700100009,2020년 2월 17일 01시,월요일,전라남도 여수시 웅천동,경상사고,0,0,3,0,차량단독 - 공작물충돌,안전운전불이행,건조,맑음,단일로 - 기타,승용,남,51세,상해없음,,,,
2020021700100019,2020년 2월 17일 04시,월요일,전라남도 목포시 상동,경상사고,0,0,2,0,차량단독 - 도로외이탈 - 기타,안전운전불이행,적설,눈,교차로 - 교차로부근,승용,남,57세,기타불명,,,,
2020021700100056,2020년 2월 17일 07시,월요일,전라남도 나주시 남평읍,경상사고,0,0,1,0,차량단독 - 공작물충돌,안전운전불이행,적설,눈,단일로 - 기타,승합,여,51세,경상,,,,
2020021700100057,2020년 2월 17일 07시,월요일,전라남도 보성군 복내면,경상사고,0,0,2,0,차대차 - 측면충돌,중앙선침범,적설,눈,단일로 - 기타,승용,남,41세,상해없음,이륜,여,24세,경상
2020021700100058,2020년 2월 17일 07시,월요일,전라남도 영암군 덕진면,경상사고,0,0,2,0,차대차 - 기타,안전운전불이행,서리/결빙,눈,단일로 - 기타,승용,여,38세,상해없음,승용,남,57세,경상
2020021700100094,2020년 2월 17일 08시,월요일,전라남도 나주시 빛가람동,경상사고,0,0,1,0,차대차 - 측면충돌,신호위반,젖음/습기,흐림,교차로 - 교차로안,승용,남,55세,상해없음,승용,여,63세,경상
2020021700100095,2020년 2월 17일 08시,월요일,전라남도 광양시 태인동,경상사고,0,0,1,0,차대차 - 측면충돌,안전거리미확보,건조,맑음,교차로 - 교차로부근,화물,남,51세,상해없음,승용,여,48세,경상
2020021700100178,2020년 2월 17일 10시,월요일,전라남도 장성군 장성읍,경상사고,0,0,2,0,차대차 - 기타,안전운전불이행,적설,눈,교차로 - 교차로부근,승용,여,40세,상해없음,승용,여,58세,경상
2020021700100243,2020년 2월 17일 12시,월요일,전라남도 목포시 상동,경상사고,0,0,1,0,차대차 - 기타,안전운전불이행,건조,맑음,단일로 - 기타,승용,여,39세,기타불명,이륜,남,53세,경상
2020021700100278,2020년 2월 17일 13시,월요일,전라남도 여수시 연등동,경상사고,0,0,1,0,차대차 - 측면충돌,안전운전불이행,건조,맑음,교차로 - 교차로안,승합,남,67세,상해없음,승용,남,52세,경상
2020021700100279,2020년 2월 17일 13시,월요일,전라남도 순천시 장천동,경상사고,0,0,2,0,차대차 - 추돌,안전운전불이행,건조,맑음,단일로 - 기타,승용,여,60세,경상,승합,남,53세,경상
2020021700100280,2020년 2월 17일 13시,월요일,전라남도 장흥군 안양면,경상사고,0,0,6,0,차대차 - 측면충돌,신호위반,젖음/습기,눈,교차로 - 교차로안,승용,남,61세,경상,승용,여,63세,경상
2020021700100281,2020년 2월 17일 13시,월요일,전라남도 장흥군 부산면,경상사고,0,0,2,0,차대차 - 정면충돌,중앙선침범,적설,눈,단일로 - 교량,승용,여,46세,경상,승용,남,53세,경상
2020021700100282,2020년 2월 17일 13시,월요일,전라남도 장흥군 부산면,경상사고,0,0,1,0,차대차 - 추돌,안전거리미확보,적설,눈,단일로 - 교량,승용,남,58세,기타불명,승용,남,53세,경상
2020021700100283,2020년 2월 17일 13시,월요일,전라남도 광양시 다압면,중상사고,0,2,0,0,차량단독 - 공작물충돌,안전운전불이행,서리/결빙,흐림,단일로 - 기타,화물,남,28세,중상,,,,
2020021700100331,2020년 2월 17일 14시,월요일,전라남도 완도군 노화읍,중상사고,0,1,0,0,차대사람 - 길가장자리구역통행중,안전운전불이행,젖음/습기,기타,단일로 - 기타,화물,남,46세,상해없음,보행자,남,8세,중상
2020021700100370,2020년 2월 17일 15시,월요일,전라남도 여수시 둔덕동,중상사고,0,1,1,0,차대차 - 기타,신호위반,건조,맑음,교차로 - 교차로안,승용,남,20세,상해없음,승용,남,62세,경상
2020021700100371,2020년 2월 17일 15시,월요일,전라남도 여수시 낙포동,경상사고,0,0,1,0,차대차 - 측면충돌,안전운전불이행,건조,맑음,단일로 - 기타,화물,남,56세,상해없음,화물,남,49세,경상