사고번호,사고일시,요일,시군구,사고내용,사망자수,중상자수,경상자수,부상신고자수,사고유형,법규위반,노면상태,기상상태,도로형태,가해운전자 차종,가해운전자 성별,가해운전자 연령,가해운전자 상해정도,피해운전자 차종,피해운전자 성별,피해운전자 연령,피해운전자 상해정도
2020021700100372,2020년 2월 17일 15시,월요일,전라남도 여수시 선원동,경상사고,0,0,2,0,차대차 - 정면충돌,안전운전불이행,기타,눈,단일로 - 기타,승용,남,47세,상해없음,승용,남,30세,경상
2020021700100411,2020년 2월 17일 16시,월요일,전라남도 무안군 현경면,중상사고,0,1,2,0,차대차 - 측면충돌,안전운전불이행,젖음/습기,비,교차로 - 교차로안,화물,남,27세,경상,승용,남,30세,경상
2020021700100441,2020년 2월 17일 17시,월요일,전라남도 광양시 중동,중상사고,0,1,0,0,차대사람 - 기타,신호위반,건조,맑음,교차로 - 교차로횡단보도내,원동기,남,33세,상해없음,보행자,여,72세,중상
2020021700100495,2020년 2월 17일 18시,월요일,전라남도 여수시 신기동,경상사고,0,0,2,0,차대차 - 추돌,안전운전불이행,젖음/습기,맑음,교차로 - 교차로부근,화물,남,54세,상해없음,승용,남,44세,경상
2020021700100496,2020년 2월 17일 18시,월요일,전라남도 장흥군 장흥읍,경상사고,0,0,1,0,차대차 - 측면충돌,교차로운행방법위반,서리/결빙,눈,교차로 - 교차로안,화물,남,64세,상해없음,승용,여,47세,경상
2020021700100546,2020년 2월 17일 19시,월요일,전라남도 순천시 덕월동,경상사고,0,0,7,0,차대차 - 추돌,안전운전불이행,젖음/습기,눈,단일로 - 기타,승용,남,46세,상해없음,승용,남,57세,경상
2020021700100547,2020년 2월 17일 19시,월요일,전라남도 보성군 보성읍,중상사고,0,1,0,0,차량단독 - 공작물충돌,안전운전불이행,서리/결빙,눈,단일로 - 기타,승용,남,46세,상해없음,,,,
2020021700100548,2020년 2월 17일 19시,월요일,전라남도 영암군 신북면,경상사고,0,0,1,0,차대차 - 측면충돌,안전거리미확보,적설,눈,기타 - 기타,화물,남,51세,상해없음,승용,여,56세,경상
2020021700100599,2020년 2월 17일 20시,월요일,전라남도 나주시 빛가람동,경상사고,0,0,1,0,차대차 - 측면충돌,안전거리미확보,젖음/습기,눈,단일로 - 기타,승용,여,58세,상해없음,승용,남,30세,경상
2020021700100638,2020년 2월 17일 21시,월요일,전라남도 구례군 구례읍,경상사고,0,0,1,0,차대차 - 측면충돌,안전운전불이행,적설,눈,단일로 - 기타,승용,남,51세,상해없음,승용,여,35세,경상
2020021700100668,2020년 2월 17일 22시,월요일,전라남도 목포시 대양동,경상사고,0,0,1,0,차량단독 - 공작물충돌,안전운전불이행,서리/결빙,맑음,단일로 - 기타,승용,남,57세,경상,,,,
2020021700100669,2020년 2월 17일 22시,월요일,전라남도 무안군 삼향읍,경상사고,0,0,2,0,차대차 - 추돌,안전운전불이행,서리/결빙,눈,교차로 - 교차로부근,승용,남,48세,상해없음,승용,남,34세,상해없음
2020021800100067,2020년 2월 18일 06시,화요일,전라남도 목포시 상동,중상사고,0,1,1,0,차대차 - 추돌,안전운전불이행,서리/결빙,눈,단일로 - 기타,승용,남,36세,상해없음,화물,남,59세,중상
2020021800100160,2020년 2월 18일 09시,화요일,전라남도 순천시 해룡면,경상사고,0,0,1,0,차대차 - 추돌,안전운전불이행,건조,맑음,교차로 - 교차로부근,승합,여,31세,상해없음,승용,남,49세,경상
2020021800100190,2020년 2월 18일 10시,화요일,전라남도 순천시 별량면,사망사고,1,0,0,0,차대차 - 추돌,안전운전불이행,건조,맑음,단일로 - 기타,화물,남,77세,사망,화물,남,53세,상해없음
2020021800100229,2020년 2월 18일 11시,화요일,전라남도 나주시 공산면,경상사고,0,0,1,0,차대차 - 정면충돌,안전운전불이행,건조,맑음,단일로 - 기타,화물,남,65세,상해없음,화물,남,47세,경상
2020021800100264,2020년 2월 18일 12시,화요일,전라남도 무안군 청계면,중상사고,0,1,0,0,차량단독 - 기타,안전운전불이행,건조,맑음,단일로 - 기타,이륜,남,58세,중상,,,,
2020021800100298,2020년 2월 18일 13시,화요일,전라남도 순천시 용당동,경상사고,0,0,3,0,차대차 - 추돌,안전운전불이행,건조,맑음,단일로 - 기타,이륜,남,55세,경상,승용,남,33세,경상
2020021800100299,2020년 2월 18일 13시,화요일,전라남도 영광군 염산면,부상신고사고,0,0,0,1,차량단독 - 전도전복 - 전도,안전운전불이행,건조,맑음,단일로 - 기타,이륜,남,61세,부상신고,,,,
2020021800100341,2020년 2월 18일 14시,화요일,전라남도 목포시 용해동,경상사고,0,0,1,0,차대차 - 추돌,안전운전불이행,건조,맑음,단일로 - 기타,화물,남,44세,상해없음,이륜,남,21세,경상
2020021800100342,2020년 2월 18일 14시,화요일,전라남도 목포시 용당동,경상사고,0,0,1,1,차대차 - 추돌,교차로운행방법위반,건조,맑음,교차로 - 교차로부근,승용,남,75세,부상신고,이륜,남,65세,경상
2020021800100343,2020년 2월 18일 14시,화요일,전라남도 여수시 여서동,경상사고,0,0,1,0,차대차 - 측면충돌,안전운전불이행,건조,맑음,단일로 - 기타,승용,남,64세,상해없음,승용,남,46세,경상
2020021800100344,2020년 2월 18일 14시,화요일,전라남도 해남군 해남읍,경상사고,0,0,1,0,차대차 - 측면충돌,안전운전불이행,건조,맑음,교차로 - 교차로부근,승용,여,56세,기타불명,화물,남,76세,상해없음
2020021800100345,2020년 2월 18일 14시,화요일,전라남도 영암군 덕진면,경상사고,0,0,3,0,차대차 - 추돌,안전운전불이행,건조,맑음,교차로 - 교차로부근,승용,여,44세,상해없음,승용,여,31세,경상
2020021800100381,2020년 2월 18일 15시,화요일,전라남도 목포시 상동,중상사고,0,1,3,0,차대차 - 추돌,안전거리미확보,건조,맑음,단일로 - 기타,승용,여,25세,상해없음,승용,남,64세,경상
2020021800100382,2020년 2월 18일 15시,화요일,전라남도 진도군 진도읍,경상사고,0,0,2,0,차대차 - 측면충돌,안전거리미확보,건조,맑음,교차로 - 교차로부근,승용,남,58세,상해없음,승용,남,57세,경상
2020021800100430,2020년 2월 18일 16시,화요일,전라남도 순천시 별량면,중상사고,0,1,0,0,차대사람 - 기타,안전운전불이행,건조,맑음,교차로 - 교차로횡단보도내,승용,남,73세,상해없음,보행자,남,58세,중상
2020021800100487,2020년 2월 18일 17시,화요일,전라남도 목포시 상동,경상사고,0,0,1,0,차대차 - 기타,안전운전불이행,건조,맑음,단일로 - 기타,승용,여,64세,상해없음,이륜,남,25세,경상
2020021800100488,2020년 2월 18일 17시,화요일,전라남도 여수시 문수동,부상신고사고,0,0,0,3,차대차 - 측면충돌,안전거리미확보,건조,맑음,교차로 - 교차로부근,승용,남,36세,상해없음,승용,여,41세,부상신고
2020021800100489,2020년 2월 18일 17시,화요일,전라남도 여수시 둔덕동,경상사고,0,0,2,0,차대차 - 측면충돌,안전운전불이행,건조,맑음,교차로 - 교차로부근,승용,남,60세,상해없음,승용,남,23세,상해없음
2020021800100555,2020년 2월 18일 18시,화요일,전라남도 영암군 삼호읍,경상사고,0,0,2,0,차대차 - 추돌,안전운전불이행,건조,맑음,교차로 - 교차로부근,승용,여,48세,상해없음,승용,남,57세,경상
2020021800100614,2020년 2월 18일 19시,화요일,전라남도 목포시 산정동,경상사고,0,0,2,0,차대차 - 측면충돌,안전거리미확보,건조,맑음,교차로 - 교차로안,이륜,남,42세,경상,승용,남,61세,기타불명
2020021800100615,2020년 2월 18일 19시,화요일,전라남도 여수시 여서동,경상사고,0,0,2,0,차대차 - 측면충돌,교차로운행방법위반,건조,맑음,교차로 - 교차로안,승용,남,48세,경상,승용,남,59세,경상
2020021800100616,2020년 2월 18일 19시,화요일,전라남도 담양군 담양읍,중상사고,0,1,1,3,차대차 - 측면충돌,과속,건조,맑음,교차로 - 교차로안,승용,남,23세,부상신고,승용,남,64세,중상
2020021800100617,2020년 2월 18일 19시,화요일,전라남도 무안군 무안읍,경상사고,0,0,1,0,차대차 - 측면충돌,교차로운행방법위반,건조,맑음,교차로 - 교차로안,승용,남,58세,상해없음,승용,여,56세,경상
2020021800100673,2020년 2월 18일 20시,화요일,전라남도 여수시 관문동,경상사고,0,0,2,0,차대차 - 측면충돌,직진우회전진행방해,건조,맑음,교차로 - 교차로부근,승용,여,64세,상해없음,승용,남,29세,경상
2020021800100674,2020년 2월 18일 20시,화요일,전라남도 해남군 화원면,경상사고,0,0,5,0,차대차 - 정면충돌,중앙선침범,건조,기타,교차로 - 교차로횡단보도내,승용,남,61세,상해없음,승용,남,34세,경상
2020021800100739,2020년 2월 18일 22시,화요일,전라남도 목포시 상동,경상사고,0,0,2,0,차대차 - 측면충돌,교차로운행방법위반,건조,맑음,교차로 - 교차로안,승용,남,57세,경상,승용,여,44세,경상
2020021900100088,2020년 2월 19일 07시,수요일,전라남도 목포시 옥암동,경상사고,0,0,1,0,차대차 - 기타,안전운전불이행,건조,맑음,단일로 - 기타,기타불명,기타불명,미분류,기타불명,이륜,남,31세,경상
2020021900100089,2020년 2월 19일 07시,수요일,전라남도 여수시 선원동,경상사고,0,0,1,0,차대차 - 측면충돌,안전운전불이행,건조,맑음,교차로 - 교차로안,승용,남,21세,상해없음,승용,남,28세,상해없음
2020021900100090,2020년 2월 19일 07시,수요일,전라남도 여수시 봉산동,경상사고,0,0,1,0,차대차 - 측면충돌,중앙선침범,건조,맑음,단일로 - 기타,화물,남,72세,기타불명,승용,남,30세,경상
2020021900100120,2020년 2월 19일 08시,수요일,전라남도 강진군 군동면,경상사고,0,0,1,0,차대차 - 추돌,안전거리미확보,건조,맑음,교차로 - 교차로부근,이륜,여,77세,경상,승용,남,61세,상해없음
2020021900100121,2020년 2월 19일 08시,수요일,전라남도 완도군 청산면,경상사고,0,0,2,0,차대차 - 측면충돌,안전운전불이행,건조,맑음,교차로 - 교차로안,이륜,남,69세,경상,승용,여,61세,경상
2020021900100154,2020년 2월 19일 09시,수요일,전라남도 영광군 군서면,사망사고,1,0,0,0,차대차 - 측면충돌,과속,건조,맑음,교차로 - 교차로안,화물,남,51세,상해없음,이륜,남,84세,사망
2020021900100181,2020년 2월 19일 10시,수요일,전라남도 무안군 망운면,중상사고,0,2,0,0,차대사람 - 기타,안전운전불이행,건조,맑음,기타 - 기타,건설기계,남,51세,상해없음,보행자,남,45세,중상
2020021900100254,2020년 2월 19일 12시,수요일,전라남도 목포시 용당동,경상사고,0,0,2,0,차대차 - 측면충돌,직진우회전진행방해,건조,맑음,교차로 - 교차로안,승용,남,48세,경상,이륜,남,27세,경상
2020021900100255,2020년 2월 19일 12시,수요일,전라남도 여수시 문수동,경상사고,0,0,1,0,차대차 - 추돌,안전운전불이행,건조,맑음,교차로 - 교차로안,승용,여,61세,상해없음,이륜,남,27세,경상
2020021900100287,2020년 2월 19일 13시,수요일,전라남도 여수시 학동,경상사고,0,0,3,1,차대차 - 측면충돌,차로위반,건조,맑음,교차로 - 교차로안,화물,남,38세,상해없음,승용,여,29세,경상
2020021900100289,2020년 2월 19일 13시,수요일,전라남도 영광군 영광읍,경상사고,0,0,2,0,차대차 - 측면충돌,직진우회전진행방해,건조,맑음,교차로 - 교차로안,승용,여,36세,상해없음,승용,여,49세,경상
2020021900100372,2020년 2월 19일 15시,수요일,전라남도 신안군 압해읍,부상신고사고,0,0,0,1,차대차 - 측면충돌,교차로운행방법위반,건조,맑음,교차로 - 교차로안,승용,여,66세,부상신고,화물,남,67세,상해없음
2020021900100373,2020년 2월 19일 15시,수요일,전라남도 나주시 경현동,중상사고,0,2,0,2,차대차 - 측면충돌,안전운전불이행,건조,맑음,단일로 - 기타,화물,남,67세,상해없음,승용,여,35세,중상
2020021900100374,2020년 2월 19일 15시,수요일,전라남도 해남군 해남읍,경상사고,0,0,4,0,차대차 - 측면충돌,교차로운행방법위반,건조,맑음,교차로 - 교차로안,승용,남,48세,기타불명,승용,남,36세,경상
2020021900100375,2020년 2월 19일 15시,수요일,전라남도 보성군 미력면,경상사고,0,0,1,0,차대차 - 측면충돌,중앙선침범,건조,맑음,단일로 - 기타,화물,남,64세,상해없음,승용,남,61세,경상
2020021900100419,2020년 2월 19일 16시,수요일,전라남도 순천시 조례동,경상사고,0,0,1,0,차대사람 - 횡단중,안전운전불이행,건조,맑음,교차로 - 교차로안,승용,여,51세,상해없음,보행자,남,41세,경상
2020021900100464,2020년 2월 19일 17시,수요일,전라남도 여수시 평여동,경상사고,0,0,4,0,차대차 - 측면충돌,안전운전불이행,건조,맑음,교차로 - 교차로안,승용,남,63세,기타불명,승용,남,44세,경상
2020021900100465,2020년 2월 19일 17시,수요일,전라남도 광양시 중동,경상사고,0,0,1,0,차대차 - 측면충돌,차로위반,건조,맑음,단일로 - 기타,승용,여,60세,상해없음,승합,남,39세,경상
2020021900100523,2020년 2월 19일 18시,수요일,전라남도 순천시 조례동,경상사고,0,0,1,0,차대차 - 측면충돌,신호위반,건조,맑음,교차로 - 교차로안,승용,여,54세,상해없음,승용,남,38세,경상
2020021900100524,2020년 2월 19일 18시,수요일,전라남도 화순군 화순읍,경상사고,0,0,1,0,차대차 - 측면충돌,안전운전불이행,건조,맑음,단일로 - 기타,승용,남,33세,상해없음,승용,여,55세,경상
2020021900100568,2020년 2월 19일 19시,수요일,전라남도 여수시 봉계동,경상사고,0,0,1,0,차대차 - 측면충돌,신호위반,건조,맑음,교차로 - 교차로안,승용,남,55세,상해없음,승용,여,54세,경상
2020021900100569,2020년 2월 19일 19시,수요일,전라남도 여수시 돌산읍,중상사고,0,1,0,0,차대차 - 측면충돌,중앙선침범,건조,맑음,단일로 - 기타,승용,남,65세,상해없음,이륜,남,53세,중상
2020021900100613,2020년 2월 19일 20시,수요일,전라남도 고흥군 도양읍,경상사고,0,0,1,0,차대차 - 기타,안전운전불이행,건조,맑음,교차로 - 교차로부근,승합,남,42세,상해없음,승용,여,23세,경상
2020021900100614,2020년 2월 19일 20시,수요일,전라남도 화순군 북면,사망사고,1,0,0,0,차량단독 - 도로외이탈 - 추락,안전운전불이행,건조,맑음,단일로 - 기타,이륜,남,51세,사망,,,,
2020021900100615,2020년 2월 19일 20시,수요일,전라남도 무안군 삼향읍,경상사고,0,0,1,0,차대차 - 추돌,안전운전불이행,건조,기타,단일로 - 기타,승용,여,39세,상해없음,승용,남,43세,경상
2020022000100069,2020년 2월 20일 06시,목요일,전라남도 광양시 금호동,경상사고,0,0,2,0,차대차 - 정면충돌,신호위반,건조,맑음,교차로 - 교차로안,승용,남,43세,경상,화물,남,33세,경상
2020022000100081,2020년 2월 20일 07시,목요일,전라남도 화순군 화순읍,경상사고,0,0,1,0,차대차 - 측면충돌,교차로운행방법위반,건조,맑음,교차로 - 교차로안,승용,여,45세,상해없음,승용,여,29세,경상
2020022000100119,2020년 2월 20일 08시,목요일,전라남도 영암군 삼호읍,경상사고,0,0,2,0,차대차 - 추돌,안전운전불이행,건조,맑음,단일로 - 기타,화물,남,42세,상해없음,승합,남,53세,경상
2020022000100120,2020년 2월 20일 08시,목요일,전라남도 담양군 담양읍,경상사고,0,0,1,0,차대차 - 측면충돌,신호위반,건조,맑음,교차로 - 교차로안,이륜,여,68세,경상,승용,남,47세,상해없음
2020022000100164,2020년 2월 20일 09시,목요일,전라남도 장성군 장성읍,경상사고,0,0,2,0,차대차 - 측면충돌,안전운전불이행,건조,맑음,교차로 - 교차로안,승용,여,64세,경상,승용,남,33세,경상
2020022000100196,2020년 2월 20일 10시,목요일,전라남도 목포시 옥암동,경상사고,0,0,2,0,차대차 - 추돌,안전운전불이행,건조,맑음,단일로 - 기타,화물,남,45세,상해없음,화물,남,65세,경상
2020022000100197,2020년 2월 20일 10시,목요일,전라남도 신안군 지도읍,경상사고,0,0,4,0,차대차 - 측면충돌,직진우회전진행방해,건조,맑음,교차로 - 교차로안,화물,남,73세,상해없음,화물,남,42세,경상
2020022000100198,2020년 2월 20일 10시,목요일,전라남도 무안군 무안읍,경상사고,0,0,1,0,차대차 - 측면충돌,안전운전불이행,건조,맑음,교차로 - 교차로안,이륜,남,82세,경상,화물,남,53세,상해없음
2020022000100222,2020년 2월 20일 11시,목요일,전라남도 순천시 연향동,경상사고,0,0,1,0,차대차 - 기타,신호위반,건조,맑음,교차로 - 교차로안,승용,남,55세,상해없음,승용,여,40세,경상
2020022000100223,2020년 2월 20일 11시,목요일,전라남도 완도군 노화읍,경상사고,0,0,1,0,차대사람 - 기타,안전운전불이행,건조,맑음,교차로 - 교차로안,승용,남,29세,상해없음,보행자,여,56세,경상
2020022000100260,2020년 2월 20일 12시,목요일,전라남도 해남군 황산면,중상사고,0,1,1,0,차대차 - 측면충돌,직진우회전진행방해,건조,맑음,교차로 - 교차로안,승용,여,53세,상해없음,이륜,남,64세,중상
2020022000100303,2020년 2월 20일 13시,목요일,전라남도 순천시 연향동,경상사고,0,0,1,0,차대차 - 기타,안전운전불이행,건조,맑음,교차로 - 교차로안,이륜,남,24세,경상,승용,여,55세,상해없음
2020022000100304,2020년 2월 20일 13시,목요일,전라남도 진도군 진도읍,경상사고,0,0,1,0,차대사람 - 횡단중,안전운전불이행,건조,맑음,교차로 - 교차로안,승용,남,21세,상해없음,보행자,여,49세,경상
2020022000100334,2020년 2월 20일 14시,목요일,전라남도 순천시 서면,경상사고,0,0,1,0,차대차 - 기타,중앙선침범,건조,맑음,단일로 - 기타,승용,여,57세,상해없음,승용,남,62세,경상
2020022000100371,2020년 2월 20일 15시,목요일,전라남도 여수시 학동,경상사고,0,0,5,0,차대차 - 측면충돌,안전운전불이행,건조,맑음,교차로 - 교차로안,승용,남,22세,경상,승용,남,25세,경상
2020022000100372,2020년 2월 20일 15시,목요일,전라남도 순천시 장천동,경상사고,0,0,1,0,차대차 - 기타,교차로운행방법위반,건조,맑음,교차로 - 교차로안,승용,남,54세,상해없음,승용,남,60세,상해없음
2020022000100374,2020년 2월 20일 15시,목요일,전라남도 영광군 영광읍,중상사고,0,1,0,0,차대사람 - 횡단중,안전운전불이행,건조,맑음,교차로 - 교차로안,승용,남,32세,상해없음,보행자,남,72세,중상
2020022000100375,2020년 2월 20일 15시,목요일,전라남도 곡성군 오산면,경상사고,0,0,2,0,차량단독 - 공작물충돌,안전운전불이행,젖음/습기,흐림,단일로 - 기타,화물,남,56세,경상,,,,
2020022000100424,2020년 2월 20일 16시,목요일,전라남도 순천시 풍덕동,경상사고,0,0,1,0,차대차 - 측면충돌,신호위반,건조,맑음,교차로 - 교차로안,승용,남,61세,상해없음,승용,여,23세,경상
2020022000100425,2020년 2월 20일 16시,목요일,전라남도 강진군 강진읍,중상사고,0,1,0,0,차대차 - 측면충돌,안전운전불이행,건조,맑음,단일로 - 기타,승용,여,70세,상해없음,이륜,남,35세,중상
2020022000100459,2020년 2월 20일 17시,목요일,전라남도 광양시 중동,경상사고,0,0,3,0,차대차 - 측면충돌,안전운전불이행,건조,맑음,단일로 - 기타,승용,남,53세,상해없음,건설기계,남,64세,경상
2020022000100567,2020년 2월 20일 19시,목요일,전라남도 진도군 군내면,중상사고,0,1,0,0,차대차 - 추돌,안전운전불이행,건조,흐림,단일로 - 기타,승용,남,47세,중상,승용,남,55세,상해없음
2020022000100610,2020년 2월 20일 20시,목요일,전라남도 순천시 덕월동,경상사고,0,0,2,0,차대차 - 기타,신호위반,건조,맑음,교차로 - 교차로안,화물,남,56세,경상,승용,남,45세,경상
2020022100100014,2020년 2월 21일 00시,금요일,전라남도 나주시 빛가람동,경상사고,0,0,1,0,차대사람 - 기타,안전운전불이행,건조,맑음,교차로 - 교차로부근,승용,남,45세,상해없음,보행자,남,26세,경상
2020022100100041,2020년 2월 21일 02시,금요일,전라남도 여수시 웅천동,경상사고,0,0,2,0,차대차 - 추돌,안전운전불이행,젖음/습기,맑음,단일로 - 기타,승용,여,46세,상해없음,승용,남,59세,경상
2020022100100090,2020년 2월 21일 06시,금요일,전라남도 여수시 오림동,경상사고,0,0,1,0,차대차 - 추돌,안전운전불이행,건조,맑음,단일로 - 기타,승용,남,39세,상해없음,승용,여,54세,경상
2020022100100091,2020년 2월 21일 06시,금요일,전라남도 여수시 학동,경상사고,0,0,1,0,차대차 - 추돌,안전운전불이행,건조,맑음,단일로 - 기타,승용,여,36세,상해없음,화물,남,46세,경상
2020022100100092,2020년 2월 21일 06시,금요일,전라남도 장성군 동화면,사망사고,1,1,0,1,차대차 - 추돌,과속,건조,맑음,기타 - 기타,화물,남,80세,부상신고,화물,남,57세,상해없음
2020022100100108,2020년 2월 21일 07시,금요일,전라남도 함평군 나산면,경상사고,0,0,2,0,차대차 - 정면충돌,중앙선침범,젖음/습기,맑음,단일로 - 기타,승용,남,22세,경상,건설기계,남,67세,경상
2020022100100109,2020년 2월 21일 07시,금요일,전라남도 무안군 삼향읍,경상사고,0,0,1,0,차대차 - 추돌,안전운전불이행,건조,맑음,단일로 - 기타,승용,남,38세,상해없음,승용,여,50세,경상
2020022100100110,2020년 2월 21일 07시,금요일,전라남도 광양시 금호동,부상신고사고,0,0,0,1,차대차 - 측면충돌,안전운전불이행,건조,맑음,교차로 - 교차로안,승용,남,59세,부상신고,화물,남,57세,상해없음
2020022100100150,2020년 2월 21일 08시,금요일,전라남도 순천시 승주읍,중상사고,0,1,3,0,차대차 - 기타,신호위반,건조,맑음,교차로 - 교차로안,승용,남,54세,상해없음,승합,남,55세,상해없음
2020022100100184,2020년 2월 21일 09시,금요일,전라남도 함평군 학교면,경상사고,0,0,1,0,차대차 - 측면충돌,교차로운행방법위반,건조,맑음,교차로 - 교차로안,화물,남,67세,상해없음,승용,남,48세,경상
2020022100100210,2020년 2월 21일 10시,금요일,전라남도 여수시 봉산동,경상사고,0,0,1,0,차대차 - 측면충돌,안전운전불이행,건조,맑음,교차로 - 교차로부근,승용,남,72세,상해없음,이륜,남,35세,경상
2020022100100211,2020년 2월 21일 10시,금요일,전라남도 순천시 덕암동,중상사고,0,1,0,0,차대차 - 기타,중앙선침범,건조,맑음,교차로 - 교차로안,자전거,남,74세,중상,승용,남,32세,상해없음
2020022100100212,2020년 2월 21일 10시,금요일,전라남도 해남군 화산면,중상사고,0,1,0,0,차대차 - 측면충돌,안전운전불이행,건조,맑음,단일로 - 기타,화물,남,67세,상해없음,농기계,남,69세,중상
2020022100100232,2020년 2월 21일 11시,금요일,전라남도 목포시 상동,경상사고,0,0,4,0,차대차 - 측면충돌,안전운전불이행,건조,맑음,단일로 - 기타,승용,남,74세,경상,승용,남,41세,경상
2020022100100233,2020년 2월 21일 11시,금요일,전라남도 목포시 용당동,경상사고,0,0,1,0,차대차 - 추돌,안전운전불이행,건조,맑음,교차로 - 교차로부근,승용,여,59세,상해없음,승용,여,39세,경상
2020022100100234,2020년 2월 21일 11시,금요일,전라남도 나주시 노안면,경상사고,0,0,3,0,차대차 - 기타,중앙선침범,건조,맑음,교차로 - 교차로안,원동기,남,88세,상해없음,승용,남,65세,경상
2020022100100296,2020년 2월 21일 13시,금요일,전라남도 여수시 학동,경상사고,0,0,1,0,차대차 - 측면충돌,안전운전불이행,건조,맑음,단일로 - 기타,승용,여,44세,상해없음,승합,여,54세,경상
2020022100100297,2020년 2월 21일 13시,금요일,전라남도 영암군 영암읍,중상사고,0,1,2,0,차대차 - 추돌,안전운전불이행,건조,맑음,단일로 - 기타,화물,남,51세,중상,승용,여,59세,경상
2020022100100298,2020년 2월 21일 13시,금요일,전라남도 곡성군 목사동면,경상사고,0,0,1,0,차대사람 - 기타,안전운전불이행,건조,맑음,교차로 - 교차로부근,승용,여,50세,상해없음,보행자,여,75세,경상
2020022100100299,2020년 2월 21일 13시,금요일,전라남도 무안군 운남면,중상사고,0,1,1,0,차대차 - 측면충돌,기타,건조,맑음,교차로 - 교차로부근,화물,남,48세,경상,승합,여,57세,중상
2020022100100360,2020년 2월 21일 15시,금요일,전라남도 여수시 신기동,경상사고,0,0,1,0,차대차 - 측면충돌,차로위반,건조,맑음,교차로 - 교차로부근,승용,여,58세,상해없음,승용,여,46세,경상
2020022100100394,2020년 2월 21일 16시,금요일,전라남도 목포시 옥암동,경상사고,0,0,1,0,차대차 - 측면충돌,안전거리미확보,건조,맑음,단일로 - 기타,승용,여,58세,상해없음,승용,남,37세,경상
2020022100100395,2020년 2월 21일 16시,금요일,전라남도 여수시 여서동,경상사고,0,0,1,0,차대차 - 측면충돌,안전운전불이행,건조,맑음,교차로 - 교차로부근,승합,여,54세,경상,승용,남,57세,상해없음
2020022100100396,2020년 2월 21일 16시,금요일,전라남도 여수시 소라면,경상사고,0,0,4,0,차대차 - 정면충돌,안전운전불이행,건조,맑음,기타 - 기타,승용,남,47세,기타불명,승합,남,70세,경상
2020022100100428,2020년 2월 21일 17시,금요일,전라남도 목포시 용해동,경상사고,0,0,1,0,차대차 - 측면충돌,신호위반,건조,맑음,단일로 - 기타,승용,여,44세,상해없음,자전거,남,74세,경상
2020022100100429,2020년 2월 21일 17시,금요일,전라남도 목포시 석현동,경상사고,0,0,1,0,차대사람 - 기타,안전운전불이행,건조,맑음,단일로 - 기타,기타불명,기타불명,미분류,기타불명,보행자,여,51세,경상
2020022100100466,2020년 2월 21일 18시,금요일,전라남도 목포시 옥암동,경상사고,0,0,2,0,차대차 - 측면충돌,안전운전불이행,건조,맑음,교차로 - 교차로안,승용,여,37세,상해없음,승용,남,28세,경상
2020022100100467,2020년 2월 21일 18시,금요일,전라남도 곡성군 입면,사망사고,1,0,0,0,차대사람 - 차도통행중,안전운전불이행,건조,흐림,단일로 - 기타,승용,남,32세,상해없음,보행자,여,75세,사망
2020022100100521,2020년 2월 21일 19시,금요일,전라남도 순천시 연향동,경상사고,0,0,1,0,차대사람 - 횡단중,안전운전불이행,건조,맑음,단일로 - 기타,이륜,남,40세,상해없음,보행자,여,7세,경상
2020022100100522,2020년 2월 21일 19시,금요일,전라남도 무안군 삼향읍,경상사고,0,0,2,0,차대차 - 측면충돌,안전운전불이행,건조,흐림,단일로 - 기타,승용,여,29세,경상,승용,남,49세,경상
2020022100100578,2020년 2월 21일 20시,금요일,전라남도 목포시 석현동,중상사고,0,1,0,0,차량단독 - 공작물충돌,안전운전불이행,젖음/습기,비,교차로 - 교차로부근,승용,남,56세,중상,,,,
2020022100100579,2020년 2월 21일 20시,금요일,전라남도 순천시 조례동,경상사고,0,0,1,0,차대차 - 측면충돌,안전운전불이행,젖음/습기,비,단일로 - 기타,화물,남,60세,상해없음,이륜,남,44세,경상
2020022100100580,2020년 2월 21일 20시,금요일,전라남도 순천시 조곡동,경상사고,0,0,1,0,차대차 - 기타,안전운전불이행,건조,맑음,교차로 - 교차로안,화물,남,59세,경상,승용,남,24세,상해없음
2020022100100581,2020년 2월 21일 20시,금요일,전라남도 광양시 성황동,경상사고,0,0,2,0,차대차 - 추돌,안전운전불이행,젖음/습기,비,교차로 - 교차로부근,승용,남,22세,상해없음,승용,남,39세,경상
2020022100100690,2020년 2월 21일 23시,금요일,전라남도 목포시 옥암동,경상사고,0,0,1,0,차대사람 - 기타,안전운전불이행,젖음/습기,흐림,교차로 - 교차로안,승합,남,36세,상해없음,보행자,남,47세,경상
2020022100100691,2020년 2월 21일 23시,금요일,전라남도 목포시 옥암동,경상사고,0,0,1,0,차대차 - 측면충돌,신호위반,건조,맑음,교차로 - 교차로안,승용,남,50세,상해없음,승용,남,31세,경상
2020022100100692,2020년 2월 21일 23시,금요일,전라남도 나주시 빛가람동,경상사고,0,0,2,0,차대차 - 측면충돌,직진우회전진행방해,건조,맑음,교차로 - 교차로안,승용,남,40세,경상,승용,남,36세,경상
2020022100100693,2020년 2월 21일 23시,금요일,전라남도 광양시 마동,경상사고,0,0,1,0,차대차 - 기타,안전거리미확보,젖음/습기,비,교차로 - 교차로부근,승용,남,28세,상해없음,원동기,남,22세,경상