사고번호,사고일시,요일,시군구,사고내용,사망자수,중상자수,경상자수,부상신고자수,사고유형,법규위반,노면상태,기상상태,도로형태,가해운전자 차종,가해운전자 성별,가해운전자 연령,가해운전자 상해정도,피해운전자 차종,피해운전자 성별,피해운전자 연령,피해운전자 상해정도
2020022700100304,2020년 2월 27일 17시,목요일,전라남도 광양시 중동,부상신고사고,0,0,0,1,차대사람 - 차도통행중,안전운전불이행,건조,맑음,단일로 - 기타,화물,남,72세,상해없음,보행자,여,21세,부상신고
2020022700100333,2020년 2월 27일 18시,목요일,전라남도 순천시 연향동,경상사고,0,0,2,0,차대차 - 측면충돌,안전운전불이행,건조,맑음,단일로 - 기타,승용,남,25세,상해없음,승합,남,50세,경상
2020022700100334,2020년 2월 27일 18시,목요일,전라남도 장성군 장성읍,경상사고,0,0,1,0,차대차 - 정면충돌,안전운전불이행,건조,맑음,교차로 - 교차로안,승용,남,35세,경상,승용,여,32세,상해없음
2020022700100335,2020년 2월 27일 18시,목요일,전라남도 담양군 무정면,사망사고,1,0,0,0,차대사람 - 기타,안전운전불이행,건조,맑음,단일로 - 기타,승용,남,54세,상해없음,보행자,여,68세,사망
2020022700100358,2020년 2월 27일 19시,목요일,전라남도 무안군 해제면,경상사고,0,0,1,0,차량단독 - 기타,안전운전불이행,건조,맑음,교차로 - 교차로안,화물,남,64세,경상,,,,
2020022700100386,2020년 2월 27일 20시,목요일,전라남도 광양시 중동,경상사고,0,0,1,0,차대차 - 측면충돌,신호위반,건조,맑음,교차로 - 교차로안,승용,남,40세,상해없음,승용,남,53세,경상
2020022700100411,2020년 2월 27일 21시,목요일,전라남도 순천시 연향동,경상사고,0,0,1,0,차대사람 - 횡단중,신호위반,건조,맑음,교차로 - 교차로횡단보도내,승용,여,57세,상해없음,보행자,여,43세,경상
2020022800100015,2020년 2월 28일 01시,금요일,전라남도 영암군 삼호읍,중상사고,0,1,1,0,차대차 - 측면충돌,신호위반,건조,맑음,교차로 - 교차로안,승용,남,41세,상해없음,승용,남,25세,경상
2020022800100074,2020년 2월 28일 08시,금요일,전라남도 여수시 웅천동,경상사고,0,0,1,0,차대차 - 측면충돌,신호위반,건조,맑음,교차로 - 교차로안,승용,남,37세,상해없음,승용,여,40세,경상
2020022800100075,2020년 2월 28일 08시,금요일,전라남도 해남군 해남읍,경상사고,0,0,1,0,차대차 - 측면충돌,직진우회전진행방해,건조,맑음,교차로 - 교차로안,승용,여,31세,상해없음,승용,남,53세,경상
2020022800100076,2020년 2월 28일 08시,금요일,전라남도 영광군 군서면,중상사고,0,1,1,0,차대차 - 측면충돌,직진우회전진행방해,건조,맑음,교차로 - 교차로안,승용,여,67세,경상,화물,남,68세,중상
2020022800100099,2020년 2월 28일 09시,금요일,전라남도 고흥군 도양읍,경상사고,0,0,1,0,차대차 - 측면충돌,교차로운행방법위반,건조,맑음,교차로 - 교차로안,이륜,남,83세,경상,승용,여,46세,상해없음
2020022800100120,2020년 2월 28일 10시,금요일,전라남도 여수시 덕충동,경상사고,0,0,1,0,차대차 - 측면충돌,안전운전불이행,건조,맑음,단일로 - 기타,승합,남,65세,상해없음,화물,남,43세,경상
2020022800100121,2020년 2월 28일 10시,금요일,전라남도 순천시 조례동,경상사고,0,0,1,0,차대차 - 측면충돌,기타,건조,맑음,교차로 - 교차로안,이륜,남,18세,경상,승용,남,27세,상해없음
2020022800100139,2020년 2월 28일 11시,금요일,전라남도 영암군 덕진면,경상사고,0,0,2,0,차대차 - 기타,기타,젖음/습기,비,교차로 - 교차로안,승용,남,54세,경상,승용,남,76세,경상
2020022800100182,2020년 2월 28일 13시,금요일,전라남도 목포시 상동,경상사고,0,0,1,0,차대사람 - 기타,기타,건조,맑음,단일로 - 기타,화물,남,45세,상해없음,보행자,여,74세,경상
2020022800100183,2020년 2월 28일 13시,금요일,전라남도 순천시 연향동,중상사고,0,1,0,0,차대차 - 기타,안전운전불이행,건조,맑음,단일로 - 기타,승용,남,40세,상해없음,자전거,남,78세,중상
2020022800100184,2020년 2월 28일 13시,금요일,전라남도 진도군 고군면,중상사고,0,1,1,0,차대차 - 측면충돌,교차로운행방법위반,젖음/습기,비,교차로 - 교차로부근,화물,여,56세,상해없음,화물,남,69세,경상
2020022800100206,2020년 2월 28일 14시,금요일,전라남도 진도군 진도읍,중상사고,0,1,0,0,차대차 - 측면충돌,교차로운행방법위반,젖음/습기,비,교차로 - 교차로안,화물,남,62세,상해없음,이륜,여,69세,중상
2020022800100225,2020년 2월 28일 15시,금요일,전라남도 목포시 연산동,경상사고,0,0,1,0,차대차 - 측면충돌,중앙선침범,젖음/습기,흐림,단일로 - 기타,화물,남,72세,상해없음,화물,남,41세,경상
2020022800100226,2020년 2월 28일 15시,금요일,전라남도 여수시 둔덕동,경상사고,0,0,1,0,차대차 - 추돌,안전운전불이행,건조,맑음,교차로 - 교차로부근,승용,여,49세,상해없음,승용,남,64세,경상
2020022800100227,2020년 2월 28일 15시,금요일,전라남도 담양군 담양읍,경상사고,0,0,1,0,차대차 - 측면충돌,안전운전불이행,건조,맑음,단일로 - 기타,자전거,남,62세,경상,승용,여,54세,상해없음
2020022800100278,2020년 2월 28일 17시,금요일,전라남도 목포시 용해동,경상사고,0,0,1,0,차대사람 - 기타,안전운전불이행,건조,맑음,교차로 - 교차로안,승용,여,45세,상해없음,보행자,여,20세,경상
2020022800100279,2020년 2월 28일 17시,금요일,전라남도 나주시 산포면,중상사고,0,1,1,0,차대차 - 측면충돌,안전운전불이행,건조,흐림,교차로 - 교차로안,승용,남,48세,중상,승합,남,65세,경상
2020022800100310,2020년 2월 28일 18시,금요일,전라남도 구례군 구례읍,사망사고,1,0,0,0,차대사람 - 차도통행중,안전운전불이행,젖음/습기,흐림,기타 - 기타,승용,여,48세,상해없음,보행자,여,70세,사망
2020022800100359,2020년 2월 28일 19시,금요일,전라남도 목포시 옥암동,경상사고,0,0,3,0,차대차 - 측면충돌,신호위반,건조,맑음,교차로 - 교차로안,승용,여,40세,경상,승용,남,35세,경상
2020022800100360,2020년 2월 28일 19시,금요일,전라남도 여수시 학동,경상사고,0,0,1,0,차대차 - 기타,신호위반,건조,맑음,교차로 - 교차로안,승용,남,40세,상해없음,이륜,남,29세,경상
2020022800100361,2020년 2월 28일 19시,금요일,전라남도 순천시 조례동,경상사고,0,0,1,0,차대사람 - 횡단중,보행자보호의무위반,젖음/습기,맑음,교차로 - 교차로횡단보도내,원동기,남,18세,상해없음,보행자,여,47세,경상
2020022800100362,2020년 2월 28일 19시,금요일,전라남도 강진군 군동면,중상사고,0,1,1,0,차대차 - 측면충돌,직진우회전진행방해,젖음/습기,흐림,교차로 - 교차로안,화물,남,62세,중상,승용,남,54세,경상
2020022800100398,2020년 2월 28일 20시,금요일,전라남도 신안군 안좌면,중상사고,0,4,3,0,차대차 - 측면충돌,중앙선침범,젖음/습기,비,단일로 - 기타,승용,남,52세,경상,승용,여,57세,중상
2020022800100399,2020년 2월 28일 20시,금요일,전라남도 여수시 서교동,경상사고,0,0,1,0,차대차 - 측면충돌,안전운전불이행,건조,맑음,단일로 - 기타,승용,남,62세,상해없음,이륜,남,22세,경상
2020022800100400,2020년 2월 28일 20시,금요일,전라남도 광양시 마동,경상사고,0,0,1,0,차대차 - 측면충돌,신호위반,건조,맑음,교차로 - 교차로안,승용,남,36세,상해없음,승용,남,50세,경상
2020022800100439,2020년 2월 28일 22시,금요일,전라남도 목포시 옥암동,경상사고,0,0,4,0,차대차 - 추돌,안전운전불이행,건조,흐림,단일로 - 기타,승용,남,28세,상해없음,승합,남,42세,경상
2020022800100440,2020년 2월 28일 22시,금요일,전라남도 순천시 석현동,경상사고,0,0,1,0,차대사람 - 횡단중,안전운전불이행,건조,맑음,단일로 - 기타,승용,남,27세,상해없음,보행자,남,23세,경상
2020022800100441,2020년 2월 28일 22시,금요일,전라남도 완도군 신지면,경상사고,0,0,1,0,차량단독 - 기타,안전운전불이행,건조,맑음,기타 - 기타,화물,남,25세,상해없음,,,,
2020022800100460,2020년 2월 28일 23시,금요일,전라남도 목포시 옥암동,중상사고,0,1,2,0,차대차 - 정면충돌,신호위반,건조,맑음,교차로 - 교차로안,승용,남,26세,기타불명,승용,남,59세,경상
2020022800100461,2020년 2월 28일 23시,금요일,전라남도 여수시 학동,경상사고,0,0,1,0,차대사람 - 길가장자리구역통행중,안전운전불이행,건조,맑음,교차로 - 교차로안,승용,남,34세,상해없음,보행자,남,35세,경상
2020022800100462,2020년 2월 28일 23시,금요일,전라남도 여수시 소라면,경상사고,0,0,2,0,차량단독 - 공작물충돌,안전운전불이행,젖음/습기,흐림,단일로 - 교량,승용,남,19세,상해없음,,,,
2020022900100033,2020년 2월 29일 01시,토요일,전라남도 여수시 소라면,경상사고,0,0,1,0,차대차 - 측면충돌,안전운전불이행,건조,맑음,교차로 - 교차로부근,승용,여,46세,상해없음,화물,남,73세,경상
2020022900100042,2020년 2월 29일 02시,토요일,전라남도 순천시 덕암동,중상사고,0,1,0,0,차량단독 - 공작물충돌,안전운전불이행,건조,맑음,교차로 - 교차로안,승용,남,19세,중상,,,,
2020022900100078,2020년 2월 29일 06시,토요일,전라남도 나주시 다시면,경상사고,0,0,1,0,차대차 - 측면충돌,안전운전불이행,건조,맑음,교차로 - 교차로부근,건설기계,남,57세,상해없음,승용,여,59세,경상
2020022900100084,2020년 2월 29일 07시,토요일,전라남도 화순군 화순읍,경상사고,0,0,3,0,차대차 - 측면충돌,안전운전불이행,건조,맑음,교차로 - 교차로부근,승용,남,25세,경상,승용,남,67세,경상
2020022900100103,2020년 2월 29일 09시,토요일,전라남도 장성군 삼계면,경상사고,0,0,1,0,차대차 - 측면충돌,직진우회전진행방해,건조,맑음,교차로 - 교차로안,승용,남,28세,상해없음,이륜,남,74세,경상
2020022900100137,2020년 2월 29일 11시,토요일,전라남도 나주시 노안면,부상신고사고,0,0,0,1,차대차 - 기타,직진우회전진행방해,건조,맑음,교차로 - 교차로안,이륜,남,63세,부상신고,승용,여,52세,상해없음
2020022900100166,2020년 2월 29일 12시,토요일,전라남도 여수시 교동,경상사고,0,0,1,0,차대사람 - 차도통행중,안전운전불이행,건조,맑음,단일로 - 기타,승용,여,29세,상해없음,보행자,남,48세,경상
2020022900100180,2020년 2월 29일 13시,토요일,전라남도 여수시 봉산동,경상사고,0,0,2,0,차대차 - 측면충돌,안전운전불이행,건조,맑음,단일로 - 기타,승용,남,77세,상해없음,화물,남,50세,경상
2020022900100181,2020년 2월 29일 13시,토요일,전라남도 나주시 성북동,부상신고사고,0,0,0,1,차대차 - 측면충돌,안전운전불이행,건조,맑음,단일로 - 기타,이륜,여,48세,상해없음,승용,남,31세,부상신고
2020022900100182,2020년 2월 29일 13시,토요일,전라남도 완도군 고금면,경상사고,0,0,2,0,차대차 - 정면충돌,중앙선침범,건조,맑음,단일로 - 기타,화물,남,70세,상해없음,승용,남,30세,경상
2020022900100204,2020년 2월 29일 14시,토요일,전라남도 장성군 장성읍,경상사고,0,0,2,0,차대차 - 측면충돌,안전거리미확보,건조,맑음,기타 - 기타,승합,남,69세,상해없음,승용,남,64세,경상
2020022900100324,2020년 2월 29일 19시,토요일,전라남도 무안군 삼향읍,경상사고,0,0,2,0,차대차 - 추돌,안전운전불이행,건조,맑음,교차로 - 교차로부근,승용,여,45세,상해없음,승용,남,48세,경상
2020022900100359,2020년 2월 29일 21시,토요일,전라남도 순천시 오천동,경상사고,0,0,1,0,차대차 - 후진중충돌,안전운전불이행,건조,맑음,교차로 - 교차로안,승용,남,28세,상해없음,승용,남,28세,경상
2020030100100050,2020년 3월 1일 06시,일요일,전라남도 해남군 해남읍,경상사고,0,0,1,0,차대차 - 측면충돌,직진우회전진행방해,건조,맑음,교차로 - 교차로안,화물,남,77세,상해없음,승용,여,59세,경상
2020030100100054,2020년 3월 1일 07시,일요일,전라남도 여수시 봉강동,중상사고,0,1,0,0,차대사람 - 횡단중,보행자보호의무위반,건조,맑음,교차로 - 교차로안,승용,여,58세,상해없음,보행자,여,63세,중상
2020030100100121,2020년 3월 1일 13시,일요일,전라남도 나주시 송월동,중상사고,0,1,0,0,차대차 - 측면충돌,신호위반,건조,맑음,교차로 - 교차로안,원동기,남,20세,중상,승용,남,52세,상해없음
2020030100100132,2020년 3월 1일 14시,일요일,전라남도 여수시 선원동,경상사고,0,0,3,0,차대차 - 측면충돌,교차로운행방법위반,건조,맑음,교차로 - 교차로안,승용,남,41세,경상,승용,남,49세,경상
2020030100100133,2020년 3월 1일 14시,일요일,전라남도 고흥군 도양읍,중상사고,0,2,3,0,차대차 - 측면충돌,기타,건조,맑음,교차로 - 교차로안,승용,남,38세,상해없음,승용,남,56세,중상
2020030100100156,2020년 3월 1일 15시,일요일,전라남도 장흥군 장흥읍,경상사고,0,0,1,0,차대사람 - 차도통행중,안전운전불이행,건조,맑음,단일로 - 기타,승용,남,36세,상해없음,보행자,여,61세,경상
2020030100100173,2020년 3월 1일 16시,일요일,전라남도 고흥군 대서면,중상사고,0,1,0,0,차량단독 - 전도전복 - 전도,안전운전불이행,건조,맑음,단일로 - 기타,화물,남,65세,상해없음,,,,
2020030100100187,2020년 3월 1일 17시,일요일,전라남도 해남군 해남읍,경상사고,0,0,5,0,차대차 - 측면충돌,신호위반,건조,맑음,교차로 - 교차로안,화물,남,76세,경상,승용,여,40세,경상
2020030100100207,2020년 3월 1일 18시,일요일,전라남도 목포시 상동,경상사고,0,0,4,0,차대차 - 기타,안전운전불이행,건조,맑음,단일로 - 기타,승용,여,38세,상해없음,승용,여,20세,경상
2020030100100226,2020년 3월 1일 19시,일요일,전라남도 영광군 영광읍,중상사고,0,1,1,0,차대차 - 추돌,안전거리미확보,건조,맑음,단일로 - 기타,화물,남,58세,중상,화물,남,56세,경상
2020030100100246,2020년 3월 1일 20시,일요일,전라남도 목포시 용당동,중상사고,0,1,0,0,차대사람 - 기타,안전운전불이행,건조,맑음,단일로 - 기타,승용,남,73세,상해없음,보행자,남,78세,중상
2020030100100247,2020년 3월 1일 20시,일요일,전라남도 화순군 화순읍,경상사고,0,0,1,0,차대차 - 후진중충돌,안전운전불이행,젖음/습기,비,주차장 - 주차장,승용,남,56세,상해없음,승용,남,22세,경상
2020030100100248,2020년 3월 1일 20시,일요일,전라남도 광양시 광영동,경상사고,0,0,1,0,차대차 - 측면충돌,차로위반,건조,맑음,단일로 - 기타,승용,남,59세,상해없음,화물,남,53세,경상
2020030100100260,2020년 3월 1일 21시,일요일,전라남도 목포시 옥암동,경상사고,0,0,1,0,차대차 - 기타,안전운전불이행,건조,맑음,교차로 - 교차로부근,승용,남,18세,상해없음,화물,남,58세,경상
2020030100100261,2020년 3월 1일 21시,일요일,전라남도 여수시 돌산읍,경상사고,0,0,1,0,차대차 - 측면충돌,교차로운행방법위반,건조,맑음,교차로 - 교차로안,승용,남,29세,상해없음,승합,남,58세,경상
2020030100100262,2020년 3월 1일 21시,일요일,전라남도 무안군 삼향읍,경상사고,0,0,2,0,차대차 - 추돌,안전운전불이행,건조,기타,기타 - 기타,승용,남,51세,상해없음,승용,여,48세,경상
2020030200100011,2020년 3월 2일 01시,월요일,전라남도 광양시 중동,부상신고사고,0,0,0,1,차대사람 - 길가장자리구역통행중,안전운전불이행,건조,맑음,단일로 - 기타,승용,여,49세,기타불명,보행자,남,49세,부상신고
2020030200100131,2020년 3월 2일 10시,월요일,전라남도 순천시 해룡면,경상사고,0,0,1,0,차대차 - 측면충돌,안전운전불이행,건조,맑음,교차로 - 교차로안,이륜,남,85세,경상,화물,남,37세,상해없음
2020030200100132,2020년 3월 2일 10시,월요일,전라남도 화순군 북면,중상사고,0,2,0,0,차량단독 - 기타,안전운전불이행,건조,맑음,단일로 - 기타,승용,여,66세,상해없음,,,,
2020030200100160,2020년 3월 2일 11시,월요일,전라남도 영광군 군서면,경상사고,0,0,1,0,차대차 - 측면충돌,안전운전불이행,건조,맑음,단일로 - 기타,승용,남,70세,상해없음,이륜,남,69세,경상
2020030200100211,2020년 3월 2일 13시,월요일,전라남도 목포시 용당동,경상사고,0,0,2,0,차대차 - 측면충돌,신호위반,건조,맑음,교차로 - 교차로부근,승용,남,70세,경상,승용,남,43세,경상
2020030200100231,2020년 3월 2일 14시,월요일,전라남도 고흥군 도양읍,경상사고,0,0,1,0,차대차 - 측면충돌,교차로운행방법위반,건조,맑음,교차로 - 교차로부근,승용,남,65세,상해없음,승용,남,51세,경상
2020030200100232,2020년 3월 2일 14시,월요일,전라남도 광양시 광양읍,경상사고,0,0,1,0,차대차 - 측면충돌,교차로운행방법위반,건조,맑음,교차로 - 교차로안,승용,남,60세,상해없음,화물,남,49세,경상
2020030200100283,2020년 3월 2일 16시,월요일,전라남도 여수시 돌산읍,경상사고,0,0,1,0,차대차 - 측면충돌,신호위반,건조,맑음,교차로 - 교차로안,승용,남,48세,상해없음,승용,남,24세,경상
2020030200100284,2020년 3월 2일 16시,월요일,전라남도 순천시 별량면,중상사고,0,1,1,0,차대차 - 추돌,안전운전불이행,건조,맑음,단일로 - 기타,승용,남,51세,중상,화물,남,47세,경상
2020030200100312,2020년 3월 2일 17시,월요일,전라남도 장성군 남면,경상사고,0,0,2,0,차대차 - 추돌,안전운전불이행,건조,맑음,교차로 - 교차로부근,화물,남,64세,상해없음,승용,여,54세,경상
2020030200100313,2020년 3월 2일 17시,월요일,전라남도 무안군 망운면,사망사고,1,0,0,0,차대차 - 정면충돌,중앙선침범,건조,맑음,단일로 - 기타,자전거,남,67세,사망,승용,남,25세,상해없음
2020030200100350,2020년 3월 2일 18시,월요일,전라남도 목포시 석현동,경상사고,0,0,1,0,차대차 - 기타,안전운전불이행,건조,맑음,교차로 - 교차로부근,화물,남,29세,상해없음,승용,남,29세,경상
2020030200100379,2020년 3월 2일 19시,월요일,전라남도 목포시 옥암동,경상사고,0,0,1,0,차대차 - 측면충돌,교차로운행방법위반,건조,맑음,교차로 - 교차로안,승용,남,44세,상해없음,이륜,남,27세,경상
2020030200100380,2020년 3월 2일 19시,월요일,전라남도 여수시 신월동,경상사고,0,0,3,0,차대차 - 기타,교차로운행방법위반,건조,맑음,교차로 - 교차로안,승용,여,61세,상해없음,승용,남,18세,경상
2020030200100381,2020년 3월 2일 19시,월요일,전라남도 순천시 연향동,중상사고,0,1,0,0,차대사람 - 차도통행중,안전운전불이행,건조,맑음,교차로 - 교차로부근,원동기,남,22세,상해없음,보행자,남,64세,중상
2020030200100382,2020년 3월 2일 19시,월요일,전라남도 나주시 송월동,경상사고,0,0,1,0,차대차 - 측면충돌,안전운전불이행,건조,맑음,단일로 - 기타,승용,남,62세,상해없음,특수,남,51세,경상
2020030200100398,2020년 3월 2일 20시,월요일,전라남도 고흥군 도양읍,경상사고,0,0,2,0,차대차 - 측면충돌,교차로운행방법위반,건조,맑음,교차로 - 교차로안,화물,남,57세,상해없음,승용,남,29세,경상
2020030200100399,2020년 3월 2일 20시,월요일,전라남도 함평군 함평읍,중상사고,0,1,3,0,차대차 - 측면충돌,교차로운행방법위반,건조,맑음,기타 - 기타,승용,여,26세,경상,승용,남,49세,중상
2020030200100427,2020년 3월 2일 21시,월요일,전라남도 순천시 서면,중상사고,0,1,0,0,차대사람 - 기타,안전운전불이행,건조,맑음,단일로 - 기타,승용,여,45세,상해없음,보행자,남,62세,중상
2020030200100428,2020년 3월 2일 21시,월요일,전라남도 순천시 해룡면,경상사고,0,0,1,0,차대차 - 추돌,안전운전불이행,건조,맑음,교차로 - 교차로부근,승용,남,54세,상해없음,승용,여,29세,경상
2020030300100086,2020년 3월 3일 08시,화요일,전라남도 목포시 산정동,경상사고,0,0,1,0,차대차 - 측면충돌,안전운전불이행,건조,맑음,교차로 - 교차로안,승용,여,50세,상해없음,이륜,남,72세,경상
2020030300100104,2020년 3월 3일 09시,화요일,전라남도 목포시 상동,경상사고,0,0,4,0,차대차 - 측면충돌,교차로운행방법위반,건조,맑음,교차로 - 교차로안,화물,남,34세,경상,승용,여,39세,경상
2020030300100106,2020년 3월 3일 09시,화요일,전라남도 광양시 광양읍,경상사고,0,0,1,0,차대차 - 정면충돌,교차로운행방법위반,건조,맑음,교차로 - 교차로부근,승용,여,54세,상해없음,승용,남,36세,경상
2020030300100128,2020년 3월 3일 10시,화요일,전라남도 영암군 덕진면,경상사고,0,0,1,0,차량단독 - 전도전복 - 전도,기타,건조,맑음,단일로 - 기타,건설기계,남,19세,경상,,,,
2020030300100129,2020년 3월 3일 10시,화요일,전라남도 완도군 고금면,경상사고,0,0,1,0,차대차 - 측면충돌,직진우회전진행방해,건조,맑음,교차로 - 교차로안,화물,남,73세,상해없음,승용,여,58세,경상
2020030300100175,2020년 3월 3일 12시,화요일,전라남도 순천시 연향동,중상사고,0,1,1,0,차대차 - 기타,직진우회전진행방해,건조,맑음,교차로 - 교차로안,원동기,남,44세,중상,승용,남,28세,경상
2020030300100176,2020년 3월 3일 12시,화요일,전라남도 화순군 화순읍,중상사고,0,1,0,0,차대사람 - 기타,안전운전불이행,건조,맑음,교차로 - 교차로안,승용,여,34세,상해없음,보행자,여,79세,중상
2020030300100212,2020년 3월 3일 14시,화요일,전라남도 담양군 담양읍,경상사고,0,0,1,0,차대차 - 정면충돌,안전운전불이행,건조,맑음,단일로 - 기타,이륜,남,36세,경상,승용,남,66세,상해없음
2020030300100247,2020년 3월 3일 16시,화요일,전라남도 순천시 해룡면,경상사고,0,0,1,0,차대차 - 추돌,안전거리미확보,건조,맑음,교차로 - 교차로부근,승용,남,51세,상해없음,승합,남,39세,경상
2020030300100266,2020년 3월 3일 17시,화요일,전라남도 순천시 연향동,경상사고,0,0,1,0,차대차 - 추돌,안전운전불이행,건조,맑음,단일로 - 기타,승용,여,62세,상해없음,승용,여,51세,경상
2020030300100267,2020년 3월 3일 17시,화요일,전라남도 해남군 해남읍,중상사고,0,1,0,0,차대차 - 측면충돌,안전운전불이행,건조,맑음,교차로 - 교차로안,이륜,여,67세,중상,화물,남,60세,상해없음
2020030300100268,2020년 3월 3일 17시,화요일,전라남도 영암군 삼호읍,중상사고,0,1,1,0,차대차 - 측면충돌,신호위반,건조,맑음,교차로 - 교차로안,화물,남,60세,중상,승용,남,41세,경상
2020030300100294,2020년 3월 3일 18시,화요일,전라남도 여수시 돌산읍,경상사고,0,0,2,0,차대차 - 측면충돌,차로위반,건조,맑음,교차로 - 교차로안,승용,여,67세,경상,승용,여,58세,경상
2020030300100295,2020년 3월 3일 18시,화요일,전라남도 순천시 해룡면,중상사고,0,1,0,0,차대차 - 측면충돌,안전거리미확보,건조,맑음,단일로 - 기타,특수,남,46세,상해없음,승용,남,63세,중상
2020030300100320,2020년 3월 3일 19시,화요일,전라남도 순천시 연향동,경상사고,0,0,1,0,차대차 - 측면충돌,교차로운행방법위반,건조,맑음,교차로 - 교차로안,승용,남,70세,상해없음,이륜,남,39세,경상
2020030300100355,2020년 3월 3일 20시,화요일,전라남도 순천시 서면,중상사고,0,1,0,0,차대사람 - 횡단중,안전운전불이행,건조,맑음,교차로 - 교차로부근,승용,남,47세,상해없음,보행자,여,53세,중상
2020030300100388,2020년 3월 3일 22시,화요일,전라남도 목포시 옥암동,경상사고,0,0,2,0,차대차 - 측면충돌,교차로운행방법위반,건조,맑음,교차로 - 교차로안,이륜,남,32세,경상,승용,여,26세,경상
2020030300100406,2020년 3월 3일 23시,화요일,전라남도 여수시 신기동,경상사고,0,0,2,0,차대차 - 추돌,안전운전불이행,건조,맑음,교차로 - 교차로부근,승합,남,52세,상해없음,승용,여,26세,경상
2020030300100407,2020년 3월 3일 23시,화요일,전라남도 여수시 봉계동,경상사고,0,0,1,0,차대차 - 측면충돌,안전운전불이행,건조,맑음,교차로 - 교차로안,원동기,남,25세,경상,승용,남,31세,상해없음
2020030400100033,2020년 3월 4일 05시,수요일,전라남도 순천시 오천동,중상사고,0,1,0,0,차대차 - 측면충돌,안전운전불이행,건조,맑음,교차로 - 교차로안,승용,남,34세,상해없음,화물,남,26세,중상
2020030400100042,2020년 3월 4일 06시,수요일,전라남도 목포시 상동,경상사고,0,0,1,0,차대사람 - 횡단중,보행자보호의무위반,건조,맑음,교차로 - 교차로부근,승용,남,45세,상해없음,보행자,남,40세,경상
2020030400100085,2020년 3월 4일 09시,수요일,전라남도 목포시 상동,경상사고,0,0,2,0,차대차 - 기타,신호위반,건조,맑음,교차로 - 교차로안,승용,남,67세,경상,승용,여,34세,경상
2020030400100095,2020년 3월 4일 10시,수요일,전라남도 목포시 옥암동,경상사고,0,0,1,0,차대차 - 측면충돌,안전운전불이행,건조,맑음,단일로 - 기타,화물,남,61세,상해없음,승용,여,42세,경상
2020030400100096,2020년 3월 4일 10시,수요일,전라남도 여수시 국동,중상사고,0,1,0,0,차대차 - 측면충돌,안전운전불이행,건조,맑음,단일로 - 기타,승용,여,56세,중상,승용,남,57세,상해없음
2020030400100097,2020년 3월 4일 10시,수요일,전라남도 여수시 둔덕동,중상사고,0,1,0,0,차량단독 - 전도전복 - 전도,안전운전불이행,건조,맑음,단일로 - 기타,사륜오토바이(ATV),남,74세,중상,,,,
2020030400100098,2020년 3월 4일 10시,수요일,전라남도 해남군 문내면,중상사고,0,1,0,0,차대차 - 측면충돌,직진우회전진행방해,건조,맑음,교차로 - 교차로부근,승용,여,59세,상해없음,이륜,남,78세,중상
2020030400100099,2020년 3월 4일 10시,수요일,전라남도 장성군 남면,중상사고,0,1,0,0,차대차 - 기타,중앙선침범,건조,맑음,단일로 - 기타,승용,남,58세,상해없음,화물,남,64세,중상
2020030400100100,2020년 3월 4일 10시,수요일,전라남도 무안군 삼향읍,경상사고,0,0,3,0,차대차 - 추돌,안전운전불이행,건조,맑음,교차로 - 교차로부근,승용,남,66세,경상,승용,여,50세,경상
2020030400100127,2020년 3월 4일 11시,수요일,전라남도 여수시 화양면,부상신고사고,0,0,0,1,차대차 - 측면충돌,안전운전불이행,건조,맑음,교차로 - 교차로부근,이륜,남,71세,부상신고,화물,남,69세,상해없음
2020030400100151,2020년 3월 4일 12시,수요일,전라남도 목포시 상동,경상사고,0,0,2,0,차대차 - 기타,직진우회전진행방해,건조,맑음,교차로 - 교차로안,승용,남,23세,상해없음,승용,여,40세,경상
2020030400100175,2020년 3월 4일 13시,수요일,전라남도 완도군 완도읍,경상사고,0,0,1,0,차대차 - 측면충돌,안전운전불이행,건조,맑음,교차로 - 교차로안,이륜,남,40세,경상,승용,남,66세,상해없음
2020030400100198,2020년 3월 4일 14시,수요일,전라남도 여수시 낙포동,경상사고,0,0,2,0,차대차 - 측면충돌,안전운전불이행,건조,맑음,교차로 - 교차로부근,화물,남,43세,상해없음,승용,여,52세,경상
2020030400100199,2020년 3월 4일 14시,수요일,전라남도 여수시 율촌면,중상사고,0,1,0,0,차량단독 - 공작물충돌,안전운전불이행,건조,맑음,단일로 - 지하차도(도로)내,이륜,남,25세,중상,,,,
2020030400100200,2020년 3월 4일 14시,수요일,전라남도 순천시 조례동,경상사고,0,0,1,0,차대차 - 기타,교차로운행방법위반,건조,맑음,교차로 - 교차로부근,승용,남,28세,상해없음,승합,남,36세,상해없음
2020030400100201,2020년 3월 4일 14시,수요일,전라남도 담양군 가사문학면,경상사고,0,0,7,0,차대차 - 측면충돌,불법유턴,건조,맑음,단일로 - 기타,승용,남,62세,기타불명,승용,남,29세,경상
2020030400100202,2020년 3월 4일 14시,수요일,전라남도 완도군 완도읍,경상사고,0,0,2,0,차대차 - 기타,안전운전불이행,건조,맑음,단일로 - 기타,승용,남,62세,상해없음,승용,여,40세,경상
2020030400100241,2020년 3월 4일 16시,수요일,전라남도 여수시 학동,경상사고,0,0,2,0,차대차 - 추돌,안전거리미확보,건조,맑음,교차로 - 교차로부근,승용,여,39세,상해없음,승용,여,27세,경상