사고번호,사고일시,요일,시군구,사고내용,사망자수,중상자수,경상자수,부상신고자수,사고유형,법규위반,노면상태,기상상태,도로형태,가해운전자 차종,가해운전자 성별,가해운전자 연령,가해운전자 상해정도,피해운전자 차종,피해운전자 성별,피해운전자 연령,피해운전자 상해정도
2020032300100500,2020년 3월 23일 20시,월요일,전라남도 담양군 담양읍,경상사고,0,0,1,0,차대차 - 기타,불법유턴,건조,맑음,단일로 - 기타,승용,남,56세,상해없음,승용,여,55세,경상
2020032300100529,2020년 3월 23일 21시,월요일,전라남도 여수시 문수동,경상사고,0,0,2,0,차대차 - 측면충돌,신호위반,건조,맑음,교차로 - 교차로안,이륜,남,16세,상해없음,승용,남,49세,경상
2020032300100550,2020년 3월 23일 22시,월요일,전라남도 영암군 삼호읍,경상사고,0,0,5,0,차대차 - 측면충돌,신호위반,건조,맑음,교차로 - 교차로안,화물,남,48세,경상,승용,남,40세,경상
2020032400100008,2020년 3월 24일 00시,화요일,전라남도 여수시 학동,경상사고,0,0,1,0,차대차 - 정면충돌,안전운전불이행,건조,맑음,교차로 - 교차로부근,승용,남,31세,상해없음,승용,여,29세,경상
2020032400100009,2020년 3월 24일 00시,화요일,전라남도 나주시 동수동,경상사고,0,0,1,0,차대차 - 측면충돌,차로위반,건조,맑음,교차로 - 교차로부근,승용,남,26세,상해없음,화물,남,40세,경상
2020032400100010,2020년 3월 24일 00시,화요일,전라남도 광양시 옥곡면,경상사고,0,0,1,0,차대사람 - 차도통행중,안전운전불이행,건조,맑음,단일로 - 기타,승용,남,47세,상해없음,보행자,남,57세,경상
2020032400100019,2020년 3월 24일 01시,화요일,전라남도 순천시 중앙동,경상사고,0,0,1,0,차대차 - 기타,안전운전불이행,건조,맑음,단일로 - 기타,화물,남,50세,상해없음,승용,남,43세,경상
2020032400100020,2020년 3월 24일 01시,화요일,전라남도 영광군 염산면,부상신고사고,0,0,0,1,차량단독 - 공작물충돌,안전운전불이행,건조,맑음,단일로 - 기타,승용,남,21세,부상신고,,,,
2020032400100050,2020년 3월 24일 06시,화요일,전라남도 영암군 영암읍,경상사고,0,0,1,0,차대차 - 기타,안전운전불이행,건조,흐림,교차로 - 교차로부근,승용,남,63세,상해없음,화물,남,41세,경상
2020032400100062,2020년 3월 24일 07시,화요일,전라남도 고흥군 고흥읍,경상사고,0,0,2,0,차대차 - 측면충돌,중앙선침범,건조,맑음,단일로 - 기타,승용,남,52세,상해없음,화물,남,80세,경상
2020032400100063,2020년 3월 24일 07시,화요일,전라남도 영암군 삼호읍,경상사고,0,0,1,0,차대차 - 측면충돌,안전운전불이행,건조,맑음,교차로 - 교차로안,승합,남,52세,경상,원동기,남,32세,상해없음
2020032400100097,2020년 3월 24일 08시,화요일,전라남도 여수시 여서동,경상사고,0,0,1,0,차대차 - 측면충돌,안전운전불이행,건조,맑음,교차로 - 교차로부근,화물,남,47세,기타불명,승용,남,36세,경상
2020032400100098,2020년 3월 24일 08시,화요일,전라남도 순천시 해룡면,경상사고,0,0,1,2,차대차 - 추돌,안전운전불이행,건조,맑음,단일로 - 기타,승용,여,28세,상해없음,승용,남,36세,상해없음
2020032400100099,2020년 3월 24일 08시,화요일,전라남도 고흥군 고흥읍,경상사고,0,0,1,0,차대사람 - 기타,안전운전불이행,건조,맑음,단일로 - 기타,승용,여,26세,상해없음,보행자,남,46세,경상
2020032400100100,2020년 3월 24일 08시,화요일,전라남도 함평군 대동면,경상사고,0,0,1,0,차대차 - 정면충돌,안전운전불이행,건조,맑음,단일로 - 기타,승용,남,38세,상해없음,자전거,여,77세,경상
2020032400100187,2020년 3월 24일 11시,화요일,전라남도 순천시 서면,경상사고,0,0,2,0,차대차 - 기타,안전운전불이행,건조,맑음,단일로 - 기타,특수,남,48세,상해없음,승용,여,55세,경상
2020032400100188,2020년 3월 24일 11시,화요일,전라남도 고흥군 도양읍,경상사고,0,0,1,0,차대차 - 측면충돌,교차로운행방법위반,건조,맑음,교차로 - 교차로안,이륜,남,83세,경상,승합,남,50세,상해없음
2020032400100218,2020년 3월 24일 12시,화요일,전라남도 목포시 옥암동,경상사고,0,0,1,0,차대차 - 측면충돌,안전운전불이행,건조,맑음,단일로 - 기타,승용,여,45세,상해없음,승용,여,49세,경상
2020032400100242,2020년 3월 24일 13시,화요일,전라남도 영암군 영암읍,경상사고,0,0,2,0,차대차 - 추돌,안전운전불이행,건조,맑음,단일로 - 기타,화물,남,40세,상해없음,특수,남,59세,경상
2020032400100281,2020년 3월 24일 14시,화요일,전라남도 해남군 해남읍,경상사고,0,0,1,0,차대차 - 측면충돌,교차로운행방법위반,건조,맑음,교차로 - 교차로안,승용,남,23세,상해없음,승용,여,57세,경상
2020032400100282,2020년 3월 24일 14시,화요일,전라남도 해남군 해남읍,경상사고,0,0,1,0,차대차 - 측면충돌,안전운전불이행,건조,맑음,단일로 - 기타,승용,여,61세,기타불명,화물,여,48세,기타불명
2020032400100321,2020년 3월 24일 15시,화요일,전라남도 여수시 신기동,경상사고,0,0,1,0,차대차 - 추돌,안전거리미확보,건조,맑음,기타 - 기타,화물,여,64세,상해없음,승용,여,35세,경상
2020032400100322,2020년 3월 24일 15시,화요일,전라남도 영암군 서호면,사망사고,1,0,0,0,차대차 - 측면충돌,과속,건조,맑음,단일로 - 기타,승용,남,18세,상해없음,승용,남,40세,사망
2020032400100351,2020년 3월 24일 16시,화요일,전라남도 장흥군 대덕읍,중상사고,0,1,2,0,차대차 - 측면충돌,불법유턴,건조,맑음,교차로 - 교차로안,화물,여,65세,경상,승용,여,63세,중상
2020032400100421,2020년 3월 24일 18시,화요일,전라남도 강진군 군동면,경상사고,0,0,1,0,차대차 - 기타,안전운전불이행,건조,맑음,단일로 - 기타,승용,여,59세,상해없음,이륜,남,33세,경상
2020032400100422,2020년 3월 24일 18시,화요일,전라남도 완도군 완도읍,경상사고,0,0,1,0,차대차 - 기타,안전운전불이행,건조,맑음,단일로 - 지하차도(도로)내,승용,남,32세,상해없음,승합,남,43세,경상
2020032400100469,2020년 3월 24일 19시,화요일,전라남도 목포시 산정동,경상사고,0,0,2,0,차대차 - 측면충돌,안전운전불이행,건조,맑음,교차로 - 교차로부근,승용,여,61세,상해없음,승용,남,72세,경상
2020032400100470,2020년 3월 24일 19시,화요일,전라남도 순천시 조례동,경상사고,0,0,1,0,차대차 - 추돌,안전운전불이행,건조,맑음,교차로 - 교차로안,이륜,남,59세,경상,승용,남,23세,상해없음
2020032400100496,2020년 3월 24일 20시,화요일,전라남도 목포시 석현동,경상사고,0,0,1,0,차대사람 - 기타,안전운전불이행,건조,맑음,주차장 - 주차장,승용,남,63세,상해없음,보행자,남,63세,경상
2020032500100065,2020년 3월 25일 07시,수요일,전라남도 영암군 삼호읍,경상사고,0,0,1,0,차대차 - 측면충돌,안전운전불이행,건조,맑음,단일로 - 기타,승용,남,52세,상해없음,화물,남,41세,경상
2020032500100089,2020년 3월 25일 08시,수요일,전라남도 해남군 황산면,중상사고,0,4,1,0,차대차 - 추돌,교차로운행방법위반,건조,맑음,교차로 - 교차로안,화물,남,51세,상해없음,승합,남,63세,상해없음
2020032500100090,2020년 3월 25일 08시,수요일,전라남도 함평군 대동면,경상사고,0,0,1,0,차대차 - 측면충돌,신호위반,건조,맑음,교차로 - 교차로안,승합,남,50세,상해없음,승용,여,31세,경상
2020032500100091,2020년 3월 25일 08시,수요일,전라남도 영암군 군서면,중상사고,0,1,0,0,차대사람 - 길가장자리구역통행중,안전운전불이행,건조,맑음,단일로 - 기타,승용,여,60세,상해없음,보행자,남,90세,중상
2020032500100092,2020년 3월 25일 08시,수요일,전라남도 광양시 광양읍,중상사고,0,1,0,0,차대차 - 추돌,과속,건조,맑음,단일로 - 기타,승용,남,27세,상해없음,자전거,여,61세,중상
2020032500100093,2020년 3월 25일 08시,수요일,전라남도 광양시 광양읍,경상사고,0,0,1,0,차대차 - 측면충돌,안전운전불이행,건조,맑음,교차로 - 교차로횡단보도내,승용,여,30세,상해없음,자전거,남,56세,경상
2020032500100113,2020년 3월 25일 09시,수요일,전라남도 목포시 용당동,중상사고,0,1,0,0,차대사람 - 횡단중,보행자보호의무위반,건조,맑음,단일로 - 기타,이륜,남,58세,상해없음,보행자,여,75세,중상
2020032500100114,2020년 3월 25일 09시,수요일,전라남도 해남군 현산면,중상사고,0,1,0,0,차대차 - 기타,안전운전불이행,건조,맑음,교차로 - 교차로안,승용,여,30세,상해없음,이륜,남,68세,중상
2020032500100143,2020년 3월 25일 10시,수요일,전라남도 광양시 도이동,경상사고,0,0,2,0,차대차 - 측면충돌,신호위반,건조,맑음,교차로 - 교차로안,건설기계,남,60세,경상,특수,남,60세,경상
2020032500100178,2020년 3월 25일 11시,수요일,전라남도 해남군 화원면,경상사고,0,0,2,0,차대차 - 정면충돌,안전운전불이행,건조,맑음,단일로 - 기타,화물,남,76세,경상,승용,여,53세,경상
2020032500100179,2020년 3월 25일 11시,수요일,전라남도 장성군 장성읍,경상사고,0,0,1,0,차대차 - 측면충돌,교차로운행방법위반,건조,맑음,교차로 - 교차로안,승용,남,76세,상해없음,이륜,남,77세,경상
2020032500100250,2020년 3월 25일 13시,수요일,전라남도 보성군 조성면,경상사고,0,0,1,0,차대차 - 추돌,안전운전불이행,건조,맑음,단일로 - 기타,승용,여,55세,상해없음,화물,남,26세,경상
2020032500100287,2020년 3월 25일 14시,수요일,전라남도 여수시 평여동,경상사고,0,0,1,0,차대차 - 측면충돌,안전운전불이행,건조,맑음,단일로 - 기타,건설기계,남,41세,상해없음,승용,여,51세,경상
2020032500100313,2020년 3월 25일 15시,수요일,전라남도 순천시 풍덕동,중상사고,0,1,0,0,차량단독 - 전도전복 - 전도,안전운전불이행,건조,맑음,단일로 - 기타,자전거,남,59세,중상,,,,
2020032500100314,2020년 3월 25일 15시,수요일,전라남도 광양시 황길동,경상사고,0,0,2,0,차대차 - 측면충돌,교차로운행방법위반,건조,맑음,교차로 - 교차로안,승용,남,52세,경상,특수,남,48세,경상
2020032500100348,2020년 3월 25일 16시,수요일,전라남도 목포시 상동,경상사고,0,0,1,0,차대차 - 추돌,안전운전불이행,건조,맑음,교차로 - 교차로부근,승용,남,49세,상해없음,승용,남,28세,경상
2020032500100349,2020년 3월 25일 16시,수요일,전라남도 신안군 압해읍,경상사고,0,0,1,0,차대차 - 기타,안전운전불이행,건조,맑음,단일로 - 기타,승용,남,63세,상해없음,화물,남,75세,경상
2020032500100350,2020년 3월 25일 16시,수요일,전라남도 순천시 황전면,경상사고,0,0,1,0,차대차 - 추돌,안전운전불이행,건조,맑음,단일로 - 기타,화물,남,75세,경상,화물,남,58세,상해없음
2020032500100351,2020년 3월 25일 16시,수요일,전라남도 완도군 완도읍,중상사고,0,1,0,0,차대사람 - 기타,안전운전불이행,건조,맑음,단일로 - 기타,승용,남,22세,상해없음,보행자,남,55세,중상
2020032500100352,2020년 3월 25일 16시,수요일,전라남도 완도군 완도읍,경상사고,0,0,1,0,차대사람 - 기타,안전운전불이행,건조,맑음,단일로 - 기타,농기계,남,80세,상해없음,보행자,여,80세,경상
2020032500100388,2020년 3월 25일 17시,수요일,전라남도 목포시 석현동,경상사고,0,0,2,0,차대차 - 기타,중앙선침범,건조,맑음,단일로 - 기타,승용,여,22세,경상,건설기계,남,50세,경상
2020032500100389,2020년 3월 25일 17시,수요일,전라남도 여수시 낙포동,경상사고,0,0,1,0,차대차 - 추돌,안전운전불이행,건조,맑음,단일로 - 기타,승용,남,52세,상해없음,승용,남,37세,경상
2020032500100423,2020년 3월 25일 18시,수요일,전라남도 목포시 옥암동,경상사고,0,0,1,0,차대차 - 추돌,신호위반,건조,맑음,교차로 - 교차로안,승용,여,43세,상해없음,승용,남,59세,경상
2020032500100424,2020년 3월 25일 18시,수요일,전라남도 여수시 공화동,중상사고,0,1,0,0,차대차 - 기타,직진우회전진행방해,건조,맑음,교차로 - 교차로안,승용,여,39세,기타불명,이륜,남,20세,중상
2020032500100425,2020년 3월 25일 18시,수요일,전라남도 광양시 광양읍,경상사고,0,0,3,0,차대차 - 측면충돌,교차로운행방법위반,건조,맑음,교차로 - 교차로안,승용,남,30세,경상,승용,여,39세,경상
2020032500100466,2020년 3월 25일 19시,수요일,전라남도 영광군 법성면,중상사고,0,1,0,0,차대차 - 추돌,안전운전불이행,건조,맑음,단일로 - 기타,승용,여,54세,상해없음,원동기,남,76세,중상
2020032500100467,2020년 3월 25일 19시,수요일,전라남도 장성군 장성읍,경상사고,0,0,2,0,차대차 - 측면충돌,안전운전불이행,건조,맑음,교차로 - 교차로안,승용,여,41세,경상,승용,여,37세,경상
2020032500100468,2020년 3월 25일 19시,수요일,전라남도 광양시 중동,경상사고,0,0,2,0,차대차 - 측면충돌,안전운전불이행,건조,맑음,단일로 - 기타,승용,여,20세,경상,승용,남,24세,경상
2020032500100496,2020년 3월 25일 20시,수요일,전라남도 목포시 산정동,사망사고,1,0,0,0,차대사람 - 기타,안전운전불이행,건조,맑음,단일로 - 기타,승용,남,65세,상해없음,보행자,남,50세,사망
2020032500100497,2020년 3월 25일 20시,수요일,전라남도 순천시 서면,경상사고,0,0,4,0,차대차 - 기타,신호위반,건조,맑음,교차로 - 교차로안,승용,남,25세,상해없음,승용,남,56세,경상
2020032500100530,2020년 3월 25일 21시,수요일,전라남도 순천시 홍내동,중상사고,0,1,0,0,차대차 - 측면충돌,안전운전불이행,건조,맑음,교차로 - 교차로안,화물,남,54세,상해없음,자전거,여,65세,중상
2020032500100531,2020년 3월 25일 21시,수요일,전라남도 광양시 광양읍,경상사고,0,0,1,0,차대차 - 정면충돌,안전운전불이행,건조,맑음,교차로 - 교차로부근,승용,남,42세,상해없음,승용,여,46세,경상
2020032500100532,2020년 3월 25일 21시,수요일,전라남도 광양시 광양읍,경상사고,0,0,3,0,차대차 - 측면충돌,교차로운행방법위반,젖음/습기,비,교차로 - 교차로안,승용,남,20세,경상,승용,남,29세,경상
2020032500100573,2020년 3월 25일 23시,수요일,전라남도 여수시 돌산읍,경상사고,0,0,1,0,차대사람 - 기타,안전운전불이행,건조,맑음,기타 - 기타,화물,남,49세,상해없음,보행자,남,30세,경상
2020032600100009,2020년 3월 26일 00시,목요일,전라남도 영암군 덕진면,경상사고,0,0,3,0,차량단독 - 전도전복 - 전도,안전운전불이행,건조,맑음,기타 - 기타,승용,남,26세,경상,,,,
2020032600100053,2020년 3월 26일 06시,목요일,전라남도 광양시 광양읍,중상사고,0,1,12,0,차대차 - 정면충돌,신호위반,젖음/습기,비,교차로 - 교차로안,승합,남,58세,상해없음,승합,남,69세,경상
2020032600100076,2020년 3월 26일 07시,목요일,전라남도 영암군 삼호읍,경상사고,0,0,1,1,차대차 - 측면충돌,신호위반,젖음/습기,비,교차로 - 교차로안,승합,남,63세,부상신고,승용,남,40세,경상
2020032600100094,2020년 3월 26일 08시,목요일,전라남도 목포시 상동,경상사고,0,0,2,0,차대차 - 기타,안전운전불이행,젖음/습기,비,교차로 - 교차로부근,승용,남,79세,상해없음,승용,남,56세,경상
2020032600100095,2020년 3월 26일 08시,목요일,전라남도 장성군 동화면,중상사고,0,2,0,1,차대차 - 측면충돌,직진우회전진행방해,젖음/습기,흐림,교차로 - 교차로안,승용,여,35세,부상신고,승용,여,55세,중상
2020032600100137,2020년 3월 26일 10시,목요일,전라남도 나주시 성북동,경상사고,0,0,1,0,차대차 - 후진중충돌,안전운전불이행,젖음/습기,비,기타 - 기타,승용,남,67세,상해없음,화물,남,72세,경상
2020032600100164,2020년 3월 26일 11시,목요일,전라남도 순천시 조례동,경상사고,0,0,1,0,차대차 - 측면충돌,안전운전불이행,젖음/습기,비,단일로 - 기타,승용,여,46세,상해없음,승용,여,50세,경상
2020032600100165,2020년 3월 26일 11시,목요일,전라남도 보성군 조성면,경상사고,0,0,1,0,차대차 - 측면충돌,교차로운행방법위반,젖음/습기,비,교차로 - 교차로안,화물,남,68세,상해없음,승용,남,72세,경상
2020032600100166,2020년 3월 26일 11시,목요일,전라남도 영암군 미암면,경상사고,0,0,1,0,차대차 - 측면충돌,중앙선침범,젖음/습기,비,단일로 - 기타,승용,남,78세,상해없음,승용,남,77세,상해없음
2020032600100167,2020년 3월 26일 11시,목요일,전라남도 무안군 삼향읍,경상사고,0,0,1,0,차대차 - 측면충돌,안전운전불이행,건조,맑음,단일로 - 기타,승용,여,54세,상해없음,승용,여,37세,경상
2020032600100197,2020년 3월 26일 12시,목요일,전라남도 여수시 서교동,중상사고,0,1,0,0,차대차 - 측면충돌,안전운전불이행,건조,맑음,단일로 - 기타,화물,남,58세,상해없음,이륜,남,63세,중상
2020032600100221,2020년 3월 26일 13시,목요일,전라남도 구례군 마산면,경상사고,0,0,3,0,차대차 - 추돌,안전운전불이행,젖음/습기,비,단일로 - 기타,화물,남,78세,경상,승용,여,55세,경상
2020032600100240,2020년 3월 26일 14시,목요일,전라남도 곡성군 곡성읍,경상사고,0,0,1,0,차대차 - 추돌,안전운전불이행,건조,맑음,교차로 - 교차로부근,이륜,여,82세,경상,승용,남,53세,상해없음
2020032600100263,2020년 3월 26일 15시,목요일,전라남도 목포시 옥암동,경상사고,0,0,1,0,차대차 - 측면충돌,안전운전불이행,건조,맑음,주차장 - 주차장,승합,남,49세,상해없음,승용,남,30세,경상
2020032600100286,2020년 3월 26일 16시,목요일,전라남도 여수시 중흥동,경상사고,0,0,1,0,차대차 - 측면충돌,안전운전불이행,젖음/습기,비,단일로 - 기타,특수,남,54세,상해없음,승합,남,64세,경상
2020032600100287,2020년 3월 26일 16시,목요일,전라남도 여수시 덕충동,경상사고,0,0,1,0,차대차 - 측면충돌,교차로운행방법위반,젖음/습기,비,교차로 - 교차로안,승용,여,61세,상해없음,승용,남,66세,경상
2020032600100288,2020년 3월 26일 16시,목요일,전라남도 순천시 월등면,경상사고,0,0,1,0,차대차 - 정면충돌,중앙선침범,건조,맑음,단일로 - 기타,승용,남,53세,상해없음,승용,남,36세,경상
2020032600100289,2020년 3월 26일 16시,목요일,전라남도 광양시 광양읍,경상사고,0,0,1,0,차량단독 - 공작물충돌,안전운전불이행,젖음/습기,비,단일로 - 기타,승용,남,39세,경상,,,,
2020032600100325,2020년 3월 26일 17시,목요일,전라남도 여수시 돌산읍,중상사고,0,1,0,0,차량단독 - 공작물충돌,안전운전불이행,젖음/습기,비,단일로 - 기타,승용,남,20세,상해없음,,,,
2020032600100357,2020년 3월 26일 18시,목요일,전라남도 순천시 해룡면,경상사고,0,0,1,0,차대차 - 측면충돌,기타,건조,맑음,교차로 - 교차로부근,승용,남,56세,상해없음,이륜,남,20세,경상
2020032600100396,2020년 3월 26일 19시,목요일,전라남도 함평군 대동면,경상사고,0,0,1,0,차대차 - 추돌,안전운전불이행,건조,맑음,단일로 - 기타,승용,여,59세,상해없음,농기계,남,53세,경상
2020032600100397,2020년 3월 26일 19시,목요일,전라남도 영암군 삼호읍,경상사고,0,0,1,0,차대차 - 추돌,안전운전불이행,젖음/습기,비,단일로 - 기타,승용,남,45세,상해없음,승용,남,58세,경상
2020032600100485,2020년 3월 26일 21시,목요일,전라남도 순천시 저전동,중상사고,0,1,0,0,차대차 - 측면충돌,안전운전불이행,젖음/습기,비,단일로 - 기타,승용,남,43세,상해없음,이륜,남,21세,중상
2020032600100522,2020년 3월 26일 22시,목요일,전라남도 화순군 화순읍,경상사고,0,0,1,0,차대차 - 측면충돌,안전운전불이행,건조,맑음,교차로 - 교차로안,승용,남,45세,상해없음,승용,여,23세,경상
2020032600100543,2020년 3월 26일 23시,목요일,전라남도 무안군 일로읍,중상사고,0,2,1,0,차량단독 - 공작물충돌,안전운전불이행,젖음/습기,비,기타 - 기타,승용,남,20세,기타불명,,,,
2020032700100013,2020년 3월 27일 00시,금요일,전라남도 목포시 옥암동,경상사고,0,0,3,0,차대차 - 추돌,안전운전불이행,젖음/습기,비,단일로 - 기타,승용,여,39세,상해없음,승용,여,43세,경상
2020032700100014,2020년 3월 27일 00시,금요일,전라남도 여수시 덕충동,경상사고,0,0,1,0,차대차 - 기타,신호위반,젖음/습기,비,교차로 - 교차로안,승용,남,53세,상해없음,승용,남,53세,상해없음
2020032700100052,2020년 3월 27일 03시,금요일,전라남도 고흥군 고흥읍,경상사고,0,0,1,0,차량단독 - 공작물충돌,안전운전불이행,건조,맑음,단일로 - 기타,승용,남,30세,상해없음,,,,
2020032700100131,2020년 3월 27일 09시,금요일,전라남도 고흥군 풍양면,경상사고,0,0,1,0,차대차 - 측면충돌,안전운전불이행,건조,맑음,단일로 - 기타,화물,남,57세,상해없음,농기계,남,88세,경상
2020032700100132,2020년 3월 27일 09시,금요일,전라남도 고흥군 남양면,사망사고,1,0,0,0,차대차 - 측면충돌,기타,건조,맑음,단일로 - 기타,승용,여,59세,상해없음,이륜,남,83세,사망
2020032700100133,2020년 3월 27일 09시,금요일,전라남도 해남군 북평면,중상사고,0,2,1,0,차대차 - 정면충돌,중앙선침범,젖음/습기,비,단일로 - 기타,화물,남,77세,상해없음,화물,남,71세,중상
2020032700100134,2020년 3월 27일 09시,금요일,전라남도 영암군 영암읍,중상사고,0,1,0,0,차대차 - 측면충돌,안전운전불이행,건조,흐림,교차로 - 교차로안,화물,남,47세,상해없음,이륜,남,72세,중상
2020032700100176,2020년 3월 27일 11시,금요일,전라남도 강진군 성전면,중상사고,0,2,1,0,차대차 - 측면충돌,신호위반,건조,맑음,교차로 - 교차로안,화물,남,73세,중상,화물,여,59세,경상
2020032700100265,2020년 3월 27일 14시,금요일,전라남도 장흥군 장흥읍,경상사고,0,0,1,0,차대차 - 측면충돌,교차로운행방법위반,건조,맑음,교차로 - 교차로안,승용,남,72세,상해없음,화물,남,22세,경상
2020032700100266,2020년 3월 27일 14시,금요일,전라남도 강진군 강진읍,중상사고,0,1,0,0,차대차 - 측면충돌,안전거리미확보,건조,맑음,단일로 - 기타,원동기,남,77세,중상,승용,남,69세,상해없음
2020032700100298,2020년 3월 27일 15시,금요일,전라남도 장성군 장성읍,경상사고,0,0,3,0,차대차 - 추돌,안전운전불이행,건조,맑음,단일로 - 기타,승용,여,57세,경상,승용,남,65세,경상
2020032700100332,2020년 3월 27일 16시,금요일,전라남도 순천시 외서면,중상사고,0,2,1,0,차대차 - 기타,기타,건조,맑음,교차로 - 교차로안,승합,남,59세,상해없음,화물,남,57세,상해없음
2020032700100373,2020년 3월 27일 17시,금요일,전라남도 순천시 생목동,경상사고,0,0,1,0,차대차 - 기타,안전운전불이행,건조,맑음,교차로 - 교차로안,승용,남,27세,상해없음,화물,남,56세,경상
2020032700100417,2020년 3월 27일 18시,금요일,전라남도 목포시 산정동,부상신고사고,0,0,0,1,차대차 - 측면충돌,안전운전불이행,건조,맑음,기타 - 기타,이륜,남,72세,부상신고,승용,남,27세,상해없음
2020032700100418,2020년 3월 27일 18시,금요일,전라남도 순천시 조례동,중상사고,0,1,1,0,차대차 - 측면충돌,안전운전불이행,건조,맑음,단일로 - 기타,이륜,남,32세,중상,승용,여,52세,경상
2020032700100419,2020년 3월 27일 18시,금요일,전라남도 무안군 삼향읍,경상사고,0,0,2,0,차대차 - 기타,안전운전불이행,건조,맑음,단일로 - 기타,승용,남,62세,상해없음,승용,남,56세,상해없음
2020032700100467,2020년 3월 27일 19시,금요일,전라남도 목포시 산정동,경상사고,0,0,1,0,차대차 - 추돌,안전거리미확보,건조,맑음,교차로 - 교차로안,승용,남,30세,상해없음,승용,여,35세,경상
2020032700100468,2020년 3월 27일 19시,금요일,전라남도 여수시 신기동,경상사고,0,0,1,0,차대사람 - 차도통행중,안전운전불이행,건조,맑음,교차로 - 교차로부근,화물,남,62세,상해없음,보행자,남,46세,경상
2020032700100534,2020년 3월 27일 21시,금요일,전라남도 순천시 해룡면,경상사고,0,0,2,0,차대차 - 측면충돌,신호위반,건조,맑음,교차로 - 교차로안,승용,여,29세,경상,승용,남,49세,경상
2020032700100535,2020년 3월 27일 21시,금요일,전라남도 해남군 해남읍,경상사고,0,0,1,0,차대차 - 정면충돌,안전운전불이행,건조,맑음,단일로 - 기타,승용,남,27세,상해없음,화물,여,57세,경상
2020032700100590,2020년 3월 27일 23시,금요일,전라남도 영암군 삼호읍,경상사고,0,0,1,0,차대차 - 추돌,안전운전불이행,건조,맑음,교차로 - 교차로부근,승합,남,57세,상해없음,화물,남,41세,경상
2020032800100101,2020년 3월 28일 08시,토요일,전라남도 순천시 상사면,경상사고,0,0,1,0,차대차 - 측면충돌,직진우회전진행방해,건조,맑음,교차로 - 교차로안,승용,여,54세,상해없음,승용,여,50세,경상
2020032800100125,2020년 3월 28일 09시,토요일,전라남도 보성군 보성읍,중상사고,0,1,0,0,차대사람 - 횡단중,안전운전불이행,건조,맑음,단일로 - 기타,승용,남,26세,상해없음,보행자,여,72세,중상
2020032800100202,2020년 3월 28일 12시,토요일,전라남도 순천시 서면,경상사고,0,0,1,0,차대차 - 기타,교차로운행방법위반,건조,맑음,교차로 - 교차로안,화물,남,63세,상해없음,승용,남,52세,경상
2020032800100203,2020년 3월 28일 12시,토요일,전라남도 광양시 광양읍,경상사고,0,0,1,0,차대차 - 추돌,안전운전불이행,건조,맑음,교차로 - 교차로부근,승용,여,51세,상해없음,승용,여,54세,경상
2020032800100236,2020년 3월 28일 13시,토요일,전라남도 순천시 해룡면,경상사고,0,0,1,0,차대차 - 측면충돌,안전운전불이행,건조,맑음,단일로 - 기타,농기계,남,77세,경상,승용,여,47세,상해없음
2020032800100409,2020년 3월 28일 19시,토요일,전라남도 순천시 송광면,경상사고,0,0,1,0,차량단독 - 기타,안전운전불이행,건조,맑음,단일로 - 기타,건설기계,남,61세,경상,,,,
2020032800100410,2020년 3월 28일 19시,토요일,전라남도 순천시 장천동,중상사고,0,1,0,0,차대사람 - 횡단중,안전운전불이행,건조,맑음,단일로 - 기타,승용,남,49세,상해없음,보행자,남,63세,중상
2020032800100411,2020년 3월 28일 19시,토요일,전라남도 나주시 빛가람동,경상사고,0,0,3,0,차대차 - 추돌,안전거리미확보,건조,맑음,단일로 - 기타,이륜,남,36세,상해없음,승용,남,69세,경상
2020032800100441,2020년 3월 28일 20시,토요일,전라남도 순천시 해룡면,중상사고,0,1,2,0,차대차 - 측면충돌,안전운전불이행,건조,맑음,교차로 - 교차로부근,이륜,남,46세,중상,승용,남,41세,경상
2020032800100494,2020년 3월 28일 22시,토요일,전라남도 목포시 달동,중상사고,0,2,0,0,차량단독 - 공작물충돌,안전운전불이행,건조,맑음,단일로 - 교량,승용,남,61세,중상,,,,
2020032900100065,2020년 3월 29일 05시,일요일,전라남도 여수시 학동,경상사고,0,0,2,0,차대차 - 측면충돌,직진우회전진행방해,건조,맑음,교차로 - 교차로안,승용,남,64세,상해없음,이륜,남,26세,경상
2020032900100083,2020년 3월 29일 08시,일요일,전라남도 영광군 백수읍,부상신고사고,0,0,0,1,차량단독 - 공작물충돌,기타,건조,맑음,단일로 - 기타,화물,남,44세,부상신고,,,,
2020032900100106,2020년 3월 29일 10시,일요일,전라남도 광양시 다압면,사망사고,1,0,0,0,차대사람 - 횡단중,안전운전불이행,건조,맑음,교차로 - 교차로안,승용,남,58세,상해없음,보행자,남,79세,사망
2020032900100124,2020년 3월 29일 11시,일요일,전라남도 해남군 문내면,경상사고,0,0,1,0,차대사람 - 기타,안전운전불이행,건조,맑음,교차로 - 교차로안,승합,남,52세,상해없음,보행자,남,72세,경상
2020032900100125,2020년 3월 29일 11시,일요일,전라남도 담양군 대전면,경상사고,0,0,7,0,차대차 - 정면충돌,안전운전불이행,건조,맑음,단일로 - 기타,승용,여,61세,경상,승용,남,28세,경상