사고번호,사고일시,요일,시군구,사고내용,사망자수,중상자수,경상자수,부상신고자수,사고유형,법규위반,노면상태,기상상태,도로형태,가해운전자 차종,가해운전자 성별,가해운전자 연령,가해운전자 상해정도,피해운전자 차종,피해운전자 성별,피해운전자 연령,피해운전자 상해정도
2020040300100292,2020년 4월 3일 15시,금요일,전라남도 목포시 용당동,경상사고,0,0,1,0,차대사람 - 기타,안전운전불이행,건조,맑음,기타 - 기타,승용,남,45세,상해없음,보행자,여,65세,경상
2020040300100293,2020년 4월 3일 15시,금요일,전라남도 목포시 용당동,경상사고,0,0,2,0,차대차 - 추돌,안전거리미확보,건조,맑음,기타 - 기타,화물,남,41세,상해없음,승용,여,45세,경상
2020040300100327,2020년 4월 3일 16시,금요일,전라남도 광양시 옥룡면,중상사고,0,1,0,0,차대차 - 기타,안전운전불이행,건조,맑음,단일로 - 기타,자전거,남,75세,중상,승합,남,38세,상해없음
2020040300100371,2020년 4월 3일 17시,금요일,전라남도 목포시 용당동,경상사고,0,0,7,0,차대차 - 측면충돌,교차로운행방법위반,건조,맑음,교차로 - 교차로횡단보도내,승용,남,50세,경상,승합,남,58세,경상
2020040300100372,2020년 4월 3일 17시,금요일,전라남도 순천시 조례동,경상사고,0,0,1,0,차대차 - 측면충돌,차로위반,건조,맑음,교차로 - 교차로부근,승용,여,46세,상해없음,승용,남,48세,경상
2020040300100373,2020년 4월 3일 17시,금요일,전라남도 순천시 생목동,중상사고,0,1,0,0,차대사람 - 기타,안전운전불이행,건조,맑음,기타 - 기타,승용,여,27세,상해없음,보행자,여,79세,중상
2020040300100374,2020년 4월 3일 17시,금요일,전라남도 고흥군 점암면,경상사고,0,0,1,0,차대차 - 기타,안전운전불이행,건조,맑음,단일로 - 기타,화물,남,48세,상해없음,이륜,남,68세,경상
2020040300100421,2020년 4월 3일 18시,금요일,전라남도 여수시 학동,경상사고,0,0,1,0,차대차 - 기타,신호위반,건조,맑음,교차로 - 교차로안,승용,남,62세,상해없음,승용,여,31세,경상
2020040300100422,2020년 4월 3일 18시,금요일,전라남도 화순군 화순읍,경상사고,0,0,1,0,차대차 - 측면충돌,안전거리미확보,건조,맑음,단일로 - 기타,화물,남,46세,상해없음,승용,여,34세,경상
2020040300100469,2020년 4월 3일 19시,금요일,전라남도 순천시 조례동,경상사고,0,0,2,0,차대차 - 측면충돌,안전운전불이행,건조,맑음,단일로 - 기타,승용,남,42세,상해없음,승용,여,41세,경상
2020040300100470,2020년 4월 3일 19시,금요일,전라남도 담양군 수북면,경상사고,0,0,1,0,차대차 - 측면충돌,차로위반,건조,맑음,교차로 - 교차로부근,화물,남,38세,상해없음,승용,여,55세,경상
2020040300100471,2020년 4월 3일 19시,금요일,전라남도 광양시 광양읍,경상사고,0,0,1,0,차대차 - 측면충돌,안전운전불이행,건조,맑음,교차로 - 교차로안,승용,여,43세,경상,승용,남,52세,상해없음
2020040300100536,2020년 4월 3일 21시,금요일,전라남도 순천시 조례동,중상사고,0,1,0,0,차대사람 - 횡단중,보행자보호의무위반,건조,맑음,교차로 - 교차로횡단보도내,승합,남,40세,상해없음,보행자,여,52세,중상
2020040300100537,2020년 4월 3일 21시,금요일,전라남도 순천시 조례동,경상사고,0,0,2,0,차대차 - 측면충돌,안전운전불이행,건조,맑음,교차로 - 교차로부근,승용,남,60세,경상,승합,남,33세,경상
2020040300100567,2020년 4월 3일 22시,금요일,전라남도 목포시 옥암동,경상사고,0,0,5,0,차대차 - 추돌,안전운전불이행,건조,맑음,교차로 - 교차로부근,화물,남,58세,상해없음,승용,남,40세,경상
2020040300100592,2020년 4월 3일 23시,금요일,전라남도 무안군 일로읍,경상사고,0,0,2,0,차대차 - 추돌,안전운전불이행,건조,맑음,교차로 - 교차로안,승용,여,50세,경상,승용,남,42세,경상
2020040400100023,2020년 4월 4일 01시,토요일,전라남도 목포시 상동,경상사고,0,0,2,0,차대차 - 측면충돌,교차로운행방법위반,건조,맑음,교차로 - 교차로부근,승용,남,25세,상해없음,승용,남,61세,상해없음
2020040400100060,2020년 4월 4일 05시,토요일,전라남도 여수시 문수동,경상사고,0,0,1,0,차대차 - 정면충돌,중앙선침범,건조,맑음,단일로 - 기타,승용,남,49세,상해없음,승용,남,73세,경상
2020040400100061,2020년 4월 4일 05시,토요일,전라남도 여수시 여서동,경상사고,0,0,3,0,차대차 - 측면충돌,교차로운행방법위반,건조,맑음,교차로 - 교차로안,승용,남,22세,경상,승용,여,64세,상해없음
2020040400100098,2020년 4월 4일 08시,토요일,전라남도 여수시 국동,경상사고,0,0,1,0,차대차 - 측면충돌,차로위반,건조,맑음,단일로 - 기타,화물,남,74세,상해없음,승용,여,42세,경상
2020040400100116,2020년 4월 4일 09시,토요일,전라남도 나주시 산포면,경상사고,0,0,1,0,차대차 - 측면충돌,직진우회전진행방해,건조,맑음,교차로 - 교차로안,승용,남,36세,상해없음,승용,남,44세,경상
2020040400100146,2020년 4월 4일 10시,토요일,전라남도 순천시 연향동,경상사고,0,0,1,0,차대차 - 기타,안전운전불이행,건조,맑음,단일로 - 기타,승용,여,23세,상해없음,승용,남,27세,상해없음
2020040400100147,2020년 4월 4일 10시,토요일,전라남도 순천시 왕지동,경상사고,0,0,1,0,차대차 - 측면충돌,직진우회전진행방해,건조,맑음,교차로 - 교차로안,승용,여,58세,상해없음,승용,남,43세,경상
2020040400100148,2020년 4월 4일 10시,토요일,전라남도 담양군 고서면,경상사고,0,0,4,0,차대차 - 측면충돌,안전운전불이행,건조,맑음,교차로 - 교차로안,승용,여,47세,경상,화물,여,51세,경상
2020040400100185,2020년 4월 4일 11시,토요일,전라남도 여수시 신기동,경상사고,0,0,1,0,차대사람 - 횡단중,안전운전불이행,건조,맑음,단일로 - 기타,기타불명,기타불명,미분류,기타불명,보행자,남,35세,경상
2020040400100186,2020년 4월 4일 11시,토요일,전라남도 완도군 고금면,경상사고,0,0,1,0,차대차 - 기타,안전운전불이행,건조,맑음,단일로 - 기타,화물,남,56세,기타불명,자전거,남,53세,경상
2020040400100218,2020년 4월 4일 12시,토요일,전라남도 나주시 동강면,중상사고,0,1,0,0,차량단독 - 공작물충돌,안전운전불이행,건조,맑음,단일로 - 기타,건설기계,남,35세,상해없음,,,,
2020040400100252,2020년 4월 4일 13시,토요일,전라남도 목포시 죽교동,경상사고,0,0,3,0,차대차 - 후진중충돌,안전운전불이행,건조,맑음,교차로 - 교차로부근,승용,남,62세,상해없음,승용,남,47세,상해없음
2020040400100253,2020년 4월 4일 13시,토요일,전라남도 순천시 해룡면,중상사고,0,1,0,0,차대차 - 측면충돌,중앙선침범,건조,맑음,단일로 - 기타,승용,남,36세,상해없음,원동기,남,43세,중상
2020040400100288,2020년 4월 4일 14시,토요일,전라남도 여수시 율촌면,경상사고,0,0,2,0,차대차 - 기타,안전운전불이행,건조,맑음,단일로 - 기타,건설기계,남,46세,상해없음,승용,남,51세,경상
2020040400100289,2020년 4월 4일 14시,토요일,전라남도 나주시 안창동,경상사고,0,0,3,0,차대차 - 측면충돌,교차로운행방법위반,건조,맑음,교차로 - 교차로부근,승용,남,56세,경상,승용,남,29세,경상
2020040400100325,2020년 4월 4일 15시,토요일,전라남도 여수시 학동,경상사고,0,0,4,0,차대차 - 추돌,안전운전불이행,건조,맑음,교차로 - 교차로부근,승용,남,57세,상해없음,승용,남,50세,경상
2020040400100326,2020년 4월 4일 15시,토요일,전라남도 순천시 연향동,경상사고,0,0,1,0,차대차 - 기타,교차로운행방법위반,건조,맑음,교차로 - 교차로안,화물,남,75세,기타불명,승용,남,54세,상해없음
2020040400100327,2020년 4월 4일 15시,토요일,전라남도 순천시 조례동,경상사고,0,0,2,0,차대차 - 기타,안전거리미확보,건조,맑음,교차로 - 교차로부근,승용,남,77세,상해없음,승용,여,34세,경상
2020040400100328,2020년 4월 4일 15시,토요일,전라남도 완도군 금일읍,사망사고,1,0,0,0,차대사람 - 차도통행중,안전운전불이행,건조,맑음,단일로 - 기타,화물,남,73세,기타불명,보행자,여,85세,사망
2020040400100378,2020년 4월 4일 16시,토요일,전라남도 장성군 삼계면,부상신고사고,0,0,0,1,차대차 - 측면충돌,안전운전불이행,건조,맑음,교차로 - 교차로안,이륜,남,63세,부상신고,승용,여,37세,상해없음
2020040400100418,2020년 4월 4일 17시,토요일,전라남도 목포시 달동,중상사고,0,1,3,0,차대차 - 추돌,안전운전불이행,건조,맑음,교차로 - 교차로부근,승용,남,40세,상해없음,승용,남,34세,경상
2020040400100419,2020년 4월 4일 17시,토요일,전라남도 여수시 화정면,경상사고,0,0,1,0,차대사람 - 길가장자리구역통행중,기타,건조,맑음,단일로 - 기타,승용,여,54세,상해없음,보행자,남,82세,경상
2020040400100420,2020년 4월 4일 17시,토요일,전라남도 나주시 경현동,경상사고,0,0,2,0,차대차 - 측면충돌,차로위반,건조,맑음,단일로 - 기타,특수,남,46세,상해없음,승용,남,49세,경상
2020040400100571,2020년 4월 4일 22시,토요일,전라남도 해남군 해남읍,중상사고,0,1,0,0,차대사람 - 횡단중,안전운전불이행,건조,맑음,단일로 - 기타,승용,남,59세,상해없음,보행자,여,6세,중상
2020040400100594,2020년 4월 4일 23시,토요일,전라남도 순천시 조례동,경상사고,0,0,1,0,차대차 - 추돌,안전운전불이행,건조,맑음,단일로 - 기타,승용,남,56세,상해없음,승용,남,42세,상해없음
2020040500100112,2020년 4월 5일 10시,일요일,전라남도 영암군 시종면,중상사고,0,1,0,0,차량단독 - 전도전복 - 전도,안전운전불이행,건조,맑음,단일로 - 기타,농기계,남,57세,중상,,,,
2020040500100139,2020년 4월 5일 11시,일요일,전라남도 순천시 동외동,경상사고,0,0,1,0,차대차 - 측면충돌,안전운전불이행,건조,맑음,단일로 - 기타,승용,남,68세,상해없음,이륜,남,21세,경상
2020040500100226,2020년 4월 5일 14시,일요일,전라남도 목포시 죽교동,경상사고,0,0,5,0,차대차 - 측면충돌,안전운전불이행,건조,맑음,단일로 - 기타,승용,남,81세,경상,승용,남,45세,경상
2020040500100227,2020년 4월 5일 14시,일요일,전라남도 목포시 산정동,경상사고,0,0,1,0,차대차 - 측면충돌,안전운전불이행,건조,맑음,교차로 - 교차로안,승용,남,79세,상해없음,승용,남,50세,경상
2020040500100284,2020년 4월 5일 16시,일요일,전라남도 목포시 상동,경상사고,0,0,1,0,차대사람 - 차도통행중,안전운전불이행,건조,맑음,단일로 - 기타,승용,남,60세,상해없음,보행자,남,45세,경상
2020040500100326,2020년 4월 5일 18시,일요일,전라남도 여수시 소라면,경상사고,0,0,1,0,차대차 - 측면충돌,신호위반,건조,맑음,교차로 - 교차로안,승용,남,67세,상해없음,승용,남,55세,경상
2020040500100327,2020년 4월 5일 18시,일요일,전라남도 순천시 덕월동,경상사고,0,0,1,0,차대차 - 측면충돌,안전거리미확보,건조,맑음,단일로 - 기타,승용,남,64세,상해없음,원동기,남,39세,경상
2020040500100372,2020년 4월 5일 20시,일요일,전라남도 강진군 강진읍,경상사고,0,0,1,0,차량단독 - 전도전복 - 전도,안전운전불이행,건조,맑음,단일로 - 기타,이륜,남,52세,경상,,,,
2020040600100035,2020년 4월 6일 05시,월요일,전라남도 목포시 상동,경상사고,0,0,1,0,차대사람 - 횡단중,안전운전불이행,건조,맑음,교차로 - 교차로횡단보도내,승용,여,25세,기타불명,보행자,여,82세,경상
2020040600100045,2020년 4월 6일 06시,월요일,전라남도 여수시 주삼동,경상사고,0,0,1,0,차대차 - 측면충돌,안전운전불이행,건조,맑음,단일로 - 기타,승용,남,33세,상해없음,승용,남,55세,경상
2020040600100070,2020년 4월 6일 07시,월요일,전라남도 나주시 송월동,중상사고,0,1,1,0,차대차 - 정면충돌,중앙선침범,건조,맑음,단일로 - 교량,승용,여,64세,중상,승용,남,44세,경상
2020040600100101,2020년 4월 6일 08시,월요일,전라남도 장흥군 장흥읍,중상사고,0,1,0,0,차대사람 - 길가장자리구역통행중,안전운전불이행,건조,맑음,교차로 - 교차로안,화물,남,70세,상해없음,보행자,남,78세,중상
2020040600100131,2020년 4월 6일 09시,월요일,전라남도 고흥군 동강면,중상사고,0,1,0,0,차대사람 - 기타,안전운전불이행,건조,맑음,단일로 - 기타,승용,남,69세,상해없음,보행자,남,60세,중상
2020040600100158,2020년 4월 6일 10시,월요일,전라남도 목포시 옥암동,경상사고,0,0,1,0,차대차 - 측면충돌,안전운전불이행,건조,맑음,교차로 - 교차로부근,화물,남,60세,기타불명,승용,여,46세,경상
2020040600100188,2020년 4월 6일 11시,월요일,전라남도 목포시 죽교동,경상사고,0,0,1,0,차대차 - 측면충돌,안전운전불이행,건조,맑음,교차로 - 교차로부근,화물,남,52세,상해없음,화물,남,31세,경상
2020040600100222,2020년 4월 6일 12시,월요일,전라남도 장흥군 용산면,경상사고,0,0,1,0,차대차 - 측면충돌,안전운전불이행,건조,맑음,단일로 - 기타,건설기계,남,43세,상해없음,화물,남,64세,경상
2020040600100223,2020년 4월 6일 12시,월요일,전라남도 장성군 장성읍,경상사고,0,0,1,0,차대차 - 추돌,안전운전불이행,건조,맑음,단일로 - 기타,건설기계,남,64세,상해없음,승용,남,30세,상해없음
2020040600100256,2020년 4월 6일 13시,월요일,전라남도 여수시 여서동,중상사고,0,2,0,0,차대차 - 측면충돌,교차로운행방법위반,건조,맑음,단일로 - 기타,승용,남,74세,상해없음,승용,여,62세,중상
2020040600100257,2020년 4월 6일 13시,월요일,전라남도 순천시 연향동,경상사고,0,0,1,0,차대차 - 측면충돌,교차로운행방법위반,건조,맑음,교차로 - 교차로부근,승용,여,69세,상해없음,승용,여,57세,경상
2020040600100258,2020년 4월 6일 13시,월요일,전라남도 고흥군 포두면,중상사고,0,1,0,0,차대차 - 측면충돌,교차로운행방법위반,건조,맑음,교차로 - 교차로안,승용,남,74세,상해없음,건설기계,남,39세,상해없음
2020040600100259,2020년 4월 6일 13시,월요일,전라남도 영광군 법성면,중상사고,0,1,0,0,차대차 - 측면충돌,안전운전불이행,건조,맑음,단일로 - 기타,승합,여,49세,상해없음,이륜,남,86세,중상
2020040600100297,2020년 4월 6일 14시,월요일,전라남도 강진군 도암면,경상사고,0,0,2,0,차대차 - 추돌,안전운전불이행,건조,맑음,단일로 - 기타,화물,남,58세,상해없음,승용,남,53세,경상
2020040600100298,2020년 4월 6일 14시,월요일,전라남도 완도군 완도읍,중상사고,0,1,1,0,차대사람 - 기타,안전운전불이행,건조,맑음,단일로 - 기타,승용,남,73세,상해없음,보행자,여,54세,중상
2020040600100331,2020년 4월 6일 15시,월요일,전라남도 나주시 빛가람동,경상사고,0,0,1,0,차대차 - 측면충돌,직진우회전진행방해,건조,맑음,교차로 - 교차로안,승용,남,35세,상해없음,이륜,남,26세,경상
2020040600100332,2020년 4월 6일 15시,월요일,전라남도 해남군 해남읍,경상사고,0,0,1,0,차대차 - 정면충돌,교차로운행방법위반,건조,맑음,교차로 - 교차로안,승용,여,38세,상해없음,승용,여,60세,경상
2020040600100333,2020년 4월 6일 15시,월요일,전라남도 해남군 해남읍,경상사고,0,0,1,0,차대차 - 후진중충돌,안전운전불이행,건조,맑음,단일로 - 기타,승용,여,72세,상해없음,승용,남,27세,경상
2020040600100373,2020년 4월 6일 16시,월요일,전라남도 해남군 해남읍,중상사고,0,1,0,0,차량단독 - 전도전복 - 전도,안전운전불이행,건조,맑음,기타 - 기타,이륜,남,68세,중상,,,,
2020040600100374,2020년 4월 6일 16시,월요일,전라남도 보성군 벌교읍,부상신고사고,0,0,0,1,차량단독 - 전도전복 - 전도,기타,건조,맑음,단일로 - 기타,이륜,남,69세,부상신고,,,,
2020040600100408,2020년 4월 6일 17시,월요일,전라남도 나주시 산포면,경상사고,0,0,1,0,차대차 - 추돌,안전거리미확보,건조,맑음,단일로 - 기타,승용,남,35세,상해없음,승용,남,63세,경상
2020040600100517,2020년 4월 6일 21시,월요일,전라남도 여수시 학동,경상사고,0,0,1,0,차대차 - 측면충돌,안전거리미확보,건조,맑음,교차로 - 교차로부근,승합,여,49세,상해없음,승용,남,61세,경상
2020040600100518,2020년 4월 6일 21시,월요일,전라남도 순천시 덕암동,경상사고,0,0,1,0,차대사람 - 기타,안전운전불이행,건조,맑음,교차로 - 교차로안,승용,여,52세,상해없음,보행자,남,79세,경상
2020040700100056,2020년 4월 7일 07시,화요일,전라남도 영암군 삼호읍,경상사고,0,0,1,0,차대차 - 측면충돌,안전운전불이행,건조,맑음,기타 - 기타,승용,남,59세,상해없음,화물,남,59세,경상
2020040700100083,2020년 4월 7일 08시,화요일,전라남도 여수시 오림동,경상사고,0,0,1,0,차대차 - 측면충돌,신호위반,건조,맑음,교차로 - 교차로안,이륜,남,66세,경상,승용,여,41세,상해없음
2020040700100147,2020년 4월 7일 10시,화요일,전라남도 목포시 산정동,경상사고,0,0,1,0,차대차 - 측면충돌,안전운전불이행,건조,맑음,단일로 - 기타,승용,남,67세,상해없음,승용,여,42세,경상
2020040700100148,2020년 4월 7일 10시,화요일,전라남도 화순군 화순읍,경상사고,0,0,1,0,차량단독 - 기타,안전운전불이행,건조,맑음,교차로 - 교차로부근,승용,남,40세,상해없음,,,,
2020040700100149,2020년 4월 7일 10시,화요일,전라남도 광양시 광양읍,경상사고,0,0,2,0,차대차 - 측면충돌,교차로운행방법위반,건조,맑음,교차로 - 교차로안,승용,여,57세,경상,승용,여,36세,경상
2020040700100177,2020년 4월 7일 11시,화요일,전라남도 목포시 옥암동,경상사고,0,0,1,0,차대차 - 측면충돌,교차로운행방법위반,건조,맑음,교차로 - 교차로안,승용,여,31세,상해없음,승용,남,48세,경상
2020040700100178,2020년 4월 7일 11시,화요일,전라남도 장성군 삼계면,경상사고,0,0,2,0,차대차 - 기타,안전운전불이행,건조,맑음,교차로 - 교차로안,승용,남,38세,경상,화물,남,52세,경상
2020040700100213,2020년 4월 7일 12시,화요일,전라남도 순천시 인제동,경상사고,0,0,3,0,차대차 - 측면충돌,직진우회전진행방해,건조,맑음,교차로 - 교차로안,승용,남,73세,경상,승용,여,46세,경상
2020040700100241,2020년 4월 7일 13시,화요일,전라남도 여수시 군자동,경상사고,0,0,1,0,차대차 - 추돌,안전운전불이행,건조,맑음,교차로 - 교차로부근,이륜,남,66세,경상,화물,남,59세,상해없음
2020040700100242,2020년 4월 7일 13시,화요일,전라남도 여수시 서교동,경상사고,0,0,2,0,차대차 - 측면충돌,안전운전불이행,건조,맑음,교차로 - 교차로안,승용,남,74세,상해없음,승용,남,38세,경상
2020040700100243,2020년 4월 7일 13시,화요일,전라남도 담양군 대전면,경상사고,0,0,3,0,차대차 - 기타,직진우회전진행방해,건조,맑음,교차로 - 교차로안,승용,여,56세,경상,화물,남,74세,경상
2020040700100244,2020년 4월 7일 13시,화요일,전라남도 무안군 삼향읍,경상사고,0,0,4,0,차대차 - 기타,안전운전불이행,건조,맑음,교차로 - 교차로부근,승용,남,46세,상해없음,승합,남,45세,상해없음
2020040700100245,2020년 4월 7일 13시,화요일,전라남도 광양시 광양읍,경상사고,0,0,2,0,차대차 - 측면충돌,교차로운행방법위반,건조,맑음,교차로 - 교차로안,승용,여,22세,경상,승용,남,52세,경상
2020040700100294,2020년 4월 7일 15시,화요일,전라남도 보성군 회천면,경상사고,0,0,1,0,차대차 - 측면충돌,신호위반,건조,맑음,교차로 - 교차로안,승용,남,74세,상해없음,승용,남,51세,경상
2020040700100295,2020년 4월 7일 15시,화요일,전라남도 구례군 용방면,경상사고,0,0,2,0,차대차 - 정면충돌,안전운전불이행,건조,맑음,단일로 - 기타,화물,남,71세,경상,승용,남,48세,경상
2020040700100325,2020년 4월 7일 16시,화요일,전라남도 여수시 선원동,경상사고,0,0,1,0,차대사람 - 길가장자리구역통행중,안전운전불이행,건조,맑음,단일로 - 기타,승용,여,53세,상해없음,보행자,남,68세,경상
2020040700100326,2020년 4월 7일 16시,화요일,전라남도 담양군 담양읍,경상사고,0,0,1,0,차대차 - 기타,안전운전불이행,건조,맑음,교차로 - 교차로안,승용,남,65세,상해없음,화물,여,63세,기타불명
2020040700100358,2020년 4월 7일 17시,화요일,전라남도 여수시 돌산읍,중상사고,0,1,0,0,차대차 - 측면충돌,교차로운행방법위반,건조,맑음,교차로 - 교차로안,승용,남,42세,상해없음,승용,남,75세,중상
2020040700100408,2020년 4월 7일 18시,화요일,전라남도 목포시 산정동,부상신고사고,0,0,0,1,차대차 - 측면충돌,안전운전불이행,건조,흐림,단일로 - 기타,이륜,남,22세,부상신고,승용,남,46세,상해없음
2020040700100409,2020년 4월 7일 18시,화요일,전라남도 여수시 문수동,경상사고,0,0,1,0,차대차 - 측면충돌,차로위반,건조,맑음,단일로 - 기타,승용,남,54세,상해없음,승용,남,33세,경상
2020040700100481,2020년 4월 7일 20시,화요일,전라남도 여수시 서교동,부상신고사고,0,0,0,1,차대사람 - 기타,안전운전불이행,건조,맑음,단일로 - 기타,승합,남,65세,기타불명,보행자,여,58세,부상신고
2020040700100482,2020년 4월 7일 20시,화요일,전라남도 순천시 인월동,경상사고,0,0,2,0,차대차 - 추돌,안전운전불이행,건조,맑음,교차로 - 교차로부근,승용,남,78세,상해없음,승용,남,40세,경상
2020040700100483,2020년 4월 7일 20시,화요일,전라남도 해남군 해남읍,경상사고,0,0,1,0,차량단독 - 도로외이탈 - 기타,안전운전불이행,건조,맑음,단일로 - 기타,승용,남,50세,경상,,,,
2020040700100507,2020년 4월 7일 21시,화요일,전라남도 순천시 석현동,경상사고,0,0,1,0,차대차 - 측면충돌,안전거리미확보,건조,맑음,단일로 - 기타,승용,남,31세,상해없음,원동기,남,40세,경상
2020040800100007,2020년 4월 8일 00시,수요일,전라남도 순천시 생목동,경상사고,0,0,4,0,차대차 - 측면충돌,교차로운행방법위반,건조,맑음,교차로 - 교차로안,승용,여,53세,경상,승용,남,32세,경상
2020040800100017,2020년 4월 8일 01시,수요일,전라남도 여수시 봉산동,경상사고,0,0,2,0,차대차 - 측면충돌,교차로운행방법위반,건조,맑음,교차로 - 교차로안,승용,남,28세,상해없음,승용,남,48세,경상
2020040800100058,2020년 4월 8일 06시,수요일,전라남도 무안군 일로읍,중상사고,0,1,1,0,차대차 - 측면충돌,안전운전불이행,건조,흐림,단일로 - 기타,화물,남,62세,경상,이륜,남,64세,중상
2020040800100077,2020년 4월 8일 07시,수요일,전라남도 구례군 토지면,중상사고,0,1,1,0,차대차 - 정면충돌,중앙선침범,건조,맑음,단일로 - 기타,화물,남,51세,상해없음,화물,남,68세,중상
2020040800100109,2020년 4월 8일 08시,수요일,전라남도 목포시 산정동,부상신고사고,0,0,0,1,차대사람 - 기타,안전운전불이행,건조,맑음,단일로 - 기타,승용,여,36세,상해없음,보행자,남,31세,부상신고
2020040800100110,2020년 4월 8일 08시,수요일,전라남도 목포시 용해동,경상사고,0,0,1,0,차대차 - 측면충돌,신호위반,건조,맑음,교차로 - 교차로부근,화물,남,72세,상해없음,자전거,남,63세,경상
2020040800100111,2020년 4월 8일 08시,수요일,전라남도 무안군 일로읍,경상사고,0,0,2,0,차대차 - 측면충돌,안전운전불이행,건조,맑음,교차로 - 교차로안,승용,남,78세,경상,화물,남,57세,경상
2020040800100112,2020년 4월 8일 08시,수요일,전라남도 구례군 구례읍,부상신고사고,0,0,0,1,차량단독 - 공작물충돌,안전운전불이행,건조,맑음,단일로 - 기타,승용,여,31세,부상신고,,,,
2020040800100141,2020년 4월 8일 09시,수요일,전라남도 신안군 팔금면,경상사고,0,0,1,0,차대차 - 측면충돌,중앙선침범,건조,맑음,단일로 - 기타,승용,남,81세,상해없음,화물,남,73세,경상
2020040800100168,2020년 4월 8일 10시,수요일,전라남도 목포시 명륜동,경상사고,0,0,1,0,차대차 - 추돌,안전운전불이행,건조,맑음,단일로 - 기타,승합,남,63세,상해없음,승합,남,41세,경상
2020040800100169,2020년 4월 8일 10시,수요일,전라남도 영암군 신북면,경상사고,0,0,1,1,차대차 - 정면충돌,중앙선침범,건조,맑음,기타 - 기타,승용,여,67세,부상신고,화물,남,58세,경상
2020040800100170,2020년 4월 8일 10시,수요일,전라남도 완도군 완도읍,경상사고,0,0,1,0,차대사람 - 기타,안전운전불이행,건조,맑음,단일로 - 기타,화물,여,47세,상해없음,보행자,여,72세,경상
2020040800100203,2020년 4월 8일 11시,수요일,전라남도 보성군 복내면,중상사고,0,2,3,0,차대차 - 측면충돌,직진우회전진행방해,건조,맑음,교차로 - 교차로안,승용,남,20세,경상,승합,남,69세,경상
2020040800100259,2020년 4월 8일 13시,수요일,전라남도 담양군 대전면,경상사고,0,0,1,0,차대사람 - 기타,안전운전불이행,건조,맑음,단일로 - 기타,승합,여,36세,상해없음,보행자,남,60세,경상
2020040800100260,2020년 4월 8일 13시,수요일,전라남도 구례군 구례읍,경상사고,0,0,1,0,차대차 - 측면충돌,안전운전불이행,건조,맑음,교차로 - 교차로부근,이륜,남,20세,경상,승용,여,46세,상해없음
2020040800100286,2020년 4월 8일 14시,수요일,전라남도 광양시 진상면,경상사고,0,0,1,0,차대차 - 측면충돌,직진우회전진행방해,건조,맑음,교차로 - 교차로안,승용,여,47세,상해없음,이륜,남,80세,경상
2020040800100287,2020년 4월 8일 14시,수요일,전라남도 구례군 광의면,부상신고사고,0,0,0,1,차대차 - 측면충돌,안전운전불이행,건조,맑음,교차로 - 교차로안,이륜,남,78세,부상신고,화물,남,72세,상해없음
2020040800100321,2020년 4월 8일 15시,수요일,전라남도 순천시 풍덕동,경상사고,0,0,1,0,차대차 - 기타,교차로운행방법위반,건조,맑음,교차로 - 교차로안,승용,남,61세,상해없음,승용,남,33세,경상
2020040800100322,2020년 4월 8일 15시,수요일,전라남도 장흥군 장평면,경상사고,0,0,3,0,차대차 - 측면충돌,중앙선침범,건조,맑음,단일로 - 기타,승용,여,57세,경상,승용,남,61세,경상
2020040800100323,2020년 4월 8일 15시,수요일,전라남도 완도군 완도읍,경상사고,0,0,1,0,차대차 - 기타,안전운전불이행,건조,맑음,주차장 - 주차장,화물,남,57세,상해없음,화물,남,21세,경상
2020040800100397,2020년 4월 8일 17시,수요일,전라남도 무안군 삼향읍,경상사고,0,0,3,0,차대차 - 기타,안전운전불이행,건조,흐림,교차로 - 교차로안,승용,남,22세,경상,승용,남,33세,경상
2020040800100435,2020년 4월 8일 18시,수요일,전라남도 여수시 신기동,경상사고,0,0,1,0,차대차 - 추돌,안전운전불이행,건조,맑음,단일로 - 기타,승용,남,67세,상해없음,승용,여,72세,경상
2020040800100436,2020년 4월 8일 18시,수요일,전라남도 보성군 회천면,부상신고사고,0,0,0,1,차대차 - 측면충돌,직진우회전진행방해,건조,맑음,교차로 - 교차로안,승용,남,63세,부상신고,승용,여,37세,상해없음
2020040800100437,2020년 4월 8일 18시,수요일,전라남도 무안군 삼향읍,경상사고,0,0,2,0,차대차 - 기타,안전운전불이행,건조,맑음,교차로 - 교차로부근,특수,남,47세,상해없음,승용,여,24세,경상
2020040800100465,2020년 4월 8일 19시,수요일,전라남도 순천시 해룡면,중상사고,0,1,0,0,차대차 - 측면충돌,신호위반,건조,맑음,교차로 - 교차로안,승용,여,35세,상해없음,이륜,남,24세,중상
2020040800100466,2020년 4월 8일 19시,수요일,전라남도 고흥군 풍양면,부상신고사고,0,0,0,1,차대차 - 측면충돌,안전운전불이행,건조,맑음,교차로 - 교차로안,화물,남,75세,상해없음,승용,여,59세,부상신고
2020040800100467,2020년 4월 8일 19시,수요일,전라남도 화순군 화순읍,경상사고,0,0,1,0,차대차 - 측면충돌,교차로운행방법위반,건조,맑음,교차로 - 교차로안,승용,여,48세,상해없음,승용,여,45세,경상
2020040800100468,2020년 4월 8일 19시,수요일,전라남도 담양군 대덕면,경상사고,0,0,1,0,차대차 - 측면충돌,중앙선침범,건조,흐림,단일로 - 기타,승용,남,62세,경상,승용,여,64세,상해없음
2020040800100469,2020년 4월 8일 19시,수요일,전라남도 광양시 황금동,부상신고사고,0,0,0,1,차대차 - 추돌,안전운전불이행,건조,맑음,단일로 - 기타,승용,남,29세,부상신고,건설기계,남,58세,상해없음