사고번호,사고일시,요일,시군구,사고내용,사망자수,중상자수,경상자수,부상신고자수,사고유형,법규위반,노면상태,기상상태,도로형태,가해운전자 차종,가해운전자 성별,가해운전자 연령,가해운전자 상해정도,피해운전자 차종,피해운전자 성별,피해운전자 연령,피해운전자 상해정도
2020041300100340,2020년 4월 13일 16시,월요일,전라남도 강진군 강진읍,경상사고,0,0,1,0,차대차 - 측면충돌,안전운전불이행,건조,맑음,교차로 - 교차로부근,이륜,여,68세,경상,승용,남,41세,상해없음
2020041300100438,2020년 4월 13일 18시,월요일,전라남도 고흥군 도양읍,중상사고,0,1,1,0,차대차 - 측면충돌,교차로운행방법위반,건조,맑음,교차로 - 교차로안,승용,남,18세,중상,승용,여,46세,경상
2020041300100561,2020년 4월 13일 21시,월요일,전라남도 목포시 동명동,경상사고,0,0,3,0,차대차 - 기타,교차로운행방법위반,건조,맑음,교차로 - 교차로안,승용,여,61세,경상,승용,남,59세,경상
2020041300100581,2020년 4월 13일 22시,월요일,전라남도 영광군 영광읍,경상사고,0,0,1,0,차대차 - 정면충돌,안전운전불이행,건조,맑음,단일로 - 기타,화물,남,59세,경상,승용,남,60세,기타불명
2020041400100047,2020년 4월 14일 05시,화요일,전라남도 여수시 돌산읍,경상사고,0,0,1,0,차대차 - 측면충돌,차로위반,건조,맑음,단일로 - 기타,승용,남,62세,상해없음,화물,남,58세,경상
2020041400100048,2020년 4월 14일 05시,화요일,전라남도 나주시 남평읍,중상사고,0,1,1,0,차량단독 - 도로외이탈 - 추락,안전운전불이행,건조,맑음,단일로 - 기타,승용,남,21세,중상,,,,
2020041400100052,2020년 4월 14일 06시,화요일,전라남도 순천시 해룡면,경상사고,0,0,1,0,차대차 - 측면충돌,신호위반,건조,맑음,교차로 - 교차로안,승용,남,52세,상해없음,화물,남,53세,경상
2020041400100096,2020년 4월 14일 08시,화요일,전라남도 화순군 화순읍,경상사고,0,0,5,0,차대차 - 추돌,안전거리미확보,건조,맑음,단일로 - 기타,승용,남,41세,경상,승용,남,65세,경상
2020041400100129,2020년 4월 14일 09시,화요일,전라남도 화순군 화순읍,부상신고사고,0,0,0,1,차대차 - 기타,기타,건조,맑음,기타 - 기타,자전거,남,14세,부상신고,화물,남,75세,상해없음
2020041400100154,2020년 4월 14일 10시,화요일,전라남도 여수시 둔덕동,경상사고,0,0,1,0,차대차 - 측면충돌,안전운전불이행,건조,맑음,교차로 - 교차로부근,화물,남,67세,상해없음,화물,남,58세,상해없음
2020041400100184,2020년 4월 14일 11시,화요일,전라남도 영암군 덕진면,중상사고,0,1,0,0,차대차 - 측면충돌,안전운전불이행,건조,맑음,교차로 - 교차로안,화물,남,59세,상해없음,농기계,남,79세,중상
2020041400100185,2020년 4월 14일 11시,화요일,전라남도 무안군 무안읍,경상사고,0,0,1,0,차대차 - 측면충돌,중앙선침범,건조,맑음,단일로 - 기타,이륜,남,78세,경상,화물,남,46세,상해없음
2020041400100219,2020년 4월 14일 12시,화요일,전라남도 여수시 봉계동,중상사고,0,1,1,0,차대차 - 기타,신호위반,건조,맑음,교차로 - 교차로안,승용,여,52세,상해없음,화물,남,66세,경상
2020041400100220,2020년 4월 14일 12시,화요일,전라남도 담양군 봉산면,경상사고,0,0,1,0,차대차 - 기타,안전운전불이행,건조,맑음,교차로 - 교차로안,승용,여,62세,상해없음,사륜오토바이(ATV),남,78세,경상
2020041400100252,2020년 4월 14일 13시,화요일,전라남도 목포시 석현동,경상사고,0,0,2,0,차대차 - 측면충돌,안전거리미확보,건조,맑음,단일로 - 기타,화물,남,63세,상해없음,승용,남,41세,경상
2020041400100287,2020년 4월 14일 14시,화요일,전라남도 순천시 해룡면,경상사고,0,0,1,0,차대차 - 측면충돌,안전운전불이행,건조,맑음,교차로 - 교차로부근,화물,남,59세,상해없음,승용,여,47세,경상
2020041400100288,2020년 4월 14일 14시,화요일,전라남도 영광군 영광읍,경상사고,0,0,2,0,차대차 - 측면충돌,안전운전불이행,건조,맑음,단일로 - 기타,승용,남,20세,경상,승용,여,71세,상해없음
2020041400100289,2020년 4월 14일 14시,화요일,전라남도 장성군 황룡면,경상사고,0,0,1,0,차대차 - 측면충돌,직진우회전진행방해,건조,맑음,교차로 - 교차로안,승용,남,35세,상해없음,건설기계,남,49세,경상
2020041400100312,2020년 4월 14일 15시,화요일,전라남도 여수시 돌산읍,경상사고,0,0,1,0,차량단독 - 기타,안전운전불이행,건조,맑음,단일로 - 기타,이륜,남,18세,경상,,,,
2020041400100313,2020년 4월 14일 15시,화요일,전라남도 순천시 저전동,중상사고,0,1,0,0,차대사람 - 기타,신호위반,건조,맑음,교차로 - 교차로안,승용,여,50세,기타불명,보행자,여,86세,중상
2020041400100314,2020년 4월 14일 15시,화요일,전라남도 장흥군 장흥읍,중상사고,0,1,0,0,차대차 - 기타,교차로운행방법위반,건조,맑음,교차로 - 교차로안,승용,여,55세,상해없음,이륜,남,60세,중상
2020041400100315,2020년 4월 14일 15시,화요일,전라남도 고흥군 고흥읍,중상사고,0,2,0,0,차량단독 - 공작물충돌,안전운전불이행,건조,맑음,교차로 - 교차로안,승용,남,77세,중상,,,,
2020041400100390,2020년 4월 14일 17시,화요일,전라남도 여수시 월내동,경상사고,0,0,1,0,차대차 - 측면충돌,안전운전불이행,건조,맑음,교차로 - 교차로부근,승용,남,59세,상해없음,승용,남,29세,경상
2020041400100392,2020년 4월 14일 17시,화요일,전라남도 구례군 마산면,중상사고,0,1,0,0,차량단독 - 기타,안전운전불이행,건조,맑음,단일로 - 기타,화물,남,44세,중상,,,,
2020041400100446,2020년 4월 14일 18시,화요일,전라남도 순천시 연향동,경상사고,0,0,1,0,차대차 - 기타,안전거리미확보,건조,맑음,교차로 - 교차로부근,승용,남,23세,상해없음,승용,여,46세,경상
2020041400100547,2020년 4월 14일 21시,화요일,전라남도 순천시 풍덕동,경상사고,0,0,1,0,차대사람 - 길가장자리구역통행중,안전운전불이행,건조,맑음,단일로 - 기타,화물,남,55세,상해없음,보행자,남,27세,경상
2020041400100595,2020년 4월 14일 23시,화요일,전라남도 여수시 둔덕동,중상사고,0,1,2,0,차대차 - 추돌,안전운전불이행,건조,맑음,단일로 - 기타,승용,남,46세,중상,승용,여,19세,경상
2020041400100596,2020년 4월 14일 23시,화요일,전라남도 광양시 중동,부상신고사고,0,0,0,1,차대차 - 기타,안전운전불이행,건조,맑음,교차로 - 교차로부근,승용,남,30세,부상신고,화물,기타불명,미분류,기타불명
2020041500100094,2020년 4월 15일 08시,수요일,전라남도 나주시 노안면,경상사고,0,0,1,0,차대차 - 추돌,차로위반,건조,맑음,단일로 - 기타,승용,여,61세,상해없음,승용,남,61세,경상
2020041500100095,2020년 4월 15일 08시,수요일,전라남도 완도군 완도읍,경상사고,0,0,1,0,차대사람 - 기타,안전운전불이행,젖음/습기,맑음,기타 - 기타,화물,남,67세,상해없음,보행자,여,77세,경상
2020041500100111,2020년 4월 15일 09시,수요일,전라남도 화순군 남면,경상사고,0,0,2,0,차대차 - 기타,과속,건조,맑음,단일로 - 기타,승용,남,35세,상해없음,승용,남,78세,경상
2020041500100131,2020년 4월 15일 10시,수요일,전라남도 순천시 매곡동,중상사고,0,1,0,0,차대사람 - 횡단중,보행자보호의무위반,건조,맑음,교차로 - 교차로횡단보도내,승용,남,21세,상해없음,보행자,남,77세,중상
2020041500100132,2020년 4월 15일 10시,수요일,전라남도 해남군 송지면,사망사고,1,0,0,0,차대차 - 측면충돌,교차로운행방법위반,건조,맑음,교차로 - 교차로안,승용,남,75세,기타불명,이륜,남,80세,사망
2020041500100133,2020년 4월 15일 10시,수요일,전라남도 화순군 북면,사망사고,1,0,0,0,차대차 - 측면충돌,신호위반,건조,맑음,교차로 - 교차로안,승용,남,61세,상해없음,이륜,남,61세,사망
2020041500100238,2020년 4월 15일 14시,수요일,전라남도 나주시 경현동,경상사고,0,0,2,0,차대차 - 추돌,안전거리미확보,건조,맑음,단일로 - 기타,승용,남,18세,상해없음,승용,남,72세,경상
2020041500100239,2020년 4월 15일 14시,수요일,전라남도 무안군 삼향읍,경상사고,0,0,1,0,차대차 - 기타,안전운전불이행,건조,맑음,단일로 - 기타,이륜,남,25세,경상,승용,남,32세,기타불명
2020041500100280,2020년 4월 15일 15시,수요일,전라남도 목포시 연산동,경상사고,0,0,1,0,차대차 - 측면충돌,교차로운행방법위반,건조,맑음,교차로 - 교차로부근,승용,여,42세,상해없음,승용,남,29세,경상
2020041500100309,2020년 4월 15일 16시,수요일,전라남도 보성군 보성읍,경상사고,0,0,1,0,차량단독 - 공작물충돌,안전운전불이행,건조,맑음,교차로 - 교차로안,이륜,남,66세,경상,,,,
2020041500100370,2020년 4월 15일 18시,수요일,전라남도 여수시 서교동,경상사고,0,0,3,0,차대차 - 측면충돌,안전운전불이행,건조,맑음,교차로 - 교차로안,승합,남,55세,상해없음,승용,남,30세,경상
2020041500100371,2020년 4월 15일 18시,수요일,전라남도 나주시 금천면,경상사고,0,0,2,0,차대차 - 측면충돌,안전거리미확보,건조,맑음,단일로 - 기타,승용,여,57세,상해없음,승용,남,43세,경상
2020041500100421,2020년 4월 15일 20시,수요일,전라남도 순천시 해룡면,경상사고,0,0,1,0,차대사람 - 기타,안전운전불이행,건조,맑음,기타 - 기타,자전거,남,39세,상해없음,보행자,남,4세,경상
2020041600100003,2020년 4월 16일 00시,목요일,전라남도 목포시 옥암동,경상사고,0,0,1,0,차대차 - 추돌,안전운전불이행,건조,맑음,단일로 - 기타,승용,남,22세,상해없음,승용,남,25세,경상
2020041600100028,2020년 4월 16일 03시,목요일,전라남도 순천시 석현동,경상사고,0,0,1,0,차대차 - 추돌,안전운전불이행,건조,맑음,교차로 - 교차로부근,승용,남,28세,상해없음,승용,여,31세,경상
2020041600100060,2020년 4월 16일 07시,목요일,전라남도 해남군 해남읍,경상사고,0,0,2,0,차대차 - 기타,안전운전불이행,건조,맑음,교차로 - 교차로안,승용,여,54세,경상,화물,남,60세,경상
2020041600100061,2020년 4월 16일 07시,목요일,전라남도 광양시 중동,경상사고,0,0,4,0,차대차 - 측면충돌,안전거리미확보,건조,맑음,단일로 - 기타,화물,남,55세,상해없음,승용,남,20세,경상
2020041600100088,2020년 4월 16일 08시,목요일,전라남도 함평군 나산면,중상사고,0,1,0,0,차대사람 - 기타,기타,건조,맑음,교차로 - 교차로부근,승합,남,49세,상해없음,보행자,여,60세,중상
2020041600100157,2020년 4월 16일 11시,목요일,전라남도 목포시 상동,경상사고,0,0,2,0,차대차 - 추돌,안전거리미확보,건조,맑음,기타 - 기타,화물,남,59세,상해없음,승용,남,76세,경상
2020041600100158,2020년 4월 16일 11시,목요일,전라남도 나주시 운곡동,중상사고,0,1,0,0,차대차 - 측면충돌,직진우회전진행방해,건조,맑음,교차로 - 교차로안,승용,남,57세,상해없음,원동기,여,57세,중상
2020041600100211,2020년 4월 16일 13시,목요일,전라남도 여수시 공화동,중상사고,0,1,0,0,차대사람 - 횡단중,보행자보호의무위반,건조,맑음,교차로 - 교차로횡단보도내,승용,남,35세,상해없음,보행자,남,79세,중상
2020041600100212,2020년 4월 16일 13시,목요일,전라남도 영광군 영광읍,경상사고,0,0,2,0,차대차 - 측면충돌,직진우회전진행방해,건조,맑음,교차로 - 교차로안,승용,남,34세,경상,승용,여,58세,경상
2020041600100242,2020년 4월 16일 14시,목요일,전라남도 영암군 영암읍,경상사고,0,0,1,0,차대차 - 측면충돌,안전운전불이행,건조,맑음,교차로 - 교차로안,원동기,남,80세,경상,승용,여,55세,상해없음
2020041600100243,2020년 4월 16일 14시,목요일,전라남도 강진군 강진읍,중상사고,0,1,0,0,차대차 - 측면충돌,안전운전불이행,건조,맑음,단일로 - 기타,승용,여,62세,상해없음,이륜,여,78세,중상
2020041600100283,2020년 4월 16일 15시,목요일,전라남도 보성군 벌교읍,중상사고,0,1,0,0,차대차 - 측면충돌,교차로운행방법위반,건조,맑음,교차로 - 교차로안,승용,남,26세,상해없음,이륜,남,86세,중상
2020041600100284,2020년 4월 16일 15시,목요일,전라남도 함평군 학교면,경상사고,0,0,1,1,차대차 - 측면충돌,직진우회전진행방해,건조,맑음,교차로 - 교차로안,승용,남,61세,부상신고,화물,남,46세,상해없음
2020041600100285,2020년 4월 16일 15시,목요일,전라남도 영암군 삼호읍,중상사고,0,1,0,0,차대차 - 기타,안전운전불이행,건조,맑음,단일로 - 기타,특수,남,55세,상해없음,승용,남,40세,중상
2020041600100315,2020년 4월 16일 16시,목요일,전라남도 무안군 해제면,중상사고,0,1,0,0,차대사람 - 차도통행중,안전운전불이행,건조,맑음,교차로 - 교차로안,승용,남,53세,상해없음,보행자,여,69세,중상
2020041600100343,2020년 4월 16일 17시,목요일,전라남도 목포시 상동,경상사고,0,0,1,0,차대차 - 기타,중앙선침범,건조,맑음,기타 - 기타,이륜,남,67세,기타불명,승용,남,29세,경상
2020041600100344,2020년 4월 16일 17시,목요일,전라남도 순천시 조곡동,경상사고,0,0,1,0,차대사람 - 기타,안전운전불이행,건조,맑음,단일로 - 기타,승용,남,59세,상해없음,보행자,남,73세,경상
2020041600100381,2020년 4월 16일 18시,목요일,전라남도 목포시 옥암동,경상사고,0,0,1,0,차대차 - 기타,신호위반,건조,맑음,교차로 - 교차로안,승용,남,36세,상해없음,화물,남,30세,경상
2020041600100382,2020년 4월 16일 18시,목요일,전라남도 순천시 조례동,경상사고,0,0,1,0,차대차 - 기타,안전운전불이행,건조,맑음,단일로 - 기타,화물,남,65세,상해없음,이륜,남,56세,경상
2020041600100419,2020년 4월 16일 19시,목요일,전라남도 순천시 덕암동,경상사고,0,0,2,0,차대차 - 후진중충돌,안전운전불이행,건조,맑음,교차로 - 교차로부근,승용,여,66세,상해없음,승용,남,25세,경상
2020041600100420,2020년 4월 16일 19시,목요일,전라남도 화순군 화순읍,중상사고,0,1,0,0,차대차 - 정면충돌,교차로운행방법위반,건조,맑음,교차로 - 교차로안,화물,남,30세,상해없음,이륜,남,35세,중상
2020041600100452,2020년 4월 16일 20시,목요일,전라남도 순천시 조례동,경상사고,0,0,2,0,차대차 - 추돌,안전운전불이행,건조,맑음,단일로 - 기타,화물,여,57세,상해없음,승용,남,47세,상해없음
2020041600100519,2020년 4월 16일 23시,목요일,전라남도 목포시 상동,경상사고,0,0,2,0,차대차 - 추돌,안전거리미확보,건조,기타,기타 - 기타,승용,남,58세,경상,승용,남,23세,상해없음
2020041700100037,2020년 4월 17일 04시,금요일,전라남도 목포시 상동,경상사고,0,0,1,0,차대차 - 추돌,안전운전불이행,건조,맑음,단일로 - 기타,승용,남,33세,상해없음,승용,남,55세,경상
2020041700100038,2020년 4월 17일 04시,금요일,전라남도 목포시 상동,경상사고,0,0,5,0,차대차 - 측면충돌,안전운전불이행,젖음/습기,비,교차로 - 교차로부근,승용,남,21세,경상,승용,남,44세,경상
2020041700100111,2020년 4월 17일 09시,금요일,전라남도 목포시 옥암동,경상사고,0,0,1,0,차대차 - 추돌,안전운전불이행,젖음/습기,비,교차로 - 교차로부근,승용,남,34세,상해없음,화물,남,58세,경상
2020041700100139,2020년 4월 17일 10시,금요일,전라남도 나주시 송월동,중상사고,0,1,2,0,차대차 - 추돌,안전거리미확보,젖음/습기,비,단일로 - 기타,승용,여,55세,중상,승용,남,72세,경상
2020041700100163,2020년 4월 17일 11시,금요일,전라남도 영암군 서호면,경상사고,0,0,1,0,차량단독 - 전도전복 - 전도,안전운전불이행,젖음/습기,비,단일로 - 기타,화물,남,72세,경상,,,,
2020041700100189,2020년 4월 17일 12시,금요일,전라남도 순천시 생목동,경상사고,0,0,1,0,차대차 - 측면충돌,안전운전불이행,젖음/습기,비,교차로 - 교차로부근,승용,남,70세,상해없음,승용,여,34세,경상
2020041700100223,2020년 4월 17일 13시,금요일,전라남도 순천시 왕지동,경상사고,0,0,2,0,차대차 - 추돌,안전운전불이행,젖음/습기,비,단일로 - 기타,승용,남,71세,상해없음,승용,남,38세,경상
2020041700100224,2020년 4월 17일 13시,금요일,전라남도 고흥군 금산면,중상사고,0,1,0,0,차량단독 - 기타,안전운전불이행,젖음/습기,비,단일로 - 기타,승용,남,72세,중상,,,,
2020041700100252,2020년 4월 17일 14시,금요일,전라남도 무안군 청계면,경상사고,0,0,1,0,차량단독 - 도로외이탈 - 기타,안전운전불이행,건조,맑음,단일로 - 기타,화물,남,58세,경상,,,,
2020041700100287,2020년 4월 17일 15시,금요일,전라남도 목포시 대양동,경상사고,0,0,1,0,차대차 - 기타,안전운전불이행,건조,맑음,단일로 - 기타,승용,남,67세,상해없음,화물,남,56세,경상
2020041700100323,2020년 4월 17일 16시,금요일,전라남도 여수시 선원동,경상사고,0,0,2,0,차대차 - 추돌,안전운전불이행,젖음/습기,비,단일로 - 기타,화물,남,51세,상해없음,화물,남,65세,경상
2020041700100324,2020년 4월 17일 16시,금요일,전라남도 여수시 선원동,경상사고,0,0,2,0,차대차 - 추돌,안전운전불이행,젖음/습기,비,단일로 - 기타,화물,남,65세,경상,승용,남,26세,경상
2020041700100325,2020년 4월 17일 16시,금요일,전라남도 무안군 일로읍,중상사고,0,1,1,0,차대차 - 측면충돌,신호위반,건조,맑음,교차로 - 교차로안,승합,남,58세,경상,승용,남,42세,중상
2020041700100355,2020년 4월 17일 17시,금요일,전라남도 목포시 옥암동,경상사고,0,0,1,0,차대차 - 측면충돌,신호위반,건조,맑음,교차로 - 교차로안,승용,남,21세,경상,승용,남,57세,상해없음
2020041700100392,2020년 4월 17일 18시,금요일,전라남도 영암군 삼호읍,경상사고,0,0,2,0,차대차 - 측면충돌,중앙선침범,건조,맑음,단일로 - 기타,승용,남,46세,상해없음,이륜,남,30세,경상
2020041700100483,2020년 4월 17일 21시,금요일,전라남도 여수시 여서동,경상사고,0,0,1,0,차대차 - 추돌,안전운전불이행,젖음/습기,맑음,단일로 - 기타,승합,남,61세,상해없음,승용,남,48세,경상
2020041800100068,2020년 4월 18일 06시,토요일,전라남도 목포시 상동,경상사고,0,0,2,0,차대차 - 정면충돌,중앙선침범,건조,맑음,단일로 - 기타,승용,남,45세,경상,화물,남,57세,경상
2020041800100085,2020년 4월 18일 07시,토요일,전라남도 해남군 해남읍,중상사고,0,1,0,0,차대차 - 측면충돌,차로위반,건조,맑음,단일로 - 기타,화물,여,59세,상해없음,승용,여,63세,중상
2020041800100109,2020년 4월 18일 08시,토요일,전라남도 장흥군 장흥읍,중상사고,0,1,0,0,차대차 - 추돌,안전거리미확보,건조,맑음,단일로 - 기타,건설기계,남,61세,상해없음,화물,남,75세,중상
2020041800100124,2020년 4월 18일 09시,토요일,전라남도 함평군 함평읍,경상사고,0,0,1,0,차대차 - 측면충돌,교차로운행방법위반,건조,맑음,교차로 - 교차로안,이륜,여,76세,경상,승용,남,44세,상해없음
2020041800100150,2020년 4월 18일 10시,토요일,전라남도 여수시 학동,경상사고,0,0,1,0,차대차 - 측면충돌,교차로운행방법위반,건조,맑음,교차로 - 교차로안,승용,남,51세,상해없음,승용,남,38세,경상
2020041800100151,2020년 4월 18일 10시,토요일,전라남도 순천시 서면,경상사고,0,0,2,0,차대차 - 측면충돌,안전운전불이행,건조,맑음,교차로 - 교차로안,특수,남,59세,상해없음,승용,여,58세,경상
2020041800100174,2020년 4월 18일 11시,토요일,전라남도 여수시 선원동,경상사고,0,0,1,0,차대차 - 정면충돌,안전운전불이행,건조,맑음,교차로 - 교차로안,승용,남,30세,상해없음,승용,남,37세,경상
2020041800100175,2020년 4월 18일 11시,토요일,전라남도 여수시 문수동,중상사고,0,1,0,0,차대사람 - 횡단중,안전운전불이행,젖음/습기,비,교차로 - 교차로부근,승용,여,64세,상해없음,보행자,여,43세,중상
2020041800100216,2020년 4월 18일 12시,토요일,전라남도 강진군 신전면,경상사고,0,0,1,0,차대차 - 정면충돌,중앙선침범,건조,맑음,기타 - 기타,승용,남,57세,상해없음,화물,여,49세,경상
2020041800100217,2020년 4월 18일 12시,토요일,전라남도 광양시 중동,경상사고,0,0,2,0,차대차 - 측면충돌,안전운전불이행,건조,맑음,교차로 - 교차로안,화물,남,47세,경상,승용,남,22세,경상
2020041800100246,2020년 4월 18일 13시,토요일,전라남도 목포시 죽교동,경상사고,0,0,1,0,차대차 - 기타,안전운전불이행,건조,맑음,단일로 - 기타,승용,남,39세,상해없음,승용,남,49세,경상
2020041800100247,2020년 4월 18일 13시,토요일,전라남도 여수시 덕충동,경상사고,0,0,1,0,차대차 - 측면충돌,안전운전불이행,건조,맑음,기타 - 기타,승용,남,73세,상해없음,승용,여,43세,경상
2020041800100248,2020년 4월 18일 13시,토요일,전라남도 순천시 가곡동,중상사고,0,1,0,0,차대사람 - 보도통행중,기타,건조,맑음,단일로 - 기타,승용,남,41세,상해없음,보행자,남,40세,중상
2020041800100249,2020년 4월 18일 13시,토요일,전라남도 해남군 해남읍,중상사고,0,1,1,0,차대차 - 추돌,차로위반,건조,맑음,단일로 - 기타,이륜,남,72세,경상,승용,남,69세,상해없음
2020041800100277,2020년 4월 18일 14시,토요일,전라남도 목포시 상동,경상사고,0,0,1,0,차대차 - 기타,안전운전불이행,건조,맑음,단일로 - 기타,이륜,남,23세,경상,승용,남,71세,상해없음
2020041800100326,2020년 4월 18일 15시,토요일,전라남도 목포시 상동,경상사고,0,0,3,0,차대차 - 측면충돌,안전운전불이행,건조,맑음,교차로 - 교차로안,화물,남,26세,경상,승용,여,26세,경상
2020041800100391,2020년 4월 18일 17시,토요일,전라남도 목포시 옥암동,경상사고,0,0,2,0,차대차 - 기타,안전운전불이행,건조,맑음,단일로 - 기타,기타불명,기타불명,미분류,기타불명,승용,여,53세,경상
2020041800100392,2020년 4월 18일 17시,토요일,전라남도 목포시 상동,경상사고,0,0,1,0,차대사람 - 기타,안전운전불이행,건조,맑음,단일로 - 기타,승용,여,61세,상해없음,보행자,여,39세,경상
2020041800100393,2020년 4월 18일 17시,토요일,전라남도 나주시 남평읍,경상사고,0,0,3,0,차대차 - 추돌,안전운전불이행,건조,맑음,교차로 - 교차로부근,화물,여,68세,경상,승용,남,41세,경상
2020041800100428,2020년 4월 18일 18시,토요일,전라남도 담양군 담양읍,중상사고,0,1,0,0,차량단독 - 기타,안전운전불이행,건조,맑음,단일로 - 기타,원동기,여,27세,상해없음,,,,
2020041800100429,2020년 4월 18일 18시,토요일,전라남도 순천시 서면,경상사고,0,0,1,0,차대차 - 기타,안전운전불이행,건조,맑음,단일로 - 기타,승용,남,36세,상해없음,승용,남,55세,경상
2020041800100450,2020년 4월 18일 19시,토요일,전라남도 여수시 율촌면,경상사고,0,0,1,0,차대차 - 측면충돌,안전운전불이행,건조,맑음,단일로 - 기타,승합,남,64세,상해없음,승합,남,33세,경상
2020041800100451,2020년 4월 18일 19시,토요일,전라남도 나주시 빛가람동,경상사고,0,0,2,0,차대차 - 정면충돌,신호위반,건조,맑음,교차로 - 교차로안,승용,여,25세,경상,승용,남,26세,경상
2020041800100452,2020년 4월 18일 19시,토요일,전라남도 광양시 중동,경상사고,0,0,1,0,차대차 - 측면충돌,중앙선침범,건조,맑음,단일로 - 기타,승용,남,27세,상해없음,승용,남,61세,경상
2020041800100499,2020년 4월 18일 21시,토요일,전라남도 영암군 삼호읍,경상사고,0,0,1,0,차대차 - 측면충돌,안전운전불이행,젖음/습기,흐림,교차로 - 교차로안,승용,남,48세,상해없음,승용,남,38세,경상
2020041800100513,2020년 4월 18일 22시,토요일,전라남도 여수시 화장동,경상사고,0,0,1,0,차대차 - 기타,안전운전불이행,건조,맑음,교차로 - 교차로안,승용,여,52세,상해없음,이륜,남,37세,경상
2020041800100541,2020년 4월 18일 23시,토요일,전라남도 순천시 연향동,경상사고,0,0,1,0,차량단독 - 기타,안전운전불이행,건조,맑음,단일로 - 기타,승용,남,60세,상해없음,,,,
2020041900100051,2020년 4월 19일 03시,일요일,전라남도 목포시 산정동,경상사고,0,0,1,0,차대차 - 기타,안전운전불이행,건조,맑음,교차로 - 교차로부근,승용,여,62세,상해없음,화물,남,29세,경상
2020041900100072,2020년 4월 19일 07시,일요일,전라남도 목포시 옥암동,중상사고,0,1,0,0,차대차 - 측면충돌,신호위반,건조,맑음,교차로 - 교차로횡단보도내,건설기계,남,51세,상해없음,자전거,여,52세,중상
2020041900100086,2020년 4월 19일 09시,일요일,전라남도 나주시 이창동,경상사고,0,0,2,0,차대차 - 측면충돌,신호위반,젖음/습기,비,교차로 - 교차로안,화물,남,52세,상해없음,승용,남,58세,경상
2020041900100130,2020년 4월 19일 12시,일요일,전라남도 여수시 학동,경상사고,0,0,5,0,차대차 - 측면충돌,차로위반,젖음/습기,비,교차로 - 교차로안,승용,남,26세,상해없음,승용,남,42세,경상
2020041900100154,2020년 4월 19일 13시,일요일,전라남도 신안군 안좌면,경상사고,0,0,2,0,차대차 - 추돌,안전거리미확보,젖음/습기,비,교차로 - 교차로부근,승용,여,72세,상해없음,승용,여,60세,경상
2020041900100156,2020년 4월 19일 13시,일요일,전라남도 여수시 미평동,경상사고,0,0,2,0,차대차 - 기타,교차로운행방법위반,젖음/습기,비,교차로 - 교차로안,승용,남,27세,상해없음,승합,남,31세,경상
2020041900100180,2020년 4월 19일 14시,일요일,전라남도 목포시 용당동,경상사고,0,0,1,0,차대차 - 측면충돌,신호위반,젖음/습기,흐림,교차로 - 교차로안,화물,남,52세,상해없음,승용,남,58세,경상
2020041900100203,2020년 4월 19일 15시,일요일,전라남도 신안군 안좌면,중상사고,0,1,0,0,차량단독 - 공작물충돌,안전운전불이행,젖음/습기,비,단일로 - 기타,화물,남,64세,상해없음,,,,
2020041900100204,2020년 4월 19일 15시,일요일,전라남도 나주시 석현동,중상사고,0,2,0,0,차대차 - 측면충돌,신호위반,젖음/습기,비,교차로 - 교차로안,승합,남,43세,상해없음,승용,여,70세,중상
2020041900100205,2020년 4월 19일 15시,일요일,전라남도 광양시 광양읍,경상사고,0,0,7,0,차대차 - 추돌,안전운전불이행,젖음/습기,비,교차로 - 교차로부근,승용,남,26세,경상,승용,여,48세,경상
2020041900100252,2020년 4월 19일 17시,일요일,전라남도 영광군 백수읍,경상사고,0,0,7,0,차대차 - 정면충돌,중앙선침범,젖음/습기,비,단일로 - 기타,승용,남,21세,상해없음,승용,남,62세,경상
2020041900100309,2020년 4월 19일 19시,일요일,전라남도 목포시 용당동,경상사고,0,0,1,0,차대차 - 기타,중앙선침범,젖음/습기,비,단일로 - 기타,승용,남,53세,상해없음,화물,남,35세,상해없음
2020041900100310,2020년 4월 19일 19시,일요일,전라남도 목포시 옥암동,중상사고,0,1,0,0,차대차 - 기타,교차로운행방법위반,젖음/습기,비,교차로 - 교차로안,승합,남,47세,상해없음,이륜,남,24세,중상
2020041900100311,2020년 4월 19일 19시,일요일,전라남도 고흥군 과역면,경상사고,0,0,1,0,차대차 - 추돌,안전운전불이행,젖음/습기,비,단일로 - 기타,화물,남,60세,상해없음,승용,여,49세,경상
2020041900100312,2020년 4월 19일 19시,일요일,전라남도 광양시 옥곡면,경상사고,0,0,1,0,차량단독 - 기타,안전운전불이행,젖음/습기,비,단일로 - 기타,승용,남,54세,경상,,,,
2020041900100342,2020년 4월 19일 20시,일요일,전라남도 여수시 국동,경상사고,0,0,1,0,차대차 - 측면충돌,신호위반,젖음/습기,비,교차로 - 교차로부근,이륜,남,19세,경상,승용,남,33세,상해없음
2020041900100377,2020년 4월 19일 21시,일요일,전라남도 목포시 용당동,중상사고,0,1,0,0,차대사람 - 기타,안전운전불이행,젖음/습기,비,단일로 - 기타,승용,남,66세,상해없음,보행자,여,58세,중상
2020041900100378,2020년 4월 19일 21시,일요일,전라남도 목포시 옥암동,경상사고,0,0,3,0,차대차 - 측면충돌,교차로운행방법위반,젖음/습기,비,교차로 - 교차로안,승용,남,38세,경상,승용,남,50세,상해없음