사고번호,사고일시,요일,시군구,사고내용,사망자수,중상자수,경상자수,부상신고자수,사고유형,법규위반,노면상태,기상상태,도로형태,가해운전자 차종,가해운전자 성별,가해운전자 연령,가해운전자 상해정도,피해운전자 차종,피해운전자 성별,피해운전자 연령,피해운전자 상해정도
2020041900100379,2020년 4월 19일 21시,일요일,전라남도 보성군 득량면,중상사고,0,1,0,0,차대사람 - 길가장자리구역통행중,안전운전불이행,젖음/습기,비,단일로 - 기타,화물,남,61세,상해없음,보행자,남,84세,중상
2020041900100407,2020년 4월 19일 23시,일요일,전라남도 장성군 장성읍,경상사고,0,0,1,0,차대차 - 측면충돌,직진우회전진행방해,젖음/습기,비,교차로 - 교차로안,승용,여,43세,상해없음,승용,여,29세,경상
2020042000100007,2020년 4월 20일 00시,월요일,전라남도 순천시 풍덕동,경상사고,0,0,2,0,차대차 - 추돌,안전거리미확보,건조,맑음,단일로 - 기타,승용,여,47세,상해없음,승용,여,44세,경상
2020042000100030,2020년 4월 20일 04시,월요일,전라남도 여수시 학동,경상사고,0,0,2,0,차대차 - 후진중충돌,안전운전불이행,젖음/습기,흐림,단일로 - 기타,승용,남,18세,상해없음,승용,여,37세,경상
2020042000100059,2020년 4월 20일 07시,월요일,전라남도 장흥군 대덕읍,경상사고,0,0,2,0,차대차 - 측면충돌,안전거리미확보,건조,맑음,단일로 - 기타,승용,남,57세,경상,화물,남,67세,경상
2020042000100086,2020년 4월 20일 08시,월요일,전라남도 여수시 중흥동,중상사고,0,1,1,0,차대차 - 측면충돌,안전운전불이행,건조,맑음,교차로 - 교차로안,승용,남,29세,상해없음,건설기계,남,59세,중상
2020042000100087,2020년 4월 20일 08시,월요일,전라남도 장흥군 장흥읍,경상사고,0,0,1,1,차대차 - 측면충돌,불법유턴,건조,맑음,단일로 - 기타,화물,남,68세,부상신고,승용,여,47세,경상
2020042000100088,2020년 4월 20일 08시,월요일,전라남도 영암군 미암면,사망사고,1,0,0,0,차량단독 - 도로외이탈 - 추락,안전운전불이행,건조,맑음,단일로 - 기타,자전거,여,74세,사망,,,,
2020042000100115,2020년 4월 20일 09시,월요일,전라남도 목포시 산정동,경상사고,0,0,1,0,차대차 - 추돌,교차로운행방법위반,건조,맑음,교차로 - 교차로부근,승합,남,43세,기타불명,승용,남,37세,경상
2020042000100116,2020년 4월 20일 09시,월요일,전라남도 고흥군 점암면,경상사고,0,0,1,0,차대차 - 기타,교차로운행방법위반,건조,맑음,교차로 - 교차로안,화물,남,56세,상해없음,화물,남,55세,경상
2020042000100142,2020년 4월 20일 10시,월요일,전라남도 해남군 해남읍,중상사고,0,1,0,0,차대사람 - 기타,안전운전불이행,건조,맑음,교차로 - 교차로부근,승용,여,45세,기타불명,보행자,여,56세,중상
2020042000100143,2020년 4월 20일 10시,월요일,전라남도 구례군 용방면,부상신고사고,0,0,0,1,차량단독 - 기타,안전운전불이행,건조,맑음,기타 - 기타,사륜오토바이(ATV),여,58세,부상신고,,,,
2020042000100205,2020년 4월 20일 12시,월요일,전라남도 고흥군 도화면,중상사고,0,1,2,0,차대차 - 기타,기타,건조,맑음,교차로 - 교차로안,화물,남,64세,경상,화물,남,60세,경상
2020042000100206,2020년 4월 20일 12시,월요일,전라남도 강진군 강진읍,중상사고,0,1,3,0,차대차 - 측면충돌,직진우회전진행방해,건조,맑음,교차로 - 교차로안,승합,여,52세,상해없음,승용,남,62세,경상
2020042000100236,2020년 4월 20일 13시,월요일,전라남도 영광군 군서면,경상사고,0,0,2,0,차대차 - 정면충돌,중앙선침범,건조,맑음,단일로 - 기타,승용,여,63세,상해없음,승용,남,41세,경상
2020042000100273,2020년 4월 20일 14시,월요일,전라남도 장흥군 대덕읍,경상사고,0,0,1,0,차대사람 - 차도통행중,안전운전불이행,건조,맑음,단일로 - 기타,화물,남,49세,상해없음,보행자,여,55세,경상
2020042000100274,2020년 4월 20일 14시,월요일,전라남도 화순군 화순읍,경상사고,0,0,2,0,차대차 - 측면충돌,교차로운행방법위반,건조,맑음,교차로 - 교차로안,승용,남,56세,경상,승합,남,71세,경상
2020042000100275,2020년 4월 20일 14시,월요일,전라남도 함평군 월야면,부상신고사고,0,0,0,1,차량단독 - 전도전복 - 전도,안전운전불이행,건조,맑음,단일로 - 기타,원동기,남,82세,부상신고,,,,
2020042000100345,2020년 4월 20일 16시,월요일,전라남도 여수시 소라면,중상사고,0,1,0,0,차대사람 - 횡단중,안전운전불이행,건조,맑음,단일로 - 기타,승용,여,54세,상해없음,보행자,남,5세,중상
2020042000100406,2020년 4월 20일 18시,월요일,전라남도 보성군 복내면,중상사고,0,2,3,0,차대차 - 정면충돌,중앙선침범,건조,맑음,단일로 - 기타,승용,남,49세,중상,승용,남,25세,경상
2020042000100445,2020년 4월 20일 19시,월요일,전라남도 목포시 상동,경상사고,0,0,3,0,차대차 - 측면충돌,안전운전불이행,건조,맑음,교차로 - 교차로부근,화물,남,55세,상해없음,승용,남,48세,경상
2020042000100470,2020년 4월 20일 20시,월요일,전라남도 광양시 마동,중상사고,0,1,0,0,차대사람 - 횡단중,신호위반,건조,맑음,교차로 - 교차로안,승용,남,26세,상해없음,보행자,남,15세,중상
2020042000100496,2020년 4월 20일 21시,월요일,전라남도 영암군 삼호읍,경상사고,0,0,1,0,차대차 - 측면충돌,신호위반,건조,기타,교차로 - 교차로횡단보도내,승용,여,42세,상해없음,자전거,남,47세,경상
2020042000100529,2020년 4월 20일 23시,월요일,전라남도 화순군 도곡면,경상사고,0,0,1,1,차량단독 - 공작물충돌,안전운전불이행,건조,맑음,단일로 - 기타,승용,남,21세,부상신고,,,,
2020042100100034,2020년 4월 21일 05시,화요일,전라남도 목포시 산정동,경상사고,0,0,1,0,차대차 - 측면충돌,신호위반,건조,맑음,교차로 - 교차로안,승용,남,72세,경상,승용,남,25세,상해없음
2020042100100057,2020년 4월 21일 07시,화요일,전라남도 목포시 옥암동,경상사고,0,0,1,0,차대차 - 기타,교차로운행방법위반,건조,맑음,교차로 - 교차로안,승용,남,39세,기타불명,승용,여,44세,경상
2020042100100058,2020년 4월 21일 07시,화요일,전라남도 순천시 연향동,경상사고,0,0,3,0,차대차 - 기타,차로위반,건조,맑음,교차로 - 교차로안,승용,남,32세,상해없음,승용,남,35세,상해없음
2020042100100089,2020년 4월 21일 08시,화요일,전라남도 목포시 옥암동,경상사고,0,0,2,0,차대차 - 기타,교차로운행방법위반,건조,맑음,교차로 - 교차로안,승용,남,31세,상해없음,승용,여,44세,경상
2020042100100090,2020년 4월 21일 08시,화요일,전라남도 여수시 봉산동,경상사고,0,0,1,0,차대차 - 추돌,안전운전불이행,건조,맑음,교차로 - 교차로부근,이륜,남,25세,경상,승용,남,60세,상해없음
2020042100100091,2020년 4월 21일 08시,화요일,전라남도 담양군 담양읍,경상사고,0,0,2,0,차대차 - 측면충돌,직진우회전진행방해,건조,맑음,교차로 - 교차로안,승용,남,62세,경상,승용,여,34세,경상
2020042100100147,2020년 4월 21일 10시,화요일,전라남도 장흥군 관산읍,경상사고,0,0,2,0,차량단독 - 전도전복 - 전도,안전운전불이행,건조,맑음,교차로 - 교차로부근,농기계,남,79세,경상,,,,
2020042100100148,2020년 4월 21일 10시,화요일,전라남도 장흥군 부산면,중상사고,0,1,1,0,차대차 - 기타,교차로운행방법위반,건조,맑음,교차로 - 교차로안,승용,남,64세,상해없음,승합,남,52세,상해없음
2020042100100169,2020년 4월 21일 11시,화요일,전라남도 목포시 옥암동,경상사고,0,0,1,0,차대차 - 기타,안전운전불이행,건조,맑음,단일로 - 기타,화물,여,50세,상해없음,승용,남,70세,상해없음
2020042100100170,2020년 4월 21일 11시,화요일,전라남도 해남군 옥천면,경상사고,0,0,1,0,차대차 - 정면충돌,중앙선침범,건조,맑음,단일로 - 기타,화물,남,44세,상해없음,승용,여,65세,경상
2020042100100171,2020년 4월 21일 11시,화요일,전라남도 해남군 옥천면,중상사고,0,2,0,0,차대차 - 추돌,안전운전불이행,건조,맑음,단일로 - 기타,승용,남,83세,중상,화물,남,64세,상해없음
2020042100100172,2020년 4월 21일 11시,화요일,전라남도 강진군 강진읍,경상사고,0,0,1,0,차대차 - 측면충돌,안전운전불이행,건조,맑음,교차로 - 교차로부근,승용,여,50세,상해없음,원동기,남,85세,경상
2020042100100232,2020년 4월 21일 13시,화요일,전라남도 목포시 산정동,경상사고,0,0,3,0,차대차 - 측면충돌,안전운전불이행,건조,맑음,단일로 - 기타,승용,남,70세,상해없음,승용,남,31세,경상
2020042100100233,2020년 4월 21일 13시,화요일,전라남도 여수시 여서동,경상사고,0,0,1,0,차대차 - 기타,교차로운행방법위반,건조,맑음,교차로 - 교차로부근,승용,여,56세,상해없음,승용,남,42세,상해없음
2020042100100234,2020년 4월 21일 13시,화요일,전라남도 여수시 율촌면,경상사고,0,0,1,0,차대차 - 측면충돌,신호위반,건조,맑음,교차로 - 교차로안,화물,남,53세,기타불명,승용,여,28세,경상
2020042100100261,2020년 4월 21일 14시,화요일,전라남도 목포시 용당동,경상사고,0,0,1,0,차대차 - 측면충돌,안전운전불이행,건조,맑음,단일로 - 기타,화물,남,72세,상해없음,승용,여,23세,경상
2020042100100262,2020년 4월 21일 14시,화요일,전라남도 고흥군 두원면,경상사고,0,0,2,0,차량단독 - 공작물충돌,안전운전불이행,건조,맑음,단일로 - 기타,승용,여,74세,경상,,,,
2020042100100263,2020년 4월 21일 14시,화요일,전라남도 해남군 황산면,경상사고,0,0,3,0,차대차 - 측면충돌,직진우회전진행방해,건조,맑음,교차로 - 교차로안,승용,남,61세,경상,화물,남,73세,경상
2020042100100296,2020년 4월 21일 15시,화요일,전라남도 여수시 문수동,경상사고,0,0,2,0,차대차 - 기타,신호위반,건조,맑음,교차로 - 교차로안,승용,여,52세,상해없음,승용,여,30세,경상
2020042100100297,2020년 4월 21일 15시,화요일,전라남도 장흥군 장흥읍,경상사고,0,0,1,0,차대사람 - 길가장자리구역통행중,안전운전불이행,건조,맑음,단일로 - 기타,승용,여,73세,상해없음,보행자,남,6세,경상
2020042100100298,2020년 4월 21일 15시,화요일,전라남도 고흥군 영남면,중상사고,0,1,0,0,차량단독 - 전도전복 - 전도,안전운전불이행,건조,맑음,단일로 - 기타,이륜,남,77세,중상,,,,
2020042100100365,2020년 4월 21일 17시,화요일,전라남도 여수시 연등동,경상사고,0,0,1,0,차대차 - 측면충돌,안전운전불이행,건조,맑음,단일로 - 기타,승용,여,35세,상해없음,승용,여,63세,경상
2020042100100366,2020년 4월 21일 17시,화요일,전라남도 담양군 창평면,중상사고,0,1,0,0,차대차 - 측면충돌,직진우회전진행방해,건조,맑음,교차로 - 교차로안,승용,여,45세,상해없음,승용,남,38세,중상
2020042100100367,2020년 4월 21일 17시,화요일,전라남도 담양군 봉산면,부상신고사고,0,0,0,1,차대차 - 기타,안전운전불이행,건조,맑음,단일로 - 기타,승용,남,68세,상해없음,자전거,남,46세,부상신고
2020042200100009,2020년 4월 22일 00시,수요일,전라남도 여수시 문수동,중상사고,0,1,1,0,차대차 - 측면충돌,신호위반,건조,맑음,교차로 - 교차로안,승용,남,31세,경상,승용,남,64세,중상
2020042200100023,2020년 4월 22일 01시,수요일,전라남도 목포시 상동,경상사고,0,0,1,0,차대차 - 기타,안전운전불이행,건조,맑음,교차로 - 교차로안,기타불명,기타불명,미분류,기타불명,승용,남,31세,경상
2020042200100033,2020년 4월 22일 02시,수요일,전라남도 영암군 삼호읍,경상사고,0,0,1,0,차량단독 - 기타,안전운전불이행,건조,맑음,단일로 - 기타,화물,남,45세,경상,,,,
2020042200100039,2020년 4월 22일 03시,수요일,전라남도 목포시 용당동,중상사고,0,1,3,0,차대차 - 측면충돌,안전운전불이행,건조,맑음,교차로 - 교차로안,승용,남,26세,경상,화물,남,67세,경상
2020042200100061,2020년 4월 22일 06시,수요일,전라남도 여수시 소라면,중상사고,0,1,1,0,차대차 - 기타,신호위반,건조,맑음,교차로 - 교차로안,승용,남,54세,상해없음,화물,남,74세,경상
2020042200100062,2020년 4월 22일 06시,수요일,전라남도 여수시 중흥동,중상사고,0,1,0,0,차대차 - 측면충돌,안전운전불이행,건조,맑음,단일로 - 기타,승용,남,56세,상해없음,이륜,남,32세,중상
2020042200100078,2020년 4월 22일 07시,수요일,전라남도 나주시 왕곡면,경상사고,0,0,1,0,차대차 - 추돌,안전거리미확보,건조,맑음,단일로 - 기타,화물,여,74세,상해없음,승용,남,55세,경상
2020042200100079,2020년 4월 22일 07시,수요일,전라남도 해남군 북평면,경상사고,0,0,1,1,차대차 - 기타,안전운전불이행,건조,맑음,교차로 - 교차로안,농기계,남,81세,부상신고,화물,남,56세,기타불명
2020042200100080,2020년 4월 22일 07시,수요일,전라남도 영광군 법성면,경상사고,0,0,1,0,차대차 - 추돌,안전운전불이행,건조,맑음,단일로 - 기타,승합,남,44세,상해없음,건설기계,남,50세,경상
2020042200100081,2020년 4월 22일 07시,수요일,전라남도 담양군 담양읍,중상사고,0,1,0,0,차대차 - 측면충돌,직진우회전진행방해,건조,맑음,교차로 - 교차로안,승용,남,54세,상해없음,승용,여,51세,중상
2020042200100134,2020년 4월 22일 09시,수요일,전라남도 목포시 옥암동,경상사고,0,0,1,0,차대차 - 기타,교차로운행방법위반,건조,맑음,교차로 - 교차로안,승용,남,42세,기타불명,승용,여,44세,경상
2020042200100157,2020년 4월 22일 10시,수요일,전라남도 여수시 문수동,중상사고,0,1,0,0,차대사람 - 차도통행중,안전운전불이행,건조,맑음,교차로 - 교차로횡단보도내,승용,남,65세,상해없음,보행자,여,65세,중상
2020042200100158,2020년 4월 22일 10시,수요일,전라남도 해남군 북평면,경상사고,0,0,1,0,차대사람 - 기타,안전운전불이행,건조,맑음,주차장 - 주차장,화물,남,69세,상해없음,보행자,여,79세,경상
2020042200100159,2020년 4월 22일 10시,수요일,전라남도 장성군 남면,경상사고,0,0,2,0,차대차 - 측면충돌,안전운전불이행,건조,맑음,단일로 - 기타,화물,남,44세,경상,화물,남,34세,경상
2020042200100186,2020년 4월 22일 11시,수요일,전라남도 순천시 조곡동,사망사고,1,0,0,0,차대차 - 측면충돌,안전운전불이행,건조,맑음,교차로 - 교차로안,화물,남,61세,상해없음,이륜,남,67세,사망
2020042200100187,2020년 4월 22일 11시,수요일,전라남도 보성군 보성읍,경상사고,0,0,2,0,차대차 - 측면충돌,안전운전불이행,건조,맑음,교차로 - 교차로안,화물,남,61세,상해없음,승용,남,77세,경상
2020042200100221,2020년 4월 22일 12시,수요일,전라남도 담양군 봉산면,경상사고,0,0,4,0,차대차 - 기타,안전운전불이행,건조,맑음,교차로 - 교차로안,화물,남,62세,경상,승용,여,30세,경상
2020042200100245,2020년 4월 22일 13시,수요일,전라남도 목포시 상동,경상사고,0,0,3,0,차대차 - 기타,교차로운행방법위반,건조,맑음,교차로 - 교차로안,승용,남,70세,상해없음,승용,남,45세,경상
2020042200100246,2020년 4월 22일 13시,수요일,전라남도 진도군 군내면,경상사고,0,0,1,0,차량단독 - 전도전복 - 전도,안전운전불이행,건조,맑음,단일로 - 기타,승용,남,37세,경상,,,,
2020042200100277,2020년 4월 22일 14시,수요일,전라남도 여수시 월내동,중상사고,0,2,2,0,차대차 - 추돌,안전운전불이행,건조,맑음,단일로 - 기타,승용,남,63세,상해없음,승용,남,52세,중상
2020042200100278,2020년 4월 22일 14시,수요일,전라남도 무안군 삼향읍,중상사고,0,1,1,0,차대차 - 측면충돌,안전운전불이행,건조,맑음,교차로 - 교차로안,승용,여,33세,경상,승용,여,59세,중상
2020042200100305,2020년 4월 22일 15시,수요일,전라남도 고흥군 동강면,중상사고,0,1,0,0,차대차 - 정면충돌,교차로운행방법위반,건조,맑음,교차로 - 교차로안,화물,여,61세,상해없음,이륜,남,82세,중상
2020042200100306,2020년 4월 22일 15시,수요일,전라남도 보성군 보성읍,경상사고,0,0,1,0,차대차 - 기타,중앙선침범,건조,맑음,교차로 - 교차로부근,승용,여,49세,상해없음,승용,여,24세,경상
2020042200100341,2020년 4월 22일 16시,수요일,전라남도 여수시 문수동,경상사고,0,0,1,0,차대차 - 측면충돌,안전운전불이행,건조,맑음,단일로 - 기타,승용,남,40세,상해없음,승용,여,29세,경상
2020042200100342,2020년 4월 22일 16시,수요일,전라남도 보성군 조성면,경상사고,0,0,1,0,차량단독 - 공작물충돌,안전운전불이행,건조,맑음,단일로 - 기타,이륜,남,41세,경상,,,,
2020042200100343,2020년 4월 22일 16시,수요일,전라남도 영암군 삼호읍,경상사고,0,0,1,0,차대차 - 측면충돌,안전운전불이행,건조,맑음,단일로 - 기타,특수,남,61세,상해없음,승용,여,27세,경상
2020042200100412,2020년 4월 22일 18시,수요일,전라남도 목포시 옥암동,경상사고,0,0,1,0,차대차 - 추돌,안전거리미확보,건조,맑음,단일로 - 기타,이륜,남,19세,상해없음,승용,남,62세,경상
2020042200100413,2020년 4월 22일 18시,수요일,전라남도 목포시 옥암동,경상사고,0,0,1,0,차대차 - 측면충돌,안전운전불이행,건조,맑음,단일로 - 기타,이륜,남,17세,기타불명,이륜,남,22세,경상
2020042200100414,2020년 4월 22일 18시,수요일,전라남도 순천시 왕지동,경상사고,0,0,2,0,차대차 - 측면충돌,교차로운행방법위반,건조,맑음,교차로 - 교차로안,승용,여,24세,경상,승용,여,49세,경상
2020042200100463,2020년 4월 22일 20시,수요일,전라남도 순천시 조례동,경상사고,0,0,1,0,차대차 - 측면충돌,안전운전불이행,건조,맑음,단일로 - 기타,승용,남,39세,상해없음,이륜,남,65세,경상
2020042200100493,2020년 4월 22일 21시,수요일,전라남도 담양군 담양읍,경상사고,0,0,2,0,차대사람 - 횡단중,보행자보호의무위반,건조,맑음,교차로 - 교차로횡단보도내,승용,남,59세,상해없음,보행자,남,48세,경상
2020042200100515,2020년 4월 22일 22시,수요일,전라남도 순천시 서면,경상사고,0,0,1,0,차대차 - 정면충돌,중앙선침범,건조,맑음,단일로 - 기타,화물,남,48세,상해없음,승용,여,26세,경상
2020042300100025,2020년 4월 23일 02시,목요일,전라남도 목포시 옥암동,경상사고,0,0,1,0,차대차 - 추돌,안전운전불이행,건조,맑음,단일로 - 기타,승용,남,37세,상해없음,승용,남,19세,경상
2020042300100033,2020년 4월 23일 03시,목요일,전라남도 장성군 황룡면,경상사고,0,0,1,0,차대차 - 기타,교차로운행방법위반,건조,맑음,교차로 - 교차로안,승용,여,47세,상해없음,승용,남,64세,경상
2020042300100058,2020년 4월 23일 06시,목요일,전라남도 목포시 옥암동,경상사고,0,0,1,0,차대사람 - 차도통행중,안전운전불이행,건조,기타,단일로 - 기타,승용,남,47세,상해없음,보행자,남,20세,경상
2020042300100105,2020년 4월 23일 08시,목요일,전라남도 무안군 해제면,경상사고,0,0,1,0,차대차 - 기타,중앙선침범,건조,맑음,기타 - 기타,승용,여,66세,상해없음,화물,여,50세,상해없음
2020042300100141,2020년 4월 23일 09시,목요일,전라남도 순천시 조례동,경상사고,0,0,1,0,차대차 - 측면충돌,안전거리미확보,건조,맑음,단일로 - 기타,승용,여,65세,상해없음,승용,남,51세,경상
2020042300100165,2020년 4월 23일 10시,목요일,전라남도 장흥군 용산면,경상사고,0,0,2,0,차대차 - 정면충돌,안전운전불이행,건조,맑음,단일로 - 기타,승용,남,85세,경상,화물,남,69세,경상
2020042300100190,2020년 4월 23일 11시,목요일,전라남도 목포시 용해동,중상사고,0,1,0,0,차대사람 - 기타,안전운전불이행,건조,맑음,기타 - 기타,승합,남,62세,상해없음,보행자,남,28세,중상
2020042300100212,2020년 4월 23일 12시,목요일,전라남도 여수시 여서동,중상사고,0,1,0,0,차대차 - 측면충돌,안전운전불이행,건조,맑음,교차로 - 교차로안,승용,여,56세,상해없음,이륜,남,29세,중상
2020042300100255,2020년 4월 23일 14시,목요일,전라남도 구례군 용방면,중상사고,0,1,0,0,차대사람 - 차도통행중,안전운전불이행,건조,맑음,단일로 - 기타,승용,남,44세,상해없음,보행자,여,77세,중상
2020042300100292,2020년 4월 23일 15시,목요일,전라남도 화순군 화순읍,중상사고,0,1,0,0,차대사람 - 기타,안전운전불이행,건조,맑음,교차로 - 교차로안,화물,남,61세,상해없음,보행자,남,79세,중상
2020042300100325,2020년 4월 23일 16시,목요일,전라남도 목포시 상동,경상사고,0,0,1,0,차대차 - 측면충돌,안전운전불이행,건조,맑음,단일로 - 기타,승용,남,56세,기타불명,승용,여,54세,경상
2020042300100326,2020년 4월 23일 16시,목요일,전라남도 순천시 조곡동,경상사고,0,0,1,0,차대차 - 기타,안전운전불이행,건조,맑음,단일로 - 기타,자전거,남,65세,경상,승용,남,28세,상해없음
2020042300100368,2020년 4월 23일 17시,목요일,전라남도 여수시 학동,경상사고,0,0,1,0,차대차 - 기타,안전운전불이행,건조,맑음,교차로 - 교차로부근,승용,여,40세,상해없음,화물,남,40세,경상
2020042300100419,2020년 4월 23일 18시,목요일,전라남도 광양시 광양읍,경상사고,0,0,1,0,차대사람 - 횡단중,안전운전불이행,건조,맑음,기타 - 기타,승용,여,19세,상해없음,보행자,여,73세,경상
2020042300100455,2020년 4월 23일 19시,목요일,전라남도 장흥군 장흥읍,경상사고,0,0,2,0,차량단독 - 공작물충돌,안전운전불이행,건조,맑음,단일로 - 기타,승용,여,21세,경상,,,,
2020042300100456,2020년 4월 23일 19시,목요일,전라남도 화순군 화순읍,경상사고,0,0,4,0,차대차 - 추돌,안전운전불이행,건조,맑음,교차로 - 교차로안,화물,남,57세,상해없음,승용,남,44세,상해없음
2020042300100482,2020년 4월 23일 20시,목요일,전라남도 목포시 용당동,중상사고,0,1,0,0,차대차 - 측면충돌,안전운전불이행,건조,맑음,기타 - 기타,승용,남,43세,상해없음,이륜,남,59세,중상
2020042300100483,2020년 4월 23일 20시,목요일,전라남도 여수시 웅천동,경상사고,0,0,1,0,차대차 - 측면충돌,안전거리미확보,건조,맑음,단일로 - 기타,승용,남,50세,상해없음,승용,남,39세,경상
2020042300100484,2020년 4월 23일 20시,목요일,전라남도 여수시 학동,경상사고,0,0,1,0,차대차 - 측면충돌,안전운전불이행,건조,맑음,교차로 - 교차로부근,승용,여,54세,상해없음,승용,남,64세,경상
2020042300100509,2020년 4월 23일 21시,목요일,전라남도 목포시 상동,경상사고,0,0,1,0,차대차 - 기타,교차로운행방법위반,건조,맑음,교차로 - 교차로부근,승용,남,51세,상해없음,승용,남,27세,경상
2020042400100045,2020년 4월 24일 04시,금요일,전라남도 목포시 산정동,경상사고,0,0,1,0,차대차 - 기타,안전운전불이행,건조,맑음,단일로 - 기타,화물,남,45세,상해없음,화물,남,40세,경상
2020042400100066,2020년 4월 24일 06시,금요일,전라남도 목포시 죽동,경상사고,0,0,1,0,차대차 - 측면충돌,직진우회전진행방해,건조,맑음,교차로 - 교차로안,자전거,남,43세,경상,승용,남,51세,상해없음
2020042400100082,2020년 4월 24일 07시,금요일,전라남도 장성군 황룡면,경상사고,0,0,1,0,차대차 - 기타,안전거리미확보,건조,맑음,교차로 - 교차로부근,화물,남,61세,상해없음,승용,여,34세,경상
2020042400100083,2020년 4월 24일 07시,금요일,전라남도 광양시 마동,중상사고,0,1,0,0,차대차 - 측면충돌,신호위반,건조,맑음,교차로 - 교차로안,승용,남,75세,상해없음,승용,여,56세,중상
2020042400100110,2020년 4월 24일 08시,금요일,전라남도 나주시 금천면,중상사고,0,1,6,0,차대차 - 추돌,안전거리미확보,건조,맑음,단일로 - 기타,승용,여,33세,경상,승용,여,55세,경상
2020042400100142,2020년 4월 24일 09시,금요일,전라남도 목포시 산정동,경상사고,0,0,1,0,차대차 - 측면충돌,안전운전불이행,건조,맑음,단일로 - 기타,자전거,여,48세,경상,승용,남,50세,상해없음
2020042400100169,2020년 4월 24일 10시,금요일,전라남도 목포시 상동,경상사고,0,0,1,0,차대차 - 측면충돌,직진우회전진행방해,건조,맑음,교차로 - 교차로안,승용,남,53세,상해없음,승용,여,52세,경상
2020042400100170,2020년 4월 24일 10시,금요일,전라남도 목포시 상동,경상사고,0,0,1,0,차대차 - 추돌,안전운전불이행,건조,맑음,교차로 - 교차로부근,승용,남,55세,상해없음,승용,남,31세,경상
2020042400100171,2020년 4월 24일 10시,금요일,전라남도 나주시 석현동,경상사고,0,0,2,0,차대차 - 측면충돌,안전운전불이행,건조,맑음,교차로 - 교차로안,승합,남,54세,경상,승용,남,59세,경상
2020042400100172,2020년 4월 24일 10시,금요일,전라남도 강진군 성전면,중상사고,0,1,0,0,차대차 - 측면충돌,신호위반,건조,맑음,교차로 - 교차로안,이륜,남,83세,중상,화물,남,54세,상해없음
2020042400100212,2020년 4월 24일 11시,금요일,전라남도 목포시 상동,중상사고,0,1,1,0,차대차 - 측면충돌,과속,건조,맑음,교차로 - 교차로부근,승용,남,25세,경상,승용,남,43세,중상
2020042400100213,2020년 4월 24일 11시,금요일,전라남도 여수시 신월동,중상사고,0,3,1,0,차대차 - 기타,신호위반,건조,맑음,교차로 - 교차로부근,승용,남,57세,상해없음,승용,남,58세,경상
2020042400100214,2020년 4월 24일 11시,금요일,전라남도 순천시 해룡면,경상사고,0,0,2,0,차대차 - 측면충돌,교차로운행방법위반,건조,맑음,교차로 - 교차로안,승용,여,52세,기타불명,승용,여,18세,경상
2020042400100245,2020년 4월 24일 12시,금요일,전라남도 보성군 득량면,경상사고,0,0,2,0,차대차 - 측면충돌,교차로운행방법위반,건조,맑음,교차로 - 교차로안,승용,남,68세,경상,화물,남,64세,경상
2020042400100278,2020년 4월 24일 13시,금요일,전라남도 순천시 풍덕동,경상사고,0,0,1,0,차대사람 - 기타,안전운전불이행,건조,맑음,단일로 - 기타,승용,남,75세,상해없음,보행자,남,63세,경상
2020042400100279,2020년 4월 24일 13시,금요일,전라남도 보성군 겸백면,중상사고,0,1,0,0,차량단독 - 공작물충돌,안전운전불이행,건조,맑음,단일로 - 기타,이륜,여,49세,중상,,,,
2020042400100280,2020년 4월 24일 13시,금요일,전라남도 함평군 함평읍,경상사고,0,0,1,0,차대차 - 측면충돌,직진우회전진행방해,건조,맑음,교차로 - 교차로안,승합,남,68세,상해없음,승합,여,44세,경상
2020042400100281,2020년 4월 24일 13시,금요일,전라남도 장성군 장성읍,경상사고,0,0,3,0,차대차 - 측면충돌,안전운전불이행,건조,맑음,교차로 - 교차로안,승용,남,20세,상해없음,승용,남,40세,경상
2020042400100282,2020년 4월 24일 13시,금요일,전라남도 진도군 의신면,중상사고,0,1,0,0,차대차 - 측면충돌,중앙선침범,건조,맑음,단일로 - 기타,승용,여,65세,상해없음,이륜,여,67세,중상
2020042400100309,2020년 4월 24일 14시,금요일,전라남도 순천시 조례동,경상사고,0,0,1,0,차대사람 - 기타,교차로운행방법위반,건조,맑음,교차로 - 교차로안,승용,남,60세,상해없음,보행자,남,6세,경상
2020042400100310,2020년 4월 24일 14시,금요일,전라남도 담양군 수북면,경상사고,0,0,1,0,차대차 - 측면충돌,교차로운행방법위반,건조,맑음,교차로 - 교차로안,화물,남,56세,상해없음,이륜,남,46세,경상
2020042400100359,2020년 4월 24일 15시,금요일,전라남도 목포시 상동,사망사고,1,0,0,0,차대차 - 측면충돌,중앙선침범,건조,맑음,교차로 - 교차로부근,승용,여,47세,상해없음,이륜,남,66세,사망
2020042400100360,2020년 4월 24일 15시,금요일,전라남도 여수시 소라면,경상사고,0,0,4,0,차대차 - 추돌,안전운전불이행,건조,맑음,단일로 - 기타,승용,남,25세,경상,승용,여,50세,경상
2020042400100361,2020년 4월 24일 15시,금요일,전라남도 장흥군 부산면,경상사고,0,0,2,0,차대차 - 측면충돌,기타,건조,맑음,교차로 - 교차로안,승용,여,54세,경상,승합,남,62세,경상