사고번호,사고일시,요일,시군구,사고내용,사망자수,중상자수,경상자수,부상신고자수,사고유형,법규위반,노면상태,기상상태,도로형태,가해운전자 차종,가해운전자 성별,가해운전자 연령,가해운전자 상해정도,피해운전자 차종,피해운전자 성별,피해운전자 연령,피해운전자 상해정도
2020050400100260,2020년 5월 4일 13시,월요일,전라남도 순천시 해룡면,중상사고,0,1,0,0,차대차 - 측면충돌,신호위반,건조,맑음,교차로 - 교차로안,이륜,남,57세,중상,승용,여,44세,상해없음
2020050400100305,2020년 5월 4일 14시,월요일,전라남도 진도군 진도읍,중상사고,0,2,0,0,차대차 - 측면충돌,교차로운행방법위반,건조,맑음,교차로 - 교차로안,이륜,남,59세,중상,승용,남,59세,상해없음
2020050400100356,2020년 5월 4일 15시,월요일,전라남도 나주시 봉황면,경상사고,0,0,2,0,차대차 - 측면충돌,안전운전불이행,건조,맑음,단일로 - 기타,화물,남,56세,상해없음,화물,남,72세,경상
2020050400100402,2020년 5월 4일 16시,월요일,전라남도 장성군 장성읍,중상사고,0,1,0,0,차대차 - 기타,안전운전불이행,건조,맑음,단일로 - 기타,승용,여,50세,상해없음,자전거,남,12세,중상
2020050400100450,2020년 5월 4일 17시,월요일,전라남도 목포시 옥암동,경상사고,0,0,2,0,차대차 - 측면충돌,신호위반,건조,맑음,교차로 - 교차로안,승용,남,65세,상해없음,승용,여,27세,경상
2020050400100451,2020년 5월 4일 17시,월요일,전라남도 광양시 중동,경상사고,0,0,2,0,차대차 - 측면충돌,신호위반,건조,맑음,교차로 - 교차로안,승용,여,28세,상해없음,승용,남,32세,경상
2020050400100452,2020년 5월 4일 17시,월요일,전라남도 순천시 승주읍,경상사고,0,0,1,1,차대차 - 기타,안전거리미확보,건조,맑음,기타 - 기타,승용,여,25세,상해없음,승용,남,27세,경상
2020050400100514,2020년 5월 4일 18시,월요일,전라남도 목포시 산정동,중상사고,0,1,0,0,차대차 - 기타,신호위반,건조,맑음,교차로 - 교차로안,승용,남,47세,상해없음,이륜,남,22세,중상
2020050400100515,2020년 5월 4일 18시,월요일,전라남도 목포시 연산동,경상사고,0,0,6,0,차대차 - 측면충돌,교차로운행방법위반,건조,맑음,교차로 - 교차로안,화물,남,33세,경상,승용,남,22세,경상
2020050400100516,2020년 5월 4일 18시,월요일,전라남도 여수시 여서동,경상사고,0,0,4,0,차대차 - 측면충돌,안전운전불이행,건조,맑음,교차로 - 교차로안,승용,남,21세,상해없음,승용,남,37세,경상
2020050400100517,2020년 5월 4일 18시,월요일,전라남도 여수시 만흥동,경상사고,0,0,1,0,차대사람 - 횡단중,안전운전불이행,건조,맑음,단일로 - 기타,이륜,남,77세,상해없음,보행자,남,9세,경상
2020050400100518,2020년 5월 4일 18시,월요일,전라남도 영광군 홍농읍,경상사고,0,0,1,0,차대차 - 측면충돌,직진우회전진행방해,건조,맑음,교차로 - 교차로안,승용,남,55세,상해없음,승용,남,72세,경상
2020050400100598,2020년 5월 4일 20시,월요일,전라남도 순천시 동외동,경상사고,0,0,2,0,차대차 - 기타,안전운전불이행,건조,맑음,교차로 - 교차로안,승용,남,70세,상해없음,승용,남,52세,경상
2020050400100599,2020년 5월 4일 20시,월요일,전라남도 영암군 삼호읍,경상사고,0,0,2,0,차대차 - 측면충돌,안전운전불이행,건조,맑음,교차로 - 교차로안,승용,남,22세,경상,승용,남,44세,경상
2020050500100026,2020년 5월 5일 01시,화요일,전라남도 여수시 남산동,경상사고,0,0,1,0,차대사람 - 차도통행중,안전운전불이행,건조,맑음,단일로 - 기타,화물,남,58세,상해없음,보행자,남,26세,경상
2020050500100027,2020년 5월 5일 01시,화요일,전라남도 강진군 군동면,경상사고,0,0,1,0,차량단독 - 공작물충돌,안전운전불이행,건조,맑음,기타 - 기타,승용,남,26세,상해없음,,,,
2020050500100072,2020년 5월 5일 07시,화요일,전라남도 함평군 학교면,경상사고,0,0,1,0,차량단독 - 전도전복 - 전도,안전운전불이행,건조,맑음,단일로 - 기타,이륜,남,76세,경상,,,,
2020050500100082,2020년 5월 5일 08시,화요일,전라남도 목포시 산정동,중상사고,0,2,1,0,차대차 - 추돌,신호위반,건조,맑음,교차로 - 교차로안,이륜,남,60세,중상,승용,여,54세,경상
2020050500100096,2020년 5월 5일 09시,화요일,전라남도 함평군 엄다면,경상사고,0,0,1,0,차대차 - 측면충돌,안전운전불이행,건조,맑음,기타 - 기타,화물,남,61세,상해없음,이륜,남,75세,경상
2020050500100126,2020년 5월 5일 11시,화요일,전라남도 화순군 화순읍,부상신고사고,0,0,0,5,차대차 - 기타,안전거리미확보,건조,맑음,단일로 - 기타,승용,남,67세,상해없음,승용,남,40세,부상신고
2020050500100127,2020년 5월 5일 11시,화요일,전라남도 장성군 장성읍,경상사고,0,0,1,0,차대차 - 측면충돌,안전운전불이행,건조,맑음,교차로 - 교차로안,이륜,남,45세,경상,승용,여,37세,상해없음
2020050500100156,2020년 5월 5일 12시,화요일,전라남도 광양시 광양읍,경상사고,0,0,5,0,차대차 - 추돌,안전운전불이행,건조,맑음,단일로 - 기타,화물,남,47세,상해없음,승용,남,53세,경상
2020050500100175,2020년 5월 5일 13시,화요일,전라남도 여수시 봉계동,경상사고,0,0,2,0,차대차 - 추돌,안전운전불이행,건조,맑음,교차로 - 교차로부근,승용,여,46세,상해없음,승용,남,34세,경상
2020050500100176,2020년 5월 5일 13시,화요일,전라남도 해남군 해남읍,경상사고,0,0,1,0,차대차 - 측면충돌,교차로운행방법위반,건조,맑음,교차로 - 교차로안,이륜,남,20세,경상,승용,남,66세,상해없음
2020050500100203,2020년 5월 5일 14시,화요일,전라남도 고흥군 포두면,경상사고,0,0,1,0,차대차 - 측면충돌,기타,건조,맑음,교차로 - 교차로안,승용,여,45세,상해없음,이륜,남,82세,경상
2020050500100229,2020년 5월 5일 15시,화요일,전라남도 고흥군 동강면,경상사고,0,0,3,0,차대차 - 추돌,안전운전불이행,건조,맑음,단일로 - 기타,승용,남,44세,경상,승용,남,53세,경상
2020050500100253,2020년 5월 5일 16시,화요일,전라남도 목포시 옥암동,경상사고,0,0,1,0,차대차 - 기타,안전운전불이행,건조,맑음,단일로 - 기타,이륜,남,65세,상해없음,승용,남,65세,경상
2020050500100285,2020년 5월 5일 17시,화요일,전라남도 목포시 죽교동,경상사고,0,0,1,0,차대차 - 기타,중앙선침범,건조,맑음,단일로 - 기타,승용,남,35세,상해없음,승용,남,42세,경상
2020050500100286,2020년 5월 5일 17시,화요일,전라남도 신안군 지도읍,중상사고,0,1,1,0,차대차 - 측면충돌,교차로운행방법위반,건조,맑음,교차로 - 교차로안,이륜,남,60세,중상,승용,남,67세,경상
2020050500100287,2020년 5월 5일 17시,화요일,전라남도 여수시 봉계동,경상사고,0,0,4,0,차대차 - 기타,안전운전불이행,건조,맑음,단일로 - 기타,승용,여,36세,상해없음,화물,여,43세,경상
2020050500100288,2020년 5월 5일 17시,화요일,전라남도 순천시 해룡면,경상사고,0,0,3,0,차대차 - 측면충돌,안전운전불이행,건조,맑음,단일로 - 기타,화물,남,57세,상해없음,승용,여,36세,경상
2020050500100289,2020년 5월 5일 17시,화요일,전라남도 함평군 월야면,경상사고,0,0,1,0,차량단독 - 공작물충돌,안전운전불이행,건조,맑음,단일로 - 기타,승용,남,64세,경상,,,,
2020050500100344,2020년 5월 5일 19시,화요일,전라남도 목포시 용해동,중상사고,0,1,0,0,차대차 - 기타,안전거리미확보,건조,맑음,교차로 - 교차로부근,승용,여,39세,상해없음,이륜,남,21세,중상
2020050500100345,2020년 5월 5일 19시,화요일,전라남도 여수시 공화동,중상사고,0,1,0,0,차대차 - 측면충돌,신호위반,건조,맑음,교차로 - 교차로안,승합,남,62세,상해없음,이륜,남,54세,중상
2020050500100346,2020년 5월 5일 19시,화요일,전라남도 순천시 조례동,중상사고,0,1,2,0,차대차 - 측면충돌,안전거리미확보,건조,맑음,교차로 - 교차로부근,승용,남,20세,상해없음,승용,남,52세,상해없음
2020050500100347,2020년 5월 5일 19시,화요일,전라남도 순천시 해룡면,경상사고,0,0,1,0,차대차 - 측면충돌,안전운전불이행,건조,맑음,기타 - 기타,승용,남,39세,상해없음,원동기,남,24세,경상
2020050500100380,2020년 5월 5일 20시,화요일,전라남도 나주시 빛가람동,경상사고,0,0,1,1,차대차 - 추돌,안전운전불이행,건조,맑음,교차로 - 교차로부근,승용,남,34세,부상신고,승용,여,41세,경상
2020050500100427,2020년 5월 5일 22시,화요일,전라남도 순천시 별량면,부상신고사고,0,0,0,1,차량단독 - 공작물충돌,안전운전불이행,젖음/습기,비,단일로 - 기타,승용,남,21세,부상신고,,,,
2020050500100443,2020년 5월 5일 23시,화요일,전라남도 순천시 조곡동,중상사고,0,1,1,0,차대차 - 기타,안전운전불이행,젖음/습기,흐림,단일로 - 기타,승용,남,19세,상해없음,승용,남,28세,기타불명
2020050600100043,2020년 5월 6일 06시,수요일,전라남도 화순군 화순읍,중상사고,0,1,1,0,차대차 - 측면충돌,신호위반,건조,맑음,교차로 - 교차로안,승용,남,48세,중상,승용,남,34세,경상
2020050600100094,2020년 5월 6일 08시,수요일,전라남도 여수시 웅천동,중상사고,0,1,0,0,차대차 - 측면충돌,안전운전불이행,건조,맑음,단일로 - 기타,이륜,여,64세,중상,승용,여,52세,상해없음
2020050600100095,2020년 5월 6일 08시,수요일,전라남도 여수시 월하동,중상사고,0,1,0,0,차대차 - 추돌,안전운전불이행,건조,맑음,단일로 - 기타,화물,남,52세,중상,특수,남,51세,상해없음
2020050600100127,2020년 5월 6일 09시,수요일,전라남도 여수시 여서동,경상사고,0,0,2,0,차대차 - 측면충돌,안전운전불이행,건조,맑음,교차로 - 교차로안,승용,남,60세,경상,승용,여,58세,상해없음
2020050600100162,2020년 5월 6일 10시,수요일,전라남도 장흥군 장흥읍,경상사고,0,0,1,0,차대차 - 측면충돌,안전운전불이행,건조,맑음,교차로 - 교차로부근,자전거,여,77세,경상,승용,남,60세,상해없음
2020050600100163,2020년 5월 6일 10시,수요일,전라남도 고흥군 도양읍,경상사고,0,0,4,0,차대차 - 기타,안전거리미확보,건조,맑음,단일로 - 기타,화물,남,66세,상해없음,승용,남,46세,경상
2020050600100195,2020년 5월 6일 11시,수요일,전라남도 목포시 옥암동,경상사고,0,0,1,0,차대차 - 추돌,안전운전불이행,건조,맑음,교차로 - 교차로부근,승용,남,73세,상해없음,승용,여,18세,경상
2020050600100196,2020년 5월 6일 11시,수요일,전라남도 순천시 서면,경상사고,0,0,1,0,차대차 - 기타,안전운전불이행,건조,맑음,단일로 - 기타,건설기계,남,45세,상해없음,승용,여,30세,경상
2020050600100237,2020년 5월 6일 12시,수요일,전라남도 해남군 삼산면,경상사고,0,0,1,0,차대차 - 측면충돌,신호위반,건조,맑음,교차로 - 교차로안,승용,남,73세,상해없음,승용,여,37세,상해없음
2020050600100238,2020년 5월 6일 12시,수요일,전라남도 완도군 완도읍,경상사고,0,0,1,0,차대차 - 측면충돌,직진우회전진행방해,건조,맑음,교차로 - 교차로안,승용,남,61세,기타불명,승용,남,30세,경상
2020050600100274,2020년 5월 6일 13시,수요일,전라남도 목포시 상동,경상사고,0,0,1,1,차대차 - 추돌,안전거리미확보,건조,맑음,기타 - 기타,이륜,남,18세,부상신고,승용,남,60세,경상
2020050600100275,2020년 5월 6일 13시,수요일,전라남도 여수시 돌산읍,경상사고,0,0,2,0,차대차 - 측면충돌,기타,건조,맑음,단일로 - 기타,기타불명,기타불명,미분류,기타불명,승용,여,18세,경상
2020050600100276,2020년 5월 6일 13시,수요일,전라남도 함평군 학교면,부상신고사고,0,0,0,1,차대차 - 측면충돌,직진우회전진행방해,건조,맑음,교차로 - 교차로안,자전거,남,14세,부상신고,승용,여,65세,상해없음
2020050600100277,2020년 5월 6일 13시,수요일,전라남도 완도군 신지면,중상사고,0,1,0,0,차대차 - 기타,안전운전불이행,건조,맑음,단일로 - 기타,화물,남,54세,상해없음,농기계,남,78세,중상
2020050600100325,2020년 5월 6일 14시,수요일,전라남도 목포시 옥암동,중상사고,0,1,3,0,차대차 - 측면충돌,신호위반,건조,맑음,교차로 - 교차로안,승용,남,77세,경상,승용,남,61세,경상
2020050600100326,2020년 5월 6일 14시,수요일,전라남도 순천시 조례동,중상사고,0,2,1,0,차대차 - 측면충돌,직진우회전진행방해,건조,맑음,교차로 - 교차로안,승용,여,39세,중상,승용,여,36세,경상
2020050600100410,2020년 5월 6일 16시,수요일,전라남도 순천시 동외동,경상사고,0,0,1,0,차대차 - 기타,안전운전불이행,건조,맑음,단일로 - 기타,자전거,남,70세,경상,승용,여,50세,상해없음
2020050600100464,2020년 5월 6일 17시,수요일,전라남도 목포시 옥암동,경상사고,0,0,1,0,차대차 - 측면충돌,안전운전불이행,건조,맑음,교차로 - 교차로부근,승용,남,42세,상해없음,승용,여,35세,경상
2020050600100465,2020년 5월 6일 17시,수요일,전라남도 해남군 해남읍,중상사고,0,1,1,0,차대차 - 정면충돌,직진우회전진행방해,건조,맑음,교차로 - 교차로안,승용,여,61세,경상,승용,여,69세,중상
2020050600100466,2020년 5월 6일 17시,수요일,전라남도 함평군 대동면,경상사고,0,0,1,1,차대차 - 측면충돌,신호위반,건조,맑음,교차로 - 교차로안,이륜,남,82세,부상신고,승용,남,60세,경상
2020050600100528,2020년 5월 6일 18시,수요일,전라남도 목포시 산정동,경상사고,0,0,1,0,차대차 - 측면충돌,신호위반,건조,맑음,교차로 - 교차로안,승용,남,53세,상해없음,승용,남,41세,경상
2020050600100529,2020년 5월 6일 18시,수요일,전라남도 여수시 공화동,경상사고,0,0,1,0,차대차 - 측면충돌,안전운전불이행,건조,맑음,교차로 - 교차로안,승용,남,34세,상해없음,승용,여,47세,경상
2020050600100530,2020년 5월 6일 18시,수요일,전라남도 영광군 군남면,중상사고,0,1,1,0,차대차 - 기타,안전운전불이행,건조,맑음,교차로 - 교차로부근,화물,남,71세,경상,승합,여,45세,상해없음
2020050600100531,2020년 5월 6일 18시,수요일,전라남도 장성군 장성읍,부상신고사고,0,0,0,1,차량단독 - 도로외이탈 - 기타,안전운전불이행,건조,맑음,단일로 - 기타,승용,남,36세,부상신고,,,,
2020050600100571,2020년 5월 6일 19시,수요일,전라남도 강진군 강진읍,부상신고사고,0,0,0,1,차량단독 - 전도전복 - 전도,안전운전불이행,건조,맑음,단일로 - 기타,이륜,남,66세,부상신고,,,,
2020050600100572,2020년 5월 6일 19시,수요일,전라남도 무안군 일로읍,사망사고,1,0,1,0,차대차 - 기타,신호위반,건조,맑음,교차로 - 교차로안,승용,여,23세,기타불명,화물,남,60세,경상
2020050600100648,2020년 5월 6일 22시,수요일,전라남도 여수시 봉산동,경상사고,0,0,3,0,차대차 - 정면충돌,중앙선침범,건조,맑음,단일로 - 기타,승용,남,64세,상해없음,승용,남,41세,경상
2020050600100656,2020년 5월 6일 23시,수요일,전라남도 여수시 여서동,경상사고,0,0,1,0,차대차 - 측면충돌,안전운전불이행,건조,맑음,교차로 - 교차로부근,승용,남,25세,상해없음,승용,남,27세,경상
2020050700100011,2020년 5월 7일 00시,목요일,전라남도 완도군 약산면,중상사고,0,1,2,0,차대차 - 측면충돌,중앙선침범,건조,맑음,단일로 - 기타,화물,남,46세,중상,화물,남,50세,경상
2020050700100023,2020년 5월 7일 01시,목요일,전라남도 무안군 삼향읍,경상사고,0,0,1,0,차대차 - 기타,불법유턴,건조,맑음,교차로 - 교차로부근,승용,남,62세,상해없음,승용,여,41세,경상
2020050700100024,2020년 5월 7일 01시,목요일,전라남도 장성군 장성읍,경상사고,0,0,2,0,차대차 - 기타,안전운전불이행,건조,맑음,단일로 - 기타,화물,남,40세,경상,화물,여,62세,경상
2020050700100044,2020년 5월 7일 04시,목요일,전라남도 여수시 소호동,경상사고,0,0,2,0,차대차 - 측면충돌,직진우회전진행방해,건조,맑음,교차로 - 교차로안,승용,여,27세,기타불명,승용,남,41세,경상
2020050700100062,2020년 5월 7일 06시,목요일,전라남도 해남군 해남읍,경상사고,0,0,2,0,차대차 - 측면충돌,기타,건조,맑음,교차로 - 교차로안,승용,남,51세,경상,승용,여,60세,경상
2020050700100127,2020년 5월 7일 08시,목요일,전라남도 순천시 남정동,경상사고,0,0,1,0,차대차 - 기타,안전운전불이행,건조,맑음,단일로 - 기타,승용,여,51세,상해없음,승합,남,38세,상해없음
2020050700100128,2020년 5월 7일 08시,목요일,전라남도 해남군 화원면,중상사고,0,1,0,0,차대차 - 측면충돌,안전운전불이행,건조,맑음,교차로 - 교차로안,특수,남,51세,상해없음,화물,남,58세,중상
2020050700100203,2020년 5월 7일 10시,목요일,전라남도 고흥군 남양면,경상사고,0,0,6,0,차대차 - 정면충돌,교차로운행방법위반,건조,맑음,교차로 - 교차로안,승용,남,53세,경상,승합,남,52세,경상
2020050700100204,2020년 5월 7일 10시,목요일,전라남도 장성군 장성읍,경상사고,0,0,1,0,차대사람 - 길가장자리구역통행중,안전운전불이행,건조,맑음,단일로 - 기타,화물,남,67세,상해없음,보행자,남,55세,경상
2020050700100205,2020년 5월 7일 10시,목요일,전라남도 무안군 삼향읍,경상사고,0,0,2,0,차대차 - 측면충돌,안전운전불이행,건조,맑음,단일로 - 기타,승용,여,22세,경상,승용,남,33세,경상
2020050700100206,2020년 5월 7일 10시,목요일,전라남도 광양시 마동,경상사고,0,0,1,0,차대차 - 추돌,안전운전불이행,건조,맑음,단일로 - 기타,승용,여,54세,상해없음,승용,여,51세,경상
2020050700100245,2020년 5월 7일 11시,목요일,전라남도 여수시 교동,중상사고,0,1,0,0,차대사람 - 횡단중,기타,건조,맑음,단일로 - 기타,승합,남,51세,상해없음,보행자,여,82세,중상
2020050700100246,2020년 5월 7일 11시,목요일,전라남도 화순군 능주면,경상사고,0,0,1,1,차대차 - 기타,안전운전불이행,건조,맑음,단일로 - 기타,화물,남,37세,부상신고,승용,남,77세,경상
2020050700100247,2020년 5월 7일 11시,목요일,전라남도 담양군 용면,경상사고,0,0,1,0,차대차 - 기타,중앙선침범,건조,맑음,단일로 - 기타,특수,남,65세,상해없음,화물,남,52세,경상
2020050700100287,2020년 5월 7일 12시,목요일,전라남도 여수시 월하동,중상사고,0,1,0,0,차대사람 - 기타,안전운전불이행,건조,맑음,교차로 - 교차로부근,화물,남,61세,상해없음,보행자,남,51세,중상
2020050700100288,2020년 5월 7일 12시,목요일,전라남도 순천시 조례동,경상사고,0,0,1,0,차대차 - 측면충돌,안전운전불이행,건조,맑음,교차로 - 교차로부근,원동기,남,73세,상해없음,승용,남,42세,상해없음
2020050700100320,2020년 5월 7일 13시,목요일,전라남도 신안군 암태면,중상사고,0,1,0,0,차대차 - 측면충돌,기타,건조,맑음,교차로 - 교차로안,승용,남,30세,상해없음,이륜,남,79세,중상
2020050700100361,2020년 5월 7일 14시,목요일,전라남도 목포시 상동,경상사고,0,0,1,0,차대차 - 측면충돌,안전운전불이행,건조,맑음,단일로 - 기타,승용,여,72세,상해없음,승용,여,43세,경상
2020050700100362,2020년 5월 7일 14시,목요일,전라남도 신안군 안좌면,중상사고,0,1,0,0,차대차 - 정면충돌,중앙선침범,건조,맑음,교차로 - 교차로안,건설기계,남,67세,상해없음,화물,남,69세,중상
2020050700100398,2020년 5월 7일 15시,목요일,전라남도 광양시 금호동,경상사고,0,0,2,0,차대차 - 측면충돌,교차로운행방법위반,건조,맑음,교차로 - 교차로안,화물,여,61세,경상,승용,남,25세,경상
2020050700100439,2020년 5월 7일 16시,목요일,전라남도 여수시 덕충동,부상신고사고,0,0,0,1,차대차 - 추돌,안전운전불이행,건조,맑음,단일로 - 기타,이륜,남,18세,부상신고,승용,남,62세,상해없음
2020050700100440,2020년 5월 7일 16시,목요일,전라남도 광양시 중동,경상사고,0,0,1,0,차대사람 - 기타,안전운전불이행,건조,맑음,주차장 - 주차장,승용,남,40세,상해없음,보행자,남,62세,경상
2020050700100538,2020년 5월 7일 18시,목요일,전라남도 목포시 상동,경상사고,0,0,1,0,차대차 - 측면충돌,안전거리미확보,건조,맑음,교차로 - 교차로부근,화물,여,54세,상해없음,승용,여,58세,경상
2020050700100580,2020년 5월 7일 19시,목요일,전라남도 목포시 석현동,경상사고,0,0,3,0,차대차 - 측면충돌,안전운전불이행,건조,맑음,교차로 - 교차로부근,승용,남,69세,경상,특수,남,60세,경상
2020050700100581,2020년 5월 7일 19시,목요일,전라남도 완도군 고금면,경상사고,0,0,1,0,차대차 - 추돌,안전운전불이행,건조,맑음,단일로 - 기타,승용,여,60세,상해없음,농기계,남,44세,경상
2020050700100604,2020년 5월 7일 20시,목요일,전라남도 순천시 동외동,중상사고,0,1,0,0,차대사람 - 횡단중,안전운전불이행,건조,맑음,단일로 - 기타,승용,남,76세,상해없음,보행자,여,75세,중상
2020050700100605,2020년 5월 7일 20시,목요일,전라남도 진도군 임회면,사망사고,1,0,0,0,차대사람 - 횡단중,안전운전불이행,건조,맑음,교차로 - 교차로부근,승용,남,38세,상해없음,보행자,남,60세,사망
2020050700100606,2020년 5월 7일 20시,목요일,전라남도 광양시 광영동,경상사고,0,0,1,0,차대사람 - 기타,안전운전불이행,건조,맑음,단일로 - 기타,승용,남,20세,상해없음,보행자,남,57세,경상
2020050700100632,2020년 5월 7일 21시,목요일,전라남도 여수시 학동,중상사고,0,1,0,0,차대차 - 기타,중앙선침범,건조,맑음,교차로 - 교차로부근,승용,남,43세,상해없음,이륜,남,27세,중상
2020050700100633,2020년 5월 7일 21시,목요일,전라남도 광양시 광양읍,경상사고,0,0,2,0,차대차 - 추돌,안전운전불이행,젖음/습기,비,단일로 - 기타,승용,여,49세,상해없음,승용,남,51세,경상
2020050700100649,2020년 5월 7일 22시,목요일,전라남도 여수시 학동,중상사고,0,1,0,0,차대차 - 측면충돌,교차로운행방법위반,건조,맑음,교차로 - 교차로안,이륜,남,46세,중상,승용,남,31세,상해없음
2020050700100650,2020년 5월 7일 22시,목요일,전라남도 영암군 신북면,중상사고,0,1,1,0,차대차 - 추돌,안전운전불이행,건조,기타,단일로 - 기타,화물,남,67세,중상,승용,여,28세,경상
2020050700100651,2020년 5월 7일 22시,목요일,전라남도 광양시 성황동,경상사고,0,0,1,0,차대차 - 추돌,안전운전불이행,건조,맑음,단일로 - 기타,승용,여,56세,상해없음,승용,여,42세,경상
2020050700100676,2020년 5월 7일 23시,목요일,전라남도 강진군 군동면,중상사고,0,1,0,0,차량단독 - 공작물충돌,안전운전불이행,건조,맑음,교차로 - 교차로안,승용,남,58세,중상,,,,
2020050800100062,2020년 5월 8일 07시,금요일,전라남도 목포시 달동,경상사고,0,0,3,0,차대차 - 추돌,안전거리미확보,건조,맑음,단일로 - 교량,승용,여,38세,경상,승합,남,29세,경상
2020050800100091,2020년 5월 8일 08시,금요일,전라남도 여수시 신기동,경상사고,0,0,1,0,차대차 - 추돌,안전운전불이행,건조,맑음,교차로 - 교차로부근,특수,남,45세,상해없음,건설기계,남,49세,경상
2020050800100092,2020년 5월 8일 08시,금요일,전라남도 장흥군 관산읍,사망사고,1,0,0,0,차대차 - 측면충돌,직진우회전진행방해,건조,맑음,교차로 - 교차로안,승용,여,64세,상해없음,이륜,남,81세,사망
2020050800100093,2020년 5월 8일 08시,금요일,전라남도 보성군 벌교읍,경상사고,0,0,1,0,차대사람 - 기타,안전운전불이행,건조,맑음,단일로 - 기타,승용,남,22세,상해없음,보행자,남,68세,경상
2020050800100193,2020년 5월 8일 11시,금요일,전라남도 여수시 학동,경상사고,0,0,4,0,차대차 - 측면충돌,안전거리미확보,건조,맑음,단일로 - 기타,건설기계,남,62세,상해없음,승용,남,46세,경상
2020050800100261,2020년 5월 8일 13시,금요일,전라남도 해남군 화산면,사망사고,1,0,0,0,차량단독 - 기타,안전운전불이행,건조,흐림,단일로 - 기타,농기계,남,82세,사망,,,,
2020050800100334,2020년 5월 8일 15시,금요일,전라남도 고흥군 대서면,중상사고,0,1,0,0,차량단독 - 공작물충돌,안전운전불이행,건조,맑음,교차로 - 교차로부근,사륜오토바이(ATV),남,77세,중상,,,,
2020050800100335,2020년 5월 8일 15시,금요일,전라남도 강진군 신전면,경상사고,0,0,1,0,차량단독 - 기타,안전운전불이행,건조,맑음,단일로 - 기타,이륜,남,54세,경상,,,,
2020050800100336,2020년 5월 8일 15시,금요일,전라남도 구례군 산동면,중상사고,0,1,0,0,차대차 - 추돌,안전운전불이행,건조,맑음,단일로 - 기타,승용,남,41세,상해없음,이륜,남,70세,중상
2020050800100372,2020년 5월 8일 16시,금요일,전라남도 구례군 용방면,경상사고,0,0,3,0,차대차 - 추돌,과속,건조,맑음,단일로 - 기타,승용,남,34세,경상,승용,남,32세,경상
2020050800100410,2020년 5월 8일 17시,금요일,전라남도 목포시 옥암동,중상사고,0,1,4,0,차대차 - 기타,중앙선침범,건조,맑음,단일로 - 기타,승용,남,21세,경상,승용,남,72세,경상
2020050800100411,2020년 5월 8일 17시,금요일,전라남도 목포시 동명동,경상사고,0,0,1,0,차대차 - 측면충돌,안전운전불이행,건조,맑음,교차로 - 교차로안,승용,여,42세,상해없음,자전거,남,51세,경상
2020050800100412,2020년 5월 8일 17시,금요일,전라남도 화순군 화순읍,중상사고,0,1,0,0,차대차 - 정면충돌,중앙선침범,건조,맑음,교차로 - 교차로부근,승용,여,28세,상해없음,승용,여,42세,중상
2020050800100413,2020년 5월 8일 17시,금요일,전라남도 장성군 남면,경상사고,0,0,1,0,차대차 - 기타,안전운전불이행,건조,흐림,교차로 - 교차로부근,승용,여,62세,상해없음,승용,여,43세,경상
2020050800100414,2020년 5월 8일 17시,금요일,전라남도 곡성군 고달면,경상사고,0,0,1,0,차대차 - 측면충돌,직진우회전진행방해,건조,맑음,교차로 - 교차로안,승용,남,63세,상해없음,승합,남,61세,상해없음
2020050800100415,2020년 5월 8일 17시,금요일,전라남도 광양시 광양읍,경상사고,0,0,1,0,차대사람 - 기타,보행자보호의무위반,건조,맑음,교차로 - 교차로횡단보도내,승용,여,39세,상해없음,보행자,남,58세,경상
2020050800100512,2020년 5월 8일 19시,금요일,전라남도 영암군 삼호읍,경상사고,0,0,2,0,차대차 - 추돌,안전운전불이행,젖음/습기,비,교차로 - 교차로부근,승용,남,66세,상해없음,화물,남,46세,경상
2020050800100600,2020년 5월 8일 20시,금요일,전라남도 목포시 용해동,중상사고,0,1,0,0,차대사람 - 횡단중,보행자보호의무위반,젖음/습기,비,교차로 - 교차로횡단보도내,화물,남,41세,상해없음,보행자,여,62세,중상
2020050800100601,2020년 5월 8일 20시,금요일,전라남도 목포시 상동,경상사고,0,0,1,0,차대차 - 추돌,안전운전불이행,젖음/습기,비,교차로 - 교차로부근,승용,남,38세,상해없음,승용,남,50세,경상
2020050800100602,2020년 5월 8일 20시,금요일,전라남도 목포시 산정동,경상사고,0,0,2,0,차대차 - 측면충돌,안전운전불이행,젖음/습기,비,교차로 - 교차로부근,이륜,남,37세,상해없음,승용,여,28세,경상
2020050800100663,2020년 5월 8일 21시,금요일,전라남도 무안군 무안읍,중상사고,0,1,0,0,차대차 - 측면충돌,안전운전불이행,젖음/습기,흐림,교차로 - 교차로안,승용,남,23세,상해없음,이륜,남,19세,중상
2020050800100745,2020년 5월 8일 23시,금요일,전라남도 여수시 덕충동,중상사고,0,1,0,0,차대사람 - 횡단중,신호위반,건조,흐림,교차로 - 교차로안,승용,남,55세,상해없음,보행자,여,64세,중상
2020050900100025,2020년 5월 9일 00시,토요일,전라남도 영암군 삼호읍,경상사고,0,0,3,0,차대차 - 측면충돌,신호위반,침수,비,교차로 - 교차로안,화물,남,45세,상해없음,승용,남,37세,경상
2020050900100048,2020년 5월 9일 01시,토요일,전라남도 목포시 옥암동,중상사고,0,1,0,0,차대차 - 측면충돌,신호위반,젖음/습기,비,교차로 - 교차로안,승용,남,35세,상해없음,승용,남,40세,중상