사고번호,사고일시,요일,시군구,사고내용,사망자수,중상자수,경상자수,부상신고자수,사고유형,법규위반,노면상태,기상상태,도로형태,가해운전자 차종,가해운전자 성별,가해운전자 연령,가해운전자 상해정도,피해운전자 차종,피해운전자 성별,피해운전자 연령,피해운전자 상해정도
2020051300100556,2020년 5월 13일 19시,수요일,전라남도 목포시 산정동,경상사고,0,0,2,0,차대차 - 측면충돌,안전운전불이행,건조,맑음,교차로 - 교차로부근,승용,남,68세,경상,승용,남,26세,경상
2020051300100557,2020년 5월 13일 19시,수요일,전라남도 장흥군 장흥읍,경상사고,0,0,1,0,차대차 - 측면충돌,교차로운행방법위반,건조,맑음,교차로 - 교차로안,자전거,남,14세,경상,승용,여,49세,상해없음
2020051300100610,2020년 5월 13일 21시,수요일,전라남도 장흥군 장흥읍,중상사고,0,1,0,0,차대사람 - 횡단중,보행자보호의무위반,건조,맑음,교차로 - 교차로횡단보도내,승용,남,37세,상해없음,보행자,남,59세,중상
2020051300100629,2020년 5월 13일 22시,수요일,전라남도 여수시 학동,경상사고,0,0,2,0,차대차 - 측면충돌,안전거리미확보,건조,맑음,단일로 - 기타,승용,남,53세,경상,승용,남,28세,경상
2020051300100645,2020년 5월 13일 23시,수요일,전라남도 광양시 광양읍,부상신고사고,0,0,0,1,차량단독 - 공작물충돌,안전운전불이행,건조,맑음,교차로 - 교차로부근,승용,남,46세,부상신고,,,,
2020051400100029,2020년 5월 14일 02시,목요일,전라남도 순천시 황전면,중상사고,0,1,0,0,차대차 - 기타,안전운전불이행,건조,맑음,단일로 - 기타,화물,남,38세,상해없음,농기계,남,83세,중상
2020051400100051,2020년 5월 14일 06시,목요일,전라남도 여수시 돌산읍,경상사고,0,0,1,0,차량단독 - 공작물충돌,기타,건조,맑음,교차로 - 교차로부근,승용,여,44세,경상,,,,
2020051400100052,2020년 5월 14일 06시,목요일,전라남도 고흥군 과역면,중상사고,0,1,1,0,차대차 - 추돌,안전운전불이행,건조,맑음,단일로 - 기타,화물,남,42세,상해없음,화물,남,65세,경상
2020051400100097,2020년 5월 14일 08시,목요일,전라남도 순천시 오천동,경상사고,0,0,1,0,차대차 - 측면충돌,교차로운행방법위반,건조,맑음,교차로 - 교차로안,화물,남,28세,상해없음,승용,남,50세,경상
2020051400100098,2020년 5월 14일 08시,목요일,전라남도 나주시 공산면,중상사고,0,1,0,0,차대차 - 정면충돌,안전거리미확보,건조,맑음,단일로 - 기타,화물,남,68세,상해없음,농기계,남,53세,중상
2020051400100099,2020년 5월 14일 08시,목요일,전라남도 광양시 광양읍,중상사고,0,1,0,0,차대차 - 측면충돌,신호위반,건조,맑음,교차로 - 교차로안,승용,남,64세,상해없음,승용,여,53세,중상
2020051400100126,2020년 5월 14일 09시,목요일,전라남도 여수시 여서동,경상사고,0,0,1,0,차대사람 - 횡단중,신호위반,건조,맑음,교차로 - 교차로횡단보도내,승용,남,48세,상해없음,보행자,여,28세,경상
2020051400100127,2020년 5월 14일 09시,목요일,전라남도 나주시 이창동,경상사고,0,0,2,0,차대차 - 측면충돌,기타,건조,맑음,교차로 - 교차로안,건설기계,남,55세,상해없음,승용,남,54세,경상
2020051400100156,2020년 5월 14일 10시,목요일,전라남도 목포시 상동,경상사고,0,0,1,0,차대차 - 측면충돌,신호위반,건조,맑음,교차로 - 교차로안,승용,남,49세,상해없음,승합,남,62세,경상
2020051400100157,2020년 5월 14일 10시,목요일,전라남도 목포시 산정동,경상사고,0,0,2,0,차대차 - 측면충돌,안전운전불이행,건조,맑음,단일로 - 기타,승용,남,72세,상해없음,승용,남,60세,경상
2020051400100158,2020년 5월 14일 10시,목요일,전라남도 여수시 교동,경상사고,0,0,1,0,차대차 - 추돌,안전운전불이행,건조,맑음,단일로 - 기타,승합,남,47세,상해없음,화물,남,64세,경상
2020051400100159,2020년 5월 14일 10시,목요일,전라남도 순천시 조례동,경상사고,0,0,1,0,차대차 - 기타,안전거리미확보,건조,맑음,단일로 - 기타,승용,여,47세,상해없음,승용,여,45세,경상
2020051400100160,2020년 5월 14일 10시,목요일,전라남도 화순군 화순읍,부상신고사고,0,0,0,1,차대사람 - 차도통행중,안전운전불이행,건조,맑음,단일로 - 기타,승합,남,72세,상해없음,보행자,여,18세,부상신고
2020051400100161,2020년 5월 14일 10시,목요일,전라남도 곡성군 삼기면,중상사고,0,1,0,0,차대차 - 추돌,안전운전불이행,건조,맑음,단일로 - 기타,승용,남,53세,상해없음,농기계,남,64세,중상
2020051400100197,2020년 5월 14일 11시,목요일,전라남도 강진군 강진읍,중상사고,0,1,0,0,차대차 - 측면충돌,직진우회전진행방해,건조,맑음,교차로 - 교차로안,화물,남,58세,상해없음,자전거,여,70세,중상
2020051400100198,2020년 5월 14일 11시,목요일,전라남도 강진군 군동면,중상사고,0,1,0,0,차대차 - 측면충돌,기타,건조,맑음,교차로 - 교차로안,이륜,남,55세,중상,화물,남,41세,상해없음
2020051400100231,2020년 5월 14일 12시,목요일,전라남도 고흥군 도화면,중상사고,0,1,0,0,차대차 - 측면충돌,안전운전불이행,건조,맑음,단일로 - 기타,사륜오토바이(ATV),남,79세,중상,화물,남,69세,기타불명
2020051400100232,2020년 5월 14일 12시,목요일,전라남도 고흥군 고흥읍,경상사고,0,0,1,0,차대차 - 측면충돌,안전운전불이행,건조,맑음,교차로 - 교차로부근,승용,남,74세,상해없음,화물,남,35세,경상
2020051400100262,2020년 5월 14일 13시,목요일,전라남도 순천시 장천동,경상사고,0,0,1,0,차대차 - 기타,안전운전불이행,건조,맑음,단일로 - 기타,기타불명,남,43세,상해없음,자전거,여,75세,경상
2020051400100263,2020년 5월 14일 13시,목요일,전라남도 장성군 장성읍,경상사고,0,0,2,0,차대차 - 기타,차로위반,건조,맑음,단일로 - 기타,승용,남,56세,경상,건설기계,남,39세,상해없음
2020051400100264,2020년 5월 14일 13시,목요일,전라남도 곡성군 옥과면,경상사고,0,0,1,0,차대차 - 측면충돌,중앙선침범,건조,맑음,단일로 - 기타,화물,남,27세,상해없음,승용,남,34세,경상
2020051400100265,2020년 5월 14일 13시,목요일,전라남도 완도군 완도읍,경상사고,0,0,1,0,차대사람 - 기타,안전운전불이행,기타,맑음,단일로 - 기타,승용,여,66세,상해없음,보행자,남,31세,경상
2020051400100300,2020년 5월 14일 14시,목요일,전라남도 신안군 임자면,경상사고,0,0,1,0,차대차 - 측면충돌,안전운전불이행,건조,맑음,단일로 - 기타,건설기계,남,54세,상해없음,농기계,남,40세,경상
2020051400100301,2020년 5월 14일 14시,목요일,전라남도 영암군 영암읍,경상사고,0,0,1,0,차대사람 - 횡단중,안전운전불이행,건조,맑음,교차로 - 교차로횡단보도내,승용,여,44세,상해없음,보행자,여,44세,경상
2020051400100345,2020년 5월 14일 15시,목요일,전라남도 곡성군 오산면,경상사고,0,0,1,0,차대차 - 기타,기타,건조,맑음,단일로 - 기타,건설기계,남,62세,상해없음,승용,남,49세,경상
2020051400100376,2020년 5월 14일 16시,목요일,전라남도 여수시 주삼동,중상사고,0,1,0,0,차대사람 - 횡단중,중앙선침범,건조,맑음,단일로 - 기타,승합,남,53세,상해없음,보행자,남,87세,중상
2020051400100377,2020년 5월 14일 16시,목요일,전라남도 여수시 봉강동,경상사고,0,0,1,0,차대차 - 측면충돌,안전운전불이행,건조,맑음,교차로 - 교차로부근,승용,여,56세,상해없음,이륜,남,20세,경상
2020051400100378,2020년 5월 14일 16시,목요일,전라남도 여수시 국동,경상사고,0,0,1,0,차대차 - 측면충돌,안전운전불이행,건조,맑음,기타 - 기타,승용,남,56세,상해없음,승용,남,65세,경상
2020051400100418,2020년 5월 14일 17시,목요일,전라남도 목포시 산정동,경상사고,0,0,3,0,차대차 - 측면충돌,안전거리미확보,건조,맑음,기타 - 기타,승용,남,40세,경상,승용,여,47세,경상
2020051400100466,2020년 5월 14일 18시,목요일,전라남도 목포시 상동,경상사고,0,0,1,0,차대사람 - 횡단중,보행자보호의무위반,건조,맑음,단일로 - 기타,승합,남,69세,상해없음,보행자,여,45세,경상
2020051400100508,2020년 5월 14일 19시,목요일,전라남도 목포시 용당동,경상사고,0,0,2,0,차대차 - 측면충돌,안전운전불이행,건조,맑음,교차로 - 교차로부근,화물,남,66세,경상,화물,여,62세,경상
2020051400100545,2020년 5월 14일 20시,목요일,전라남도 영암군 금정면,경상사고,0,0,2,0,차대차 - 추돌,안전운전불이행,건조,맑음,단일로 - 기타,화물,남,54세,경상,농기계,남,27세,경상
2020051400100546,2020년 5월 14일 20시,목요일,전라남도 강진군 강진읍,부상신고사고,0,0,0,1,차대차 - 측면충돌,직진우회전진행방해,건조,맑음,교차로 - 교차로안,화물,남,70세,부상신고,승용,여,45세,상해없음
2020051400100570,2020년 5월 14일 21시,목요일,전라남도 순천시 풍덕동,중상사고,0,1,0,0,차대사람 - 횡단중,안전운전불이행,건조,맑음,단일로 - 기타,화물,남,56세,상해없음,보행자,남,28세,중상
2020051400100571,2020년 5월 14일 21시,목요일,전라남도 나주시 동강면,중상사고,0,2,0,0,차대차 - 정면충돌,안전운전불이행,건조,맑음,단일로 - 기타,승합,남,65세,상해없음,화물,남,51세,중상
2020051400100603,2020년 5월 14일 22시,목요일,전라남도 여수시 신기동,중상사고,0,1,0,0,차대사람 - 기타,안전운전불이행,건조,맑음,교차로 - 교차로부근,화물,남,51세,상해없음,보행자,남,46세,중상
2020051400100604,2020년 5월 14일 22시,목요일,전라남도 순천시 매곡동,사망사고,1,0,0,0,차대사람 - 횡단중,과속,건조,흐림,교차로 - 교차로횡단보도내,승용,남,28세,상해없음,보행자,남,25세,사망
2020051500100011,2020년 5월 15일 00시,금요일,전라남도 목포시 옥암동,경상사고,0,0,2,0,차대차 - 측면충돌,교차로운행방법위반,건조,맑음,교차로 - 교차로안,승용,남,57세,경상,승용,남,23세,경상
2020051500100084,2020년 5월 15일 07시,금요일,전라남도 영광군 염산면,중상사고,0,1,0,0,차대사람 - 횡단중,안전운전불이행,젖음/습기,비,단일로 - 기타,화물,남,65세,상해없음,보행자,여,67세,중상
2020051500100144,2020년 5월 15일 09시,금요일,전라남도 순천시 조곡동,중상사고,0,1,0,0,차대사람 - 횡단중,안전운전불이행,젖음/습기,비,단일로 - 기타,승용,남,42세,상해없음,보행자,여,79세,중상
2020051500100145,2020년 5월 15일 09시,금요일,전라남도 무안군 삼향읍,경상사고,0,0,1,0,차대차 - 측면충돌,안전운전불이행,건조,맑음,교차로 - 교차로안,승용,남,77세,상해없음,승용,여,43세,경상
2020051500100174,2020년 5월 15일 10시,금요일,전라남도 목포시 산정동,경상사고,0,0,2,0,차대차 - 측면충돌,차로위반,젖음/습기,비,교차로 - 교차로부근,승용,여,54세,경상,화물,남,44세,경상
2020051500100195,2020년 5월 15일 11시,금요일,전라남도 여수시 오림동,경상사고,0,0,1,0,차대차 - 측면충돌,안전운전불이행,젖음/습기,비,단일로 - 기타,승용,남,54세,상해없음,승용,남,71세,상해없음
2020051500100196,2020년 5월 15일 11시,금요일,전라남도 광양시 마동,경상사고,0,0,1,0,차대차 - 측면충돌,신호위반,젖음/습기,비,교차로 - 교차로안,승용,여,53세,상해없음,승용,여,30세,경상
2020051500100259,2020년 5월 15일 13시,금요일,전라남도 여수시 여서동,중상사고,0,1,0,0,차대차 - 기타,안전운전불이행,젖음/습기,비,단일로 - 기타,기타불명,기타불명,미분류,기타불명,이륜,남,29세,중상
2020051500100330,2020년 5월 15일 15시,금요일,전라남도 목포시 상동,중상사고,0,1,0,0,차대차 - 기타,안전운전불이행,건조,맑음,교차로 - 교차로안,자전거,남,62세,중상,화물,남,33세,상해없음
2020051500100331,2020년 5월 15일 15시,금요일,전라남도 광양시 마동,중상사고,0,2,0,0,차대차 - 추돌,안전운전불이행,젖음/습기,비,교차로 - 교차로부근,화물,남,54세,중상,승용,남,64세,중상
2020051500100332,2020년 5월 15일 15시,금요일,전라남도 광양시 중동,경상사고,0,0,1,0,차대차 - 측면충돌,안전운전불이행,젖음/습기,비,교차로 - 교차로안,승용,남,63세,상해없음,승용,남,49세,경상
2020051500100377,2020년 5월 15일 16시,금요일,전라남도 장성군 장성읍,경상사고,0,0,1,0,차대차 - 기타,안전운전불이행,젖음/습기,흐림,단일로 - 기타,승용,여,51세,상해없음,화물,남,54세,경상
2020051500100424,2020년 5월 15일 17시,금요일,전라남도 목포시 상동,중상사고,0,1,1,0,차대차 - 측면충돌,직진우회전진행방해,건조,맑음,교차로 - 교차로안,승용,여,31세,중상,승용,여,55세,경상
2020051500100425,2020년 5월 15일 17시,금요일,전라남도 여수시 소라면,경상사고,0,0,1,0,차대차 - 후진중충돌,안전운전불이행,젖음/습기,흐림,단일로 - 기타,화물,남,59세,상해없음,승용,여,52세,경상
2020051500100464,2020년 5월 15일 18시,금요일,전라남도 여수시 학동,경상사고,0,0,1,0,차대차 - 측면충돌,안전운전불이행,건조,맑음,단일로 - 기타,승용,남,63세,상해없음,승합,남,47세,경상
2020051500100465,2020년 5월 15일 18시,금요일,전라남도 해남군 해남읍,경상사고,0,0,1,0,차대차 - 측면충돌,안전운전불이행,건조,흐림,단일로 - 기타,화물,남,32세,상해없음,화물,남,64세,경상
2020051500100596,2020년 5월 15일 21시,금요일,전라남도 목포시 옥암동,경상사고,0,0,3,0,차대차 - 측면충돌,교차로운행방법위반,건조,맑음,교차로 - 교차로안,승용,남,59세,상해없음,승용,남,56세,경상
2020051500100597,2020년 5월 15일 21시,금요일,전라남도 나주시 송월동,경상사고,0,0,1,0,차대차 - 추돌,안전거리미확보,건조,맑음,교차로 - 교차로부근,승용,남,36세,상해없음,승용,남,25세,경상
2020051500100598,2020년 5월 15일 21시,금요일,전라남도 담양군 담양읍,경상사고,0,0,1,0,차대사람 - 횡단중,교차로운행방법위반,젖음/습기,흐림,교차로 - 교차로부근,화물,여,60세,상해없음,보행자,남,52세,경상
2020051500100674,2020년 5월 15일 23시,금요일,전라남도 광양시 중동,경상사고,0,0,1,0,차대차 - 측면충돌,안전운전불이행,건조,맑음,교차로 - 교차로안,승용,남,26세,경상,승용,여,37세,상해없음
2020051600100010,2020년 5월 16일 00시,토요일,전라남도 목포시 상동,경상사고,0,0,1,0,차대차 - 측면충돌,신호위반,젖음/습기,비,교차로 - 교차로안,승용,남,38세,기타불명,승용,여,53세,경상
2020051600100011,2020년 5월 16일 00시,토요일,전라남도 목포시 옥암동,경상사고,0,0,2,0,차대차 - 정면충돌,안전운전불이행,건조,맑음,교차로 - 교차로부근,승용,여,41세,상해없음,승용,남,25세,경상
2020051600100012,2020년 5월 16일 00시,토요일,전라남도 여수시 오림동,경상사고,0,0,1,0,차대차 - 추돌,안전운전불이행,건조,맑음,교차로 - 교차로부근,승용,남,36세,상해없음,승용,남,65세,경상
2020051600100094,2020년 5월 16일 07시,토요일,전라남도 장성군 북일면,경상사고,0,0,1,1,차대차 - 정면충돌,안전운전불이행,건조,맑음,교차로 - 교차로안,화물,남,57세,부상신고,승용,남,38세,경상
2020051600100108,2020년 5월 16일 08시,토요일,전라남도 여수시 돌산읍,중상사고,0,1,0,0,차대차 - 측면충돌,신호위반,건조,맑음,교차로 - 교차로안,승용,남,60세,상해없음,이륜,남,62세,중상
2020051600100109,2020년 5월 16일 08시,토요일,전라남도 영암군 삼호읍,경상사고,0,0,2,0,차대차 - 측면충돌,안전운전불이행,건조,맑음,교차로 - 교차로안,승용,남,45세,경상,승용,남,29세,경상
2020051600100151,2020년 5월 16일 10시,토요일,전라남도 강진군 군동면,경상사고,0,0,3,0,차대차 - 추돌,안전운전불이행,건조,맑음,교차로 - 교차로부근,승용,남,54세,경상,승용,여,37세,경상
2020051600100187,2020년 5월 16일 11시,토요일,전라남도 순천시 중앙동,경상사고,0,0,2,0,차대차 - 기타,안전운전불이행,건조,맑음,단일로 - 기타,승용,남,49세,상해없음,승용,여,57세,경상
2020051600100188,2020년 5월 16일 11시,토요일,전라남도 강진군 칠량면,경상사고,0,0,1,0,차대차 - 측면충돌,중앙선침범,건조,맑음,단일로 - 기타,이륜,남,35세,경상,화물,남,58세,상해없음
2020051600100221,2020년 5월 16일 12시,토요일,전라남도 순천시 주암면,중상사고,0,1,1,0,차대차 - 측면충돌,안전운전불이행,건조,흐림,기타 - 기타,승용,여,69세,상해없음,이륜,여,58세,중상
2020051600100222,2020년 5월 16일 12시,토요일,전라남도 순천시 왕지동,경상사고,0,0,1,0,차대차 - 측면충돌,교차로운행방법위반,건조,맑음,교차로 - 교차로안,승용,여,42세,상해없음,원동기,남,45세,경상
2020051600100250,2020년 5월 16일 13시,토요일,전라남도 목포시 용당동,경상사고,0,0,1,0,차대차 - 후진중충돌,안전운전불이행,건조,맑음,교차로 - 교차로안,승용,남,63세,상해없음,승용,남,34세,경상
2020051600100251,2020년 5월 16일 13시,토요일,전라남도 광양시 광양읍,중상사고,0,1,0,0,차대차 - 기타,과속,건조,맑음,단일로 - 교량,승용,여,50세,상해없음,자전거,남,58세,중상
2020051600100282,2020년 5월 16일 14시,토요일,전라남도 완도군 신지면,사망사고,1,0,3,0,차대차 - 추돌,안전운전불이행,건조,맑음,기타 - 기타,승용,남,61세,사망,화물,남,39세,경상
2020051600100346,2020년 5월 16일 16시,토요일,전라남도 순천시 조례동,경상사고,0,0,3,0,차대차 - 기타,기타,건조,맑음,단일로 - 기타,승용,여,47세,경상,승용,남,60세,경상
2020051600100380,2020년 5월 16일 17시,토요일,전라남도 영암군 삼호읍,경상사고,0,0,1,0,차대차 - 측면충돌,안전운전불이행,건조,맑음,교차로 - 교차로안,승합,남,55세,상해없음,화물,남,47세,상해없음
2020051600100408,2020년 5월 16일 18시,토요일,전라남도 함평군 월야면,경상사고,0,0,3,0,차대차 - 측면충돌,안전운전불이행,건조,맑음,단일로 - 기타,승용,여,22세,경상,승용,남,58세,상해없음
2020051600100466,2020년 5월 16일 20시,토요일,전라남도 여수시 봉산동,경상사고,0,0,1,0,차대사람 - 차도통행중,안전운전불이행,건조,맑음,교차로 - 교차로안,승용,여,22세,기타불명,보행자,남,59세,경상
2020051600100491,2020년 5월 16일 21시,토요일,전라남도 담양군 대전면,경상사고,0,0,3,0,차대차 - 측면충돌,직진우회전진행방해,건조,맑음,교차로 - 교차로안,승용,여,63세,경상,승용,여,49세,경상
2020051600100541,2020년 5월 16일 23시,토요일,전라남도 여수시 신월동,경상사고,0,0,2,0,차대차 - 측면충돌,안전운전불이행,건조,맑음,단일로 - 기타,승용,남,31세,상해없음,승용,여,38세,경상
2020051600100542,2020년 5월 16일 23시,토요일,전라남도 순천시 연향동,경상사고,0,0,2,0,차대차 - 추돌,안전운전불이행,건조,맑음,단일로 - 기타,승용,여,47세,상해없음,승용,여,26세,경상
2020051600100543,2020년 5월 16일 23시,토요일,전라남도 무안군 삼향읍,부상신고사고,0,0,0,1,차량단독 - 기타,안전운전불이행,건조,맑음,단일로 - 기타,승합,남,41세,부상신고,,,,
2020051600100544,2020년 5월 16일 23시,토요일,전라남도 무안군 일로읍,경상사고,0,0,2,0,차대차 - 기타,안전운전불이행,건조,맑음,교차로 - 교차로안,승용,남,49세,상해없음,승용,남,22세,경상
2020051700100010,2020년 5월 17일 00시,일요일,전라남도 여수시 신기동,경상사고,0,0,1,0,차대차 - 측면충돌,안전운전불이행,건조,흐림,교차로 - 교차로안,승용,여,30세,상해없음,승용,남,73세,상해없음
2020051700100011,2020년 5월 17일 00시,일요일,전라남도 나주시 송월동,경상사고,0,0,1,0,차대차 - 측면충돌,안전운전불이행,건조,맑음,교차로 - 교차로안,화물,남,52세,상해없음,승용,남,37세,경상
2020051700100026,2020년 5월 17일 01시,일요일,전라남도 여수시 공화동,경상사고,0,0,1,0,차대차 - 측면충돌,신호위반,건조,맑음,교차로 - 교차로안,승용,남,18세,상해없음,화물,남,28세,경상
2020051700100027,2020년 5월 17일 01시,일요일,전라남도 담양군 봉산면,경상사고,0,0,1,0,차대차 - 추돌,안전거리미확보,건조,맑음,교차로 - 교차로부근,화물,남,43세,상해없음,승용,남,27세,경상
2020051700100058,2020년 5월 17일 04시,일요일,전라남도 영광군 묘량면,중상사고,0,3,0,0,차량단독 - 공작물충돌,안전운전불이행,젖음/습기,안개,단일로 - 기타,승용,남,33세,상해없음,,,,
2020051700100088,2020년 5월 17일 08시,일요일,전라남도 목포시 산정동,중상사고,0,2,0,0,차대차 - 측면충돌,차로위반,건조,맑음,단일로 - 지하차도(도로)내,화물,남,52세,상해없음,승용,여,60세,중상
2020051700100099,2020년 5월 17일 09시,일요일,전라남도 화순군 화순읍,경상사고,0,0,1,1,차대차 - 정면충돌,교차로운행방법위반,건조,맑음,교차로 - 교차로안,승용,여,30세,부상신고,승용,여,49세,경상
2020051700100118,2020년 5월 17일 10시,일요일,전라남도 나주시 왕곡면,중상사고,0,1,0,0,차량단독 - 도로외이탈 - 추락,안전운전불이행,건조,맑음,단일로 - 기타,원동기,남,83세,중상,,,,
2020051700100141,2020년 5월 17일 11시,일요일,전라남도 여수시 여서동,경상사고,0,0,2,0,차대차 - 기타,차로위반,건조,맑음,단일로 - 기타,승용,여,44세,상해없음,승합,남,46세,경상
2020051700100142,2020년 5월 17일 11시,일요일,전라남도 보성군 조성면,경상사고,0,0,2,0,차량단독 - 공작물충돌,안전운전불이행,건조,맑음,단일로 - 기타,승용,남,26세,상해없음,,,,
2020051700100173,2020년 5월 17일 12시,일요일,전라남도 완도군 신지면,경상사고,0,0,2,0,차대차 - 기타,안전운전불이행,건조,맑음,단일로 - 기타,화물,남,59세,상해없음,화물,남,67세,상해없음
2020051700100174,2020년 5월 17일 12시,일요일,전라남도 무안군 삼향읍,경상사고,0,0,1,0,차대차 - 추돌,안전운전불이행,건조,맑음,교차로 - 교차로부근,승용,여,52세,상해없음,승용,남,24세,경상
2020051700100195,2020년 5월 17일 13시,일요일,전라남도 담양군 담양읍,중상사고,0,1,0,0,차대차 - 기타,안전운전불이행,건조,맑음,교차로 - 교차로부근,승용,여,27세,상해없음,원동기,남,62세,중상
2020051700100196,2020년 5월 17일 13시,일요일,전라남도 담양군 담양읍,경상사고,0,0,6,0,차대차 - 기타,직진우회전진행방해,건조,맑음,교차로 - 교차로안,화물,남,46세,경상,승용,남,33세,경상
2020051700100197,2020년 5월 17일 13시,일요일,전라남도 무안군 삼향읍,경상사고,0,0,2,0,차대차 - 기타,안전운전불이행,건조,맑음,교차로 - 교차로횡단보도내,승용,남,48세,상해없음,승용,여,31세,경상
2020051700100224,2020년 5월 17일 14시,일요일,전라남도 여수시 소라면,중상사고,0,1,0,0,차대차 - 기타,안전운전불이행,건조,맑음,단일로 - 기타,승용,남,60세,상해없음,자전거,남,57세,중상
2020051700100225,2020년 5월 17일 14시,일요일,전라남도 순천시 와룡동,중상사고,0,2,0,0,차대차 - 정면충돌,안전운전불이행,건조,맑음,단일로 - 기타,화물,남,55세,중상,승용,여,57세,중상
2020051700100226,2020년 5월 17일 14시,일요일,전라남도 담양군 담양읍,경상사고,0,0,4,1,차대차 - 추돌,안전운전불이행,건조,맑음,단일로 - 기타,승용,남,77세,상해없음,승용,남,39세,경상
2020051700100227,2020년 5월 17일 14시,일요일,전라남도 무안군 무안읍,경상사고,0,0,1,0,차대차 - 기타,안전운전불이행,건조,맑음,기타 - 기타,이륜,여,78세,경상,승용,남,28세,상해없음
2020051700100228,2020년 5월 17일 14시,일요일,전라남도 광양시 광양읍,경상사고,0,0,1,0,차대사람 - 기타,안전운전불이행,건조,맑음,단일로 - 기타,승용,여,48세,상해없음,보행자,여,47세,경상
2020051700100257,2020년 5월 17일 15시,일요일,전라남도 목포시 용당동,경상사고,0,0,1,0,차대차 - 기타,직진우회전진행방해,건조,맑음,단일로 - 기타,승용,남,31세,상해없음,자전거,남,12세,경상
2020051700100258,2020년 5월 17일 15시,일요일,전라남도 순천시 오천동,경상사고,0,0,1,0,차대차 - 측면충돌,안전운전불이행,건조,맑음,단일로 - 기타,자전거,남,11세,경상,승용,남,60세,상해없음
2020051700100259,2020년 5월 17일 15시,일요일,전라남도 나주시 동수동,중상사고,0,1,0,0,차대차 - 기타,안전운전불이행,건조,맑음,교차로 - 교차로안,화물,남,40세,상해없음,원동기,남,81세,중상
2020051700100284,2020년 5월 17일 16시,일요일,전라남도 고흥군 도양읍,경상사고,0,0,1,0,차대사람 - 기타,안전운전불이행,건조,맑음,단일로 - 기타,승용,남,54세,상해없음,보행자,여,78세,경상
2020051700100323,2020년 5월 17일 17시,일요일,전라남도 목포시 용당동,경상사고,0,0,1,0,차대차 - 측면충돌,안전운전불이행,건조,맑음,단일로 - 기타,화물,남,57세,상해없음,승용,남,55세,경상
2020051700100399,2020년 5월 17일 20시,일요일,전라남도 목포시 석현동,경상사고,0,0,1,0,차대차 - 측면충돌,신호위반,건조,맑음,교차로 - 교차로안,승용,남,39세,상해없음,승용,남,56세,경상
2020051700100437,2020년 5월 17일 21시,일요일,전라남도 목포시 동명동,사망사고,1,1,0,0,차대사람 - 보도통행중,과속,건조,맑음,교차로 - 교차로부근,승용,남,44세,중상,보행자,남,59세,사망
2020051700100438,2020년 5월 17일 21시,일요일,전라남도 목포시 옥암동,경상사고,0,0,2,0,차대차 - 측면충돌,차로위반,건조,맑음,단일로 - 기타,승용,남,45세,상해없음,승용,남,47세,경상
2020051700100464,2020년 5월 17일 22시,일요일,전라남도 여수시 돌산읍,경상사고,0,0,1,0,차대차 - 측면충돌,안전운전불이행,건조,맑음,교차로 - 교차로안,승용,남,28세,상해없음,이륜,남,38세,경상
2020051800100023,2020년 5월 18일 02시,월요일,전라남도 목포시 동명동,경상사고,0,0,1,0,차대차 - 측면충돌,안전거리미확보,건조,맑음,단일로 - 기타,승용,남,57세,상해없음,승용,남,29세,경상
2020051800100040,2020년 5월 18일 05시,월요일,전라남도 목포시 산정동,부상신고사고,0,0,0,1,차량단독 - 공작물충돌,안전운전불이행,건조,맑음,교차로 - 교차로부근,이륜,남,24세,부상신고,,,,
2020051800100063,2020년 5월 18일 07시,월요일,전라남도 여수시 율촌면,경상사고,0,0,1,0,차대차 - 추돌,안전운전불이행,건조,맑음,단일로 - 터널,승용,남,33세,상해없음,화물,남,65세,경상
2020051800100083,2020년 5월 18일 08시,월요일,전라남도 보성군 미력면,중상사고,0,1,0,0,차량단독 - 공작물충돌,안전운전불이행,건조,맑음,단일로 - 기타,이륜,남,81세,중상,,,,
2020051800100113,2020년 5월 18일 09시,월요일,전라남도 장흥군 관산읍,경상사고,0,0,2,0,차대차 - 추돌,안전운전불이행,젖음/습기,비,단일로 - 기타,화물,남,72세,상해없음,승용,남,68세,경상
2020051800100142,2020년 5월 18일 10시,월요일,전라남도 여수시 문수동,경상사고,0,0,1,0,차대차 - 측면충돌,차로위반,건조,맑음,교차로 - 교차로부근,화물,남,64세,상해없음,승용,여,25세,경상
2020051800100143,2020년 5월 18일 10시,월요일,전라남도 장흥군 장흥읍,중상사고,0,1,0,0,차대차 - 측면충돌,안전운전불이행,건조,맑음,단일로 - 기타,승용,남,80세,상해없음,자전거,남,63세,중상
2020051800100144,2020년 5월 18일 10시,월요일,전라남도 완도군 완도읍,경상사고,0,0,1,0,차대차 - 기타,안전운전불이행,건조,맑음,교차로 - 교차로안,승용,남,71세,경상,승용,남,42세,상해없음
2020051800100220,2020년 5월 18일 12시,월요일,전라남도 목포시 옥암동,부상신고사고,0,0,0,1,차대차 - 측면충돌,신호위반,건조,맑음,교차로 - 교차로안,이륜,남,17세,부상신고,승용,남,46세,상해없음
2020051800100261,2020년 5월 18일 13시,월요일,전라남도 나주시 죽림동,경상사고,0,0,2,0,차대차 - 측면충돌,직진우회전진행방해,건조,흐림,교차로 - 교차로안,이륜,남,42세,경상,승용,남,70세,경상