사고번호,사고일시,요일,시군구,사고내용,사망자수,중상자수,경상자수,부상신고자수,사고유형,법규위반,노면상태,기상상태,도로형태,가해운전자 차종,가해운전자 성별,가해운전자 연령,가해운전자 상해정도,피해운전자 차종,피해운전자 성별,피해운전자 연령,피해운전자 상해정도
2020051800100262,2020년 5월 18일 13시,월요일,전라남도 나주시 성북동,경상사고,0,0,1,0,차량단독 - 기타,안전운전불이행,건조,맑음,단일로 - 기타,승합,남,66세,상해없음,,,,
2020051800100263,2020년 5월 18일 13시,월요일,전라남도 영암군 금정면,중상사고,0,1,0,1,차대차 - 측면충돌,안전운전불이행,건조,맑음,단일로 - 기타,농기계,남,72세,중상,화물,남,55세,부상신고
2020051800100301,2020년 5월 18일 14시,월요일,전라남도 목포시 옥암동,경상사고,0,0,1,0,차대차 - 추돌,안전운전불이행,건조,맑음,교차로 - 교차로부근,승용,여,79세,상해없음,승용,여,52세,경상
2020051800100302,2020년 5월 18일 14시,월요일,전라남도 장흥군 회진면,경상사고,0,0,1,0,차대차 - 측면충돌,교차로운행방법위반,건조,맑음,교차로 - 교차로안,승용,남,71세,상해없음,화물,남,69세,경상
2020051800100303,2020년 5월 18일 14시,월요일,전라남도 해남군 해남읍,경상사고,0,0,1,0,차대사람 - 기타,안전운전불이행,건조,맑음,기타 - 기타,승용,남,72세,상해없음,보행자,여,11세,경상
2020051800100337,2020년 5월 18일 15시,월요일,전라남도 순천시 연향동,중상사고,0,1,0,0,차대차 - 기타,안전운전불이행,건조,맑음,교차로 - 교차로안,원동기,여,68세,중상,승용,여,70세,상해없음
2020051800100338,2020년 5월 18일 15시,월요일,전라남도 고흥군 고흥읍,경상사고,0,0,1,0,차대차 - 측면충돌,교차로운행방법위반,젖음/습기,비,교차로 - 교차로안,승용,남,26세,상해없음,승용,남,48세,경상
2020051800100398,2020년 5월 18일 16시,월요일,전라남도 순천시 낙안면,중상사고,0,1,0,0,차대차 - 기타,안전운전불이행,젖음/습기,흐림,단일로 - 기타,화물,남,67세,중상,화물,남,73세,상해없음
2020051800100399,2020년 5월 18일 16시,월요일,전라남도 나주시 반남면,경상사고,0,0,1,0,차대차 - 측면충돌,안전운전불이행,건조,맑음,교차로 - 교차로부근,이륜,남,48세,경상,승용,남,71세,상해없음
2020051800100400,2020년 5월 18일 16시,월요일,전라남도 광양시 광양읍,경상사고,0,0,1,0,차대차 - 기타,안전운전불이행,건조,맑음,단일로 - 기타,승용,남,74세,상해없음,화물,남,42세,경상
2020051800100440,2020년 5월 18일 17시,월요일,전라남도 순천시 덕월동,경상사고,0,0,1,0,차대차 - 기타,안전운전불이행,건조,맑음,단일로 - 기타,화물,남,54세,상해없음,승용,여,40세,경상
2020051800100441,2020년 5월 18일 17시,월요일,전라남도 순천시 조례동,경상사고,0,0,2,0,차대차 - 측면충돌,안전운전불이행,젖음/습기,비,단일로 - 기타,승용,여,24세,경상,승용,여,38세,경상
2020051800100486,2020년 5월 18일 18시,월요일,전라남도 여수시 웅천동,경상사고,0,0,1,0,차대차 - 기타,안전운전불이행,건조,맑음,교차로 - 교차로부근,승합,남,59세,상해없음,승용,남,50세,경상
2020051800100487,2020년 5월 18일 18시,월요일,전라남도 보성군 겸백면,경상사고,0,0,1,0,차대차 - 후진중충돌,기타,건조,맑음,주차장 - 주차장,화물,남,55세,상해없음,화물,남,33세,경상
2020051800100523,2020년 5월 18일 19시,월요일,전라남도 순천시 연향동,중상사고,0,1,1,0,차대사람 - 횡단중,안전운전불이행,젖음/습기,비,단일로 - 기타,승용,여,23세,상해없음,보행자,남,46세,경상
2020051800100524,2020년 5월 18일 19시,월요일,전라남도 장성군 장성읍,부상신고사고,0,0,0,1,차대차 - 기타,교차로운행방법위반,젖음/습기,비,교차로 - 교차로안,화물,남,57세,부상신고,화물,남,55세,상해없음
2020051800100595,2020년 5월 18일 21시,월요일,전라남도 목포시 상동,경상사고,0,0,2,0,차대차 - 측면충돌,안전운전불이행,건조,맑음,교차로 - 교차로안,기타불명,기타불명,미분류,기타불명,승용,남,27세,경상
2020051800100596,2020년 5월 18일 21시,월요일,전라남도 여수시 문수동,경상사고,0,0,1,0,차대차 - 측면충돌,안전운전불이행,젖음/습기,비,교차로 - 교차로안,승용,남,53세,상해없음,승용,남,37세,경상
2020051800100597,2020년 5월 18일 21시,월요일,전라남도 여수시 신기동,경상사고,0,0,2,0,차대차 - 추돌,안전운전불이행,젖음/습기,비,단일로 - 기타,승용,남,39세,상해없음,화물,남,46세,기타불명
2020051900100009,2020년 5월 19일 00시,화요일,전라남도 영암군 삼호읍,사망사고,1,0,0,0,차대차 - 추돌,안전운전불이행,젖음/습기,흐림,단일로 - 기타,화물,남,41세,사망,화물,남,39세,상해없음
2020051900100047,2020년 5월 19일 06시,화요일,전라남도 광양시 광양읍,경상사고,0,0,1,1,차대차 - 측면충돌,신호위반,건조,맑음,교차로 - 교차로안,승용,남,61세,부상신고,승용,여,55세,경상
2020051900100090,2020년 5월 19일 08시,화요일,전라남도 영암군 삼호읍,경상사고,0,0,1,0,차대차 - 측면충돌,신호위반,건조,맑음,교차로 - 교차로안,승용,남,76세,상해없음,승용,남,39세,경상
2020051900100142,2020년 5월 19일 10시,화요일,전라남도 장성군 장성읍,경상사고,0,0,2,0,차대차 - 추돌,안전운전불이행,젖음/습기,비,기타 - 기타,승용,남,60세,경상,화물,여,21세,경상
2020051900100170,2020년 5월 19일 11시,화요일,전라남도 여수시 돌산읍,경상사고,0,0,2,0,차대차 - 측면충돌,차로위반,건조,맑음,단일로 - 기타,화물,남,74세,상해없음,승용,남,39세,경상
2020051900100171,2020년 5월 19일 11시,화요일,전라남도 담양군 고서면,중상사고,0,1,0,0,차대차 - 측면충돌,중앙선침범,젖음/습기,비,단일로 - 기타,화물,남,58세,상해없음,승용,남,62세,중상
2020051900100172,2020년 5월 19일 11시,화요일,전라남도 곡성군 옥과면,중상사고,0,1,0,0,차대사람 - 차도통행중,안전운전불이행,젖음/습기,비,단일로 - 기타,승용,남,43세,상해없음,보행자,여,85세,중상
2020051900100203,2020년 5월 19일 12시,화요일,전라남도 화순군 화순읍,부상신고사고,0,0,0,1,차대차 - 측면충돌,교차로운행방법위반,건조,맑음,교차로 - 교차로안,자전거,남,12세,부상신고,승용,여,65세,상해없음
2020051900100237,2020년 5월 19일 13시,화요일,전라남도 여수시 선원동,중상사고,0,1,0,0,차대차 - 기타,안전운전불이행,건조,맑음,교차로 - 교차로안,승용,남,32세,상해없음,이륜,남,25세,중상
2020051900100238,2020년 5월 19일 13시,화요일,전라남도 담양군 담양읍,경상사고,0,0,2,0,차대차 - 측면충돌,직진우회전진행방해,건조,맑음,교차로 - 교차로안,승용,남,42세,상해없음,승용,남,36세,경상
2020051900100261,2020년 5월 19일 14시,화요일,전라남도 순천시 가곡동,부상신고사고,0,0,0,1,차대차 - 정면충돌,신호위반,건조,맑음,교차로 - 교차로안,원동기,남,26세,부상신고,승용,여,39세,상해없음
2020051900100262,2020년 5월 19일 14시,화요일,전라남도 순천시 황전면,중상사고,0,3,1,0,차대차 - 측면충돌,기타,건조,흐림,단일로 - 기타,특수,남,27세,중상,화물,남,39세,중상
2020051900100263,2020년 5월 19일 14시,화요일,전라남도 진도군 진도읍,경상사고,0,0,2,0,차대차 - 측면충돌,안전운전불이행,건조,맑음,단일로 - 기타,승용,남,53세,경상,승용,여,59세,경상
2020051900100302,2020년 5월 19일 15시,화요일,전라남도 고흥군 포두면,중상사고,0,1,0,0,차대차 - 기타,교차로운행방법위반,건조,맑음,교차로 - 교차로안,화물,남,59세,상해없음,이륜,남,60세,중상
2020051900100303,2020년 5월 19일 15시,화요일,전라남도 광양시 중동,경상사고,0,0,2,0,차대차 - 측면충돌,안전운전불이행,건조,맑음,교차로 - 교차로안,승용,여,47세,경상,승용,남,71세,상해없음
2020051900100340,2020년 5월 19일 16시,화요일,전라남도 여수시 웅천동,경상사고,0,0,1,0,차대사람 - 횡단중,안전운전불이행,건조,맑음,단일로 - 기타,승용,여,48세,상해없음,보행자,남,14세,경상
2020051900100341,2020년 5월 19일 16시,화요일,전라남도 영광군 법성면,중상사고,0,1,0,0,차대차 - 측면충돌,직진우회전진행방해,건조,맑음,교차로 - 교차로안,원동기,여,65세,중상,승용,여,54세,상해없음
2020051900100342,2020년 5월 19일 16시,화요일,전라남도 영암군 시종면,중상사고,0,1,2,0,차대차 - 측면충돌,안전운전불이행,건조,맑음,교차로 - 교차로안,화물,남,75세,상해없음,이륜,남,41세,경상
2020051900100389,2020년 5월 19일 17시,화요일,전라남도 여수시 둔덕동,경상사고,0,0,1,0,차대차 - 추돌,안전운전불이행,건조,맑음,단일로 - 기타,승용,기타불명,미분류,기타불명,승용,여,48세,경상
2020051900100390,2020년 5월 19일 17시,화요일,전라남도 순천시 풍덕동,중상사고,0,1,0,0,차대차 - 추돌,안전운전불이행,건조,맑음,단일로 - 기타,승용,남,61세,중상,화물,남,54세,기타불명
2020051900100391,2020년 5월 19일 17시,화요일,전라남도 함평군 함평읍,경상사고,0,0,1,0,차대차 - 측면충돌,교차로운행방법위반,건조,맑음,교차로 - 교차로안,승용,여,23세,상해없음,승용,남,58세,경상
2020051900100422,2020년 5월 19일 18시,화요일,전라남도 목포시 옥암동,경상사고,0,0,3,0,차대차 - 후진중충돌,안전운전불이행,건조,맑음,단일로 - 기타,승용,여,53세,경상,승용,여,71세,경상
2020051900100423,2020년 5월 19일 18시,화요일,전라남도 순천시 조례동,경상사고,0,0,1,0,차대사람 - 길가장자리구역통행중,안전운전불이행,건조,맑음,단일로 - 기타,승용,여,26세,상해없음,보행자,여,25세,경상
2020051900100488,2020년 5월 19일 20시,화요일,전라남도 영광군 영광읍,중상사고,0,1,1,0,차대차 - 추돌,안전운전불이행,건조,맑음,단일로 - 기타,승용,여,35세,중상,화물,남,54세,경상
2020051900100548,2020년 5월 19일 22시,화요일,전라남도 보성군 벌교읍,경상사고,0,0,1,0,차대차 - 측면충돌,교차로운행방법위반,건조,맑음,교차로 - 교차로안,승용,남,45세,상해없음,승용,여,52세,경상
2020052000100017,2020년 5월 20일 01시,수요일,전라남도 나주시 산포면,사망사고,1,0,0,0,차량단독 - 공작물충돌,안전운전불이행,건조,맑음,교차로 - 교차로안,승용,여,43세,사망,,,,
2020052000100118,2020년 5월 20일 08시,수요일,전라남도 고흥군 금산면,중상사고,0,1,0,0,차량단독 - 공작물충돌,안전운전불이행,건조,맑음,단일로 - 기타,승용,여,61세,중상,,,,
2020052000100119,2020년 5월 20일 08시,수요일,전라남도 영광군 군서면,중상사고,0,2,1,0,차대차 - 측면충돌,직진우회전진행방해,건조,맑음,교차로 - 교차로안,승용,남,75세,중상,승용,남,57세,경상
2020052000100153,2020년 5월 20일 09시,수요일,전라남도 여수시 소라면,경상사고,0,0,1,0,차대사람 - 횡단중,신호위반,건조,맑음,단일로 - 기타,기타불명,기타불명,미분류,기타불명,보행자,남,18세,경상
2020052000100154,2020년 5월 20일 09시,수요일,전라남도 장흥군 안양면,중상사고,0,1,1,0,차대차 - 후진중충돌,안전운전불이행,건조,맑음,단일로 - 기타,승용,남,70세,상해없음,이륜,남,81세,중상
2020052000100155,2020년 5월 20일 09시,수요일,전라남도 해남군 해남읍,중상사고,0,1,0,0,차대차 - 측면충돌,안전운전불이행,건조,맑음,교차로 - 교차로안,화물,여,56세,기타불명,자전거,여,76세,중상
2020052000100231,2020년 5월 20일 11시,수요일,전라남도 목포시 용해동,경상사고,0,0,1,0,차대차 - 기타,안전운전불이행,건조,맑음,단일로 - 기타,승용,남,60세,상해없음,자전거,여,67세,경상
2020052000100273,2020년 5월 20일 12시,수요일,전라남도 목포시 대안동,경상사고,0,0,1,0,차대차 - 측면충돌,안전운전불이행,건조,맑음,교차로 - 교차로안,승용,여,26세,상해없음,이륜,남,77세,경상
2020052000100274,2020년 5월 20일 12시,수요일,전라남도 목포시 옥암동,경상사고,0,0,2,0,차대차 - 기타,차로위반,건조,맑음,교차로 - 교차로부근,승용,여,60세,상해없음,승용,남,42세,경상
2020052000100275,2020년 5월 20일 12시,수요일,전라남도 해남군 화산면,경상사고,0,0,1,0,차대차 - 측면충돌,안전운전불이행,건조,맑음,교차로 - 교차로안,화물,남,32세,기타불명,화물,남,47세,경상
2020052000100316,2020년 5월 20일 13시,수요일,전라남도 강진군 강진읍,중상사고,0,1,0,0,차대차 - 추돌,안전운전불이행,건조,맑음,교차로 - 교차로안,승용,여,43세,상해없음,이륜,여,77세,중상
2020052000100352,2020년 5월 20일 14시,수요일,전라남도 고흥군 대서면,경상사고,0,0,1,0,차대차 - 기타,기타,건조,맑음,교차로 - 교차로안,승합,남,53세,상해없음,이륜,남,65세,경상
2020052000100396,2020년 5월 20일 15시,수요일,전라남도 목포시 상동,경상사고,0,0,1,0,차대사람 - 기타,안전운전불이행,건조,맑음,단일로 - 기타,승용,남,60세,상해없음,보행자,남,58세,경상
2020052000100440,2020년 5월 20일 16시,수요일,전라남도 목포시 옥암동,중상사고,0,1,1,0,차대차 - 측면충돌,과속,건조,맑음,교차로 - 교차로안,승용,남,19세,중상,승용,남,65세,경상
2020052000100484,2020년 5월 20일 17시,수요일,전라남도 고흥군 고흥읍,경상사고,0,0,2,0,차대차 - 기타,중앙선침범,건조,맑음,단일로 - 기타,사륜오토바이(ATV),남,63세,상해없음,승용,여,45세,경상
2020052000100485,2020년 5월 20일 17시,수요일,전라남도 진도군 진도읍,경상사고,0,0,3,0,차대차 - 추돌,안전운전불이행,건조,맑음,교차로 - 교차로부근,화물,남,57세,상해없음,승용,남,39세,경상
2020052000100542,2020년 5월 20일 18시,수요일,전라남도 목포시 용해동,경상사고,0,0,1,0,차대차 - 측면충돌,교차로운행방법위반,건조,맑음,교차로 - 교차로안,승용,남,42세,상해없음,승용,남,27세,경상
2020052000100543,2020년 5월 20일 18시,수요일,전라남도 순천시 조례동,경상사고,0,0,3,0,차대차 - 후진중충돌,안전운전불이행,건조,맑음,단일로 - 기타,승용,남,62세,상해없음,승용,여,38세,상해없음
2020052000100544,2020년 5월 20일 18시,수요일,전라남도 순천시 동외동,경상사고,0,0,5,0,차대차 - 추돌,안전운전불이행,건조,맑음,단일로 - 기타,승용,남,50세,상해없음,승용,여,40세,경상
2020052000100545,2020년 5월 20일 18시,수요일,전라남도 장흥군 장흥읍,경상사고,0,0,2,0,차대차 - 측면충돌,교차로운행방법위반,건조,맑음,교차로 - 교차로안,승용,여,53세,경상,승용,남,26세,경상
2020052000100546,2020년 5월 20일 18시,수요일,전라남도 무안군 청계면,경상사고,0,0,1,0,차대차 - 기타,신호위반,건조,맑음,기타 - 기타,승용,남,57세,상해없음,승용,여,42세,경상
2020052000100611,2020년 5월 20일 20시,수요일,전라남도 화순군 동면,경상사고,0,0,1,0,차대차 - 정면충돌,안전운전불이행,건조,맑음,단일로 - 기타,승용,남,64세,상해없음,승용,남,58세,경상
2020052000100612,2020년 5월 20일 20시,수요일,전라남도 담양군 수북면,경상사고,0,0,1,0,차대차 - 기타,교차로운행방법위반,건조,흐림,교차로 - 교차로부근,승용,여,53세,상해없음,승용,남,27세,경상
2020052000100664,2020년 5월 20일 22시,수요일,전라남도 목포시 옥암동,경상사고,0,0,1,0,차대차 - 측면충돌,신호위반,건조,맑음,교차로 - 교차로안,화물,남,44세,상해없음,화물,남,41세,경상
2020052000100665,2020년 5월 20일 22시,수요일,전라남도 순천시 조곡동,경상사고,0,0,2,0,차대차 - 추돌,안전운전불이행,건조,맑음,교차로 - 교차로부근,승용,남,42세,상해없음,승용,여,54세,경상
2020052000100685,2020년 5월 20일 23시,수요일,전라남도 순천시 조례동,경상사고,0,0,2,0,차대차 - 측면충돌,안전운전불이행,건조,맑음,교차로 - 교차로안,승용,남,47세,상해없음,승용,남,53세,경상
2020052100100034,2020년 5월 21일 05시,목요일,전라남도 신안군 지도읍,중상사고,0,1,2,0,차대차 - 기타,중앙선침범,건조,맑음,단일로 - 기타,화물,남,74세,경상,화물,남,77세,중상
2020052100100050,2020년 5월 21일 06시,목요일,전라남도 곡성군 입면,경상사고,0,0,2,0,차대차 - 정면충돌,교차로운행방법위반,건조,맑음,교차로 - 교차로안,건설기계,남,56세,상해없음,승용,남,56세,경상
2020052100100107,2020년 5월 21일 08시,목요일,전라남도 해남군 해남읍,경상사고,0,0,2,0,차대차 - 측면충돌,교차로운행방법위반,건조,맑음,교차로 - 교차로안,승합,남,71세,경상,승용,여,46세,경상
2020052100100140,2020년 5월 21일 09시,목요일,전라남도 순천시 왕지동,경상사고,0,0,2,0,차대차 - 측면충돌,직진우회전진행방해,건조,맑음,교차로 - 교차로안,승용,여,59세,경상,승용,남,64세,경상
2020052100100141,2020년 5월 21일 09시,목요일,전라남도 해남군 옥천면,중상사고,0,1,0,0,차대사람 - 기타,안전운전불이행,건조,맑음,교차로 - 교차로안,승합,여,38세,상해없음,보행자,여,92세,중상
2020052100100142,2020년 5월 21일 09시,목요일,전라남도 광양시 중동,경상사고,0,0,1,0,차대차 - 측면충돌,교차로운행방법위반,건조,맑음,교차로 - 교차로안,승용,여,54세,상해없음,승용,여,53세,경상
2020052100100168,2020년 5월 21일 10시,목요일,전라남도 여수시 둔덕동,경상사고,0,0,1,0,차대차 - 추돌,안전운전불이행,건조,맑음,단일로 - 기타,승용,남,50세,상해없음,승용,여,44세,경상
2020052100100169,2020년 5월 21일 10시,목요일,전라남도 영암군 도포면,경상사고,0,0,1,0,차대차 - 측면충돌,안전운전불이행,건조,맑음,단일로 - 기타,농기계,남,60세,상해없음,승용,남,25세,경상
2020052100100209,2020년 5월 21일 11시,목요일,전라남도 완도군 금일읍,중상사고,0,1,4,0,차대차 - 측면충돌,안전운전불이행,건조,맑음,교차로 - 교차로안,승용,여,51세,중상,화물,남,47세,경상
2020052100100250,2020년 5월 21일 12시,목요일,전라남도 곡성군 겸면,경상사고,0,0,3,0,차대차 - 기타,안전거리미확보,건조,맑음,기타 - 기타,승용,남,55세,상해없음,승용,여,36세,경상
2020052100100282,2020년 5월 21일 13시,목요일,전라남도 여수시 소라면,경상사고,0,0,2,0,차대차 - 추돌,안전운전불이행,건조,맑음,교차로 - 교차로부근,화물,남,67세,상해없음,승용,남,53세,경상
2020052100100283,2020년 5월 21일 13시,목요일,전라남도 강진군 성전면,중상사고,0,1,0,0,차량단독 - 도로외이탈 - 기타,안전운전불이행,건조,맑음,단일로 - 기타,승용,남,75세,중상,,,,
2020052100100317,2020년 5월 21일 14시,목요일,전라남도 순천시 조례동,경상사고,0,0,2,0,차대차 - 추돌,안전거리미확보,건조,맑음,단일로 - 기타,승용,남,21세,상해없음,승용,여,42세,경상
2020052100100356,2020년 5월 21일 15시,목요일,전라남도 장성군 진원면,경상사고,0,0,1,1,차대차 - 추돌,안전거리미확보,건조,맑음,교차로 - 교차로부근,승용,남,72세,부상신고,승용,남,54세,경상
2020052100100357,2020년 5월 21일 15시,목요일,전라남도 담양군 수북면,중상사고,0,2,3,0,차대차 - 정면충돌,교차로운행방법위반,건조,맑음,교차로 - 교차로안,승용,남,80세,경상,승용,남,37세,경상
2020052100100358,2020년 5월 21일 15시,목요일,전라남도 구례군 구례읍,중상사고,0,1,0,0,차대차 - 기타,직진우회전진행방해,건조,맑음,교차로 - 교차로안,승용,여,50세,상해없음,이륜,남,75세,중상
2020052100100390,2020년 5월 21일 16시,목요일,전라남도 나주시 오량동,경상사고,0,0,1,0,차량단독 - 도로외이탈 - 추락,안전운전불이행,건조,맑음,단일로 - 기타,이륜,남,79세,상해없음,,,,
2020052100100391,2020년 5월 21일 16시,목요일,전라남도 해남군 송지면,경상사고,0,0,1,0,차대차 - 측면충돌,안전운전불이행,건조,맑음,단일로 - 기타,승용,여,60세,기타불명,승용,남,59세,경상
2020052100100445,2020년 5월 21일 17시,목요일,전라남도 목포시 옥암동,경상사고,0,0,2,0,차대차 - 측면충돌,차로위반,건조,맑음,기타 - 기타,승용,여,30세,경상,승용,여,64세,경상
2020052100100446,2020년 5월 21일 17시,목요일,전라남도 광양시 중동,경상사고,0,0,2,0,차대차 - 측면충돌,안전운전불이행,건조,맑음,단일로 - 기타,화물,남,70세,상해없음,승용,여,59세,경상
2020052100100498,2020년 5월 21일 18시,목요일,전라남도 목포시 옥암동,경상사고,0,0,1,0,차대차 - 측면충돌,안전운전불이행,건조,맑음,단일로 - 지하차도(도로)내,승용,남,22세,상해없음,승용,남,55세,경상
2020052100100499,2020년 5월 21일 18시,목요일,전라남도 목포시 연산동,중상사고,0,1,0,0,차대차 - 측면충돌,신호위반,건조,맑음,교차로 - 교차로안,승용,남,64세,상해없음,이륜,남,44세,중상
2020052100100500,2020년 5월 21일 18시,목요일,전라남도 여수시 학동,중상사고,0,1,0,0,차대사람 - 횡단중,보행자보호의무위반,건조,맑음,단일로 - 기타,승용,남,27세,상해없음,보행자,남,50세,중상
2020052100100501,2020년 5월 21일 18시,목요일,전라남도 순천시 해룡면,중상사고,0,1,0,0,차대차 - 측면충돌,안전운전불이행,건조,맑음,교차로 - 교차로안,원동기,남,24세,중상,승용,남,32세,상해없음
2020052100100542,2020년 5월 21일 19시,목요일,전라남도 순천시 조례동,경상사고,0,0,2,0,차대차 - 측면충돌,중앙선침범,건조,맑음,교차로 - 교차로부근,승용,남,39세,상해없음,승용,여,48세,경상
2020052100100563,2020년 5월 21일 20시,목요일,전라남도 여수시 시전동,중상사고,0,1,0,0,차대사람 - 차도통행중,안전운전불이행,건조,맑음,단일로 - 기타,승용,남,28세,상해없음,보행자,남,55세,중상
2020052100100564,2020년 5월 21일 20시,목요일,전라남도 해남군 화원면,중상사고,0,2,2,0,차대차 - 측면충돌,안전운전불이행,건조,맑음,교차로 - 교차로안,승용,여,63세,중상,승용,남,41세,경상
2020052200100013,2020년 5월 22일 00시,금요일,전라남도 나주시 대호동,중상사고,0,2,0,0,차대차 - 측면충돌,불법유턴,건조,맑음,단일로 - 기타,승용,남,55세,중상,승용,남,55세,중상
2020052200100044,2020년 5월 22일 05시,금요일,전라남도 무안군 운남면,부상신고사고,0,0,0,1,차량단독 - 도로외이탈 - 기타,안전운전불이행,건조,맑음,단일로 - 기타,승용,남,26세,부상신고,,,,
2020052200100104,2020년 5월 22일 08시,금요일,전라남도 담양군 고서면,중상사고,0,1,0,1,차대차 - 측면충돌,기타,건조,맑음,교차로 - 교차로안,화물,남,56세,상해없음,이륜,여,28세,중상
2020052200100105,2020년 5월 22일 08시,금요일,전라남도 완도군 완도읍,중상사고,0,1,1,0,차대차 - 측면충돌,안전운전불이행,건조,맑음,교차로 - 교차로안,이륜,남,82세,중상,승용,남,28세,경상
2020052200100140,2020년 5월 22일 09시,금요일,전라남도 여수시 율촌면,경상사고,0,0,2,0,차대차 - 측면충돌,안전운전불이행,건조,맑음,교차로 - 교차로안,승용,남,64세,상해없음,승용,여,49세,경상
2020052200100164,2020년 5월 22일 10시,금요일,전라남도 함평군 학교면,경상사고,0,0,2,1,차대차 - 측면충돌,안전거리미확보,건조,맑음,교차로 - 교차로부근,화물,남,71세,부상신고,화물,남,56세,경상
2020052200100202,2020년 5월 22일 11시,금요일,전라남도 여수시 율촌면,중상사고,0,1,0,0,차대차 - 측면충돌,중앙선침범,건조,맑음,단일로 - 기타,화물,남,39세,상해없음,화물,남,66세,중상
2020052200100203,2020년 5월 22일 11시,금요일,전라남도 나주시 봉황면,경상사고,0,0,1,0,차대차 - 측면충돌,중앙선침범,건조,맑음,단일로 - 기타,농기계,남,80세,경상,화물,남,55세,상해없음
2020052200100204,2020년 5월 22일 11시,금요일,전라남도 화순군 화순읍,경상사고,0,0,1,0,차대차 - 측면충돌,교차로운행방법위반,건조,맑음,교차로 - 교차로안,승용,남,73세,상해없음,승용,남,73세,경상
2020052200100241,2020년 5월 22일 12시,금요일,전라남도 목포시 상동,경상사고,0,0,1,0,차대차 - 측면충돌,안전운전불이행,건조,맑음,기타 - 기타,승용,여,53세,상해없음,승용,여,32세,경상
2020052200100242,2020년 5월 22일 12시,금요일,전라남도 여수시 국동,경상사고,0,0,4,0,차대차 - 측면충돌,안전운전불이행,건조,맑음,단일로 - 기타,건설기계,남,57세,상해없음,승용,여,23세,경상
2020052200100243,2020년 5월 22일 12시,금요일,전라남도 진도군 지산면,경상사고,0,0,1,0,차대사람 - 차도통행중,안전운전불이행,건조,맑음,교차로 - 교차로안,승용,여,56세,상해없음,보행자,남,78세,경상
2020052200100277,2020년 5월 22일 13시,금요일,전라남도 장흥군 장흥읍,경상사고,0,0,1,0,차대차 - 측면충돌,교차로운행방법위반,건조,맑음,교차로 - 교차로안,승용,남,77세,상해없음,자전거,남,52세,경상
2020052200100327,2020년 5월 22일 14시,금요일,전라남도 여수시 신기동,경상사고,0,0,1,0,차대차 - 측면충돌,교차로운행방법위반,건조,맑음,교차로 - 교차로안,화물,남,44세,상해없음,승용,여,51세,경상
2020052200100329,2020년 5월 22일 14시,금요일,전라남도 순천시 가곡동,경상사고,0,0,2,0,차대차 - 측면충돌,차로위반,건조,맑음,단일로 - 기타,승용,남,66세,상해없음,화물,남,32세,경상
2020052200100330,2020년 5월 22일 14시,금요일,전라남도 고흥군 대서면,경상사고,0,0,2,0,차대차 - 측면충돌,기타,건조,맑음,단일로 - 기타,이륜,남,61세,경상,이륜,남,77세,경상
2020052200100331,2020년 5월 22일 14시,금요일,전라남도 강진군 강진읍,경상사고,0,0,1,0,차량단독 - 공작물충돌,안전운전불이행,건조,맑음,단일로 - 기타,화물,남,75세,경상,,,,
2020052200100360,2020년 5월 22일 15시,금요일,전라남도 여수시 미평동,경상사고,0,0,1,0,차대사람 - 기타,안전운전불이행,건조,맑음,기타 - 기타,승용,여,49세,상해없음,보행자,여,20세,경상
2020052200100361,2020년 5월 22일 15시,금요일,전라남도 함평군 학교면,경상사고,0,0,1,0,차대차 - 측면충돌,안전거리미확보,건조,맑음,교차로 - 교차로부근,화물,남,79세,상해없음,화물,남,65세,경상
2020052200100362,2020년 5월 22일 15시,금요일,전라남도 함평군 함평읍,중상사고,0,1,0,1,차대차 - 측면충돌,직진우회전진행방해,건조,맑음,교차로 - 교차로안,화물,남,55세,부상신고,승용,여,46세,중상
2020052200100404,2020년 5월 22일 16시,금요일,전라남도 목포시 산정동,중상사고,0,1,4,1,차대차 - 측면충돌,직진우회전진행방해,건조,맑음,교차로 - 교차로안,승용,남,49세,부상신고,승용,남,47세,경상
2020052200100405,2020년 5월 22일 16시,금요일,전라남도 나주시 빛가람동,중상사고,0,1,0,0,차대차 - 측면충돌,안전운전불이행,건조,맑음,단일로 - 기타,승용,여,44세,상해없음,자전거,남,6세,중상
2020052200100406,2020년 5월 22일 16시,금요일,전라남도 영광군 영광읍,경상사고,0,0,2,0,차대차 - 정면충돌,중앙선침범,건조,맑음,단일로 - 기타,승용,남,37세,상해없음,화물,남,65세,경상
2020052200100407,2020년 5월 22일 16시,금요일,전라남도 화순군 화순읍,경상사고,0,0,2,0,차대차 - 기타,교차로운행방법위반,건조,맑음,교차로 - 교차로안,승용,여,46세,상해없음,승용,여,44세,경상
2020052200100459,2020년 5월 22일 17시,금요일,전라남도 여수시 안산동,경상사고,0,0,2,0,차대차 - 측면충돌,신호위반,건조,맑음,교차로 - 교차로안,승용,남,21세,경상,승용,여,35세,경상
2020052200100460,2020년 5월 22일 17시,금요일,전라남도 나주시 남평읍,경상사고,0,0,1,0,차대사람 - 차도통행중,안전운전불이행,건조,맑음,단일로 - 기타,승용,남,32세,상해없음,보행자,남,72세,경상
2020052200100461,2020년 5월 22일 17시,금요일,전라남도 나주시 문평면,경상사고,0,0,1,0,차대차 - 추돌,안전거리미확보,건조,맑음,단일로 - 터널,승용,남,47세,상해없음,승용,남,30세,경상