사고번호,사고일시,요일,시군구,사고내용,사망자수,중상자수,경상자수,부상신고자수,사고유형,법규위반,노면상태,기상상태,도로형태,가해운전자 차종,가해운전자 성별,가해운전자 연령,가해운전자 상해정도,피해운전자 차종,피해운전자 성별,피해운전자 연령,피해운전자 상해정도
2020052200100511,2020년 5월 22일 18시,금요일,전라남도 나주시 대호동,경상사고,0,0,1,0,차대차 - 측면충돌,안전운전불이행,건조,맑음,교차로 - 교차로안,자전거,남,12세,경상,승용,남,22세,상해없음
2020052200100512,2020년 5월 22일 18시,금요일,전라남도 영암군 삼호읍,경상사고,0,0,1,0,차대차 - 추돌,안전운전불이행,건조,맑음,단일로 - 기타,승용,여,45세,상해없음,승용,남,58세,경상
2020052200100513,2020년 5월 22일 18시,금요일,전라남도 곡성군 곡성읍,중상사고,0,1,0,0,차대차 - 측면충돌,직진우회전진행방해,건조,맑음,교차로 - 교차로안,자전거,남,78세,중상,승용,여,58세,상해없음
2020052200100564,2020년 5월 22일 19시,금요일,전라남도 목포시 옥암동,경상사고,0,0,1,0,차대차 - 측면충돌,안전운전불이행,건조,맑음,단일로 - 기타,승용,여,47세,경상,승용,남,43세,상해없음
2020052200100607,2020년 5월 22일 20시,금요일,전라남도 여수시 경호동,사망사고,1,0,0,0,차대사람 - 차도통행중,안전운전불이행,건조,맑음,단일로 - 기타,승합,남,61세,상해없음,보행자,남,6세,사망
2020052200100608,2020년 5월 22일 20시,금요일,전라남도 광양시 중동,중상사고,0,1,0,0,차대차 - 측면충돌,교차로운행방법위반,건조,맑음,교차로 - 교차로안,승용,남,19세,상해없음,이륜,남,51세,중상
2020052200100609,2020년 5월 22일 20시,금요일,전라남도 구례군 구례읍,경상사고,0,0,1,0,차대차 - 측면충돌,안전운전불이행,건조,맑음,교차로 - 교차로안,화물,남,59세,상해없음,승용,여,45세,경상
2020052200100637,2020년 5월 22일 21시,금요일,전라남도 목포시 옥암동,경상사고,0,0,1,0,차대차 - 측면충돌,신호위반,건조,맑음,교차로 - 교차로안,승용,남,53세,상해없음,자전거,여,55세,경상
2020052200100638,2020년 5월 22일 21시,금요일,전라남도 장흥군 대덕읍,중상사고,0,1,0,0,차량단독 - 전도전복 - 전도,안전운전불이행,건조,맑음,단일로 - 기타,화물,남,66세,기타불명,,,,
2020052200100692,2020년 5월 22일 23시,금요일,전라남도 나주시 금천면,경상사고,0,0,3,0,차대차 - 측면충돌,안전거리미확보,건조,맑음,단일로 - 기타,화물,남,32세,경상,승용,남,52세,경상
2020052200100693,2020년 5월 22일 23시,금요일,전라남도 광양시 중동,경상사고,0,0,2,0,차대차 - 기타,중앙선침범,건조,맑음,교차로 - 교차로부근,승용,남,57세,상해없음,승용,남,57세,기타불명
2020052300100019,2020년 5월 23일 01시,토요일,전라남도 목포시 옥암동,경상사고,0,0,1,0,차대사람 - 기타,안전운전불이행,건조,맑음,단일로 - 기타,승용,남,40세,상해없음,보행자,남,52세,경상
2020052300100020,2020년 5월 23일 01시,토요일,전라남도 화순군 화순읍,중상사고,0,1,0,0,차대차 - 기타,안전운전불이행,건조,맑음,단일로 - 기타,승용,남,57세,상해없음,이륜,남,37세,중상
2020052300100053,2020년 5월 23일 04시,토요일,전라남도 광양시 중동,경상사고,0,0,1,0,차대차 - 측면충돌,안전운전불이행,건조,맑음,교차로 - 교차로안,승용,남,40세,상해없음,승용,남,24세,경상
2020052300100068,2020년 5월 23일 06시,토요일,전라남도 순천시 주암면,경상사고,0,0,3,0,차대차 - 기타,교차로운행방법위반,젖음/습기,안개,교차로 - 교차로안,승용,남,77세,경상,화물,남,65세,경상
2020052300100076,2020년 5월 23일 07시,토요일,전라남도 순천시 연향동,경상사고,0,0,2,0,차대차 - 측면충돌,교차로운행방법위반,건조,맑음,교차로 - 교차로안,승용,여,57세,경상,승용,여,56세,경상
2020052300100119,2020년 5월 23일 09시,토요일,전라남도 고흥군 포두면,경상사고,0,0,4,0,차대차 - 측면충돌,안전운전불이행,건조,맑음,단일로 - 기타,건설기계,남,52세,경상,승용,남,62세,경상
2020052300100120,2020년 5월 23일 09시,토요일,전라남도 강진군 군동면,경상사고,0,0,1,0,차대차 - 측면충돌,교차로운행방법위반,건조,맑음,교차로 - 교차로안,승용,여,31세,상해없음,승용,여,63세,경상
2020052300100121,2020년 5월 23일 09시,토요일,전라남도 강진군 강진읍,경상사고,0,0,1,1,차대차 - 기타,안전운전불이행,건조,맑음,단일로 - 기타,화물,남,35세,부상신고,화물,남,64세,경상
2020052300100185,2020년 5월 23일 11시,토요일,전라남도 목포시 용당동,중상사고,0,1,0,0,차대사람 - 보도통행중,보행자보호의무위반,건조,맑음,단일로 - 기타,화물,남,69세,상해없음,보행자,여,73세,중상
2020052300100186,2020년 5월 23일 11시,토요일,전라남도 목포시 용해동,경상사고,0,0,2,0,차대차 - 추돌,안전운전불이행,건조,맑음,단일로 - 기타,승용,남,36세,기타불명,승용,남,35세,경상
2020052300100187,2020년 5월 23일 11시,토요일,전라남도 순천시 조례동,경상사고,0,0,2,0,차대차 - 추돌,안전거리미확보,건조,맑음,단일로 - 기타,승용,여,48세,기타불명,승용,여,55세,경상
2020052300100188,2020년 5월 23일 11시,토요일,전라남도 순천시 해룡면,경상사고,0,0,1,0,차대차 - 추돌,안전거리미확보,건조,맑음,단일로 - 기타,화물,남,61세,상해없음,화물,남,54세,경상
2020052300100189,2020년 5월 23일 11시,토요일,전라남도 영암군 신북면,경상사고,0,0,1,0,차대차 - 추돌,안전운전불이행,건조,맑음,교차로 - 교차로부근,화물,남,52세,상해없음,화물,남,62세,경상
2020052300100235,2020년 5월 23일 12시,토요일,전라남도 나주시 세지면,경상사고,0,0,3,0,차대차 - 측면충돌,차로위반,건조,맑음,단일로 - 기타,승용,여,60세,상해없음,승용,남,41세,경상
2020052300100236,2020년 5월 23일 12시,토요일,전라남도 영암군 신북면,경상사고,0,0,4,0,차대차 - 추돌,안전운전불이행,건조,맑음,단일로 - 기타,화물,남,68세,상해없음,승용,남,67세,경상
2020052300100237,2020년 5월 23일 12시,토요일,전라남도 장성군 황룡면,중상사고,0,1,0,0,차량단독 - 도로외이탈 - 추락,안전운전불이행,건조,맑음,단일로 - 기타,화물,남,45세,중상,,,,
2020052300100238,2020년 5월 23일 12시,토요일,전라남도 담양군 담양읍,중상사고,0,3,2,0,차대차 - 측면충돌,신호위반,건조,맑음,교차로 - 교차로안,승용,남,43세,경상,승용,남,39세,중상
2020052300100239,2020년 5월 23일 12시,토요일,전라남도 구례군 간전면,사망사고,1,0,0,0,차량단독 - 전도전복 - 전도,안전운전불이행,건조,맑음,단일로 - 기타,자전거,남,68세,사망,,,,
2020052300100285,2020년 5월 23일 13시,토요일,전라남도 여수시 돌산읍,경상사고,0,0,2,0,차대차 - 추돌,안전운전불이행,건조,맑음,단일로 - 기타,승용,여,49세,상해없음,승용,남,53세,경상
2020052300100286,2020년 5월 23일 13시,토요일,전라남도 순천시 해룡면,경상사고,0,0,2,0,차대차 - 정면충돌,교차로운행방법위반,건조,맑음,교차로 - 교차로안,승용,남,48세,상해없음,승용,여,36세,경상
2020052300100287,2020년 5월 23일 13시,토요일,전라남도 순천시 연향동,중상사고,0,1,0,0,차대차 - 측면충돌,신호위반,건조,맑음,교차로 - 교차로안,승용,여,31세,상해없음,원동기,남,21세,중상
2020052300100329,2020년 5월 23일 14시,토요일,전라남도 순천시 연향동,경상사고,0,0,1,0,차대차 - 기타,안전운전불이행,건조,맑음,단일로 - 기타,원동기,남,40세,경상,승용,남,56세,상해없음
2020052300100330,2020년 5월 23일 14시,토요일,전라남도 장흥군 장흥읍,경상사고,0,0,2,0,차대차 - 측면충돌,교차로운행방법위반,건조,맑음,교차로 - 교차로안,화물,남,60세,경상,화물,남,57세,경상
2020052300100331,2020년 5월 23일 14시,토요일,전라남도 광양시 중동,경상사고,0,0,3,0,차대차 - 측면충돌,직진우회전진행방해,건조,맑음,교차로 - 교차로안,승합,여,50세,경상,승용,여,58세,경상
2020052300100364,2020년 5월 23일 15시,토요일,전라남도 곡성군 곡성읍,경상사고,0,0,1,1,차대차 - 측면충돌,안전거리미확보,건조,맑음,단일로 - 기타,이륜,남,69세,부상신고,승용,여,34세,상해없음
2020052300100394,2020년 5월 23일 16시,토요일,전라남도 여수시 웅천동,경상사고,0,0,1,0,차대차 - 측면충돌,안전운전불이행,건조,맑음,기타 - 기타,승용,남,27세,상해없음,화물,남,42세,상해없음
2020052300100395,2020년 5월 23일 16시,토요일,전라남도 순천시 연향동,경상사고,0,0,1,0,차대차 - 기타,교차로운행방법위반,건조,맑음,교차로 - 교차로안,승합,남,46세,상해없음,승용,남,59세,경상
2020052300100396,2020년 5월 23일 16시,토요일,전라남도 해남군 송지면,중상사고,0,1,0,0,차대차 - 측면충돌,교차로운행방법위반,건조,맑음,교차로 - 교차로안,승용,남,33세,상해없음,승용,남,58세,중상
2020052300100397,2020년 5월 23일 16시,토요일,전라남도 화순군 화순읍,부상신고사고,0,0,0,1,차대차 - 기타,안전운전불이행,건조,맑음,단일로 - 기타,승용,남,65세,부상신고,승용,남,49세,상해없음
2020052300100398,2020년 5월 23일 16시,토요일,전라남도 완도군 완도읍,중상사고,0,1,0,0,차대차 - 측면충돌,과속,건조,맑음,교차로 - 교차로안,화물,남,70세,기타불명,농기계,남,76세,중상
2020052300100444,2020년 5월 23일 17시,토요일,전라남도 여수시 율촌면,중상사고,0,3,6,0,차대차 - 추돌,안전운전불이행,건조,맑음,단일로 - 기타,승용,남,76세,상해없음,승용,남,20세,경상
2020052300100445,2020년 5월 23일 17시,토요일,전라남도 여수시 율촌면,경상사고,0,0,6,0,차대차 - 추돌,안전운전불이행,건조,맑음,단일로 - 기타,승용,남,20세,경상,승용,남,42세,경상
2020052300100446,2020년 5월 23일 17시,토요일,전라남도 순천시 연향동,중상사고,0,1,0,0,차대차 - 측면충돌,중앙선침범,건조,맑음,단일로 - 기타,승용,남,33세,상해없음,이륜,남,20세,중상
2020052300100447,2020년 5월 23일 17시,토요일,전라남도 고흥군 고흥읍,경상사고,0,0,2,0,차대차 - 기타,안전운전불이행,건조,맑음,교차로 - 교차로안,승용,남,50세,상해없음,승용,여,65세,경상
2020052300100507,2020년 5월 23일 19시,토요일,전라남도 여수시 여서동,경상사고,0,0,1,0,차대차 - 측면충돌,교차로운행방법위반,건조,맑음,교차로 - 교차로안,승용,남,69세,상해없음,이륜,남,26세,경상
2020052300100508,2020년 5월 23일 19시,토요일,전라남도 화순군 화순읍,경상사고,0,0,1,0,차대차 - 측면충돌,안전거리미확보,건조,맑음,교차로 - 교차로안,승용,남,61세,상해없음,승용,남,52세,경상
2020052300100538,2020년 5월 23일 20시,토요일,전라남도 여수시 여서동,경상사고,0,0,1,0,차대사람 - 기타,안전운전불이행,건조,맑음,교차로 - 교차로부근,승용,여,39세,상해없음,보행자,남,55세,경상
2020052300100539,2020년 5월 23일 20시,토요일,전라남도 순천시 왕지동,경상사고,0,0,3,0,차대차 - 측면충돌,안전운전불이행,건조,맑음,단일로 - 기타,이륜,남,31세,경상,승용,남,47세,경상
2020052300100583,2020년 5월 23일 22시,토요일,전라남도 목포시 상동,경상사고,0,0,1,0,차대차 - 기타,안전운전불이행,건조,맑음,교차로 - 교차로안,승용,여,35세,상해없음,승용,남,59세,상해없음
2020052300100610,2020년 5월 23일 23시,토요일,전라남도 여수시 돌산읍,중상사고,0,1,1,0,차대차 - 측면충돌,교차로운행방법위반,건조,맑음,교차로 - 교차로안,화물,남,59세,상해없음,승용,남,37세,중상
2020052400100027,2020년 5월 24일 01시,일요일,전라남도 목포시 상동,중상사고,0,1,1,0,차대차 - 추돌,안전운전불이행,건조,맑음,교차로 - 교차로부근,승용,남,22세,상해없음,승용,남,28세,경상
2020052400100049,2020년 5월 24일 02시,일요일,전라남도 목포시 옥암동,경상사고,0,0,3,0,차대차 - 정면충돌,직진우회전진행방해,건조,맑음,교차로 - 교차로안,승용,남,30세,상해없음,승용,남,21세,경상
2020052400100063,2020년 5월 24일 03시,일요일,전라남도 순천시 연향동,경상사고,0,0,1,0,차대차 - 측면충돌,안전운전불이행,건조,맑음,기타 - 기타,승용,남,66세,상해없음,승용,남,41세,상해없음
2020052400100097,2020년 5월 24일 07시,일요일,전라남도 강진군 군동면,중상사고,0,1,0,0,차량단독 - 전도전복 - 전도,안전운전불이행,건조,맑음,단일로 - 기타,이륜,여,74세,중상,,,,
2020052400100098,2020년 5월 24일 07시,일요일,전라남도 광양시 광양읍,중상사고,0,1,0,0,차대차 - 측면충돌,신호위반,건조,맑음,교차로 - 교차로안,승용,남,69세,상해없음,승용,여,37세,중상
2020052400100111,2020년 5월 24일 08시,일요일,전라남도 순천시 덕월동,중상사고,0,1,0,0,차대차 - 측면충돌,직진우회전진행방해,건조,맑음,교차로 - 교차로안,승용,남,60세,상해없음,자전거,여,55세,중상
2020052400100133,2020년 5월 24일 10시,일요일,전라남도 강진군 강진읍,부상신고사고,0,0,0,1,차대차 - 기타,직진우회전진행방해,건조,맑음,교차로 - 교차로안,승용,남,48세,상해없음,이륜,남,68세,부상신고
2020052400100134,2020년 5월 24일 10시,일요일,전라남도 무안군 현경면,경상사고,0,0,3,0,차대차 - 기타,교차로운행방법위반,젖음/습기,비,교차로 - 교차로안,승용,남,37세,상해없음,승용,남,29세,경상
2020052400100135,2020년 5월 24일 10시,일요일,전라남도 진도군 군내면,중상사고,0,3,1,0,차대차 - 측면충돌,신호위반,건조,맑음,교차로 - 교차로안,승용,여,24세,경상,화물,남,52세,중상
2020052400100136,2020년 5월 24일 10시,일요일,전라남도 광양시 중동,경상사고,0,0,1,0,차대사람 - 횡단중,보행자보호의무위반,건조,맑음,교차로 - 교차로횡단보도내,화물,여,61세,상해없음,보행자,여,54세,경상
2020052400100155,2020년 5월 24일 11시,일요일,전라남도 여수시 화양면,부상신고사고,0,0,0,1,차대사람 - 기타,안전운전불이행,건조,맑음,교차로 - 교차로부근,기타불명,기타불명,미분류,기타불명,보행자,남,49세,부상신고
2020052400100156,2020년 5월 24일 11시,일요일,전라남도 광양시 옥곡면,경상사고,0,0,1,0,차대차 - 기타,안전거리미확보,건조,맑음,단일로 - 기타,이륜,여,26세,경상,승용,남,55세,상해없음
2020052400100177,2020년 5월 24일 12시,일요일,전라남도 순천시 덕월동,경상사고,0,0,5,0,차대차 - 후진중충돌,안전운전불이행,건조,맑음,단일로 - 기타,승용,남,63세,상해없음,승용,남,38세,경상
2020052400100178,2020년 5월 24일 12시,일요일,전라남도 나주시 금천면,중상사고,0,1,0,0,차대차 - 측면충돌,안전운전불이행,젖음/습기,흐림,교차로 - 교차로부근,화물,남,48세,상해없음,이륜,남,79세,중상
2020052400100179,2020년 5월 24일 12시,일요일,전라남도 해남군 북평면,경상사고,0,0,1,0,차량단독 - 전도전복 - 전도,안전운전불이행,건조,흐림,기타 - 기타,화물,남,61세,경상,,,,
2020052400100180,2020년 5월 24일 12시,일요일,전라남도 강진군 강진읍,중상사고,0,2,2,0,차대차 - 측면충돌,직진우회전진행방해,적설,비,교차로 - 교차로안,승용,여,46세,경상,승용,남,64세,경상
2020052400100245,2020년 5월 24일 14시,일요일,전라남도 여수시 학동,경상사고,0,0,1,0,차대차 - 측면충돌,안전거리미확보,건조,맑음,교차로 - 교차로부근,승용,남,61세,상해없음,원동기,남,24세,경상
2020052400100246,2020년 5월 24일 14시,일요일,전라남도 순천시 송광면,중상사고,0,1,0,0,차대차 - 기타,안전운전불이행,건조,맑음,단일로 - 기타,원동기,남,70세,상해없음,승용,남,38세,상해없음
2020052400100247,2020년 5월 24일 14시,일요일,전라남도 담양군 담양읍,부상신고사고,0,0,0,2,차대차 - 추돌,안전운전불이행,건조,맑음,교차로 - 교차로부근,승용,남,66세,상해없음,승용,남,54세,상해없음
2020052400100248,2020년 5월 24일 14시,일요일,전라남도 광양시 광양읍,경상사고,0,0,2,0,차대차 - 기타,교차로운행방법위반,젖음/습기,비,교차로 - 교차로안,승용,여,58세,경상,승용,여,55세,경상
2020052400100298,2020년 5월 24일 16시,일요일,전라남도 여수시 여서동,경상사고,0,0,2,0,차대차 - 측면충돌,안전운전불이행,건조,맑음,단일로 - 기타,원동기,남,21세,상해없음,승용,여,53세,경상
2020052400100326,2020년 5월 24일 17시,일요일,전라남도 여수시 둔덕동,중상사고,0,1,2,0,차대차 - 측면충돌,안전운전불이행,건조,맑음,교차로 - 교차로부근,원동기,남,23세,중상,승용,여,27세,경상
2020052400100359,2020년 5월 24일 18시,일요일,전라남도 목포시 산정동,경상사고,0,0,1,0,차대차 - 기타,안전운전불이행,건조,맑음,교차로 - 교차로안,승용,남,58세,상해없음,승용,남,36세,경상
2020052400100360,2020년 5월 24일 18시,일요일,전라남도 여수시 여서동,경상사고,0,0,2,0,차대차 - 정면충돌,기타,건조,맑음,교차로 - 교차로안,이륜,남,20세,경상,이륜,남,43세,경상
2020052400100361,2020년 5월 24일 18시,일요일,전라남도 여수시 광무동,경상사고,0,0,1,0,차대차 - 기타,안전운전불이행,건조,맑음,단일로 - 기타,원동기,남,19세,경상,원동기,남,41세,상해없음
2020052400100362,2020년 5월 24일 18시,일요일,전라남도 나주시 봉황면,중상사고,0,1,0,0,차량단독 - 기타,안전운전불이행,건조,맑음,단일로 - 기타,농기계,남,64세,상해없음,,,,
2020052400100363,2020년 5월 24일 18시,일요일,전라남도 담양군 수북면,부상신고사고,0,0,0,1,차량단독 - 전도전복 - 전도,안전운전불이행,건조,맑음,단일로 - 기타,자전거,남,53세,부상신고,,,,
2020052400100410,2020년 5월 24일 20시,일요일,전라남도 목포시 용해동,중상사고,0,1,0,0,차대사람 - 횡단중,안전운전불이행,건조,맑음,단일로 - 기타,승용,남,44세,상해없음,보행자,여,70세,중상
2020052400100411,2020년 5월 24일 20시,일요일,전라남도 목포시 상동,중상사고,0,1,0,0,차대사람 - 횡단중,안전운전불이행,건조,맑음,단일로 - 기타,승용,여,45세,상해없음,보행자,남,52세,중상
2020052400100412,2020년 5월 24일 20시,일요일,전라남도 여수시 선원동,경상사고,0,0,4,0,차대차 - 측면충돌,차로위반,건조,맑음,단일로 - 기타,승용,남,53세,상해없음,승용,여,56세,경상
2020052400100413,2020년 5월 24일 20시,일요일,전라남도 화순군 화순읍,중상사고,0,2,0,0,차대사람 - 기타,안전운전불이행,건조,맑음,교차로 - 교차로안,승용,남,77세,상해없음,보행자,남,67세,중상
2020052500100016,2020년 5월 25일 02시,월요일,전라남도 광양시 성황동,경상사고,0,0,2,0,차대차 - 측면충돌,중앙선침범,건조,맑음,교차로 - 교차로안,승용,남,32세,상해없음,승용,남,46세,경상
2020052500100061,2020년 5월 25일 07시,월요일,전라남도 목포시 상동,경상사고,0,0,2,0,차대차 - 측면충돌,안전운전불이행,건조,맑음,교차로 - 교차로부근,승용,남,55세,경상,승용,여,43세,경상
2020052500100096,2020년 5월 25일 08시,월요일,전라남도 목포시 옥암동,중상사고,0,1,0,0,차대차 - 측면충돌,신호위반,건조,맑음,교차로 - 교차로안,승용,남,61세,상해없음,승용,여,37세,중상
2020052500100097,2020년 5월 25일 08시,월요일,전라남도 여수시 여서동,경상사고,0,0,1,1,차대차 - 측면충돌,안전운전불이행,건조,맑음,단일로 - 기타,승용,여,50세,경상,승용,남,66세,부상신고
2020052500100098,2020년 5월 25일 08시,월요일,전라남도 광양시 성황동,경상사고,0,0,1,0,차대차 - 추돌,안전운전불이행,건조,맑음,교차로 - 교차로부근,승용,여,25세,상해없음,승용,남,40세,경상
2020052500100099,2020년 5월 25일 08시,월요일,전라남도 구례군 산동면,중상사고,0,2,0,0,차대차 - 측면충돌,교차로운행방법위반,건조,맑음,교차로 - 교차로안,승용,여,79세,상해없음,이륜,남,84세,중상
2020052500100164,2020년 5월 25일 10시,월요일,전라남도 해남군 해남읍,경상사고,0,0,2,0,차대차 - 측면충돌,과속,건조,맑음,교차로 - 교차로안,승용,남,40세,경상,화물,남,64세,경상
2020052500100165,2020년 5월 25일 10시,월요일,전라남도 영광군 군서면,중상사고,0,1,2,0,차대차 - 측면충돌,직진우회전진행방해,건조,맑음,교차로 - 교차로부근,이륜,남,70세,중상,승용,남,71세,경상
2020052500100196,2020년 5월 25일 11시,월요일,전라남도 강진군 성전면,경상사고,0,0,1,0,차량단독 - 전도전복 - 전복,안전운전불이행,건조,맑음,단일로 - 기타,화물,남,49세,경상,,,,
2020052500100233,2020년 5월 25일 12시,월요일,전라남도 장흥군 장흥읍,중상사고,0,1,0,0,차대사람 - 차도통행중,안전운전불이행,건조,맑음,교차로 - 교차로안,승용,남,52세,상해없음,보행자,여,90세,중상
2020052500100265,2020년 5월 25일 13시,월요일,전라남도 나주시 산포면,경상사고,0,0,1,0,차대차 - 측면충돌,안전운전불이행,건조,맑음,단일로 - 기타,승용,남,47세,상해없음,이륜,남,85세,경상
2020052500100299,2020년 5월 25일 14시,월요일,전라남도 여수시 웅천동,중상사고,0,1,0,0,차대차 - 측면충돌,안전운전불이행,건조,맑음,교차로 - 교차로부근,승용,남,26세,상해없음,이륜,남,27세,중상
2020052500100377,2020년 5월 25일 16시,월요일,전라남도 여수시 학동,경상사고,0,0,1,0,차대사람 - 길가장자리구역통행중,안전운전불이행,건조,맑음,단일로 - 기타,승용,여,49세,상해없음,보행자,남,50세,경상
2020052500100378,2020년 5월 25일 16시,월요일,전라남도 순천시 오천동,중상사고,0,1,0,0,차대차 - 측면충돌,안전운전불이행,건조,맑음,교차로 - 교차로안,이륜,남,62세,상해없음,자전거,남,10세,중상
2020052500100410,2020년 5월 25일 17시,월요일,전라남도 순천시 연향동,경상사고,0,0,1,0,차대차 - 측면충돌,안전운전불이행,건조,맑음,교차로 - 교차로안,승용,여,54세,상해없음,승용,남,55세,경상
2020052500100411,2020년 5월 25일 17시,월요일,전라남도 담양군 담양읍,경상사고,0,0,2,0,차대차 - 측면충돌,안전거리미확보,건조,맑음,교차로 - 교차로부근,승용,여,56세,상해없음,승용,여,68세,경상
2020052500100454,2020년 5월 25일 18시,월요일,전라남도 여수시 안산동,중상사고,0,1,0,0,차대차 - 기타,중앙선침범,건조,맑음,교차로 - 교차로부근,승용,남,48세,상해없음,자전거,남,10세,중상
2020052500100455,2020년 5월 25일 18시,월요일,전라남도 여수시 문수동,경상사고,0,0,1,0,차대차 - 측면충돌,안전운전불이행,건조,맑음,교차로 - 교차로안,승용,남,29세,상해없음,승용,여,43세,경상
2020052500100456,2020년 5월 25일 18시,월요일,전라남도 보성군 문덕면,경상사고,0,0,1,0,차량단독 - 공작물충돌,안전운전불이행,건조,맑음,단일로 - 기타,승용,남,32세,경상,,,,
2020052500100457,2020년 5월 25일 18시,월요일,전라남도 보성군 회천면,경상사고,0,0,1,0,차대사람 - 횡단중,안전운전불이행,건조,맑음,단일로 - 기타,승용,남,28세,상해없음,보행자,남,2세,경상
2020052500100458,2020년 5월 25일 18시,월요일,전라남도 화순군 한천면,경상사고,0,0,2,0,차대차 - 측면충돌,안전운전불이행,건조,맑음,단일로 - 기타,승용,여,22세,상해없음,승용,남,31세,경상
2020052500100525,2020년 5월 25일 20시,월요일,전라남도 나주시 빛가람동,경상사고,0,0,1,0,차대차 - 후진중충돌,안전운전불이행,건조,맑음,단일로 - 기타,승용,여,41세,상해없음,승용,남,24세,경상
2020052500100553,2020년 5월 25일 21시,월요일,전라남도 여수시 여천동,경상사고,0,0,1,0,차대차 - 기타,안전운전불이행,건조,맑음,교차로 - 교차로부근,승용,남,58세,상해없음,승용,여,59세,경상
2020052500100554,2020년 5월 25일 21시,월요일,전라남도 장흥군 장흥읍,중상사고,0,1,0,0,차대사람 - 횡단중,안전운전불이행,건조,맑음,단일로 - 기타,자전거,남,15세,상해없음,보행자,여,54세,중상
2020052500100596,2020년 5월 25일 23시,월요일,전라남도 장성군 장성읍,경상사고,0,0,1,0,차대차 - 후진중충돌,안전운전불이행,건조,맑음,단일로 - 기타,승용,남,52세,상해없음,승용,남,47세,경상
2020052600100012,2020년 5월 26일 00시,화요일,전라남도 순천시 조례동,경상사고,0,0,1,0,차대차 - 측면충돌,안전운전불이행,건조,맑음,교차로 - 교차로안,승용,남,36세,상해없음,승용,남,59세,경상
2020052600100013,2020년 5월 26일 00시,화요일,전라남도 광양시 광영동,경상사고,0,0,1,0,차대차 - 측면충돌,교차로운행방법위반,건조,맑음,교차로 - 교차로안,승용,남,25세,상해없음,특수,남,41세,경상
2020052600100107,2020년 5월 26일 08시,화요일,전라남도 화순군 화순읍,경상사고,0,0,3,0,차대차 - 측면충돌,교차로운행방법위반,건조,맑음,교차로 - 교차로안,승용,여,48세,상해없음,승용,남,48세,경상
2020052600100108,2020년 5월 26일 08시,화요일,전라남도 영암군 삼호읍,중상사고,0,1,2,0,차대차 - 측면충돌,안전운전불이행,건조,맑음,교차로 - 교차로안,화물,남,55세,중상,승용,남,54세,경상
2020052600100164,2020년 5월 26일 10시,화요일,전라남도 목포시 상동,경상사고,0,0,1,0,차대차 - 후진중충돌,안전운전불이행,건조,맑음,단일로 - 기타,승용,남,52세,상해없음,승용,남,28세,경상
2020052600100204,2020년 5월 26일 11시,화요일,전라남도 여수시 해산동,경상사고,0,0,2,0,차대차 - 기타,교차로운행방법위반,건조,맑음,교차로 - 교차로부근,화물,남,54세,상해없음,화물,남,65세,경상
2020052600100205,2020년 5월 26일 11시,화요일,전라남도 장흥군 장흥읍,중상사고,0,2,1,0,차대차 - 추돌,안전거리미확보,건조,맑음,교차로 - 교차로안,화물,남,24세,경상,화물,남,70세,중상
2020052600100238,2020년 5월 26일 12시,화요일,전라남도 여수시 학동,경상사고,0,0,1,0,차대차 - 측면충돌,차로위반,건조,맑음,교차로 - 교차로안,건설기계,남,67세,상해없음,승용,남,54세,경상
2020052600100239,2020년 5월 26일 12시,화요일,전라남도 강진군 성전면,경상사고,0,0,1,0,차대차 - 기타,중앙선침범,건조,맑음,단일로 - 기타,승용,여,58세,상해없음,화물,남,47세,경상
2020052600100240,2020년 5월 26일 12시,화요일,전라남도 무안군 망운면,경상사고,0,0,1,0,차대차 - 후진중충돌,안전운전불이행,건조,맑음,주차장 - 주차장,승용,남,63세,상해없음,이륜,남,78세,경상
2020052600100279,2020년 5월 26일 13시,화요일,전라남도 순천시 연향동,경상사고,0,0,1,0,차대차 - 기타,기타,건조,맑음,단일로 - 기타,승용,남,45세,상해없음,승용,남,52세,상해없음
2020052600100311,2020년 5월 26일 14시,화요일,전라남도 장흥군 유치면,경상사고,0,0,1,0,차대차 - 후진중충돌,안전운전불이행,건조,맑음,주차장 - 주차장,승용,남,28세,상해없음,승용,여,47세,경상
2020052600100347,2020년 5월 26일 15시,화요일,전라남도 목포시 옥암동,중상사고,0,1,0,0,차대차 - 기타,안전운전불이행,건조,맑음,기타 - 기타,승용,여,21세,상해없음,이륜,남,26세,중상
2020052600100348,2020년 5월 26일 15시,화요일,전라남도 순천시 조곡동,경상사고,0,0,1,0,차대차 - 기타,안전운전불이행,건조,맑음,교차로 - 교차로안,승용,여,66세,경상,승용,남,51세,상해없음
2020052600100349,2020년 5월 26일 15시,화요일,전라남도 나주시 빛가람동,경상사고,0,0,2,0,차대차 - 기타,교차로운행방법위반,건조,맑음,교차로 - 교차로안,화물,남,44세,경상,승용,남,27세,경상
2020052600100417,2020년 5월 26일 17시,화요일,전라남도 여수시 선원동,경상사고,0,0,1,0,차대사람 - 기타,안전운전불이행,건조,맑음,단일로 - 기타,승용,여,58세,상해없음,보행자,남,45세,경상
2020052600100418,2020년 5월 26일 17시,화요일,전라남도 여수시 중흥동,경상사고,0,0,2,0,차대차 - 측면충돌,안전운전불이행,건조,맑음,단일로 - 기타,승용,남,44세,상해없음,승용,남,47세,경상