사고번호,사고일시,요일,시군구,사고내용,사망자수,중상자수,경상자수,부상신고자수,사고유형,법규위반,노면상태,기상상태,도로형태,가해운전자 차종,가해운전자 성별,가해운전자 연령,가해운전자 상해정도,피해운전자 차종,피해운전자 성별,피해운전자 연령,피해운전자 상해정도
2020053000100488,2020년 5월 30일 17시,토요일,전라남도 목포시 산정동,경상사고,0,0,1,1,차대차 - 측면충돌,안전운전불이행,건조,맑음,교차로 - 교차로안,승용,남,52세,부상신고,이륜,남,22세,경상
2020053000100489,2020년 5월 30일 17시,토요일,전라남도 목포시 상동,경상사고,0,0,3,0,차대차 - 기타,안전운전불이행,건조,맑음,교차로 - 교차로안,승용,여,46세,경상,승용,여,33세,경상
2020053000100490,2020년 5월 30일 17시,토요일,전라남도 나주시 노안면,경상사고,0,0,1,0,차대사람 - 기타,안전운전불이행,건조,맑음,단일로 - 기타,화물,남,63세,상해없음,보행자,남,63세,경상
2020053000100549,2020년 5월 30일 19시,토요일,전라남도 순천시 외서면,중상사고,0,1,0,0,차량단독 - 전도전복 - 전도,안전운전불이행,건조,맑음,교차로 - 교차로안,사륜오토바이(ATV),여,54세,중상,,,,
2020053000100633,2020년 5월 30일 22시,토요일,전라남도 목포시 중동1가,경상사고,0,0,5,1,차대차 - 측면충돌,직진우회전진행방해,건조,맑음,교차로 - 교차로안,승용,남,44세,부상신고,승용,남,25세,경상
2020053000100634,2020년 5월 30일 22시,토요일,전라남도 광양시 광영동,사망사고,1,0,0,0,차량단독 - 공작물충돌,안전운전불이행,건조,맑음,단일로 - 기타,이륜,남,29세,사망,,,,
2020053100100041,2020년 5월 31일 03시,일요일,전라남도 순천시 조례동,경상사고,0,0,2,0,차대차 - 측면충돌,안전운전불이행,젖음/습기,비,교차로 - 교차로안,승용,남,26세,상해없음,승용,남,67세,경상
2020053100100067,2020년 5월 31일 06시,일요일,전라남도 목포시 산정동,경상사고,0,0,1,0,차대사람 - 차도통행중,안전운전불이행,젖음/습기,맑음,교차로 - 교차로안,승용,남,77세,상해없음,보행자,여,79세,경상
2020053100100083,2020년 5월 31일 08시,일요일,전라남도 여수시 돌산읍,경상사고,0,0,1,0,차대차 - 측면충돌,신호위반,건조,맑음,교차로 - 교차로안,승용,남,69세,기타불명,승용,남,38세,경상
2020053100100096,2020년 5월 31일 09시,일요일,전라남도 곡성군 입면,중상사고,0,1,0,0,차대차 - 측면충돌,과속,건조,맑음,교차로 - 교차로안,승용,남,46세,상해없음,이륜,남,69세,중상
2020053100100143,2020년 5월 31일 11시,일요일,전라남도 화순군 도암면,부상신고사고,0,0,0,1,차량단독 - 도로외이탈 - 추락,안전운전불이행,건조,맑음,기타 - 기타,사륜오토바이(ATV),남,9세,부상신고,,,,
2020053100100170,2020년 5월 31일 12시,일요일,전라남도 목포시 산정동,경상사고,0,0,3,0,차대차 - 기타,기타,건조,맑음,교차로 - 교차로안,승용,남,30세,경상,승용,남,33세,경상
2020053100100171,2020년 5월 31일 12시,일요일,전라남도 여수시 돌산읍,경상사고,0,0,3,0,차대차 - 측면충돌,신호위반,건조,맑음,교차로 - 교차로안,승용,여,38세,상해없음,승용,여,53세,경상
2020053100100199,2020년 5월 31일 13시,일요일,전라남도 무안군 삼향읍,경상사고,0,0,2,0,차대차 - 측면충돌,안전운전불이행,건조,맑음,교차로 - 교차로안,승용,여,46세,경상,승용,남,30세,경상
2020053100100234,2020년 5월 31일 14시,일요일,전라남도 고흥군 남양면,경상사고,0,0,1,0,차대사람 - 기타,안전운전불이행,건조,맑음,단일로 - 기타,화물,남,59세,상해없음,보행자,여,83세,경상
2020053100100235,2020년 5월 31일 14시,일요일,전라남도 담양군 봉산면,중상사고,0,1,0,0,차량단독 - 전도전복 - 전도,안전운전불이행,건조,흐림,기타 - 기타,농기계,남,73세,중상,,,,
2020053100100300,2020년 5월 31일 16시,일요일,전라남도 광양시 광양읍,경상사고,0,0,2,0,차대차 - 측면충돌,교차로운행방법위반,건조,맑음,교차로 - 교차로안,승용,남,26세,상해없음,승용,여,55세,경상
2020053100100335,2020년 5월 31일 17시,일요일,전라남도 목포시 연산동,경상사고,0,0,2,0,차대차 - 측면충돌,안전거리미확보,건조,맑음,단일로 - 기타,화물,남,63세,상해없음,승용,남,73세,경상
2020053100100336,2020년 5월 31일 17시,일요일,전라남도 여수시 율촌면,경상사고,0,0,4,0,차대차 - 측면충돌,안전운전불이행,건조,맑음,단일로 - 기타,승용,남,53세,상해없음,승용,남,20세,경상
2020053100100337,2020년 5월 31일 17시,일요일,전라남도 장흥군 회진면,중상사고,0,1,0,0,차대차 - 측면충돌,안전운전불이행,젖음/습기,흐림,단일로 - 기타,화물,여,56세,상해없음,농기계,남,85세,중상
2020053100100338,2020년 5월 31일 17시,일요일,전라남도 장흥군 관산읍,중상사고,0,1,0,0,차대사람 - 기타,안전운전불이행,젖음/습기,비,단일로 - 기타,농기계,남,65세,상해없음,보행자,남,52세,중상
2020053100100365,2020년 5월 31일 18시,일요일,전라남도 여수시 종화동,경상사고,0,0,2,0,차대차 - 기타,중앙선침범,건조,맑음,단일로 - 기타,이륜,남,22세,상해없음,승용,남,23세,경상
2020053100100366,2020년 5월 31일 18시,일요일,전라남도 보성군 득량면,경상사고,0,0,3,0,차대차 - 추돌,안전거리미확보,건조,맑음,단일로 - 기타,승용,남,59세,경상,승용,남,22세,상해없음
2020053100100367,2020년 5월 31일 18시,일요일,전라남도 완도군 완도읍,경상사고,0,0,1,0,차대차 - 기타,안전운전불이행,건조,맑음,기타 - 기타,화물,남,78세,상해없음,화물,여,64세,경상
2020053100100396,2020년 5월 31일 19시,일요일,전라남도 순천시 덕암동,경상사고,0,0,2,0,차대차 - 추돌,안전운전불이행,건조,맑음,교차로 - 교차로부근,승용,남,24세,상해없음,승용,여,30세,경상
2020053100100397,2020년 5월 31일 19시,일요일,전라남도 해남군 해남읍,중상사고,0,1,0,0,차대차 - 측면충돌,중앙선침범,건조,맑음,단일로 - 기타,승용,여,58세,상해없음,원동기,남,62세,중상
2020053100100421,2020년 5월 31일 20시,일요일,전라남도 장성군 삼계면,중상사고,0,1,1,0,차량단독 - 도로외이탈 - 기타,안전운전불이행,건조,맑음,단일로 - 기타,승용,남,59세,상해없음,,,,
2020053100100422,2020년 5월 31일 20시,일요일,전라남도 장성군 북하면,중상사고,0,2,0,0,차대사람 - 기타,안전운전불이행,건조,맑음,단일로 - 기타,이륜,남,49세,중상,보행자,여,50세,중상
2020053100100442,2020년 5월 31일 21시,일요일,전라남도 여수시 학동,경상사고,0,0,1,0,차대차 - 측면충돌,차로위반,건조,맑음,교차로 - 교차로부근,승용,남,70세,상해없음,원동기,남,48세,경상
2020053100100443,2020년 5월 31일 21시,일요일,전라남도 해남군 마산면,경상사고,0,0,1,0,차대차 - 측면충돌,중앙선침범,건조,맑음,단일로 - 기타,승용,남,55세,기타불명,승용,여,44세,경상
2020060100100010,2020년 6월 1일 00시,월요일,전라남도 강진군 칠량면,중상사고,0,1,1,0,차량단독 - 공작물충돌,안전운전불이행,건조,맑음,교차로 - 교차로안,승용,여,49세,경상,,,,
2020060100100024,2020년 6월 1일 03시,월요일,전라남도 해남군 해남읍,중상사고,0,1,0,0,차대차 - 추돌,안전운전불이행,건조,맑음,단일로 - 기타,화물,남,52세,중상,화물,남,61세,상해없음
2020060100100035,2020년 6월 1일 04시,월요일,전라남도 목포시 상동,경상사고,0,0,4,0,차대차 - 측면충돌,안전거리미확보,건조,맑음,교차로 - 교차로부근,승용,남,58세,상해없음,승용,여,39세,경상
2020060100100036,2020년 6월 1일 04시,월요일,전라남도 장성군 장성읍,경상사고,0,0,1,0,차량단독 - 공작물충돌,안전운전불이행,젖음/습기,흐림,기타 - 기타,승용,남,33세,경상,,,,
2020060100100057,2020년 6월 1일 06시,월요일,전라남도 여수시 웅천동,경상사고,0,0,1,0,차대사람 - 횡단중,안전운전불이행,건조,맑음,교차로 - 교차로부근,승용,남,33세,상해없음,보행자,남,58세,경상
2020060100100069,2020년 6월 1일 07시,월요일,전라남도 순천시 해룡면,중상사고,0,1,0,0,차대차 - 측면충돌,신호위반,건조,맑음,교차로 - 교차로안,승용,남,63세,상해없음,이륜,남,35세,중상
2020060100100070,2020년 6월 1일 07시,월요일,전라남도 영광군 법성면,경상사고,0,0,1,0,차량단독 - 기타,안전운전불이행,건조,맑음,단일로 - 기타,이륜,남,76세,경상,,,,
2020060100100105,2020년 6월 1일 08시,월요일,전라남도 나주시 이창동,경상사고,0,0,2,0,차대차 - 측면충돌,안전거리미확보,건조,맑음,단일로 - 기타,농기계,남,78세,상해없음,승용,여,57세,경상
2020060100100106,2020년 6월 1일 08시,월요일,전라남도 화순군 화순읍,중상사고,0,1,1,0,차대차 - 측면충돌,교차로운행방법위반,건조,맑음,교차로 - 교차로안,승용,여,45세,중상,승용,남,34세,경상
2020060100100143,2020년 6월 1일 09시,월요일,전라남도 순천시 해룡면,중상사고,0,1,0,0,차대사람 - 횡단중,안전운전불이행,건조,맑음,단일로 - 터널,승용,남,72세,상해없음,보행자,여,80세,중상
2020060100100144,2020년 6월 1일 09시,월요일,전라남도 완도군 노화읍,경상사고,0,0,1,0,차대차 - 기타,안전운전불이행,건조,맑음,교차로 - 교차로안,화물,남,76세,상해없음,화물,남,48세,경상
2020060100100180,2020년 6월 1일 10시,월요일,전라남도 순천시 중앙동,경상사고,0,0,7,0,차대차 - 측면충돌,직진우회전진행방해,건조,맑음,교차로 - 교차로안,승용,여,32세,경상,승용,남,25세,경상
2020060100100218,2020년 6월 1일 11시,월요일,전라남도 신안군 장산면,경상사고,0,0,1,0,차대차 - 측면충돌,교차로운행방법위반,건조,맑음,교차로 - 교차로안,승용,남,39세,상해없음,사륜오토바이(ATV),남,68세,경상
2020060100100219,2020년 6월 1일 11시,월요일,전라남도 순천시 조례동,경상사고,0,0,3,0,차대차 - 측면충돌,안전운전불이행,건조,맑음,교차로 - 교차로횡단보도내,이륜,남,42세,경상,승용,남,23세,경상
2020060100100258,2020년 6월 1일 12시,월요일,전라남도 순천시 서면,중상사고,0,1,0,0,차대차 - 측면충돌,안전운전불이행,건조,맑음,단일로 - 기타,승용,남,53세,상해없음,자전거,남,57세,중상
2020060100100259,2020년 6월 1일 12시,월요일,전라남도 화순군 화순읍,중상사고,0,1,0,0,차대사람 - 횡단중,안전운전불이행,건조,맑음,교차로 - 교차로안,승용,여,57세,상해없음,보행자,여,59세,중상
2020060100100260,2020년 6월 1일 12시,월요일,전라남도 영암군 덕진면,중상사고,0,1,0,0,차대차 - 측면충돌,안전운전불이행,건조,맑음,교차로 - 교차로안,이륜,여,69세,중상,화물,남,67세,상해없음
2020060100100305,2020년 6월 1일 13시,월요일,전라남도 해남군 해남읍,경상사고,0,0,1,0,차대차 - 추돌,차로위반,건조,맑음,단일로 - 기타,건설기계,남,62세,상해없음,승용,남,63세,경상
2020060100100350,2020년 6월 1일 14시,월요일,전라남도 여수시 율촌면,경상사고,0,0,1,0,차량단독 - 기타,안전운전불이행,건조,맑음,단일로 - 기타,승합,남,64세,상해없음,,,,
2020060100100351,2020년 6월 1일 14시,월요일,전라남도 장흥군 용산면,사망사고,1,0,0,0,차대차 - 측면충돌,직진우회전진행방해,건조,맑음,교차로 - 교차로안,화물,남,46세,상해없음,이륜,여,72세,사망
2020060100100352,2020년 6월 1일 14시,월요일,전라남도 고흥군 도화면,부상신고사고,0,0,0,1,차대차 - 측면충돌,안전운전불이행,건조,맑음,교차로 - 교차로안,화물,여,60세,부상신고,화물,남,50세,상해없음
2020060100100353,2020년 6월 1일 14시,월요일,전라남도 강진군 칠량면,중상사고,0,1,0,0,차대사람 - 기타,안전운전불이행,건조,맑음,기타 - 기타,농기계,남,60세,상해없음,보행자,여,65세,중상
2020060100100403,2020년 6월 1일 15시,월요일,전라남도 목포시 산정동,경상사고,0,0,3,0,차대차 - 측면충돌,신호위반,건조,맑음,단일로 - 기타,승합,여,55세,경상,승용,여,55세,경상
2020060100100404,2020년 6월 1일 15시,월요일,전라남도 나주시 삼도동,경상사고,0,0,2,0,차대차 - 추돌,안전운전불이행,건조,맑음,단일로 - 기타,화물,남,66세,상해없음,승용,여,63세,경상
2020060100100405,2020년 6월 1일 15시,월요일,전라남도 보성군 보성읍,중상사고,0,1,0,0,차량단독 - 공작물충돌,안전운전불이행,건조,맑음,단일로 - 기타,이륜,남,63세,중상,,,,
2020060100100406,2020년 6월 1일 15시,월요일,전라남도 화순군 도곡면,부상신고사고,0,0,0,1,차대차 - 측면충돌,안전운전불이행,건조,맑음,기타 - 기타,승용,남,77세,상해없음,화물,여,61세,상해없음
2020060100100407,2020년 6월 1일 15시,월요일,전라남도 영암군 학산면,경상사고,0,0,3,0,차대차 - 측면충돌,안전운전불이행,건조,맑음,단일로 - 기타,화물,남,69세,상해없음,승용,남,41세,경상
2020060100100453,2020년 6월 1일 16시,월요일,전라남도 목포시 용해동,경상사고,0,0,2,0,차대차 - 기타,안전운전불이행,건조,맑음,단일로 - 기타,승용,여,57세,기타불명,승용,여,30세,경상
2020060100100454,2020년 6월 1일 16시,월요일,전라남도 나주시 문평면,중상사고,0,1,1,0,차대차 - 정면충돌,중앙선침범,건조,맑음,단일로 - 기타,승용,남,50세,경상,화물,남,44세,중상
2020060100100455,2020년 6월 1일 16시,월요일,전라남도 영암군 영암읍,중상사고,0,1,1,0,차대차 - 측면충돌,신호위반,건조,맑음,단일로 - 교량,사륜오토바이(ATV),남,70세,중상,승용,남,43세,경상
2020060100100456,2020년 6월 1일 16시,월요일,전라남도 구례군 구례읍,중상사고,0,1,0,0,차대차 - 측면충돌,직진우회전진행방해,건조,맑음,교차로 - 교차로안,이륜,여,71세,중상,화물,남,60세,상해없음
2020060100100457,2020년 6월 1일 16시,월요일,전라남도 광양시 광양읍,경상사고,0,0,3,0,차대차 - 추돌,안전운전불이행,건조,맑음,단일로 - 기타,승용,남,19세,상해없음,승합,남,60세,상해없음
2020060100100507,2020년 6월 1일 17시,월요일,전라남도 목포시 상동,경상사고,0,0,1,0,차대사람 - 차도통행중,안전운전불이행,건조,맑음,단일로 - 기타,승용,남,22세,상해없음,보행자,남,2세,경상
2020060100100508,2020년 6월 1일 17시,월요일,전라남도 목포시 용해동,중상사고,0,1,0,0,차대차 - 기타,안전운전불이행,건조,맑음,기타 - 기타,자전거,남,13세,중상,승용,여,38세,상해없음
2020060100100509,2020년 6월 1일 17시,월요일,전라남도 순천시 조례동,중상사고,0,1,0,0,차대차 - 측면충돌,신호위반,건조,맑음,교차로 - 교차로안,승용,여,63세,상해없음,개인형이동수단(PM),남,17세,중상
2020060100100510,2020년 6월 1일 17시,월요일,전라남도 고흥군 도양읍,중상사고,0,1,0,0,차대차 - 후진중충돌,안전운전불이행,건조,맑음,주차장 - 주차장,승용,여,54세,상해없음,승용,여,49세,중상
2020060100100511,2020년 6월 1일 17시,월요일,전라남도 광양시 봉강면,중상사고,0,2,2,1,차대차 - 기타,안전운전불이행,건조,맑음,단일로 - 기타,특수,남,43세,중상,승용,남,44세,중상
2020060100100579,2020년 6월 1일 18시,월요일,전라남도 목포시 상동,경상사고,0,0,2,0,차대차 - 추돌,안전운전불이행,기타,맑음,단일로 - 지하차도(도로)내,승용,남,23세,상해없음,승용,여,25세,상해없음
2020060100100580,2020년 6월 1일 18시,월요일,전라남도 순천시 조례동,경상사고,0,0,2,0,차대차 - 측면충돌,교차로운행방법위반,건조,맑음,교차로 - 교차로부근,승용,여,28세,상해없음,승용,여,40세,경상
2020060100100581,2020년 6월 1일 18시,월요일,전라남도 화순군 화순읍,경상사고,0,0,1,0,차대차 - 기타,안전운전불이행,건조,맑음,단일로 - 기타,건설기계,남,56세,상해없음,승용,여,39세,경상
2020060100100582,2020년 6월 1일 18시,월요일,전라남도 강진군 작천면,경상사고,0,0,1,0,차대차 - 측면충돌,직진우회전진행방해,건조,맑음,교차로 - 교차로안,이륜,여,70세,경상,화물,여,51세,상해없음
2020060100100583,2020년 6월 1일 18시,월요일,전라남도 강진군 강진읍,경상사고,0,0,1,0,차대차 - 추돌,안전운전불이행,건조,맑음,교차로 - 교차로부근,승용,남,49세,상해없음,승용,남,27세,경상
2020060100100584,2020년 6월 1일 18시,월요일,전라남도 강진군 병영면,경상사고,0,0,2,0,차대차 - 정면충돌,안전운전불이행,건조,맑음,단일로 - 기타,승용,남,63세,경상,농기계,남,73세,경상
2020060100100585,2020년 6월 1일 18시,월요일,전라남도 무안군 삼향읍,중상사고,0,1,1,0,차대차 - 측면충돌,신호위반,건조,맑음,교차로 - 교차로안,승용,남,60세,상해없음,승용,남,49세,경상
2020060100100586,2020년 6월 1일 18시,월요일,전라남도 광양시 광양읍,경상사고,0,0,1,0,차대사람 - 횡단중,안전운전불이행,건조,맑음,단일로 - 기타,승용,여,34세,상해없음,보행자,남,31세,경상
2020060100100627,2020년 6월 1일 19시,월요일,전라남도 담양군 대덕면,경상사고,0,0,1,0,차대차 - 후진중충돌,안전운전불이행,건조,맑음,단일로 - 기타,승용,여,68세,상해없음,승용,여,59세,경상
2020060100100704,2020년 6월 1일 22시,월요일,전라남도 목포시 용해동,중상사고,0,1,0,0,차대차 - 기타,차로위반,건조,맑음,단일로 - 기타,자전거,기타불명,미분류,기타불명,원동기,남,27세,중상
2020060100100732,2020년 6월 1일 23시,월요일,전라남도 장흥군 관산읍,경상사고,0,0,1,0,차량단독 - 공작물충돌,안전운전불이행,건조,맑음,단일로 - 기타,화물,남,62세,경상,,,,
2020060200100011,2020년 6월 2일 01시,화요일,전라남도 담양군 대전면,경상사고,0,0,1,0,차대차 - 기타,안전운전불이행,건조,맑음,교차로 - 교차로부근,승용,남,21세,상해없음,개인형이동수단(PM),남,53세,경상
2020060200100046,2020년 6월 2일 06시,화요일,전라남도 여수시 둔덕동,경상사고,0,0,1,0,차대사람 - 기타,안전운전불이행,건조,맑음,기타 - 기타,자전거,남,69세,상해없음,보행자,남,76세,경상
2020060200100047,2020년 6월 2일 06시,화요일,전라남도 순천시 대룡동,중상사고,0,1,0,0,차대차 - 추돌,안전운전불이행,건조,맑음,단일로 - 기타,화물,남,69세,상해없음,원동기,남,69세,중상
2020060200100059,2020년 6월 2일 07시,화요일,전라남도 목포시 상동,경상사고,0,0,2,0,차대차 - 기타,직진우회전진행방해,건조,맑음,교차로 - 교차로안,승용,여,48세,경상,승용,여,49세,경상
2020060200100061,2020년 6월 2일 07시,화요일,전라남도 순천시 용당동,경상사고,0,0,1,0,차대사람 - 횡단중,안전운전불이행,건조,맑음,교차로 - 교차로횡단보도내,승용,여,46세,상해없음,보행자,남,5세,경상
2020060200100100,2020년 6월 2일 08시,화요일,전라남도 순천시 해룡면,중상사고,0,1,0,0,차대차 - 기타,안전운전불이행,건조,맑음,교차로 - 교차로안,화물,남,74세,상해없음,이륜,남,16세,중상
2020060200100141,2020년 6월 2일 09시,화요일,전라남도 순천시 황전면,중상사고,0,1,0,0,차대사람 - 기타,안전운전불이행,건조,맑음,기타 - 기타,화물,남,45세,상해없음,보행자,남,56세,중상
2020060200100175,2020년 6월 2일 10시,화요일,전라남도 여수시 해산동,경상사고,0,0,3,0,차대차 - 측면충돌,교차로운행방법위반,건조,맑음,교차로 - 교차로안,화물,남,67세,상해없음,승용,남,77세,경상
2020060200100177,2020년 6월 2일 10시,화요일,전라남도 나주시 금천면,경상사고,0,0,1,0,차대차 - 추돌,안전운전불이행,건조,맑음,단일로 - 기타,화물,남,54세,상해없음,승용,여,45세,경상
2020060200100178,2020년 6월 2일 10시,화요일,전라남도 곡성군 겸면,경상사고,0,0,1,0,차대차 - 측면충돌,교차로운행방법위반,건조,맑음,교차로 - 교차로안,이륜,남,72세,경상,화물,남,45세,상해없음
2020060200100258,2020년 6월 2일 12시,화요일,전라남도 순천시 조례동,경상사고,0,0,1,0,차대사람 - 차도통행중,안전운전불이행,건조,맑음,단일로 - 기타,화물,남,53세,상해없음,보행자,여,69세,경상
2020060200100259,2020년 6월 2일 12시,화요일,전라남도 보성군 벌교읍,중상사고,0,1,2,0,차대차 - 측면충돌,교차로운행방법위반,건조,맑음,교차로 - 교차로안,승용,여,40세,경상,화물,남,69세,경상
2020060200100301,2020년 6월 2일 13시,화요일,전라남도 담양군 창평면,중상사고,0,1,2,0,차대차 - 측면충돌,신호위반,건조,맑음,교차로 - 교차로안,승용,남,82세,중상,화물,여,50세,경상
2020060200100336,2020년 6월 2일 14시,화요일,전라남도 목포시 호남동,경상사고,0,0,2,0,차대차 - 측면충돌,안전운전불이행,건조,맑음,단일로 - 기타,승용,남,52세,경상,승용,남,27세,경상
2020060200100337,2020년 6월 2일 14시,화요일,전라남도 여수시 화장동,경상사고,0,0,1,0,차대차 - 측면충돌,교차로운행방법위반,건조,맑음,교차로 - 교차로안,승용,남,29세,상해없음,화물,남,51세,경상
2020060200100338,2020년 6월 2일 14시,화요일,전라남도 여수시 국동,경상사고,0,0,2,0,차대차 - 측면충돌,안전운전불이행,건조,맑음,교차로 - 교차로안,승용,남,45세,기타불명,승용,여,63세,경상
2020060200100339,2020년 6월 2일 14시,화요일,전라남도 순천시 연향동,경상사고,0,0,3,0,차대차 - 추돌,안전운전불이행,건조,맑음,교차로 - 교차로부근,승용,여,36세,상해없음,승용,여,29세,경상
2020060200100340,2020년 6월 2일 14시,화요일,전라남도 나주시 남평읍,경상사고,0,0,1,0,차대차 - 추돌,안전거리미확보,건조,맑음,단일로 - 기타,건설기계,남,39세,상해없음,승용,여,59세,경상
2020060200100376,2020년 6월 2일 15시,화요일,전라남도 함평군 대동면,사망사고,1,0,0,0,차량단독 - 도로외이탈 - 추락,안전운전불이행,건조,맑음,단일로 - 기타,이륜,남,59세,사망,,,,
2020060200100418,2020년 6월 2일 16시,화요일,전라남도 여수시 학동,중상사고,0,1,0,0,차대사람 - 기타,안전운전불이행,건조,맑음,단일로 - 기타,승용,여,55세,상해없음,보행자,여,63세,중상
2020060200100419,2020년 6월 2일 16시,화요일,전라남도 영암군 영암읍,경상사고,0,0,1,0,차대차 - 측면충돌,중앙선침범,건조,맑음,단일로 - 기타,승용,남,73세,상해없음,승용,여,37세,경상
2020060200100454,2020년 6월 2일 17시,화요일,전라남도 여수시 율촌면,경상사고,0,0,1,0,차대차 - 측면충돌,기타,건조,맑음,교차로 - 교차로부근,이륜,남,27세,경상,특수,남,52세,상해없음
2020060200100455,2020년 6월 2일 17시,화요일,전라남도 무안군 청계면,경상사고,0,0,2,0,차대차 - 측면충돌,안전운전불이행,건조,맑음,기타 - 기타,승용,여,36세,경상,화물,남,53세,경상
2020060200100487,2020년 6월 2일 18시,화요일,전라남도 여수시 웅천동,경상사고,0,0,2,0,차대차 - 측면충돌,교차로운행방법위반,건조,맑음,교차로 - 교차로안,승용,남,40세,경상,승용,여,28세,경상
2020060200100488,2020년 6월 2일 18시,화요일,전라남도 순천시 별량면,경상사고,0,0,4,0,차대차 - 추돌,안전운전불이행,건조,맑음,교차로 - 교차로부근,승용,남,45세,경상,승용,남,44세,경상
2020060200100489,2020년 6월 2일 18시,화요일,전라남도 장성군 남면,경상사고,0,0,1,0,차대차 - 측면충돌,직진우회전진행방해,건조,맑음,교차로 - 교차로안,승용,남,48세,상해없음,승용,여,51세,경상
2020060200100524,2020년 6월 2일 19시,화요일,전라남도 순천시 서면,중상사고,0,1,0,0,차대차 - 측면충돌,안전운전불이행,건조,맑음,단일로 - 기타,이륜,남,34세,중상,승합,남,46세,상해없음
2020060200100546,2020년 6월 2일 20시,화요일,전라남도 여수시 문수동,경상사고,0,0,1,0,차대차 - 측면충돌,안전운전불이행,건조,맑음,교차로 - 교차로부근,승용,여,42세,상해없음,이륜,남,28세,경상
2020060200100572,2020년 6월 2일 21시,화요일,전라남도 여수시 군자동,경상사고,0,0,2,0,차대차 - 정면충돌,안전운전불이행,건조,맑음,단일로 - 기타,승용,남,65세,경상,승용,여,42세,경상
2020060200100573,2020년 6월 2일 21시,화요일,전라남도 여수시 돌산읍,경상사고,0,0,2,0,차대차 - 추돌,안전운전불이행,건조,맑음,단일로 - 기타,승용,남,49세,기타불명,승용,남,65세,경상
2020060200100598,2020년 6월 2일 22시,화요일,전라남도 해남군 해남읍,경상사고,0,0,2,0,차대차 - 측면충돌,안전운전불이행,건조,맑음,단일로 - 기타,승용,남,47세,기타불명,승용,남,64세,경상
2020060200100616,2020년 6월 2일 23시,화요일,전라남도 목포시 석현동,경상사고,0,0,1,0,차대차 - 추돌,안전운전불이행,건조,맑음,단일로 - 지하차도(도로)내,승용,남,34세,상해없음,자전거,남,62세,경상
2020060300100047,2020년 6월 3일 05시,수요일,전라남도 영광군 영광읍,경상사고,0,0,1,0,차량단독 - 전도전복 - 전도,안전운전불이행,젖음/습기,흐림,교차로 - 교차로부근,이륜,남,74세,경상,,,,
2020060300100068,2020년 6월 3일 07시,수요일,전라남도 광양시 도이동,경상사고,0,0,2,0,차대차 - 측면충돌,차로위반,건조,흐림,교차로 - 교차로부근,화물,남,33세,경상,승용,남,39세,경상
2020060300100096,2020년 6월 3일 08시,수요일,전라남도 목포시 보광동1가,중상사고,0,1,0,0,차대사람 - 횡단중,신호위반,건조,맑음,교차로 - 교차로안,화물,남,49세,상해없음,보행자,여,50세,중상
2020060300100097,2020년 6월 3일 08시,수요일,전라남도 여수시 학동,경상사고,0,0,1,0,차대차 - 측면충돌,안전운전불이행,건조,맑음,단일로 - 기타,승합,남,59세,상해없음,승용,남,40세,경상
2020060300100098,2020년 6월 3일 08시,수요일,전라남도 여수시 광무동,중상사고,0,1,0,0,차대사람 - 기타,안전운전불이행,건조,맑음,단일로 - 기타,화물,남,67세,상해없음,보행자,여,72세,중상
2020060300100222,2020년 6월 3일 12시,수요일,전라남도 영암군 삼호읍,경상사고,0,0,1,0,차대차 - 측면충돌,신호위반,건조,맑음,교차로 - 교차로안,승용,남,50세,상해없음,승용,여,38세,경상
2020060300100254,2020년 6월 3일 13시,수요일,전라남도 여수시 관문동,경상사고,0,0,3,0,차대차 - 측면충돌,교차로운행방법위반,건조,맑음,교차로 - 교차로안,승용,남,72세,상해없음,화물,남,22세,경상
2020060300100255,2020년 6월 3일 13시,수요일,전라남도 담양군 담양읍,경상사고,0,0,3,0,차대차 - 측면충돌,안전거리미확보,건조,맑음,단일로 - 기타,승용,남,63세,상해없음,승용,여,65세,경상
2020060300100291,2020년 6월 3일 14시,수요일,전라남도 장흥군 관산읍,경상사고,0,0,2,0,차량단독 - 도로외이탈 - 추락,안전운전불이행,건조,맑음,단일로 - 기타,화물,남,64세,상해없음,,,,
2020060300100292,2020년 6월 3일 14시,수요일,전라남도 해남군 화산면,사망사고,1,0,0,0,차량단독 - 공작물충돌,안전운전불이행,건조,맑음,단일로 - 기타,승용,남,83세,사망,,,,
2020060300100335,2020년 6월 3일 15시,수요일,전라남도 나주시 다시면,경상사고,0,0,1,0,차대차 - 측면충돌,중앙선침범,건조,맑음,교차로 - 교차로부근,이륜,남,67세,경상,화물,남,72세,상해없음
2020060300100336,2020년 6월 3일 15시,수요일,전라남도 구례군 산동면,중상사고,0,2,0,0,차대차 - 측면충돌,안전운전불이행,건조,맑음,단일로 - 기타,이륜,남,58세,중상,승용,남,63세,상해없음
2020060300100375,2020년 6월 3일 16시,수요일,전라남도 고흥군 점암면,경상사고,0,0,1,0,차량단독 - 도로외이탈 - 기타,기타,건조,맑음,단일로 - 기타,자전거,남,60세,경상,,,,
2020060300100376,2020년 6월 3일 16시,수요일,전라남도 장성군 장성읍,부상신고사고,0,0,0,1,차대차 - 기타,안전거리미확보,건조,맑음,교차로 - 교차로부근,승용,여,47세,부상신고,승용,남,59세,상해없음
2020060300100419,2020년 6월 3일 17시,수요일,전라남도 목포시 용당동,경상사고,0,0,3,0,차대차 - 측면충돌,안전운전불이행,건조,맑음,교차로 - 교차로부근,승용,남,63세,경상,승용,여,46세,경상