사고번호,사고일시,요일,시군구,사고내용,사망자수,중상자수,경상자수,부상신고자수,사고유형,법규위반,노면상태,기상상태,도로형태,가해운전자 차종,가해운전자 성별,가해운전자 연령,가해운전자 상해정도,피해운전자 차종,피해운전자 성별,피해운전자 연령,피해운전자 상해정도
2020060300100420,2020년 6월 3일 17시,수요일,전라남도 담양군 담양읍,경상사고,0,0,1,1,차대차 - 측면충돌,안전운전불이행,건조,맑음,단일로 - 기타,승용,남,77세,부상신고,화물,남,71세,경상
2020060300100619,2020년 6월 3일 23시,수요일,전라남도 순천시 조례동,경상사고,0,0,3,0,차대차 - 추돌,안전운전불이행,건조,맑음,교차로 - 교차로부근,승용,남,37세,상해없음,승용,여,24세,경상
2020060300100620,2020년 6월 3일 23시,수요일,전라남도 순천시 연향동,사망사고,1,0,0,0,차대차 - 기타,안전운전불이행,건조,맑음,교차로 - 교차로안,승용,남,30세,상해없음,이륜,남,34세,사망
2020060400100006,2020년 6월 4일 00시,목요일,전라남도 장성군 장성읍,경상사고,0,0,1,0,차대차 - 기타,안전운전불이행,건조,맑음,기타 - 기타,화물,남,44세,경상,화물,남,49세,상해없음
2020060400100024,2020년 6월 4일 01시,목요일,전라남도 여수시 신기동,경상사고,0,0,1,0,차대사람 - 길가장자리구역통행중,안전운전불이행,건조,맑음,단일로 - 기타,승용,남,40세,상해없음,보행자,여,38세,경상
2020060400100057,2020년 6월 4일 06시,목요일,전라남도 강진군 도암면,중상사고,0,1,0,0,차량단독 - 공작물충돌,안전운전불이행,건조,맑음,단일로 - 기타,승용,남,78세,중상,,,,
2020060400100074,2020년 6월 4일 07시,목요일,전라남도 여수시 덕충동,경상사고,0,0,1,0,차대차 - 측면충돌,신호위반,건조,맑음,단일로 - 터널,화물,남,59세,상해없음,승용,남,33세,경상
2020060400100075,2020년 6월 4일 07시,목요일,전라남도 담양군 금성면,중상사고,0,1,0,0,차대사람 - 기타,안전운전불이행,건조,맑음,단일로 - 기타,화물,남,56세,상해없음,보행자,남,67세,중상
2020060400100100,2020년 6월 4일 08시,목요일,전라남도 강진군 칠량면,중상사고,0,1,2,0,차대차 - 추돌,안전거리미확보,건조,맑음,단일로 - 기타,화물,남,68세,경상,화물,여,45세,경상
2020060400100101,2020년 6월 4일 08시,목요일,전라남도 진도군 임회면,중상사고,0,1,1,0,차대차 - 측면충돌,중앙선침범,건조,맑음,단일로 - 기타,화물,여,28세,상해없음,이륜,남,81세,경상
2020060400100134,2020년 6월 4일 09시,목요일,전라남도 영암군 삼호읍,경상사고,0,0,1,0,차대차 - 기타,안전운전불이행,건조,맑음,단일로 - 기타,원동기,남,25세,경상,승용,남,38세,상해없음
2020060400100188,2020년 6월 4일 11시,목요일,전라남도 순천시 풍덕동,중상사고,0,1,0,0,차대사람 - 차도통행중,안전운전불이행,건조,맑음,단일로 - 기타,승용,남,48세,상해없음,보행자,남,60세,중상
2020060400100189,2020년 6월 4일 11시,목요일,전라남도 보성군 미력면,경상사고,0,0,2,1,차대차 - 추돌,안전거리미확보,건조,맑음,단일로 - 기타,승용,여,54세,부상신고,화물,남,45세,경상
2020060400100226,2020년 6월 4일 12시,목요일,전라남도 목포시 상동,중상사고,0,1,0,0,차대차 - 측면충돌,안전운전불이행,건조,맑음,교차로 - 교차로안,승용,남,81세,상해없음,승용,여,39세,중상
2020060400100227,2020년 6월 4일 12시,목요일,전라남도 목포시 상동,경상사고,0,0,2,0,차대차 - 기타,안전운전불이행,건조,맑음,기타 - 기타,승용,여,42세,경상,승용,여,35세,경상
2020060400100264,2020년 6월 4일 13시,목요일,전라남도 목포시 대성동,중상사고,0,1,0,0,차대차 - 기타,직진우회전진행방해,건조,맑음,교차로 - 교차로부근,승용,남,61세,상해없음,이륜,남,39세,중상
2020060400100265,2020년 6월 4일 13시,목요일,전라남도 신안군 자은면,경상사고,0,0,5,0,차대차 - 추돌,교차로운행방법위반,건조,맑음,교차로 - 교차로안,이륜,남,45세,경상,승용,남,75세,경상
2020060400100266,2020년 6월 4일 13시,목요일,전라남도 순천시 조례동,경상사고,0,0,1,0,차대차 - 추돌,신호위반,건조,맑음,교차로 - 교차로부근,승용,남,72세,경상,승용,남,26세,상해없음
2020060400100267,2020년 6월 4일 13시,목요일,전라남도 순천시 왕지동,경상사고,0,0,2,0,차대차 - 측면충돌,안전운전불이행,건조,맑음,단일로 - 기타,승용,남,68세,상해없음,승용,여,54세,경상
2020060400100268,2020년 6월 4일 13시,목요일,전라남도 나주시 금성동,경상사고,0,0,2,0,차대차 - 측면충돌,안전운전불이행,건조,맑음,교차로 - 교차로안,승용,남,28세,상해없음,승용,여,57세,경상
2020060400100269,2020년 6월 4일 13시,목요일,전라남도 강진군 강진읍,경상사고,0,0,1,0,차대차 - 측면충돌,안전운전불이행,건조,맑음,교차로 - 교차로안,이륜,여,72세,경상,승용,여,54세,상해없음
2020060400100305,2020년 6월 4일 14시,목요일,전라남도 목포시 옥암동,경상사고,0,0,1,0,차대차 - 측면충돌,안전거리미확보,건조,맑음,교차로 - 교차로부근,승용,남,50세,상해없음,승용,남,36세,경상
2020060400100306,2020년 6월 4일 14시,목요일,전라남도 완도군 약산면,경상사고,0,0,1,0,차대차 - 정면충돌,중앙선침범,건조,맑음,단일로 - 기타,화물,남,84세,상해없음,승용,남,42세,경상
2020060400100307,2020년 6월 4일 14시,목요일,전라남도 무안군 해제면,경상사고,0,0,1,0,차대차 - 측면충돌,직진우회전진행방해,건조,맑음,교차로 - 교차로안,화물,남,74세,상해없음,이륜,남,77세,경상
2020060400100348,2020년 6월 4일 15시,목요일,전라남도 화순군 화순읍,경상사고,0,0,1,1,차대차 - 측면충돌,신호위반,건조,맑음,교차로 - 교차로안,이륜,남,56세,상해없음,승용,여,29세,경상
2020060400100389,2020년 6월 4일 16시,목요일,전라남도 여수시 묘도동,중상사고,0,1,0,0,차대사람 - 기타,안전운전불이행,건조,맑음,기타 - 기타,승용,남,69세,상해없음,보행자,여,82세,중상
2020060400100390,2020년 6월 4일 16시,목요일,전라남도 순천시 조례동,경상사고,0,0,2,1,차대차 - 측면충돌,직진우회전진행방해,건조,맑음,교차로 - 교차로안,이륜,남,16세,경상,승용,여,47세,경상
2020060400100391,2020년 6월 4일 16시,목요일,전라남도 장흥군 장흥읍,중상사고,0,2,0,0,차대차 - 후진중충돌,안전운전불이행,건조,맑음,단일로 - 기타,화물,남,71세,상해없음,화물,남,59세,중상
2020060400100392,2020년 6월 4일 16시,목요일,전라남도 함평군 함평읍,사망사고,1,0,0,0,차대차 - 측면충돌,기타,건조,맑음,교차로 - 교차로안,승용,여,58세,상해없음,이륜,남,67세,사망
2020060400100441,2020년 6월 4일 17시,목요일,전라남도 나주시 송월동,경상사고,0,0,1,0,차대차 - 추돌,안전운전불이행,건조,맑음,교차로 - 교차로부근,승용,남,33세,상해없음,화물,남,45세,경상
2020060400100442,2020년 6월 4일 17시,목요일,전라남도 광양시 중동,경상사고,0,0,1,0,차대차 - 추돌,안전거리미확보,건조,맑음,교차로 - 교차로부근,승합,남,74세,상해없음,승용,여,52세,경상
2020060400100488,2020년 6월 4일 18시,목요일,전라남도 여수시 선원동,경상사고,0,0,1,0,차대차 - 측면충돌,교차로운행방법위반,건조,맑음,교차로 - 교차로안,이륜,남,51세,경상,승용,남,25세,상해없음
2020060400100489,2020년 6월 4일 18시,목요일,전라남도 여수시 남산동,중상사고,0,1,0,0,차대차 - 측면충돌,차로위반,건조,맑음,단일로 - 기타,승합,남,49세,상해없음,이륜,남,47세,중상
2020060400100490,2020년 6월 4일 18시,목요일,전라남도 장흥군 용산면,경상사고,0,0,3,0,차대차 - 측면충돌,교차로운행방법위반,건조,맑음,교차로 - 교차로안,승용,남,66세,경상,화물,남,38세,경상
2020060400100491,2020년 6월 4일 18시,목요일,전라남도 강진군 강진읍,경상사고,0,0,1,0,차량단독 - 전도전복 - 전도,안전운전불이행,건조,맑음,단일로 - 기타,원동기,여,64세,경상,,,,
2020060400100532,2020년 6월 4일 19시,목요일,전라남도 고흥군 도화면,경상사고,0,0,1,0,차대차 - 측면충돌,안전운전불이행,건조,맑음,단일로 - 기타,승용,여,68세,경상,화물,남,55세,기타불명
2020060400100564,2020년 6월 4일 20시,목요일,전라남도 순천시 조곡동,중상사고,0,1,0,0,차대차 - 추돌,안전운전불이행,건조,맑음,단일로 - 기타,승용,남,53세,상해없음,이륜,남,38세,중상
2020060400100565,2020년 6월 4일 20시,목요일,전라남도 순천시 연향동,사망사고,1,0,0,0,차대차 - 기타,중앙선침범,건조,맑음,단일로 - 기타,승용,남,64세,상해없음,이륜,남,28세,사망
2020060400100593,2020년 6월 4일 21시,목요일,전라남도 나주시 빛가람동,경상사고,0,0,1,0,차대사람 - 횡단중,안전운전불이행,건조,맑음,단일로 - 기타,승용,여,34세,상해없음,보행자,남,5세,경상
2020060400100627,2020년 6월 4일 22시,목요일,전라남도 목포시 옥암동,경상사고,0,0,2,0,차대차 - 기타,중앙선침범,건조,맑음,단일로 - 기타,승용,여,44세,경상,승용,여,39세,경상
2020060500100045,2020년 6월 5일 04시,금요일,전라남도 담양군 담양읍,경상사고,0,0,1,1,차대차 - 추돌,안전운전불이행,건조,흐림,기타 - 기타,승용,남,59세,부상신고,농기계,남,72세,경상
2020060500100054,2020년 6월 5일 05시,금요일,전라남도 목포시 옥암동,중상사고,0,1,0,0,차대차 - 측면충돌,신호위반,건조,맑음,교차로 - 교차로안,화물,남,54세,기타불명,승용,여,74세,중상
2020060500100062,2020년 6월 5일 06시,금요일,전라남도 여수시 중흥동,경상사고,0,0,2,0,차대차 - 측면충돌,신호위반,건조,맑음,교차로 - 교차로안,승용,여,52세,경상,승용,남,50세,경상
2020060500100088,2020년 6월 5일 07시,금요일,전라남도 여수시 중흥동,경상사고,0,0,1,0,차대차 - 기타,과속,건조,맑음,교차로 - 교차로안,승용,남,40세,상해없음,승용,남,38세,경상
2020060500100118,2020년 6월 5일 08시,금요일,전라남도 목포시 상동,경상사고,0,0,2,0,차대차 - 측면충돌,신호위반,건조,맑음,교차로 - 교차로안,승용,남,69세,상해없음,승용,여,49세,경상
2020060500100119,2020년 6월 5일 08시,금요일,전라남도 목포시 해안동3가,경상사고,0,0,1,0,차대차 - 기타,안전운전불이행,건조,맑음,교차로 - 교차로안,승용,남,61세,상해없음,자전거,남,72세,경상
2020060500100120,2020년 6월 5일 08시,금요일,전라남도 여수시 신기동,경상사고,0,0,1,0,차대차 - 측면충돌,차로위반,건조,맑음,교차로 - 교차로부근,승용,여,57세,상해없음,승용,여,54세,경상
2020060500100121,2020년 6월 5일 08시,금요일,전라남도 보성군 회천면,부상신고사고,0,0,0,1,차대차 - 측면충돌,직진우회전진행방해,건조,맑음,교차로 - 교차로부근,승합,여,39세,상해없음,원동기,남,84세,부상신고
2020060500100122,2020년 6월 5일 08시,금요일,전라남도 광양시 광양읍,경상사고,0,0,1,0,차대차 - 측면충돌,교차로운행방법위반,건조,맑음,교차로 - 교차로안,승용,여,33세,경상,승용,남,70세,상해없음
2020060500100176,2020년 6월 5일 10시,금요일,전라남도 장흥군 관산읍,경상사고,0,0,1,0,차대차 - 측면충돌,안전운전불이행,건조,맑음,교차로 - 교차로부근,이륜,여,74세,경상,승용,남,60세,상해없음
2020060500100177,2020년 6월 5일 10시,금요일,전라남도 장흥군 부산면,중상사고,0,1,0,0,차대차 - 추돌,안전거리미확보,건조,맑음,교차로 - 교차로부근,화물,남,35세,상해없음,화물,남,57세,중상
2020060500100216,2020년 6월 5일 11시,금요일,전라남도 목포시 산정동,경상사고,0,0,1,0,차대사람 - 기타,안전운전불이행,건조,맑음,단일로 - 기타,승용,남,65세,상해없음,보행자,남,23세,경상
2020060500100217,2020년 6월 5일 11시,금요일,전라남도 장성군 남면,경상사고,0,0,1,0,차대차 - 기타,안전운전불이행,건조,맑음,단일로 - 기타,승용,남,43세,상해없음,승용,남,39세,경상
2020060500100218,2020년 6월 5일 11시,금요일,전라남도 무안군 삼향읍,경상사고,0,0,1,0,차대차 - 측면충돌,안전운전불이행,건조,맑음,교차로 - 교차로부근,승용,여,60세,상해없음,승용,남,23세,경상
2020060500100291,2020년 6월 5일 13시,금요일,전라남도 순천시 해룡면,중상사고,0,5,1,0,차대차 - 정면충돌,신호위반,건조,맑음,교차로 - 교차로안,승용,여,79세,중상,승용,남,31세,경상
2020060500100337,2020년 6월 5일 14시,금요일,전라남도 장성군 장성읍,중상사고,0,1,0,0,차대차 - 기타,안전운전불이행,건조,맑음,단일로 - 기타,자전거,남,80세,중상,승용,여,56세,상해없음
2020060500100338,2020년 6월 5일 14시,금요일,전라남도 무안군 무안읍,경상사고,0,0,1,0,차대차 - 기타,안전운전불이행,건조,맑음,교차로 - 교차로안,화물,남,62세,상해없음,승용,여,47세,경상
2020060500100434,2020년 6월 5일 16시,금요일,전라남도 순천시 왕지동,중상사고,0,1,0,0,차대차 - 기타,신호위반,건조,맑음,교차로 - 교차로안,승용,남,63세,상해없음,자전거,남,11세,중상
2020060500100436,2020년 6월 5일 16시,금요일,전라남도 곡성군 석곡면,경상사고,0,0,1,0,차량단독 - 공작물충돌,안전운전불이행,건조,맑음,단일로 - 기타,승용,여,54세,경상,,,,
2020060500100476,2020년 6월 5일 17시,금요일,전라남도 해남군 해남읍,중상사고,0,1,0,0,차대차 - 기타,안전거리미확보,건조,맑음,단일로 - 기타,화물,남,73세,상해없음,승용,여,25세,중상
2020060500100477,2020년 6월 5일 17시,금요일,전라남도 화순군 화순읍,중상사고,0,1,0,0,차대차 - 기타,안전운전불이행,건조,맑음,교차로 - 교차로안,승용,남,57세,상해없음,승용,여,52세,중상
2020060500100529,2020년 6월 5일 18시,금요일,전라남도 목포시 산정동,경상사고,0,0,3,0,차대차 - 기타,기타,건조,맑음,교차로 - 교차로안,승용,여,37세,경상,이륜,남,56세,상해없음
2020060500100530,2020년 6월 5일 18시,금요일,전라남도 여수시 관문동,경상사고,0,0,1,0,차대차 - 후진중충돌,안전운전불이행,건조,맑음,교차로 - 교차로안,화물,남,62세,상해없음,승용,남,39세,경상
2020060500100531,2020년 6월 5일 18시,금요일,전라남도 영암군 삼호읍,경상사고,0,0,1,0,차대차 - 기타,중앙선침범,건조,맑음,교차로 - 교차로안,자전거,남,26세,경상,승용,남,39세,상해없음
2020060500100532,2020년 6월 5일 18시,금요일,전라남도 광양시 옥곡면,부상신고사고,0,0,0,1,차대차 - 측면충돌,교차로운행방법위반,건조,맑음,교차로 - 교차로안,승용,남,70세,상해없음,승용,남,38세,부상신고
2020060500100570,2020년 6월 5일 19시,금요일,전라남도 여수시 국동,경상사고,0,0,1,0,차대차 - 후진중충돌,안전운전불이행,건조,맑음,단일로 - 기타,화물,남,68세,상해없음,승용,여,55세,경상
2020060500100613,2020년 6월 5일 20시,금요일,전라남도 강진군 군동면,중상사고,0,1,0,0,차대사람 - 기타,안전운전불이행,건조,맑음,단일로 - 기타,기타불명,남,34세,상해없음,보행자,여,58세,중상
2020060500100614,2020년 6월 5일 20시,금요일,전라남도 광양시 성황동,경상사고,0,0,2,0,차대차 - 추돌,안전운전불이행,건조,맑음,교차로 - 교차로부근,화물,남,45세,상해없음,화물,남,51세,상해없음
2020060500100663,2020년 6월 5일 21시,금요일,전라남도 완도군 신지면,경상사고,0,0,1,0,차대차 - 측면충돌,안전운전불이행,건조,맑음,단일로 - 기타,승용,남,61세,상해없음,승용,여,19세,경상
2020060500100685,2020년 6월 5일 22시,금요일,전라남도 목포시 상동,경상사고,0,0,1,0,차대차 - 기타,안전운전불이행,건조,맑음,교차로 - 교차로부근,승용,남,19세,상해없음,승용,남,23세,경상
2020060500100686,2020년 6월 5일 22시,금요일,전라남도 목포시 옥암동,경상사고,0,0,2,0,차대차 - 기타,안전운전불이행,건조,맑음,단일로 - 기타,승용,남,28세,상해없음,승용,남,23세,경상
2020060500100719,2020년 6월 5일 23시,금요일,전라남도 목포시 옥암동,경상사고,0,0,3,0,차대차 - 기타,교차로운행방법위반,건조,맑음,교차로 - 교차로횡단보도내,승용,남,62세,경상,승용,남,45세,경상
2020060600100012,2020년 6월 6일 00시,토요일,전라남도 광양시 마동,부상신고사고,0,0,0,1,차대차 - 정면충돌,안전운전불이행,건조,맑음,교차로 - 교차로안,승용,여,44세,상해없음,승용,여,34세,부상신고
2020060600100026,2020년 6월 6일 01시,토요일,전라남도 목포시 상동,중상사고,0,1,1,0,차대사람 - 횡단중,보행자보호의무위반,건조,맑음,단일로 - 기타,승용,남,28세,상해없음,보행자,여,47세,중상
2020060600100043,2020년 6월 6일 02시,토요일,전라남도 해남군 계곡면,경상사고,0,0,1,0,차대차 - 기타,안전운전불이행,건조,맑음,단일로 - 교량,승용,남,39세,경상,승용,남,44세,상해없음
2020060600100058,2020년 6월 6일 03시,토요일,전라남도 여수시 화양면,경상사고,0,0,1,0,차량단독 - 공작물충돌,안전운전불이행,건조,맑음,단일로 - 기타,승용,남,20세,상해없음,,,,
2020060600100093,2020년 6월 6일 07시,토요일,전라남도 영암군 영암읍,중상사고,0,1,0,0,차대사람 - 기타,안전운전불이행,건조,맑음,단일로 - 기타,승용,남,37세,상해없음,보행자,여,82세,중상
2020060600100126,2020년 6월 6일 09시,토요일,전라남도 강진군 군동면,경상사고,0,0,3,0,차대차 - 정면충돌,안전운전불이행,건조,맑음,단일로 - 기타,화물,남,55세,경상,화물,남,38세,상해없음
2020060600100187,2020년 6월 6일 11시,토요일,전라남도 신안군 도초면,경상사고,0,0,2,0,차대차 - 측면충돌,기타,건조,맑음,교차로 - 교차로안,화물,남,79세,상해없음,승용,남,47세,경상
2020060600100188,2020년 6월 6일 11시,토요일,전라남도 여수시 서교동,중상사고,0,1,2,1,차대사람 - 기타,안전운전불이행,건조,맑음,단일로 - 기타,승용,남,64세,상해없음,보행자,남,62세,중상
2020060600100189,2020년 6월 6일 11시,토요일,전라남도 순천시 해룡면,경상사고,0,0,1,0,차대차 - 기타,안전운전불이행,건조,맑음,단일로 - 기타,승용,남,22세,상해없음,승용,남,54세,경상
2020060600100190,2020년 6월 6일 11시,토요일,전라남도 나주시 산포면,경상사고,0,0,4,0,차대차 - 추돌,안전거리미확보,건조,맑음,단일로 - 기타,승용,남,26세,상해없음,승용,남,63세,경상
2020060600100191,2020년 6월 6일 11시,토요일,전라남도 나주시 다시면,중상사고,0,2,0,0,차량단독 - 공작물충돌,안전운전불이행,건조,맑음,단일로 - 기타,승용,여,69세,중상,,,,
2020060600100192,2020년 6월 6일 11시,토요일,전라남도 영암군 학산면,중상사고,0,1,0,0,차량단독 - 기타,안전운전불이행,건조,맑음,단일로 - 기타,이륜,남,16세,중상,,,,
2020060600100193,2020년 6월 6일 11시,토요일,전라남도 장성군 장성읍,경상사고,0,0,1,0,차대차 - 측면충돌,안전운전불이행,건조,맑음,단일로 - 기타,자전거,여,71세,경상,승용,남,45세,상해없음
2020060600100224,2020년 6월 6일 12시,토요일,전라남도 신안군 암태면,경상사고,0,0,3,0,차대차 - 측면충돌,중앙선침범,건조,맑음,단일로 - 기타,승용,남,65세,상해없음,승용,여,31세,경상
2020060600100225,2020년 6월 6일 12시,토요일,전라남도 여수시 학동,경상사고,0,0,1,0,차대차 - 측면충돌,안전운전불이행,건조,맑음,단일로 - 기타,승용,남,59세,기타불명,승용,여,33세,경상
2020060600100263,2020년 6월 6일 13시,토요일,전라남도 목포시 옥암동,경상사고,0,0,2,0,차대차 - 측면충돌,교차로운행방법위반,건조,맑음,교차로 - 교차로안,승용,남,72세,기타불명,승용,남,26세,상해없음
2020060600100307,2020년 6월 6일 14시,토요일,전라남도 여수시 신기동,경상사고,0,0,3,0,차대차 - 추돌,신호위반,건조,맑음,단일로 - 터널,승용,남,41세,상해없음,승용,남,30세,경상
2020060600100308,2020년 6월 6일 14시,토요일,전라남도 완도군 군외면,중상사고,0,1,0,0,차대차 - 측면충돌,직진우회전진행방해,건조,맑음,교차로 - 교차로안,승용,남,73세,상해없음,이륜,남,14세,중상
2020060600100385,2020년 6월 6일 16시,토요일,전라남도 순천시 해룡면,경상사고,0,0,2,0,차대차 - 측면충돌,안전운전불이행,건조,맑음,교차로 - 교차로안,승용,남,39세,상해없음,이륜,남,51세,경상
2020060600100386,2020년 6월 6일 16시,토요일,전라남도 순천시 상사면,중상사고,0,1,1,0,차대차 - 기타,안전운전불이행,건조,맑음,교차로 - 교차로부근,승용,남,65세,경상,승용,남,42세,상해없음
2020060600100427,2020년 6월 6일 17시,토요일,전라남도 여수시 봉산동,중상사고,0,1,0,0,차대사람 - 횡단중,안전운전불이행,건조,맑음,교차로 - 교차로안,승용,여,63세,상해없음,보행자,남,57세,중상
2020060600100428,2020년 6월 6일 17시,토요일,전라남도 순천시 황전면,경상사고,0,0,1,0,차대차 - 기타,불법유턴,젖음/습기,비,교차로 - 교차로안,화물,남,75세,상해없음,이륜,남,45세,경상
2020060600100468,2020년 6월 6일 18시,토요일,전라남도 목포시 죽교동,경상사고,0,0,7,0,차대차 - 추돌,안전운전불이행,건조,맑음,교차로 - 교차로부근,화물,남,63세,상해없음,승용,남,50세,경상
2020060600100469,2020년 6월 6일 18시,토요일,전라남도 강진군 군동면,사망사고,1,0,0,0,차량단독 - 도로외이탈 - 기타,안전운전불이행,건조,맑음,단일로 - 기타,농기계,남,73세,사망,,,,
2020060600100493,2020년 6월 6일 19시,토요일,전라남도 여수시 미평동,경상사고,0,0,1,0,차대차 - 측면충돌,교차로운행방법위반,젖음/습기,비,교차로 - 교차로안,승용,남,39세,상해없음,이륜,남,22세,경상
2020060600100494,2020년 6월 6일 19시,토요일,전라남도 순천시 가곡동,경상사고,0,0,1,0,차대차 - 측면충돌,안전운전불이행,젖음/습기,흐림,교차로 - 교차로안,자전거,남,18세,경상,승용,남,27세,상해없음
2020060600100495,2020년 6월 6일 19시,토요일,전라남도 장흥군 장흥읍,경상사고,0,0,3,0,차대차 - 측면충돌,교차로운행방법위반,건조,맑음,교차로 - 교차로안,승용,남,34세,경상,승용,여,41세,경상
2020060600100529,2020년 6월 6일 20시,토요일,전라남도 여수시 학동,경상사고,0,0,2,0,차대차 - 후진중충돌,안전운전불이행,건조,맑음,단일로 - 기타,승용,남,26세,상해없음,승용,남,58세,경상
2020060600100530,2020년 6월 6일 20시,토요일,전라남도 강진군 강진읍,경상사고,0,0,3,0,차대차 - 정면충돌,신호위반,건조,맑음,교차로 - 교차로안,승용,남,59세,경상,승용,여,44세,경상
2020060600100531,2020년 6월 6일 20시,토요일,전라남도 광양시 중동,부상신고사고,0,0,0,1,차량단독 - 기타,안전운전불이행,젖음/습기,비,교차로 - 교차로부근,이륜,남,40세,부상신고,,,,
2020060600100555,2020년 6월 6일 21시,토요일,전라남도 여수시 신기동,경상사고,0,0,1,0,차대차 - 추돌,신호위반,젖음/습기,비,단일로 - 기타,승용,여,58세,상해없음,승용,남,62세,상해없음
2020060600100556,2020년 6월 6일 21시,토요일,전라남도 담양군 담양읍,경상사고,0,0,1,0,차량단독 - 공작물충돌,안전운전불이행,건조,맑음,단일로 - 기타,원동기,남,45세,경상,,,,
2020060600100596,2020년 6월 6일 23시,토요일,전라남도 여수시 소라면,중상사고,0,1,1,0,차대차 - 추돌,안전운전불이행,젖음/습기,흐림,교차로 - 교차로안,승용,남,37세,상해없음,승용,남,18세,중상
2020060600100597,2020년 6월 6일 23시,토요일,전라남도 고흥군 도양읍,중상사고,0,1,0,0,차대차 - 추돌,안전운전불이행,건조,맑음,단일로 - 기타,승용,남,42세,상해없음,사륜오토바이(ATV),남,61세,중상
2020060700100026,2020년 6월 7일 01시,일요일,전라남도 강진군 강진읍,경상사고,0,0,1,0,차대차 - 측면충돌,직진우회전진행방해,건조,맑음,교차로 - 교차로안,승용,남,21세,경상,승용,여,50세,상해없음
2020060700100041,2020년 6월 7일 02시,일요일,전라남도 나주시 산정동,중상사고,0,2,0,0,차량단독 - 공작물충돌,안전운전불이행,건조,맑음,교차로 - 교차로안,이륜,남,28세,중상,,,,
2020060700100084,2020년 6월 7일 07시,일요일,전라남도 순천시 서면,경상사고,0,0,1,0,차대차 - 측면충돌,신호위반,건조,맑음,교차로 - 교차로안,승용,여,56세,상해없음,승용,남,52세,경상
2020060700100085,2020년 6월 7일 07시,일요일,전라남도 나주시 남평읍,중상사고,0,1,0,0,차대사람 - 기타,안전운전불이행,건조,맑음,단일로 - 기타,승용,여,72세,상해없음,보행자,남,80세,중상
2020060700100086,2020년 6월 7일 07시,일요일,전라남도 보성군 득량면,중상사고,0,1,0,0,차량단독 - 전도전복 - 전도,안전운전불이행,건조,맑음,단일로 - 기타,사륜오토바이(ATV),여,85세,중상,,,,
2020060700100098,2020년 6월 7일 08시,일요일,전라남도 강진군 도암면,경상사고,0,0,1,0,차대차 - 정면충돌,안전운전불이행,건조,맑음,단일로 - 기타,이륜,남,84세,경상,승용,남,26세,상해없음
2020060700100221,2020년 6월 7일 13시,일요일,전라남도 해남군 송지면,경상사고,0,0,2,0,차대차 - 후진중충돌,안전운전불이행,기타,기타,기타 - 기타,화물,남,57세,기타불명,승용,남,34세,경상
2020060700100222,2020년 6월 7일 13시,일요일,전라남도 영암군 삼호읍,경상사고,0,0,3,0,차대차 - 추돌,안전운전불이행,건조,맑음,단일로 - 기타,승용,남,64세,상해없음,승용,남,47세,경상
2020060700100263,2020년 6월 7일 14시,일요일,전라남도 여수시 여서동,경상사고,0,0,1,0,차대차 - 측면충돌,교차로운행방법위반,건조,맑음,교차로 - 교차로안,승용,남,49세,상해없음,승용,남,56세,경상
2020060700100264,2020년 6월 7일 14시,일요일,전라남도 화순군 도곡면,중상사고,0,1,3,0,차대차 - 측면충돌,교차로운행방법위반,건조,맑음,교차로 - 교차로안,승용,여,26세,경상,승용,남,60세,경상
2020060700100296,2020년 6월 7일 15시,일요일,전라남도 순천시 별량면,경상사고,0,0,1,0,차대차 - 기타,안전거리미확보,건조,맑음,단일로 - 기타,화물,남,53세,상해없음,화물,남,27세,경상
2020060700100328,2020년 6월 7일 16시,일요일,전라남도 여수시 돌산읍,경상사고,0,0,4,0,차대차 - 정면충돌,중앙선침범,건조,맑음,기타 - 기타,승용,남,44세,경상,승용,남,32세,경상
2020060700100329,2020년 6월 7일 16시,일요일,전라남도 순천시 연향동,경상사고,0,0,2,0,차대차 - 기타,교차로운행방법위반,건조,맑음,교차로 - 교차로안,승용,여,60세,상해없음,승용,여,25세,경상
2020060700100330,2020년 6월 7일 16시,일요일,전라남도 고흥군 동일면,경상사고,0,0,1,0,차대차 - 추돌,안전운전불이행,건조,맑음,단일로 - 기타,승용,남,68세,경상,화물,남,60세,상해없음
2020060700100331,2020년 6월 7일 16시,일요일,전라남도 무안군 무안읍,경상사고,0,0,1,0,차대차 - 추돌,안전운전불이행,건조,맑음,주차장 - 주차장,화물,남,61세,상해없음,승용,여,47세,경상
2020060700100369,2020년 6월 7일 17시,일요일,전라남도 목포시 산정동,중상사고,0,1,0,0,차대사람 - 횡단중,안전운전불이행,건조,맑음,교차로 - 교차로횡단보도내,승용,남,52세,상해없음,보행자,여,24세,중상
2020060700100407,2020년 6월 7일 18시,일요일,전라남도 순천시 서면,부상신고사고,0,0,0,1,차량단독 - 공작물충돌,안전운전불이행,건조,맑음,단일로 - 기타,승용,남,54세,부상신고,,,,
2020060700100408,2020년 6월 7일 18시,일요일,전라남도 나주시 빛가람동,경상사고,0,0,1,0,차대차 - 기타,차로위반,건조,맑음,교차로 - 교차로안,승용,남,38세,상해없음,이륜,남,21세,경상
2020060700100409,2020년 6월 7일 18시,일요일,전라남도 장성군 장성읍,부상신고사고,0,0,0,1,차대차 - 기타,안전운전불이행,건조,맑음,교차로 - 교차로부근,자전거,남,17세,부상신고,승용,여,59세,상해없음
2020060700100464,2020년 6월 7일 20시,일요일,전라남도 영암군 미암면,경상사고,0,0,4,0,차대차 - 추돌,안전운전불이행,건조,맑음,기타 - 기타,승용,남,29세,상해없음,화물,여,70세,경상