사고번호,사고일시,요일,시군구,사고내용,사망자수,중상자수,경상자수,부상신고자수,사고유형,법규위반,노면상태,기상상태,도로형태,가해운전자 차종,가해운전자 성별,가해운전자 연령,가해운전자 상해정도,피해운전자 차종,피해운전자 성별,피해운전자 연령,피해운전자 상해정도
2020061100100220,2020년 6월 11일 11시,목요일,전라남도 순천시 왕지동,경상사고,0,0,1,0,차대차 - 정면충돌,중앙선침범,건조,맑음,단일로 - 기타,이륜,남,29세,경상,화물,남,71세,상해없음
2020061100100221,2020년 6월 11일 11시,목요일,전라남도 보성군 웅치면,사망사고,1,0,0,0,차대사람 - 기타,기타,건조,맑음,단일로 - 기타,화물,남,39세,상해없음,보행자,남,93세,사망
2020061100100254,2020년 6월 11일 12시,목요일,전라남도 목포시 상동,경상사고,0,0,3,0,차대차 - 측면충돌,신호위반,건조,맑음,교차로 - 교차로안,승용,여,46세,상해없음,승용,남,63세,경상
2020061100100255,2020년 6월 11일 12시,목요일,전라남도 여수시 문수동,중상사고,0,1,0,0,차대차 - 측면충돌,안전운전불이행,건조,맑음,교차로 - 교차로안,승합,여,40세,상해없음,이륜,남,38세,중상
2020061100100256,2020년 6월 11일 12시,목요일,전라남도 여수시 돌산읍,중상사고,0,1,1,0,차대차 - 기타,중앙선침범,건조,맑음,단일로 - 기타,승용,남,49세,경상,화물,남,57세,중상
2020061100100257,2020년 6월 11일 12시,목요일,전라남도 고흥군 포두면,중상사고,0,1,1,0,차량단독 - 기타,안전운전불이행,건조,맑음,단일로 - 기타,승용,남,72세,경상,,,,
2020061100100258,2020년 6월 11일 12시,목요일,전라남도 영암군 영암읍,중상사고,0,2,3,0,차대차 - 측면충돌,안전운전불이행,건조,기타,교차로 - 교차로안,화물,남,29세,상해없음,승용,여,56세,경상
2020061100100295,2020년 6월 11일 13시,목요일,전라남도 여수시 여서동,경상사고,0,0,2,0,차대차 - 측면충돌,교차로운행방법위반,건조,맑음,교차로 - 교차로안,승용,남,32세,상해없음,승용,남,63세,경상
2020061100100296,2020년 6월 11일 13시,목요일,전라남도 순천시 조례동,중상사고,0,1,1,0,차대차 - 기타,안전거리미확보,건조,맑음,교차로 - 교차로안,이륜,여,36세,경상,이륜,남,42세,중상
2020061100100297,2020년 6월 11일 13시,목요일,전라남도 화순군 이서면,경상사고,0,0,2,0,차대차 - 측면충돌,중앙선침범,건조,맑음,단일로 - 기타,화물,남,23세,경상,화물,남,69세,경상
2020061100100334,2020년 6월 11일 14시,목요일,전라남도 해남군 해남읍,중상사고,0,1,0,0,차대차 - 측면충돌,안전운전불이행,건조,맑음,교차로 - 교차로안,이륜,남,78세,중상,승용,남,26세,상해없음
2020061100100369,2020년 6월 11일 15시,목요일,전라남도 목포시 용해동,경상사고,0,0,1,0,차대차 - 추돌,안전운전불이행,건조,맑음,기타 - 기타,승용,남,57세,상해없음,승용,남,36세,경상
2020061100100370,2020년 6월 11일 15시,목요일,전라남도 해남군 해남읍,중상사고,0,1,0,0,차대사람 - 기타,안전운전불이행,건조,맑음,기타 - 기타,승용,여,42세,상해없음,보행자,남,12세,중상
2020061100100453,2020년 6월 11일 17시,목요일,전라남도 순천시 별량면,경상사고,0,0,2,0,차대차 - 기타,차로위반,건조,맑음,단일로 - 기타,승용,남,40세,상해없음,승용,여,24세,경상
2020061100100454,2020년 6월 11일 17시,목요일,전라남도 화순군 화순읍,중상사고,0,1,2,0,차대차 - 측면충돌,안전운전불이행,건조,맑음,교차로 - 교차로안,승용,남,62세,경상,승용,여,31세,경상
2020061100100500,2020년 6월 11일 18시,목요일,전라남도 순천시 인월동,경상사고,0,0,2,0,차대차 - 추돌,안전거리미확보,건조,맑음,단일로 - 기타,승용,남,59세,상해없음,승용,남,49세,경상
2020061100100501,2020년 6월 11일 18시,목요일,전라남도 나주시 빛가람동,경상사고,0,0,1,1,차대차 - 측면충돌,신호위반,건조,맑음,교차로 - 교차로안,이륜,남,49세,부상신고,자전거,남,14세,경상
2020061100100502,2020년 6월 11일 18시,목요일,전라남도 무안군 삼향읍,경상사고,0,0,1,0,차대차 - 기타,안전운전불이행,건조,맑음,교차로 - 교차로부근,승용,남,67세,상해없음,승용,여,49세,경상
2020061100100560,2020년 6월 11일 20시,목요일,전라남도 순천시 남정동,경상사고,0,0,1,0,차대차 - 기타,안전운전불이행,젖음/습기,맑음,교차로 - 교차로안,화물,남,59세,상해없음,승용,남,23세,경상
2020061100100561,2020년 6월 11일 20시,목요일,전라남도 진도군 지산면,중상사고,0,1,0,0,차대차 - 추돌,안전운전불이행,건조,맑음,단일로 - 기타,승합,남,72세,중상,농기계,남,72세,기타불명
2020061100100593,2020년 6월 11일 21시,목요일,전라남도 화순군 화순읍,중상사고,0,1,0,0,차대차 - 측면충돌,교차로운행방법위반,건조,맑음,교차로 - 교차로안,이륜,남,67세,중상,승용,남,66세,상해없음
2020061100100594,2020년 6월 11일 21시,목요일,전라남도 광양시 광영동,중상사고,0,2,0,0,차대차 - 측면충돌,교차로운행방법위반,건조,맑음,교차로 - 교차로안,승용,여,29세,중상,승용,남,57세,중상
2020061200100024,2020년 6월 12일 02시,금요일,전라남도 여수시 만흥동,사망사고,1,0,0,0,차대차 - 추돌,안전운전불이행,젖음/습기,안개,단일로 - 기타,승용,남,46세,상해없음,자전거,남,40세,사망
2020061200100041,2020년 6월 12일 05시,금요일,전라남도 신안군 압해읍,중상사고,0,2,1,0,차대차 - 측면충돌,중앙선침범,건조,맑음,단일로 - 기타,화물,여,64세,중상,화물,남,48세,경상
2020061200100056,2020년 6월 12일 06시,금요일,전라남도 진도군 진도읍,경상사고,0,0,1,0,차대차 - 측면충돌,신호위반,건조,맑음,교차로 - 교차로안,승용,남,73세,상해없음,승합,남,73세,경상
2020061200100107,2020년 6월 12일 08시,금요일,전라남도 목포시 석현동,경상사고,0,0,2,0,차대차 - 측면충돌,안전운전불이행,건조,맑음,교차로 - 교차로부근,승용,남,71세,경상,화물,남,60세,상해없음
2020061200100108,2020년 6월 12일 08시,금요일,전라남도 목포시 용해동,경상사고,0,0,1,0,차대차 - 추돌,안전운전불이행,건조,맑음,교차로 - 교차로부근,승용,여,32세,상해없음,승용,여,63세,경상
2020061200100109,2020년 6월 12일 08시,금요일,전라남도 여수시 남산동,경상사고,0,0,1,0,차대차 - 측면충돌,중앙선침범,건조,맑음,단일로 - 기타,승용,남,68세,상해없음,화물,남,47세,경상
2020061200100145,2020년 6월 12일 09시,금요일,전라남도 신안군 지도읍,중상사고,0,1,0,0,차대사람 - 횡단중,중앙선침범,건조,맑음,교차로 - 교차로부근,승용,남,66세,상해없음,보행자,여,83세,중상
2020061200100146,2020년 6월 12일 09시,금요일,전라남도 함평군 학교면,경상사고,0,0,1,0,차대차 - 추돌,안전거리미확보,건조,맑음,교차로 - 교차로부근,승용,남,52세,상해없음,승용,여,63세,경상
2020061200100147,2020년 6월 12일 09시,금요일,전라남도 강진군 칠량면,사망사고,1,5,0,0,차대차 - 측면충돌,신호위반,건조,흐림,교차로 - 교차로부근,승용,여,54세,중상,승용,여,33세,중상
2020061200100186,2020년 6월 12일 10시,금요일,전라남도 여수시 여서동,경상사고,0,0,2,0,차대차 - 측면충돌,안전운전불이행,건조,맑음,단일로 - 기타,승용,남,62세,상해없음,승용,남,69세,경상
2020061200100187,2020년 6월 12일 10시,금요일,전라남도 해남군 황산면,중상사고,0,1,0,0,차대차 - 추돌,안전운전불이행,건조,맑음,단일로 - 기타,승용,남,66세,상해없음,이륜,남,85세,중상
2020061200100188,2020년 6월 12일 10시,금요일,전라남도 함평군 해보면,경상사고,0,0,2,0,차대차 - 측면충돌,안전운전불이행,건조,맑음,교차로 - 교차로안,화물,남,50세,상해없음,승용,남,77세,경상
2020061200100230,2020년 6월 12일 11시,금요일,전라남도 목포시 용당동,경상사고,0,0,2,0,차대차 - 측면충돌,교차로운행방법위반,건조,맑음,교차로 - 교차로부근,화물,남,56세,상해없음,승용,여,42세,경상
2020061200100231,2020년 6월 12일 11시,금요일,전라남도 목포시 호남동,경상사고,0,0,1,0,차대사람 - 기타,안전운전불이행,건조,맑음,교차로 - 교차로횡단보도내,승용,여,37세,상해없음,보행자,여,41세,경상
2020061200100232,2020년 6월 12일 11시,금요일,전라남도 여수시 학동,경상사고,0,0,1,0,차대차 - 측면충돌,교차로운행방법위반,건조,맑음,교차로 - 교차로안,승합,남,64세,상해없음,승용,남,54세,경상
2020061200100234,2020년 6월 12일 11시,금요일,전라남도 장흥군 장흥읍,경상사고,0,0,1,0,차대차 - 측면충돌,직진우회전진행방해,건조,맑음,교차로 - 교차로안,승용,남,67세,상해없음,승용,여,79세,경상
2020061200100235,2020년 6월 12일 11시,금요일,전라남도 장성군 황룡면,경상사고,0,0,1,0,차대차 - 측면충돌,신호위반,건조,맑음,교차로 - 교차로안,화물,남,67세,상해없음,승용,남,82세,상해없음
2020061200100273,2020년 6월 12일 12시,금요일,전라남도 영광군 영광읍,부상신고사고,0,0,0,1,차대차 - 측면충돌,기타,건조,맑음,교차로 - 교차로안,승용,남,33세,부상신고,승용,여,48세,상해없음
2020061200100340,2020년 6월 12일 14시,금요일,전라남도 나주시 남평읍,경상사고,0,0,3,0,차대차 - 측면충돌,차로위반,건조,맑음,교차로 - 교차로부근,승용,남,63세,경상,건설기계,남,59세,경상
2020061200100375,2020년 6월 12일 15시,금요일,전라남도 목포시 산정동,경상사고,0,0,1,0,차량단독 - 기타,안전운전불이행,건조,맑음,단일로 - 기타,승합,남,54세,상해없음,,,,
2020061200100376,2020년 6월 12일 15시,금요일,전라남도 영암군 삼호읍,경상사고,0,0,4,0,차대차 - 측면충돌,안전운전불이행,적설,맑음,단일로 - 기타,승용,남,68세,경상,승용,여,39세,경상
2020061200100414,2020년 6월 12일 16시,금요일,전라남도 순천시 조례동,경상사고,0,0,3,0,차대차 - 기타,안전운전불이행,건조,맑음,단일로 - 기타,화물,남,68세,상해없음,승용,여,64세,경상
2020061200100415,2020년 6월 12일 16시,금요일,전라남도 광양시 옥곡면,경상사고,0,0,4,0,차대차 - 측면충돌,신호위반,건조,맑음,교차로 - 교차로안,승용,여,53세,상해없음,승합,남,30세,경상
2020061200100465,2020년 6월 12일 17시,금요일,전라남도 목포시 연산동,경상사고,0,0,1,0,차대차 - 측면충돌,차로위반,건조,맑음,교차로 - 교차로부근,승용,남,37세,상해없음,이륜,남,20세,경상
2020061200100466,2020년 6월 12일 17시,금요일,전라남도 여수시 소라면,경상사고,0,0,4,0,차대차 - 기타,신호위반,건조,맑음,교차로 - 교차로안,승용,남,71세,경상,승용,남,20세,경상
2020061200100467,2020년 6월 12일 17시,금요일,전라남도 순천시 해룡면,경상사고,0,0,2,0,차대차 - 기타,안전운전불이행,건조,맑음,단일로 - 기타,승합,남,46세,상해없음,농기계,남,83세,상해없음
2020061200100468,2020년 6월 12일 17시,금요일,전라남도 해남군 해남읍,경상사고,0,0,2,0,차대차 - 측면충돌,기타,건조,맑음,교차로 - 교차로안,승용,여,58세,경상,승용,여,47세,경상
2020061200100469,2020년 6월 12일 17시,금요일,전라남도 해남군 해남읍,중상사고,0,1,0,0,차대사람 - 횡단중,안전운전불이행,건조,맑음,단일로 - 기타,승용,여,42세,상해없음,보행자,여,9세,중상
2020061200100471,2020년 6월 12일 17시,금요일,전라남도 화순군 이양면,중상사고,0,1,0,0,차대차 - 측면충돌,중앙선침범,건조,맑음,단일로 - 기타,승용,남,49세,상해없음,승용,남,42세,중상
2020061200100516,2020년 6월 12일 18시,금요일,전라남도 영암군 삼호읍,중상사고,0,3,1,0,차대차 - 측면충돌,안전운전불이행,건조,맑음,교차로 - 교차로안,승용,남,47세,중상,화물,남,21세,경상
2020061200100613,2020년 6월 12일 20시,금요일,전라남도 순천시 조례동,경상사고,0,0,1,0,차대차 - 측면충돌,신호위반,건조,맑음,교차로 - 교차로부근,승용,남,39세,상해없음,이륜,남,32세,경상
2020061200100614,2020년 6월 12일 20시,금요일,전라남도 나주시 빛가람동,경상사고,0,0,1,0,차대차 - 추돌,안전운전불이행,건조,흐림,교차로 - 교차로부근,승용,남,58세,상해없음,승용,여,22세,경상
2020061200100615,2020년 6월 12일 20시,금요일,전라남도 무안군 청계면,경상사고,0,0,1,0,차대차 - 정면충돌,안전운전불이행,젖음/습기,비,단일로 - 기타,승용,남,57세,상해없음,승용,여,50세,경상
2020061200100645,2020년 6월 12일 21시,금요일,전라남도 장성군 황룡면,경상사고,0,0,6,0,차대차 - 추돌,안전운전불이행,젖음/습기,비,교차로 - 교차로부근,화물,남,39세,경상,승용,남,52세,경상
2020061200100691,2020년 6월 12일 22시,금요일,전라남도 목포시 상동,경상사고,0,0,1,0,차대차 - 추돌,안전운전불이행,젖음/습기,비,단일로 - 기타,승합,남,34세,상해없음,승용,남,47세,경상
2020061200100692,2020년 6월 12일 22시,금요일,전라남도 장흥군 용산면,사망사고,2,1,3,0,차량단독 - 전도전복 - 전복,안전운전불이행,젖음/습기,비,단일로 - 기타,승용,남,19세,경상,,,,
2020061200100693,2020년 6월 12일 22시,금요일,전라남도 강진군 강진읍,중상사고,0,1,2,0,차대차 - 추돌,안전운전불이행,젖음/습기,비,단일로 - 기타,승용,남,60세,경상,건설기계,남,35세,경상
2020061200100735,2020년 6월 12일 23시,금요일,전라남도 여수시 화장동,중상사고,0,1,0,0,차대사람 - 횡단중,안전운전불이행,젖음/습기,비,단일로 - 기타,승용,남,55세,상해없음,보행자,남,59세,중상
2020061200100736,2020년 6월 12일 23시,금요일,전라남도 순천시 해룡면,경상사고,0,0,2,0,차대차 - 추돌,안전운전불이행,젖음/습기,비,단일로 - 기타,승용,남,49세,상해없음,승용,남,31세,경상
2020061200100737,2020년 6월 12일 23시,금요일,전라남도 순천시 조례동,경상사고,0,0,1,0,차대차 - 추돌,안전운전불이행,젖음/습기,비,교차로 - 교차로부근,승용,남,30세,상해없음,승용,남,23세,경상
2020061200100738,2020년 6월 12일 23시,금요일,전라남도 순천시 조례동,경상사고,0,0,2,0,차대사람 - 기타,안전운전불이행,젖음/습기,비,단일로 - 기타,승용,남,27세,상해없음,보행자,여,27세,경상
2020061300100016,2020년 6월 13일 00시,토요일,전라남도 순천시 조례동,경상사고,0,0,2,0,차대차 - 측면충돌,안전운전불이행,젖음/습기,비,교차로 - 교차로안,승용,여,40세,상해없음,승용,남,29세,경상
2020061300100017,2020년 6월 13일 00시,토요일,전라남도 영암군 삼호읍,중상사고,0,1,0,0,차대사람 - 횡단중,안전운전불이행,젖음/습기,비,단일로 - 기타,승용,남,39세,상해없음,보행자,남,35세,중상
2020061300100018,2020년 6월 13일 00시,토요일,전라남도 담양군 담양읍,경상사고,0,0,1,0,차대차 - 기타,중앙선침범,젖음/습기,흐림,단일로 - 기타,기타불명,기타불명,미분류,기타불명,승용,남,27세,경상
2020061300100044,2020년 6월 13일 01시,토요일,전라남도 순천시 조례동,경상사고,0,0,1,0,차대사람 - 기타,안전운전불이행,젖음/습기,비,교차로 - 교차로부근,승용,남,18세,상해없음,보행자,여,27세,경상
2020061300100058,2020년 6월 13일 02시,토요일,전라남도 여수시 신월동,경상사고,0,0,5,0,차대차 - 추돌,안전운전불이행,젖음/습기,비,교차로 - 교차로부근,화물,남,27세,상해없음,승용,남,26세,경상
2020061300100136,2020년 6월 13일 08시,토요일,전라남도 여수시 봉산동,경상사고,0,0,1,0,차대차 - 측면충돌,직진우회전진행방해,건조,맑음,교차로 - 교차로안,승용,남,64세,기타불명,승용,여,59세,경상
2020061300100137,2020년 6월 13일 08시,토요일,전라남도 광양시 마동,중상사고,0,1,1,0,차대차 - 측면충돌,안전운전불이행,젖음/습기,비,교차로 - 교차로안,승용,남,69세,경상,승용,남,51세,중상
2020061300100190,2020년 6월 13일 10시,토요일,전라남도 영암군 영암읍,경상사고,0,0,2,0,차대차 - 측면충돌,안전운전불이행,건조,맑음,교차로 - 교차로안,승용,남,77세,상해없음,승용,남,38세,상해없음
2020061300100221,2020년 6월 13일 11시,토요일,전라남도 여수시 교동,경상사고,0,0,1,0,차대사람 - 차도통행중,안전운전불이행,젖음/습기,흐림,단일로 - 기타,승용,여,27세,상해없음,보행자,남,6세,경상
2020061300100222,2020년 6월 13일 11시,토요일,전라남도 함평군 함평읍,부상신고사고,0,0,0,3,차대차 - 측면충돌,교차로운행방법위반,건조,맑음,교차로 - 교차로안,화물,남,69세,상해없음,승용,여,36세,부상신고
2020061300100262,2020년 6월 13일 12시,토요일,전라남도 순천시 연향동,경상사고,0,0,1,0,차대차 - 측면충돌,직진우회전진행방해,건조,맑음,교차로 - 교차로안,승용,여,67세,상해없음,이륜,남,59세,경상
2020061300100263,2020년 6월 13일 12시,토요일,전라남도 영암군 학산면,경상사고,0,0,1,0,차대차 - 측면충돌,안전운전불이행,젖음/습기,비,교차로 - 교차로부근,승용,여,63세,상해없음,승용,남,69세,경상
2020061300100313,2020년 6월 13일 13시,토요일,전라남도 여수시 신기동,경상사고,0,0,1,0,차대차 - 기타,안전운전불이행,건조,맑음,교차로 - 교차로부근,승용,남,60세,상해없음,이륜,남,50세,경상
2020061300100377,2020년 6월 13일 15시,토요일,전라남도 목포시 옥암동,경상사고,0,0,1,0,차대차 - 기타,신호위반,건조,맑음,교차로 - 교차로안,승용,남,57세,상해없음,원동기,남,17세,경상
2020061300100378,2020년 6월 13일 15시,토요일,전라남도 보성군 득량면,중상사고,0,3,1,0,차대차 - 측면충돌,교차로운행방법위반,건조,맑음,교차로 - 교차로안,승용,남,58세,상해없음,승합,여,61세,중상
2020061300100379,2020년 6월 13일 15시,토요일,전라남도 무안군 삼향읍,경상사고,0,0,3,0,차대차 - 후진중충돌,안전운전불이행,건조,흐림,단일로 - 기타,승용,여,32세,경상,승용,여,35세,경상
2020061300100420,2020년 6월 13일 16시,토요일,전라남도 여수시 학동,경상사고,0,0,1,0,차대차 - 후진중충돌,안전운전불이행,건조,맑음,교차로 - 교차로안,승용,남,65세,상해없음,승용,남,60세,경상
2020061300100461,2020년 6월 13일 17시,토요일,전라남도 목포시 죽교동,경상사고,0,0,3,0,차대차 - 측면충돌,안전거리미확보,건조,맑음,교차로 - 교차로부근,승용,여,57세,경상,승용,남,38세,경상
2020061300100462,2020년 6월 13일 17시,토요일,전라남도 고흥군 고흥읍,경상사고,0,0,1,0,차대차 - 측면충돌,안전거리미확보,젖음/습기,비,단일로 - 기타,화물,남,46세,상해없음,승용,남,18세,경상
2020061300100463,2020년 6월 13일 17시,토요일,전라남도 보성군 조성면,중상사고,0,1,0,0,차대차 - 측면충돌,교차로운행방법위반,젖음/습기,비,교차로 - 교차로부근,이륜,여,64세,중상,화물,남,69세,상해없음
2020061300100464,2020년 6월 13일 17시,토요일,전라남도 진도군 진도읍,경상사고,0,0,1,0,차대차 - 측면충돌,교차로운행방법위반,건조,맑음,교차로 - 교차로안,승용,여,21세,상해없음,승용,남,56세,경상
2020061300100531,2020년 6월 13일 19시,토요일,전라남도 광양시 중동,경상사고,0,0,1,0,차대차 - 기타,직진우회전진행방해,젖음/습기,비,교차로 - 교차로안,승용,남,49세,상해없음,승용,남,27세,상해없음
2020061300100576,2020년 6월 13일 20시,토요일,전라남도 광양시 광양읍,중상사고,0,2,4,1,차대차 - 추돌,안전운전불이행,젖음/습기,비,단일로 - 기타,화물,남,51세,부상신고,화물,남,63세,경상
2020061300100607,2020년 6월 13일 21시,토요일,전라남도 보성군 벌교읍,사망사고,1,0,1,0,차대차 - 추돌,안전거리미확보,젖음/습기,비,교차로 - 교차로부근,화물,남,70세,사망,화물,여,58세,경상
2020061300100608,2020년 6월 13일 21시,토요일,전라남도 화순군 한천면,경상사고,0,0,2,0,차대차 - 기타,안전운전불이행,침수,비,단일로 - 기타,승용,남,38세,경상,승용,남,49세,경상
2020061300100609,2020년 6월 13일 21시,토요일,전라남도 장성군 장성읍,중상사고,0,1,0,0,차대사람 - 차도통행중,안전운전불이행,건조,맑음,교차로 - 교차로안,승용,여,39세,상해없음,보행자,여,89세,중상
2020061300100610,2020년 6월 13일 21시,토요일,전라남도 진도군 진도읍,경상사고,0,0,1,0,차대차 - 측면충돌,교차로운행방법위반,젖음/습기,비,교차로 - 교차로안,승용,남,69세,상해없음,승용,여,43세,경상
2020061300100643,2020년 6월 13일 22시,토요일,전라남도 여수시 소라면,경상사고,0,0,1,0,차대차 - 측면충돌,신호위반,젖음/습기,비,교차로 - 교차로안,화물,남,60세,상해없음,승용,남,31세,경상
2020061400100030,2020년 6월 14일 01시,일요일,전라남도 함평군 학교면,중상사고,0,1,0,0,차량단독 - 공작물충돌,안전운전불이행,젖음/습기,비,단일로 - 교량,승용,여,50세,중상,,,,
2020061400100050,2020년 6월 14일 02시,일요일,전라남도 여수시 문수동,경상사고,0,0,6,0,차대차 - 측면충돌,신호위반,젖음/습기,비,교차로 - 교차로안,승용,남,27세,경상,승용,남,57세,경상
2020061400100063,2020년 6월 14일 03시,일요일,전라남도 광양시 광양읍,중상사고,0,2,1,0,차량단독 - 공작물충돌,안전운전불이행,젖음/습기,비,단일로 - 기타,화물,남,55세,경상,,,,
2020061400100068,2020년 6월 14일 04시,일요일,전라남도 나주시 산포면,경상사고,0,0,2,0,차대차 - 기타,안전운전불이행,젖음/습기,비,단일로 - 기타,승용,남,29세,상해없음,승용,여,41세,경상
2020061400100101,2020년 6월 14일 08시,일요일,전라남도 순천시 연향동,경상사고,0,0,2,0,차대차 - 기타,직진우회전진행방해,젖음/습기,비,교차로 - 교차로안,승용,여,45세,경상,승합,남,60세,경상
2020061400100102,2020년 6월 14일 08시,일요일,전라남도 광양시 광양읍,경상사고,0,0,3,0,차대차 - 측면충돌,직진우회전진행방해,젖음/습기,비,교차로 - 교차로안,승용,남,65세,경상,승용,여,49세,경상
2020061400100115,2020년 6월 14일 09시,일요일,전라남도 강진군 성전면,경상사고,0,0,1,0,차량단독 - 공작물충돌,안전운전불이행,젖음/습기,비,단일로 - 기타,승용,남,22세,경상,,,,
2020061400100155,2020년 6월 14일 11시,일요일,전라남도 강진군 마량면,중상사고,0,1,1,0,차대차 - 정면충돌,중앙선침범,젖음/습기,비,단일로 - 기타,승용,남,52세,경상,승용,남,65세,중상
2020061400100244,2020년 6월 14일 14시,일요일,전라남도 목포시 옥암동,경상사고,0,0,1,0,차대사람 - 보도통행중,신호위반,건조,맑음,교차로 - 교차로횡단보도내,승용,남,60세,상해없음,보행자,남,13세,경상
2020061400100245,2020년 6월 14일 14시,일요일,전라남도 완도군 고금면,경상사고,0,0,1,0,차대차 - 기타,안전운전불이행,젖음/습기,비,단일로 - 기타,승용,남,31세,상해없음,화물,남,48세,상해없음
2020061400100288,2020년 6월 14일 15시,일요일,전라남도 여수시 화장동,중상사고,0,1,0,0,차대차 - 측면충돌,안전운전불이행,건조,흐림,단일로 - 기타,자전거,남,71세,상해없음,자전거,남,19세,중상
2020061400100289,2020년 6월 14일 15시,일요일,전라남도 여수시 신기동,경상사고,0,0,1,0,차대차 - 측면충돌,안전운전불이행,건조,맑음,교차로 - 교차로안,승용,남,22세,상해없음,승합,남,47세,상해없음
2020061400100290,2020년 6월 14일 15시,일요일,전라남도 영암군 덕진면,경상사고,0,0,3,0,차대차 - 추돌,안전운전불이행,건조,맑음,교차로 - 교차로부근,승용,남,25세,상해없음,승용,남,40세,경상
2020061400100320,2020년 6월 14일 16시,일요일,전라남도 고흥군 도양읍,중상사고,0,1,0,0,차대차 - 기타,안전운전불이행,건조,맑음,단일로 - 기타,승용,남,51세,상해없음,이륜,여,75세,중상
2020061400100346,2020년 6월 14일 17시,일요일,전라남도 목포시 옥암동,경상사고,0,0,1,0,차대차 - 측면충돌,기타,건조,맑음,교차로 - 교차로부근,승용,남,67세,상해없음,승합,남,40세,경상
2020061400100347,2020년 6월 14일 17시,일요일,전라남도 함평군 나산면,경상사고,0,0,2,0,차대차 - 정면충돌,안전운전불이행,건조,맑음,기타 - 기타,승용,여,64세,경상,승용,남,56세,경상
2020061400100372,2020년 6월 14일 18시,일요일,전라남도 목포시 용해동,중상사고,0,1,0,0,차대사람 - 횡단중,보행자보호의무위반,건조,맑음,교차로 - 교차로부근,승용,여,21세,상해없음,보행자,남,9세,중상
2020061400100373,2020년 6월 14일 18시,일요일,전라남도 여수시 국동,경상사고,0,0,2,0,차대차 - 측면충돌,교차로운행방법위반,건조,맑음,교차로 - 교차로안,승용,남,47세,경상,승용,남,37세,경상
2020061400100445,2020년 6월 14일 20시,일요일,전라남도 여수시 안산동,경상사고,0,0,2,0,차대차 - 측면충돌,신호위반,건조,맑음,교차로 - 교차로안,이륜,남,27세,경상,승용,남,30세,경상
2020061400100446,2020년 6월 14일 20시,일요일,전라남도 곡성군 오곡면,경상사고,0,0,3,0,차대차 - 정면충돌,교차로운행방법위반,건조,맑음,교차로 - 교차로안,승용,여,48세,상해없음,승용,남,38세,경상
2020061400100497,2020년 6월 14일 22시,일요일,전라남도 순천시 조례동,경상사고,0,0,1,0,차대차 - 측면충돌,신호위반,건조,맑음,교차로 - 교차로안,승용,여,46세,상해없음,승용,남,43세,경상
2020061500100008,2020년 6월 15일 00시,월요일,전라남도 완도군 완도읍,부상신고사고,0,0,0,1,차대사람 - 기타,안전운전불이행,건조,맑음,단일로 - 기타,승용,남,53세,상해없음,보행자,남,26세,부상신고
2020061500100039,2020년 6월 15일 05시,월요일,전라남도 여수시 선원동,중상사고,0,1,0,0,차대차 - 측면충돌,안전운전불이행,건조,맑음,교차로 - 교차로부근,승용,남,48세,상해없음,자전거,남,58세,중상
2020061500100073,2020년 6월 15일 07시,월요일,전라남도 나주시 이창동,경상사고,0,0,1,0,차대차 - 측면충돌,직진우회전진행방해,건조,맑음,교차로 - 교차로안,승용,여,56세,상해없음,승용,여,67세,경상
2020061500100107,2020년 6월 15일 08시,월요일,전라남도 신안군 암태면,중상사고,0,1,0,0,차대사람 - 횡단중,안전운전불이행,건조,맑음,단일로 - 기타,승용,여,54세,상해없음,보행자,여,76세,중상
2020061500100108,2020년 6월 15일 08시,월요일,전라남도 여수시 여서동,중상사고,0,1,0,0,차대사람 - 횡단중,보행자보호의무위반,건조,맑음,단일로 - 기타,승용,남,31세,상해없음,보행자,여,77세,중상
2020061500100158,2020년 6월 15일 09시,월요일,전라남도 순천시 남정동,중상사고,0,1,0,0,차대차 - 측면충돌,안전운전불이행,건조,맑음,교차로 - 교차로안,승용,남,80세,상해없음,자전거,여,31세,중상
2020061500100159,2020년 6월 15일 09시,월요일,전라남도 담양군 봉산면,경상사고,0,0,3,0,차대차 - 기타,직진우회전진행방해,건조,맑음,교차로 - 교차로안,승용,여,23세,상해없음,승용,남,54세,경상
2020061500100197,2020년 6월 15일 10시,월요일,전라남도 여수시 광무동,경상사고,0,0,1,0,차대사람 - 기타,안전운전불이행,건조,맑음,기타 - 기타,승합,남,38세,상해없음,보행자,남,43세,경상
2020061500100198,2020년 6월 15일 10시,월요일,전라남도 고흥군 과역면,경상사고,0,0,1,0,차대차 - 측면충돌,안전거리미확보,건조,맑음,단일로 - 기타,이륜,남,59세,경상,화물,남,58세,상해없음
2020061500100199,2020년 6월 15일 10시,월요일,전라남도 담양군 무정면,경상사고,0,0,1,0,차량단독 - 공작물충돌,안전운전불이행,건조,맑음,단일로 - 기타,이륜,남,74세,경상,,,,
2020061500100233,2020년 6월 15일 11시,월요일,전라남도 목포시 상동,경상사고,0,0,2,0,차대차 - 측면충돌,직진우회전진행방해,건조,맑음,교차로 - 교차로안,승용,남,34세,경상,승용,남,58세,경상
2020061500100234,2020년 6월 15일 11시,월요일,전라남도 목포시 상동,경상사고,0,0,1,0,차대사람 - 기타,안전운전불이행,건조,맑음,교차로 - 교차로부근,이륜,남,54세,상해없음,보행자,여,47세,경상