사고번호,사고일시,요일,시군구,사고내용,사망자수,중상자수,경상자수,부상신고자수,사고유형,법규위반,노면상태,기상상태,도로형태,가해운전자 차종,가해운전자 성별,가해운전자 연령,가해운전자 상해정도,피해운전자 차종,피해운전자 성별,피해운전자 연령,피해운전자 상해정도
2020061900100400,2020년 6월 19일 15시,금요일,전라남도 여수시 미평동,경상사고,0,0,2,0,차대차 - 추돌,안전운전불이행,건조,맑음,단일로 - 기타,승용,남,28세,상해없음,승용,여,52세,경상
2020061900100439,2020년 6월 19일 16시,금요일,전라남도 목포시 대성동,경상사고,0,0,1,0,차대사람 - 기타,안전운전불이행,건조,맑음,단일로 - 기타,승용,남,64세,상해없음,보행자,여,14세,경상
2020061900100440,2020년 6월 19일 16시,금요일,전라남도 보성군 벌교읍,중상사고,0,1,4,0,차대차 - 추돌,안전운전불이행,건조,맑음,단일로 - 터널,화물,남,45세,중상,농기계,남,33세,경상
2020061900100497,2020년 6월 19일 17시,금요일,전라남도 순천시 장천동,경상사고,0,0,2,0,차대차 - 측면충돌,안전거리미확보,건조,맑음,단일로 - 기타,승용,여,50세,상해없음,승용,남,47세,경상
2020062000100012,2020년 6월 20일 00시,토요일,전라남도 여수시 웅천동,경상사고,0,0,3,0,차대차 - 추돌,안전운전불이행,건조,맑음,교차로 - 교차로부근,승용,남,21세,상해없음,승용,남,33세,경상
2020062000100013,2020년 6월 20일 00시,토요일,전라남도 순천시 조례동,중상사고,0,1,0,0,차대차 - 기타,교차로운행방법위반,건조,맑음,교차로 - 교차로안,승용,여,43세,상해없음,원동기,남,65세,중상
2020062000100014,2020년 6월 20일 00시,토요일,전라남도 순천시 왕지동,경상사고,0,0,2,0,차대차 - 측면충돌,중앙선침범,건조,기타,단일로 - 고가도로위,승용,남,25세,상해없음,승용,남,50세,경상
2020062000100015,2020년 6월 20일 00시,토요일,전라남도 강진군 성전면,사망사고,1,0,0,0,차량단독 - 공작물충돌,안전운전불이행,건조,맑음,단일로 - 기타,승용,남,37세,사망,,,,
2020062000100051,2020년 6월 20일 03시,토요일,전라남도 순천시 서면,경상사고,0,0,2,0,차대차 - 측면충돌,안전거리미확보,건조,맑음,기타 - 기타,승용,남,21세,상해없음,승용,남,47세,경상
2020062000100072,2020년 6월 20일 05시,토요일,전라남도 나주시 금천면,경상사고,0,0,1,0,차량단독 - 기타,안전운전불이행,건조,맑음,단일로 - 교량,승용,남,30세,경상,,,,
2020062000100110,2020년 6월 20일 08시,토요일,전라남도 해남군 해남읍,경상사고,0,0,2,0,차대차 - 측면충돌,안전운전불이행,건조,맑음,교차로 - 교차로안,화물,남,44세,경상,승용,남,46세,경상
2020062000100111,2020년 6월 20일 08시,토요일,전라남도 무안군 청계면,경상사고,0,0,1,0,차대사람 - 기타,안전운전불이행,건조,맑음,기타 - 기타,승합,남,57세,상해없음,보행자,남,75세,경상
2020062000100146,2020년 6월 20일 09시,토요일,전라남도 장성군 남면,경상사고,0,0,1,0,차대차 - 측면충돌,안전운전불이행,건조,맑음,단일로 - 기타,농기계,여,73세,경상,화물,남,25세,상해없음
2020062000100176,2020년 6월 20일 10시,토요일,전라남도 목포시 상동,중상사고,0,1,0,0,차대사람 - 횡단중,보행자보호의무위반,건조,맑음,교차로 - 교차로횡단보도내,화물,남,56세,상해없음,보행자,여,62세,중상
2020062000100177,2020년 6월 20일 10시,토요일,전라남도 여수시 국동,중상사고,0,1,0,0,차대사람 - 기타,기타,건조,맑음,단일로 - 기타,승합,남,58세,기타불명,보행자,남,71세,중상
2020062000100178,2020년 6월 20일 10시,토요일,전라남도 고흥군 금산면,중상사고,0,1,5,0,차대차 - 측면충돌,교차로운행방법위반,건조,맑음,교차로 - 교차로안,화물,남,71세,경상,승용,남,65세,경상
2020062000100211,2020년 6월 20일 11시,토요일,전라남도 강진군 신전면,중상사고,0,1,0,0,차대차 - 추돌,안전운전불이행,건조,맑음,단일로 - 기타,자전거,남,58세,중상,농기계,남,36세,기타불명
2020062000100268,2020년 6월 20일 12시,토요일,전라남도 목포시 연산동,경상사고,0,0,1,0,차대차 - 측면충돌,안전운전불이행,건조,맑음,교차로 - 교차로안,승용,여,54세,상해없음,이륜,남,35세,경상
2020062000100269,2020년 6월 20일 12시,토요일,전라남도 여수시 수정동,경상사고,0,0,3,0,차대차 - 측면충돌,차로위반,건조,맑음,단일로 - 기타,승용,남,47세,상해없음,승용,남,37세,경상
2020062000100271,2020년 6월 20일 12시,토요일,전라남도 광양시 광양읍,경상사고,0,0,1,0,차대차 - 추돌,안전운전불이행,건조,맑음,단일로 - 교량,승용,남,30세,경상,화물,남,40세,기타불명
2020062000100314,2020년 6월 20일 13시,토요일,전라남도 여수시 미평동,경상사고,0,0,1,0,차대차 - 측면충돌,중앙선침범,건조,맑음,단일로 - 기타,승용,남,40세,상해없음,승용,남,62세,경상
2020062000100315,2020년 6월 20일 13시,토요일,전라남도 영암군 덕진면,경상사고,0,0,1,0,차대차 - 추돌,안전운전불이행,건조,맑음,교차로 - 교차로부근,화물,남,24세,상해없음,승용,여,61세,경상
2020062000100316,2020년 6월 20일 13시,토요일,전라남도 완도군 보길면,경상사고,0,0,1,0,차대사람 - 기타,안전운전불이행,건조,맑음,단일로 - 기타,화물,남,51세,상해없음,보행자,남,6세,경상
2020062000100353,2020년 6월 20일 14시,토요일,전라남도 순천시 서면,경상사고,0,0,3,0,차대차 - 추돌,안전거리미확보,건조,맑음,교차로 - 교차로안,승용,남,25세,경상,승용,여,48세,상해없음
2020062000100395,2020년 6월 20일 15시,토요일,전라남도 여수시 화양면,사망사고,1,0,0,0,차대차 - 추돌,안전운전불이행,건조,맑음,단일로 - 터널,화물,남,52세,상해없음,농기계,남,55세,사망
2020062000100432,2020년 6월 20일 16시,토요일,전라남도 목포시 호남동,경상사고,0,0,1,0,차대차 - 기타,안전거리미확보,건조,맑음,단일로 - 기타,화물,남,55세,상해없음,승용,남,29세,경상
2020062000100433,2020년 6월 20일 16시,토요일,전라남도 여수시 웅천동,경상사고,0,0,1,0,차대차 - 추돌,안전거리미확보,건조,맑음,단일로 - 기타,승용,여,39세,상해없음,승용,여,50세,경상
2020062000100434,2020년 6월 20일 16시,토요일,전라남도 장흥군 부산면,경상사고,0,0,2,0,차대차 - 추돌,안전거리미확보,건조,맑음,교차로 - 교차로안,화물,남,64세,경상,승용,남,72세,경상
2020062000100435,2020년 6월 20일 16시,토요일,전라남도 장흥군 장흥읍,경상사고,0,0,1,0,차대사람 - 차도통행중,안전운전불이행,건조,맑음,단일로 - 기타,승용,여,40세,상해없음,보행자,남,1세,경상
2020062000100469,2020년 6월 20일 17시,토요일,전라남도 목포시 금동2가,중상사고,0,1,1,0,차대차 - 기타,직진우회전진행방해,건조,맑음,교차로 - 교차로안,화물,남,62세,경상,승용,남,21세,중상
2020062000100514,2020년 6월 20일 18시,토요일,전라남도 담양군 담양읍,경상사고,0,0,1,0,차대차 - 측면충돌,안전거리미확보,건조,맑음,교차로 - 교차로부근,승용,남,44세,상해없음,원동기,남,57세,경상
2020062000100625,2020년 6월 20일 21시,토요일,전라남도 여수시 소라면,중상사고,0,1,0,0,차대차 - 측면충돌,교차로운행방법위반,건조,맑음,교차로 - 교차로안,승용,여,54세,상해없음,원동기,남,16세,중상
2020062000100626,2020년 6월 20일 21시,토요일,전라남도 여수시 신기동,경상사고,0,0,2,0,차대차 - 추돌,안전운전불이행,건조,맑음,교차로 - 교차로부근,승용,남,33세,상해없음,승용,남,25세,경상
2020062000100627,2020년 6월 20일 21시,토요일,전라남도 여수시 여서동,경상사고,0,0,2,0,차대차 - 측면충돌,안전운전불이행,건조,맑음,교차로 - 교차로부근,승용,여,50세,상해없음,승용,남,26세,경상
2020062000100628,2020년 6월 20일 21시,토요일,전라남도 순천시 연향동,경상사고,0,0,1,0,차대차 - 기타,교차로운행방법위반,건조,맑음,교차로 - 교차로안,승용,여,26세,상해없음,승용,남,21세,경상
2020062000100651,2020년 6월 20일 22시,토요일,전라남도 고흥군 도양읍,중상사고,0,1,2,0,차대차 - 측면충돌,교차로운행방법위반,건조,맑음,교차로 - 교차로안,승용,남,46세,상해없음,승용,남,27세,경상
2020062000100670,2020년 6월 20일 23시,토요일,전라남도 목포시 산정동,경상사고,0,0,3,0,차대차 - 기타,안전운전불이행,건조,맑음,단일로 - 기타,승용,남,58세,상해없음,승용,남,24세,경상
2020062100100056,2020년 6월 21일 03시,일요일,전라남도 목포시 상동,중상사고,0,1,0,0,차대차 - 측면충돌,안전운전불이행,건조,맑음,단일로 - 기타,이륜,남,18세,상해없음,승용,남,36세,기타불명
2020062100100084,2020년 6월 21일 06시,일요일,전라남도 나주시 대호동,중상사고,0,1,2,0,차대차 - 측면충돌,신호위반,건조,맑음,교차로 - 교차로안,승용,남,71세,중상,화물,남,42세,경상
2020062100100101,2020년 6월 21일 07시,일요일,전라남도 함평군 학교면,경상사고,0,0,1,0,차대사람 - 차도통행중,교차로운행방법위반,건조,맑음,교차로 - 교차로안,승용,여,54세,상해없음,보행자,여,75세,경상
2020062100100108,2020년 6월 21일 08시,일요일,전라남도 화순군 화순읍,경상사고,0,0,1,0,차대차 - 측면충돌,중앙선침범,건조,맑음,단일로 - 기타,승용,남,26세,상해없음,승용,여,64세,경상
2020062100100128,2020년 6월 21일 09시,일요일,전라남도 보성군 조성면,경상사고,0,0,2,0,차대차 - 측면충돌,직진우회전진행방해,건조,맑음,교차로 - 교차로안,승용,남,47세,경상,승용,여,54세,경상
2020062100100129,2020년 6월 21일 09시,일요일,전라남도 구례군 광의면,중상사고,0,1,0,0,차대차 - 정면충돌,교차로운행방법위반,건조,맑음,교차로 - 교차로안,화물,남,73세,상해없음,화물,남,58세,상해없음
2020062100100172,2020년 6월 21일 11시,일요일,전라남도 여수시 선원동,경상사고,0,0,1,0,차대차 - 측면충돌,안전거리미확보,건조,맑음,단일로 - 기타,승용,여,67세,상해없음,승용,남,47세,경상
2020062100100173,2020년 6월 21일 11시,일요일,전라남도 여수시 신기동,경상사고,0,0,1,0,차대차 - 측면충돌,안전운전불이행,건조,맑음,단일로 - 기타,승용,남,22세,상해없음,승용,여,41세,경상
2020062100100174,2020년 6월 21일 11시,일요일,전라남도 나주시 남내동,경상사고,0,0,1,0,차대차 - 측면충돌,안전운전불이행,건조,맑음,교차로 - 교차로안,승용,남,75세,상해없음,화물,남,66세,경상
2020062100100175,2020년 6월 21일 11시,일요일,전라남도 나주시 다시면,경상사고,0,0,1,0,차량단독 - 공작물충돌,안전운전불이행,건조,맑음,교차로 - 교차로부근,화물,남,65세,경상,,,,
2020062100100176,2020년 6월 21일 11시,일요일,전라남도 장성군 북하면,중상사고,0,1,0,0,차량단독 - 전도전복 - 전도,안전운전불이행,건조,맑음,단일로 - 기타,이륜,남,73세,중상,,,,
2020062100100177,2020년 6월 21일 11시,일요일,전라남도 광양시 광양읍,중상사고,0,1,3,0,차대차 - 측면충돌,교차로운행방법위반,건조,맑음,교차로 - 교차로안,승용,남,45세,상해없음,승용,남,53세,경상
2020062100100252,2020년 6월 21일 14시,일요일,전라남도 함평군 월야면,중상사고,0,1,2,2,차대차 - 추돌,안전운전불이행,건조,맑음,단일로 - 기타,승용,여,49세,경상,화물,기타불명,미분류,기타불명
2020062100100253,2020년 6월 21일 14시,일요일,전라남도 담양군 무정면,경상사고,0,0,2,1,차량단독 - 전도전복 - 전도,안전운전불이행,건조,맑음,단일로 - 기타,승용,남,69세,경상,,,,
2020062100100328,2020년 6월 21일 16시,일요일,전라남도 여수시 만흥동,경상사고,0,0,1,0,차대차 - 정면충돌,안전운전불이행,건조,맑음,단일로 - 기타,자전거,남,59세,상해없음,자전거,남,47세,경상
2020062100100359,2020년 6월 21일 17시,일요일,전라남도 고흥군 도양읍,중상사고,0,1,4,0,차대차 - 기타,교차로운행방법위반,건조,맑음,교차로 - 교차로안,승합,남,69세,경상,화물,남,71세,상해없음
2020062100100360,2020년 6월 21일 17시,일요일,전라남도 고흥군 도화면,경상사고,0,0,1,0,차량단독 - 기타,안전운전불이행,건조,맑음,단일로 - 기타,사륜오토바이(ATV),여,74세,경상,,,,
2020062100100361,2020년 6월 21일 17시,일요일,전라남도 강진군 강진읍,경상사고,0,0,1,0,차대차 - 측면충돌,신호위반,건조,맑음,교차로 - 교차로안,원동기,남,40세,상해없음,승용,여,62세,경상
2020062100100362,2020년 6월 21일 17시,일요일,전라남도 곡성군 옥과면,경상사고,0,0,2,0,차대차 - 측면충돌,안전운전불이행,건조,맑음,단일로 - 기타,승용,남,59세,경상,승용,남,18세,경상
2020062100100392,2020년 6월 21일 18시,일요일,전라남도 목포시 옥암동,경상사고,0,0,1,0,차대차 - 기타,안전운전불이행,건조,맑음,교차로 - 교차로부근,승합,남,55세,상해없음,승용,여,39세,경상
2020062100100394,2020년 6월 21일 18시,일요일,전라남도 담양군 무정면,경상사고,0,0,1,1,차대차 - 정면충돌,교차로운행방법위반,건조,맑음,교차로 - 교차로안,승용,여,57세,상해없음,승용,남,24세,상해없음
2020062100100420,2020년 6월 21일 19시,일요일,전라남도 순천시 동외동,중상사고,0,1,0,0,차대사람 - 차도통행중,안전운전불이행,건조,맑음,교차로 - 교차로부근,화물,남,69세,상해없음,보행자,남,88세,중상
2020062100100421,2020년 6월 21일 19시,일요일,전라남도 나주시 성북동,경상사고,0,0,1,0,차대차 - 측면충돌,안전운전불이행,건조,맑음,교차로 - 교차로횡단보도내,자전거,여,74세,경상,이륜,남,33세,상해없음
2020062100100451,2020년 6월 21일 20시,일요일,전라남도 순천시 연향동,중상사고,0,1,0,0,차대차 - 기타,안전운전불이행,건조,맑음,단일로 - 기타,승용,남,49세,상해없음,개인형이동수단(PM),남,51세,중상
2020062100100475,2020년 6월 21일 21시,일요일,전라남도 장흥군 장흥읍,경상사고,0,0,1,0,차대차 - 측면충돌,안전운전불이행,건조,맑음,교차로 - 교차로안,승용,여,43세,기타불명,화물,남,48세,경상
2020062100100476,2020년 6월 21일 21시,일요일,전라남도 무안군 삼향읍,경상사고,0,0,1,0,차대차 - 측면충돌,중앙선침범,건조,맑음,단일로 - 기타,승용,남,69세,상해없음,승용,여,35세,경상
2020062200100024,2020년 6월 22일 02시,월요일,전라남도 완도군 완도읍,사망사고,1,0,0,0,차대차 - 추돌,안전운전불이행,건조,맑음,단일로 - 기타,화물,남,71세,사망,화물,남,42세,기타불명
2020062200100033,2020년 6월 22일 03시,월요일,전라남도 광양시 광양읍,경상사고,0,0,1,0,차량단독 - 공작물충돌,안전운전불이행,건조,맑음,교차로 - 교차로부근,승용,남,23세,상해없음,,,,
2020062200100038,2020년 6월 22일 04시,월요일,전라남도 목포시 상동,경상사고,0,0,6,0,차대차 - 측면충돌,교차로운행방법위반,건조,맑음,교차로 - 교차로안,승용,남,46세,경상,승용,남,52세,경상
2020062200100044,2020년 6월 22일 05시,월요일,전라남도 담양군 가사문학면,중상사고,0,1,0,0,차량단독 - 도로외이탈 - 기타,안전운전불이행,건조,맑음,단일로 - 기타,이륜,남,59세,중상,,,,
2020062200100079,2020년 6월 22일 07시,월요일,전라남도 여수시 문수동,경상사고,0,0,1,0,차대차 - 측면충돌,신호위반,건조,맑음,교차로 - 교차로안,화물,남,70세,상해없음,승용,남,32세,경상
2020062200100080,2020년 6월 22일 07시,월요일,전라남도 진도군 진도읍,중상사고,0,1,0,0,차대차 - 측면충돌,안전운전불이행,건조,맑음,교차로 - 교차로안,사륜오토바이(ATV),남,81세,중상,화물,남,38세,상해없음
2020062200100118,2020년 6월 22일 08시,월요일,전라남도 진도군 군내면,사망사고,1,0,0,0,차대차 - 기타,안전운전불이행,건조,맑음,교차로 - 교차로부근,건설기계,남,58세,사망,승용,여,38세,상해없음
2020062200100119,2020년 6월 22일 08시,월요일,전라남도 광양시 중동,중상사고,0,1,1,0,차대차 - 측면충돌,직진우회전진행방해,건조,맑음,교차로 - 교차로안,승용,남,48세,경상,승용,여,53세,중상
2020062200100120,2020년 6월 22일 08시,월요일,전라남도 광양시 중동,중상사고,0,1,0,0,차대차 - 측면충돌,교차로운행방법위반,건조,맑음,교차로 - 교차로안,승용,여,32세,상해없음,이륜,남,23세,중상
2020062200100161,2020년 6월 22일 09시,월요일,전라남도 여수시 주삼동,중상사고,0,1,0,0,차량단독 - 공작물충돌,안전운전불이행,건조,맑음,단일로 - 기타,승용,남,54세,중상,,,,
2020062200100162,2020년 6월 22일 09시,월요일,전라남도 순천시 연향동,경상사고,0,0,1,0,차대차 - 측면충돌,교차로운행방법위반,건조,맑음,교차로 - 교차로안,승용,여,46세,상해없음,원동기,남,53세,경상
2020062200100163,2020년 6월 22일 09시,월요일,전라남도 완도군 완도읍,경상사고,0,0,1,0,차대사람 - 횡단중,안전운전불이행,건조,맑음,교차로 - 교차로횡단보도내,화물,남,64세,상해없음,보행자,여,54세,경상
2020062200100215,2020년 6월 22일 10시,월요일,전라남도 여수시 문수동,중상사고,0,1,0,0,차대차 - 측면충돌,안전운전불이행,건조,맑음,단일로 - 기타,승용,여,26세,상해없음,이륜,남,70세,중상
2020062200100216,2020년 6월 22일 10시,월요일,전라남도 고흥군 두원면,중상사고,0,1,0,0,차대차 - 측면충돌,중앙선침범,건조,맑음,단일로 - 기타,화물,남,63세,상해없음,화물,남,50세,중상
2020062200100266,2020년 6월 22일 11시,월요일,전라남도 목포시 산정동,경상사고,0,0,2,0,차대차 - 기타,안전운전불이행,건조,맑음,단일로 - 기타,승용,남,67세,상해없음,화물,남,39세,경상
2020062200100267,2020년 6월 22일 11시,월요일,전라남도 여수시 소라면,경상사고,0,0,1,0,차대차 - 측면충돌,중앙선침범,건조,맑음,교차로 - 교차로부근,화물,남,69세,상해없음,승용,남,35세,경상
2020062200100268,2020년 6월 22일 11시,월요일,전라남도 순천시 조례동,경상사고,0,0,2,0,차대차 - 측면충돌,직진우회전진행방해,건조,맑음,교차로 - 교차로안,화물,남,52세,경상,승용,여,54세,경상
2020062200100294,2020년 6월 22일 12시,월요일,전라남도 순천시 해룡면,경상사고,0,0,2,0,차대차 - 측면충돌,안전거리미확보,건조,맑음,단일로 - 기타,승용,남,43세,상해없음,승용,여,33세,경상
2020062200100295,2020년 6월 22일 12시,월요일,전라남도 영광군 영광읍,경상사고,0,0,1,1,차량단독 - 전도전복 - 전도,안전운전불이행,건조,맑음,단일로 - 기타,화물,남,31세,부상신고,,,,
2020062200100296,2020년 6월 22일 12시,월요일,전라남도 무안군 무안읍,경상사고,0,0,1,0,차대차 - 기타,안전운전불이행,건조,맑음,교차로 - 교차로안,화물,남,68세,상해없음,승용,남,48세,경상
2020062200100332,2020년 6월 22일 13시,월요일,전라남도 목포시 상동,경상사고,0,0,1,0,차대사람 - 차도통행중,안전운전불이행,건조,맑음,단일로 - 지하차도(도로)내,승합,여,42세,상해없음,보행자,남,11세,경상
2020062200100333,2020년 6월 22일 13시,월요일,전라남도 목포시 용해동,중상사고,0,1,0,0,차대차 - 기타,안전운전불이행,건조,맑음,주차장 - 주차장,승용,여,81세,상해없음,승용,기타불명,미분류,기타불명
2020062200100335,2020년 6월 22일 13시,월요일,전라남도 광양시 광양읍,중상사고,0,1,0,0,차대차 - 측면충돌,안전운전불이행,건조,맑음,교차로 - 교차로안,승용,남,68세,상해없음,승용,여,37세,중상
2020062200100379,2020년 6월 22일 14시,월요일,전라남도 목포시 용해동,경상사고,0,0,1,0,차대차 - 기타,안전운전불이행,건조,맑음,교차로 - 교차로부근,이륜,남,18세,경상,승용,여,39세,상해없음
2020062200100380,2020년 6월 22일 14시,월요일,전라남도 영광군 영광읍,경상사고,0,0,1,0,차대사람 - 횡단중,보행자보호의무위반,건조,맑음,단일로 - 기타,승용,남,52세,상해없음,보행자,남,9세,경상
2020062200100426,2020년 6월 22일 15시,월요일,전라남도 목포시 대양동,중상사고,0,1,1,0,차대차 - 추돌,안전거리미확보,건조,맑음,교차로 - 교차로안,승용,남,56세,상해없음,승용,남,40세,경상
2020062200100427,2020년 6월 22일 15시,월요일,전라남도 고흥군 포두면,경상사고,0,0,2,0,차대차 - 측면충돌,안전운전불이행,건조,맑음,단일로 - 기타,승용,남,77세,상해없음,사륜오토바이(ATV),남,82세,경상
2020062200100428,2020년 6월 22일 15시,월요일,전라남도 화순군 화순읍,경상사고,0,0,3,0,차대차 - 측면충돌,기타,건조,맑음,교차로 - 교차로안,이륜,남,26세,경상,승용,남,47세,경상
2020062200100429,2020년 6월 22일 15시,월요일,전라남도 화순군 화순읍,중상사고,0,1,1,1,차대차 - 측면충돌,신호위반,건조,맑음,교차로 - 교차로안,승합,남,24세,상해없음,승용,남,57세,부상신고
2020062200100430,2020년 6월 22일 15시,월요일,전라남도 광양시 광양읍,부상신고사고,0,0,0,1,차대사람 - 횡단중,안전운전불이행,건조,맑음,단일로 - 기타,승용,남,64세,상해없음,보행자,여,15세,부상신고
2020062200100476,2020년 6월 22일 16시,월요일,전라남도 나주시 세지면,중상사고,0,1,0,0,차대차 - 정면충돌,직진우회전진행방해,건조,맑음,교차로 - 교차로안,승용,남,59세,상해없음,이륜,남,69세,중상
2020062200100477,2020년 6월 22일 16시,월요일,전라남도 장흥군 장흥읍,경상사고,0,0,1,0,차대차 - 측면충돌,직진우회전진행방해,건조,맑음,교차로 - 교차로안,승용,남,57세,상해없음,승용,여,30세,경상
2020062200100478,2020년 6월 22일 16시,월요일,전라남도 강진군 강진읍,중상사고,0,3,0,0,차대차 - 측면충돌,교차로운행방법위반,건조,맑음,교차로 - 교차로안,승용,남,78세,중상,화물,남,62세,중상
2020062200100479,2020년 6월 22일 16시,월요일,전라남도 광양시 광양읍,경상사고,0,0,2,0,차대차 - 기타,직진우회전진행방해,건조,맑음,교차로 - 교차로안,승용,여,40세,경상,승용,남,70세,상해없음
2020062200100538,2020년 6월 22일 17시,월요일,전라남도 목포시 상동,경상사고,0,0,1,0,차대사람 - 차도통행중,안전운전불이행,건조,맑음,단일로 - 기타,이륜,남,17세,상해없음,보행자,남,18세,경상
2020062200100539,2020년 6월 22일 17시,월요일,전라남도 목포시 상동,경상사고,0,0,2,0,차대차 - 기타,안전운전불이행,건조,맑음,교차로 - 교차로부근,이륜,남,21세,경상,이륜,남,62세,경상
2020062200100540,2020년 6월 22일 17시,월요일,전라남도 여수시 선원동,경상사고,0,0,1,0,차대차 - 측면충돌,안전운전불이행,건조,맑음,교차로 - 교차로안,자전거,남,13세,경상,화물,남,52세,상해없음
2020062200100541,2020년 6월 22일 17시,월요일,전라남도 나주시 금천면,경상사고,0,0,2,0,차대차 - 측면충돌,신호위반,건조,맑음,교차로 - 교차로안,화물,남,60세,상해없음,화물,남,64세,경상
2020062200100542,2020년 6월 22일 17시,월요일,전라남도 나주시 왕곡면,경상사고,0,0,1,0,차대차 - 기타,차로위반,건조,맑음,단일로 - 기타,건설기계,남,42세,상해없음,승용,여,26세,경상
2020062200100543,2020년 6월 22일 17시,월요일,전라남도 해남군 해남읍,경상사고,0,0,1,0,차대차 - 측면충돌,안전운전불이행,건조,맑음,교차로 - 교차로안,승용,남,64세,상해없음,화물,남,70세,경상
2020062200100585,2020년 6월 22일 18시,월요일,전라남도 여수시 소호동,경상사고,0,0,2,1,차대차 - 기타,교차로운행방법위반,건조,맑음,교차로 - 교차로안,이륜,남,72세,부상신고,승용,여,66세,경상
2020062200100586,2020년 6월 22일 18시,월요일,전라남도 영광군 영광읍,부상신고사고,0,0,0,1,차대사람 - 기타,안전운전불이행,건조,맑음,교차로 - 교차로안,승용,여,65세,상해없음,보행자,남,1세,부상신고
2020062200100628,2020년 6월 22일 19시,월요일,전라남도 영광군 영광읍,부상신고사고,0,0,0,1,차대사람 - 차도통행중,안전운전불이행,건조,맑음,단일로 - 기타,승용,여,66세,상해없음,보행자,남,57세,부상신고
2020062200100629,2020년 6월 22일 19시,월요일,전라남도 광양시 금호동,중상사고,0,1,0,0,차대사람 - 횡단중,보행자보호의무위반,건조,기타,교차로 - 교차로횡단보도내,승용,여,61세,상해없음,보행자,여,56세,중상
2020062200100655,2020년 6월 22일 20시,월요일,전라남도 순천시 연향동,경상사고,0,0,1,0,차대차 - 기타,교차로운행방법위반,건조,맑음,교차로 - 교차로안,승용,여,44세,상해없음,승용,여,28세,경상
2020062200100656,2020년 6월 22일 20시,월요일,전라남도 광양시 광양읍,경상사고,0,0,2,0,차대차 - 측면충돌,안전운전불이행,건조,맑음,교차로 - 교차로안,승용,여,55세,경상,이륜,남,25세,경상
2020062200100690,2020년 6월 22일 21시,월요일,전라남도 무안군 삼향읍,경상사고,0,0,1,0,차대차 - 기타,신호위반,건조,맑음,단일로 - 교량,승용,남,44세,상해없음,승용,여,31세,상해없음
2020062200100717,2020년 6월 22일 22시,월요일,전라남도 신안군 지도읍,중상사고,0,1,0,0,차량단독 - 도로외이탈 - 추락,안전운전불이행,건조,맑음,기타 - 기타,화물,남,55세,중상,,,,
2020062300100082,2020년 6월 23일 07시,화요일,전라남도 순천시 동외동,경상사고,0,0,2,0,차대차 - 측면충돌,직진우회전진행방해,건조,맑음,교차로 - 교차로안,승용,남,63세,경상,승용,여,61세,경상
2020062300100083,2020년 6월 23일 07시,화요일,전라남도 보성군 벌교읍,경상사고,0,0,2,0,차대차 - 측면충돌,직진우회전진행방해,건조,맑음,교차로 - 교차로안,화물,남,55세,상해없음,화물,남,49세,경상
2020062300100084,2020년 6월 23일 07시,화요일,전라남도 광양시 금호동,중상사고,0,1,0,0,차량단독 - 기타,안전운전불이행,건조,맑음,단일로 - 기타,자전거,남,33세,중상,,,,
2020062300100126,2020년 6월 23일 08시,화요일,전라남도 목포시 용당동,경상사고,0,0,1,0,차대차 - 측면충돌,신호위반,건조,맑음,교차로 - 교차로안,화물,남,35세,상해없음,화물,남,73세,경상
2020062300100127,2020년 6월 23일 08시,화요일,전라남도 여수시 공화동,사망사고,1,0,1,0,차대사람 - 차도통행중,안전운전불이행,건조,맑음,단일로 - 기타,승용,남,27세,상해없음,보행자,남,63세,사망
2020062300100128,2020년 6월 23일 08시,화요일,전라남도 나주시 노안면,경상사고,0,0,1,0,차대차 - 측면충돌,신호위반,건조,맑음,교차로 - 교차로안,승용,여,64세,상해없음,승용,여,43세,상해없음
2020062300100129,2020년 6월 23일 08시,화요일,전라남도 함평군 해보면,중상사고,0,1,1,0,차대차 - 측면충돌,교차로운행방법위반,건조,맑음,교차로 - 교차로안,화물,남,71세,경상,화물,남,73세,상해없음
2020062300100130,2020년 6월 23일 08시,화요일,전라남도 곡성군 옥과면,중상사고,0,1,0,0,차대차 - 측면충돌,교차로운행방법위반,건조,맑음,교차로 - 교차로안,화물,남,54세,상해없음,자전거,남,50세,중상
2020062300100131,2020년 6월 23일 08시,화요일,전라남도 진도군 군내면,경상사고,0,0,3,0,차대차 - 기타,과속,건조,맑음,기타 - 기타,승용,여,32세,경상,승용,남,52세,경상
2020062300100132,2020년 6월 23일 08시,화요일,전라남도 진도군 군내면,경상사고,0,0,1,0,차대차 - 기타,기타,건조,맑음,기타 - 기타,화물,남,45세,상해없음,승용,여,27세,경상
2020062300100181,2020년 6월 23일 09시,화요일,전라남도 보성군 득량면,중상사고,0,1,2,0,차대차 - 측면충돌,교차로운행방법위반,건조,맑음,교차로 - 교차로안,화물,남,68세,경상,승용,남,77세,경상
2020062300100219,2020년 6월 23일 10시,화요일,전라남도 목포시 상동,경상사고,0,0,1,0,차대차 - 측면충돌,기타,건조,맑음,교차로 - 교차로안,승용,여,48세,상해없음,승용,남,54세,경상
2020062300100220,2020년 6월 23일 10시,화요일,전라남도 여수시 신기동,경상사고,0,0,2,0,차대차 - 추돌,안전운전불이행,건조,맑음,단일로 - 기타,승용,남,35세,상해없음,승용,여,62세,경상