사고번호,사고일시,요일,시군구,사고내용,사망자수,중상자수,경상자수,부상신고자수,사고유형,법규위반,노면상태,기상상태,도로형태,가해운전자 차종,가해운전자 성별,가해운전자 연령,가해운전자 상해정도,피해운전자 차종,피해운전자 성별,피해운전자 연령,피해운전자 상해정도
2020062300100263,2020년 6월 23일 11시,화요일,전라남도 목포시 상동,경상사고,0,0,4,0,차대차 - 측면충돌,교차로운행방법위반,건조,맑음,교차로 - 교차로안,승용,여,46세,상해없음,승용,남,23세,경상
2020062300100264,2020년 6월 23일 11시,화요일,전라남도 순천시 남정동,중상사고,0,1,0,0,차대사람 - 기타,안전운전불이행,건조,맑음,교차로 - 교차로부근,화물,남,34세,상해없음,보행자,여,76세,중상
2020062300100265,2020년 6월 23일 11시,화요일,전라남도 나주시 노안면,경상사고,0,0,1,0,차량단독 - 전도전복 - 전도,안전운전불이행,건조,맑음,단일로 - 기타,이륜,남,75세,경상,,,,
2020062300100266,2020년 6월 23일 11시,화요일,전라남도 해남군 계곡면,중상사고,0,1,0,0,차대차 - 정면충돌,안전운전불이행,건조,맑음,단일로 - 기타,화물,남,62세,기타불명,원동기,남,82세,중상
2020062300100267,2020년 6월 23일 11시,화요일,전라남도 영암군 삼호읍,중상사고,0,1,0,0,차대차 - 추돌,안전운전불이행,건조,맑음,교차로 - 교차로부근,화물,남,33세,중상,화물,남,78세,상해없음
2020062300100300,2020년 6월 23일 12시,화요일,전라남도 목포시 옥암동,경상사고,0,0,1,0,차대차 - 측면충돌,교차로운행방법위반,건조,맑음,교차로 - 교차로안,승용,여,42세,상해없음,승용,여,58세,경상
2020062300100301,2020년 6월 23일 12시,화요일,전라남도 여수시 문수동,경상사고,0,0,1,0,차대차 - 추돌,안전운전불이행,건조,맑음,단일로 - 기타,화물,남,29세,상해없음,원동기,남,65세,경상
2020062300100302,2020년 6월 23일 12시,화요일,전라남도 영광군 묘량면,경상사고,0,0,3,0,차대차 - 추돌,안전운전불이행,건조,맑음,단일로 - 기타,화물,남,48세,상해없음,승용,남,65세,경상
2020062300100323,2020년 6월 23일 13시,화요일,전라남도 나주시 남평읍,경상사고,0,0,1,0,차대차 - 측면충돌,직진우회전진행방해,건조,맑음,교차로 - 교차로안,승용,남,74세,상해없음,원동기,남,65세,경상
2020062300100324,2020년 6월 23일 13시,화요일,전라남도 장흥군 장흥읍,경상사고,0,0,1,0,차대사람 - 기타,안전운전불이행,건조,맑음,주차장 - 주차장,화물,남,68세,상해없음,보행자,남,55세,경상
2020062300100354,2020년 6월 23일 14시,화요일,전라남도 완도군 신지면,경상사고,0,0,2,0,차대차 - 후진중충돌,안전운전불이행,건조,맑음,단일로 - 기타,승용,남,48세,상해없음,승용,남,50세,경상
2020062300100386,2020년 6월 23일 15시,화요일,전라남도 목포시 용해동,경상사고,0,0,1,0,차대차 - 추돌,안전거리미확보,건조,맑음,기타 - 기타,승용,여,54세,상해없음,승용,남,42세,경상
2020062300100387,2020년 6월 23일 15시,화요일,전라남도 목포시 석현동,경상사고,0,0,1,0,차대차 - 측면충돌,안전운전불이행,건조,맑음,기타 - 기타,승용,남,51세,기타불명,승용,남,67세,경상
2020062300100388,2020년 6월 23일 15시,화요일,전라남도 함평군 해보면,중상사고,0,2,0,1,차대차 - 측면충돌,직진우회전진행방해,건조,맑음,교차로 - 교차로안,화물,남,25세,부상신고,화물,남,46세,중상
2020062300100424,2020년 6월 23일 16시,화요일,전라남도 여수시 신기동,경상사고,0,0,1,0,차대차 - 측면충돌,신호위반,건조,맑음,교차로 - 교차로안,승용,남,79세,상해없음,승용,여,31세,경상
2020062300100425,2020년 6월 23일 16시,화요일,전라남도 여수시 주삼동,경상사고,0,0,2,0,차대차 - 측면충돌,안전운전불이행,건조,맑음,단일로 - 기타,화물,남,52세,경상,건설기계,남,49세,경상
2020062300100523,2020년 6월 23일 18시,화요일,전라남도 목포시 산정동,경상사고,0,0,3,0,차대차 - 측면충돌,교차로운행방법위반,건조,맑음,교차로 - 교차로안,화물,남,67세,상해없음,승용,여,57세,경상
2020062300100524,2020년 6월 23일 18시,화요일,전라남도 나주시 세지면,부상신고사고,0,0,0,1,차량단독 - 도로외이탈 - 추락,안전운전불이행,건조,맑음,단일로 - 기타,승용,여,46세,부상신고,,,,
2020062300100525,2020년 6월 23일 18시,화요일,전라남도 나주시 송월동,경상사고,0,0,1,0,차대차 - 측면충돌,직진우회전진행방해,건조,맑음,교차로 - 교차로안,화물,남,27세,상해없음,승용,여,24세,경상
2020062300100526,2020년 6월 23일 18시,화요일,전라남도 보성군 조성면,중상사고,0,1,0,0,차대사람 - 횡단중,안전운전불이행,건조,맑음,교차로 - 교차로부근,화물,남,76세,상해없음,보행자,여,81세,중상
2020062300100527,2020년 6월 23일 18시,화요일,전라남도 영암군 덕진면,경상사고,0,0,3,0,차대차 - 추돌,안전운전불이행,건조,맑음,교차로 - 교차로안,화물,남,66세,상해없음,승용,여,62세,경상
2020062300100604,2020년 6월 23일 20시,화요일,전라남도 해남군 송지면,경상사고,0,0,1,0,차량단독 - 기타,안전운전불이행,건조,맑음,단일로 - 기타,이륜,남,52세,경상,,,,
2020062300100605,2020년 6월 23일 20시,화요일,전라남도 순천시 주암면,중상사고,0,2,3,0,차대차 - 기타,안전운전불이행,젖음/습기,기타,기타 - 기타,화물,남,39세,중상,승용,남,32세,상해없음
2020062300100670,2020년 6월 23일 22시,화요일,전라남도 해남군 해남읍,중상사고,0,1,0,0,차대사람 - 길가장자리구역통행중,안전운전불이행,건조,맑음,단일로 - 기타,승용,남,23세,상해없음,보행자,남,47세,중상
2020062300100671,2020년 6월 23일 22시,화요일,전라남도 영암군 삼호읍,경상사고,0,0,1,0,차대차 - 추돌,안전운전불이행,건조,맑음,교차로 - 교차로부근,승용,남,67세,상해없음,승용,남,40세,경상
2020062400100006,2020년 6월 24일 00시,수요일,전라남도 나주시 보산동,사망사고,1,0,0,0,차대사람 - 횡단중,안전운전불이행,건조,맑음,단일로 - 기타,화물,남,41세,상해없음,보행자,여,77세,사망
2020062400100058,2020년 6월 24일 06시,수요일,전라남도 순천시 해룡면,경상사고,0,0,1,0,차대차 - 기타,안전거리미확보,건조,맑음,단일로 - 기타,화물,남,31세,상해없음,승용,남,58세,상해없음
2020062400100078,2020년 6월 24일 07시,수요일,전라남도 여수시 중흥동,중상사고,0,1,0,0,차대차 - 측면충돌,안전운전불이행,건조,맑음,단일로 - 기타,화물,남,58세,상해없음,자전거,남,50세,중상
2020062400100111,2020년 6월 24일 08시,수요일,전라남도 목포시 옥암동,경상사고,0,0,1,0,차대차 - 기타,안전운전불이행,젖음/습기,비,교차로 - 교차로부근,승용,남,53세,상해없음,승용,남,36세,경상
2020062400100112,2020년 6월 24일 08시,수요일,전라남도 목포시 옥암동,경상사고,0,0,1,0,차대차 - 추돌,안전거리미확보,젖음/습기,비,교차로 - 교차로부근,화물,남,59세,상해없음,승용,남,46세,경상
2020062400100113,2020년 6월 24일 08시,수요일,전라남도 순천시 조례동,경상사고,0,0,2,0,차대차 - 추돌,안전운전불이행,건조,맑음,단일로 - 기타,승합,남,54세,상해없음,화물,남,59세,상해없음
2020062400100114,2020년 6월 24일 08시,수요일,전라남도 장성군 황룡면,경상사고,0,0,1,0,차대차 - 측면충돌,안전운전불이행,젖음/습기,흐림,교차로 - 교차로안,승용,남,43세,상해없음,원동기,남,67세,경상
2020062400100152,2020년 6월 24일 09시,수요일,전라남도 목포시 상동,경상사고,0,0,1,0,차대차 - 기타,안전운전불이행,건조,맑음,단일로 - 기타,승용,여,47세,경상,승용,남,65세,상해없음
2020062400100153,2020년 6월 24일 09시,수요일,전라남도 광양시 광양읍,경상사고,0,0,2,0,차대사람 - 기타,안전운전불이행,젖음/습기,비,주차장 - 주차장,승용,남,82세,상해없음,보행자,여,44세,경상
2020062400100202,2020년 6월 24일 11시,수요일,전라남도 여수시 율촌면,경상사고,0,0,1,0,차대차 - 추돌,안전운전불이행,건조,맑음,단일로 - 기타,화물,남,60세,상해없음,화물,여,46세,경상
2020062400100203,2020년 6월 24일 11시,수요일,전라남도 장성군 장성읍,경상사고,0,0,1,0,차량단독 - 공작물충돌,안전운전불이행,젖음/습기,비,단일로 - 기타,승용,남,19세,경상,,,,
2020062400100204,2020년 6월 24일 11시,수요일,전라남도 장성군 북일면,사망사고,1,0,0,0,차대사람 - 차도통행중,안전운전불이행,젖음/습기,비,교차로 - 교차로안,화물,남,69세,상해없음,보행자,여,78세,사망
2020062400100234,2020년 6월 24일 12시,수요일,전라남도 목포시 용당동,경상사고,0,0,1,0,차대차 - 기타,중앙선침범,젖음/습기,비,단일로 - 기타,승용,남,23세,경상,화물,남,75세,상해없음
2020062400100235,2020년 6월 24일 12시,수요일,전라남도 여수시 학동,중상사고,0,1,0,0,차대차 - 측면충돌,교차로운행방법위반,젖음/습기,비,교차로 - 교차로안,이륜,남,53세,상해없음,이륜,남,26세,중상
2020062400100236,2020년 6월 24일 12시,수요일,전라남도 여수시 신기동,경상사고,0,0,1,0,차대차 - 정면충돌,중앙선침범,젖음/습기,비,교차로 - 교차로부근,승용,남,86세,상해없음,승용,남,70세,경상
2020062400100237,2020년 6월 24일 12시,수요일,전라남도 진도군 진도읍,경상사고,0,0,3,0,차대차 - 측면충돌,중앙선침범,침수,비,단일로 - 기타,승용,여,40세,경상,승용,남,34세,경상
2020062400100260,2020년 6월 24일 13시,수요일,전라남도 광양시 광양읍,중상사고,0,2,0,0,차대차 - 측면충돌,신호위반,젖음/습기,비,교차로 - 교차로안,화물,남,40세,중상,화물,남,27세,중상
2020062400100349,2020년 6월 24일 15시,수요일,전라남도 나주시 금천면,중상사고,0,1,0,0,차량단독 - 도로외이탈 - 추락,안전운전불이행,젖음/습기,비,단일로 - 기타,화물,남,32세,중상,,,,
2020062400100350,2020년 6월 24일 15시,수요일,전라남도 강진군 강진읍,경상사고,0,0,1,0,차대차 - 기타,안전운전불이행,젖음/습기,비,단일로 - 기타,승용,남,56세,상해없음,승용,남,46세,경상
2020062400100351,2020년 6월 24일 15시,수요일,전라남도 담양군 담양읍,중상사고,0,1,4,0,차대차 - 추돌,안전운전불이행,젖음/습기,비,단일로 - 기타,승용,남,75세,상해없음,승용,남,57세,경상
2020062400100389,2020년 6월 24일 16시,수요일,전라남도 여수시 웅천동,중상사고,0,1,3,0,차대차 - 측면충돌,중앙선침범,젖음/습기,비,단일로 - 기타,승용,남,17세,상해없음,승용,남,42세,경상
2020062400100430,2020년 6월 24일 17시,수요일,전라남도 해남군 산이면,경상사고,0,0,1,0,차대차 - 추돌,안전운전불이행,건조,맑음,교차로 - 교차로부근,화물,남,40세,상해없음,승용,여,55세,경상
2020062400100473,2020년 6월 24일 18시,수요일,전라남도 완도군 완도읍,경상사고,0,0,2,0,차대차 - 추돌,안전운전불이행,젖음/습기,비,단일로 - 기타,화물,남,47세,경상,화물,남,59세,경상
2020062400100474,2020년 6월 24일 18시,수요일,전라남도 진도군 진도읍,경상사고,0,0,1,0,차대차 - 측면충돌,교차로운행방법위반,젖음/습기,흐림,교차로 - 교차로안,승용,남,74세,상해없음,승합,남,48세,경상
2020062400100523,2020년 6월 24일 19시,수요일,전라남도 여수시 문수동,중상사고,0,1,0,0,차대차 - 기타,교차로운행방법위반,젖음/습기,비,교차로 - 교차로안,승용,남,62세,상해없음,이륜,남,27세,중상
2020062400100524,2020년 6월 24일 19시,수요일,전라남도 순천시 인제동,경상사고,0,0,1,0,차대사람 - 기타,안전운전불이행,젖음/습기,비,기타 - 기타,승용,남,52세,상해없음,보행자,남,28세,경상
2020062400100525,2020년 6월 24일 19시,수요일,전라남도 영광군 영광읍,경상사고,0,0,1,0,차대차 - 측면충돌,직진우회전진행방해,젖음/습기,비,교차로 - 교차로안,승용,남,42세,상해없음,승용,여,39세,경상
2020062400100526,2020년 6월 24일 19시,수요일,전라남도 무안군 무안읍,경상사고,0,0,3,0,차대차 - 정면충돌,안전운전불이행,건조,맑음,교차로 - 교차로안,승용,남,56세,경상,승용,남,33세,경상
2020062400100564,2020년 6월 24일 20시,수요일,전라남도 여수시 문수동,중상사고,0,1,0,0,차대사람 - 기타,안전운전불이행,젖음/습기,비,교차로 - 교차로부근,화물,남,49세,상해없음,보행자,남,45세,중상
2020062400100565,2020년 6월 24일 20시,수요일,전라남도 여수시 신기동,경상사고,0,0,2,0,차대차 - 측면충돌,안전운전불이행,젖음/습기,비,기타 - 기타,승용,여,30세,상해없음,승용,남,34세,경상
2020062400100566,2020년 6월 24일 20시,수요일,전라남도 광양시 광양읍,중상사고,0,1,0,0,차대차 - 측면충돌,중앙선침범,젖음/습기,비,단일로 - 기타,승용,여,53세,상해없음,이륜,남,28세,중상
2020062400100607,2020년 6월 24일 21시,수요일,전라남도 목포시 상동,중상사고,0,1,0,0,차대차 - 기타,중앙선침범,건조,맑음,단일로 - 기타,승용,남,59세,상해없음,이륜,남,35세,중상
2020062500100064,2020년 6월 25일 03시,목요일,전라남도 여수시 둔덕동,경상사고,0,0,2,0,차대차 - 측면충돌,신호위반,젖음/습기,비,단일로 - 기타,승용,여,51세,상해없음,화물,남,46세,경상
2020062500100093,2020년 6월 25일 06시,목요일,전라남도 광양시 봉강면,중상사고,0,1,4,0,차량단독 - 도로외이탈 - 추락,안전운전불이행,젖음/습기,비,단일로 - 기타,승용,여,67세,경상,,,,
2020062500100139,2020년 6월 25일 08시,목요일,전라남도 목포시 상동,경상사고,0,0,2,0,차대차 - 기타,직진우회전진행방해,건조,맑음,교차로 - 교차로안,승합,남,67세,경상,승용,남,29세,경상
2020062500100197,2020년 6월 25일 10시,목요일,전라남도 장흥군 장동면,중상사고,0,1,3,0,차대차 - 측면충돌,교차로운행방법위반,젖음/습기,비,교차로 - 교차로안,승용,여,69세,경상,화물,남,55세,경상
2020062500100226,2020년 6월 25일 11시,목요일,전라남도 여수시 중앙동,경상사고,0,0,1,0,차대차 - 측면충돌,안전운전불이행,건조,맑음,단일로 - 기타,승용,남,39세,상해없음,승용,남,47세,경상
2020062500100253,2020년 6월 25일 12시,목요일,전라남도 해남군 송지면,경상사고,0,0,2,0,차대차 - 측면충돌,교차로운행방법위반,젖음/습기,흐림,교차로 - 교차로안,화물,여,54세,경상,화물,남,38세,경상
2020062500100254,2020년 6월 25일 12시,목요일,전라남도 광양시 광양읍,경상사고,0,0,1,0,차대차 - 측면충돌,교차로운행방법위반,젖음/습기,비,교차로 - 교차로안,승용,남,50세,상해없음,원동기,남,52세,경상
2020062500100280,2020년 6월 25일 13시,목요일,전라남도 목포시 용당동,경상사고,0,0,2,0,차대차 - 후진중충돌,안전운전불이행,건조,맑음,단일로 - 기타,승용,남,79세,상해없음,승용,여,44세,경상
2020062500100308,2020년 6월 25일 14시,목요일,전라남도 함평군 손불면,경상사고,0,0,1,0,차대차 - 측면충돌,안전운전불이행,건조,맑음,주차장 - 주차장,승용,여,37세,상해없음,승용,남,37세,경상
2020062500100309,2020년 6월 25일 14시,목요일,전라남도 나주시 중앙동,중상사고,0,1,0,0,차대사람 - 횡단중,안전운전불이행,건조,맑음,교차로 - 교차로안,승용,남,40세,상해없음,보행자,여,60세,중상
2020062500100310,2020년 6월 25일 14시,목요일,전라남도 고흥군 도양읍,경상사고,0,0,2,0,차대차 - 추돌,안전운전불이행,젖음/습기,비,교차로 - 교차로부근,화물,남,24세,경상,화물,남,54세,경상
2020062500100311,2020년 6월 25일 14시,목요일,전라남도 보성군 득량면,중상사고,0,2,2,0,차량단독 - 공작물충돌,안전운전불이행,젖음/습기,비,단일로 - 기타,승용,남,68세,중상,,,,
2020062500100312,2020년 6월 25일 14시,목요일,전라남도 장성군 북이면,경상사고,0,0,1,0,차대차 - 추돌,안전운전불이행,건조,맑음,단일로 - 기타,화물,남,36세,상해없음,승용,여,53세,경상
2020062500100346,2020년 6월 25일 15시,목요일,전라남도 순천시 연향동,경상사고,0,0,2,0,차대차 - 측면충돌,교차로운행방법위반,건조,맑음,교차로 - 교차로안,승용,여,68세,경상,승용,남,70세,경상
2020062500100347,2020년 6월 25일 15시,목요일,전라남도 나주시 청동,경상사고,0,0,1,0,차대사람 - 보도통행중,기타,건조,흐림,단일로 - 기타,승용,남,33세,상해없음,보행자,남,40세,경상
2020062500100348,2020년 6월 25일 15시,목요일,전라남도 고흥군 포두면,중상사고,0,1,0,0,차대사람 - 기타,안전운전불이행,젖음/습기,비,단일로 - 기타,승용,여,50세,상해없음,보행자,여,63세,중상
2020062500100380,2020년 6월 25일 16시,목요일,전라남도 순천시 연향동,경상사고,0,0,1,0,차량단독 - 기타,안전운전불이행,건조,맑음,단일로 - 기타,승용,남,61세,상해없음,,,,
2020062500100410,2020년 6월 25일 17시,목요일,전라남도 목포시 옥암동,경상사고,0,0,2,0,차대차 - 기타,안전운전불이행,건조,맑음,기타 - 기타,승용,여,51세,경상,승용,남,25세,경상
2020062500100411,2020년 6월 25일 17시,목요일,전라남도 목포시 연산동,경상사고,0,0,2,0,차대차 - 기타,교차로운행방법위반,건조,맑음,교차로 - 교차로안,승용,남,32세,경상,승용,여,47세,경상
2020062500100412,2020년 6월 25일 17시,목요일,전라남도 순천시 해룡면,경상사고,0,0,3,0,차대차 - 측면충돌,중앙선침범,건조,맑음,교차로 - 교차로부근,승용,남,63세,상해없음,승용,여,43세,경상
2020062500100413,2020년 6월 25일 17시,목요일,전라남도 나주시 왕곡면,중상사고,0,1,0,0,차대차 - 기타,불법유턴,건조,흐림,단일로 - 기타,승용,남,46세,상해없음,이륜,남,28세,중상
2020062500100441,2020년 6월 25일 18시,목요일,전라남도 목포시 용해동,경상사고,0,0,3,0,차대차 - 측면충돌,기타,건조,맑음,교차로 - 교차로부근,승용,남,64세,상해없음,승용,남,25세,경상
2020062500100442,2020년 6월 25일 18시,목요일,전라남도 광양시 중동,경상사고,0,0,1,0,차대차 - 추돌,안전운전불이행,건조,흐림,교차로 - 교차로부근,승용,남,33세,상해없음,승용,남,32세,경상
2020062500100443,2020년 6월 25일 18시,목요일,전라남도 광양시 중동,경상사고,0,0,1,0,차대사람 - 기타,안전운전불이행,젖음/습기,비,기타 - 기타,승용,여,34세,상해없음,보행자,남,19세,경상
2020062500100553,2020년 6월 25일 21시,목요일,전라남도 신안군 비금면,중상사고,0,1,1,0,차대차 - 기타,안전운전불이행,건조,맑음,교차로 - 교차로안,화물,남,44세,상해없음,승용,남,60세,중상
2020062500100554,2020년 6월 25일 21시,목요일,전라남도 목포시 상동,경상사고,0,0,2,0,차대차 - 측면충돌,기타,건조,맑음,교차로 - 교차로안,승용,남,31세,상해없음,승용,여,57세,경상
2020062500100555,2020년 6월 25일 21시,목요일,전라남도 강진군 군동면,중상사고,0,1,0,0,차대차 - 측면충돌,신호위반,건조,맑음,교차로 - 교차로안,승용,남,50세,상해없음,승용,남,65세,중상
2020062500100589,2020년 6월 25일 22시,목요일,전라남도 광양시 금호동,중상사고,0,1,1,0,차대차 - 측면충돌,신호위반,젖음/습기,비,교차로 - 교차로안,화물,남,25세,경상,승용,남,32세,중상
2020062600100062,2020년 6월 26일 04시,금요일,전라남도 고흥군 도양읍,사망사고,1,0,0,0,차대사람 - 횡단중,안전운전불이행,기타,안개,교차로 - 교차로안,화물,남,69세,상해없음,보행자,남,76세,사망
2020062600100082,2020년 6월 26일 06시,금요일,전라남도 순천시 연향동,경상사고,0,0,1,0,차대차 - 측면충돌,안전운전불이행,건조,맑음,교차로 - 교차로안,승용,남,39세,상해없음,승용,여,57세,경상
2020062600100104,2020년 6월 26일 07시,금요일,전라남도 보성군 보성읍,경상사고,0,0,2,0,차대차 - 측면충돌,신호위반,건조,맑음,교차로 - 교차로안,승용,여,64세,상해없음,승용,여,59세,경상
2020062600100105,2020년 6월 26일 07시,금요일,전라남도 담양군 대전면,경상사고,0,0,2,0,차대차 - 추돌,안전운전불이행,건조,맑음,단일로 - 기타,화물,남,38세,경상,승용,여,50세,경상
2020062600100132,2020년 6월 26일 08시,금요일,전라남도 나주시 이창동,경상사고,0,0,1,0,차대사람 - 기타,안전운전불이행,건조,맑음,교차로 - 교차로안,승용,남,74세,상해없음,보행자,남,79세,경상
2020062600100133,2020년 6월 26일 08시,금요일,전라남도 장흥군 장흥읍,경상사고,0,0,1,0,차대차 - 측면충돌,교차로운행방법위반,건조,맑음,교차로 - 교차로안,승용,여,38세,경상,승용,남,85세,상해없음
2020062600100135,2020년 6월 26일 08시,금요일,전라남도 해남군 황산면,중상사고,0,1,0,0,차대차 - 측면충돌,과속,건조,맑음,단일로 - 기타,승용,남,79세,상해없음,승용,여,28세,상해없음
2020062600100136,2020년 6월 26일 08시,금요일,전라남도 강진군 칠량면,중상사고,0,1,1,0,차대차 - 측면충돌,직진우회전진행방해,건조,맑음,교차로 - 교차로안,승용,남,62세,경상,승용,여,55세,중상
2020062600100174,2020년 6월 26일 09시,금요일,전라남도 목포시 상동,경상사고,0,0,2,0,차대차 - 측면충돌,차로위반,건조,맑음,단일로 - 기타,건설기계,남,60세,상해없음,승용,남,54세,경상
2020062600100175,2020년 6월 26일 09시,금요일,전라남도 영광군 영광읍,경상사고,0,0,1,0,차대차 - 후진중충돌,불법유턴,건조,맑음,교차로 - 교차로부근,승용,여,44세,경상,승용,여,50세,상해없음
2020062600100255,2020년 6월 26일 12시,금요일,전라남도 목포시 연산동,중상사고,0,1,1,0,차대차 - 측면충돌,안전운전불이행,건조,맑음,교차로 - 교차로부근,승용,여,45세,상해없음,이륜,남,36세,중상
2020062600100256,2020년 6월 26일 12시,금요일,전라남도 무안군 일로읍,경상사고,0,0,1,0,차대사람 - 기타,안전운전불이행,건조,맑음,단일로 - 기타,화물,남,64세,상해없음,보행자,여,46세,경상
2020062600100294,2020년 6월 26일 13시,금요일,전라남도 여수시 신기동,경상사고,0,0,1,0,차대차 - 추돌,안전거리미확보,건조,맑음,단일로 - 기타,승용,남,25세,상해없음,승용,여,48세,경상
2020062600100295,2020년 6월 26일 13시,금요일,전라남도 나주시 세지면,중상사고,0,1,0,0,차대사람 - 차도통행중,안전운전불이행,건조,맑음,단일로 - 기타,화물,남,66세,상해없음,보행자,여,82세,중상
2020062600100296,2020년 6월 26일 13시,금요일,전라남도 강진군 병영면,경상사고,0,0,1,0,차대차 - 후진중충돌,불법유턴,건조,맑음,교차로 - 교차로안,화물,남,63세,상해없음,승용,여,32세,경상
2020062600100332,2020년 6월 26일 14시,금요일,전라남도 목포시 옥암동,경상사고,0,0,1,1,차대차 - 측면충돌,신호위반,건조,맑음,교차로 - 교차로부근,승용,여,53세,부상신고,특수,남,36세,경상
2020062600100333,2020년 6월 26일 14시,금요일,전라남도 순천시 조례동,경상사고,0,0,1,0,차대차 - 측면충돌,교차로운행방법위반,건조,맑음,교차로 - 교차로안,승용,여,34세,기타불명,승용,남,63세,경상
2020062600100334,2020년 6월 26일 14시,금요일,전라남도 나주시 산포면,중상사고,0,3,1,0,차대차 - 추돌,안전거리미확보,건조,맑음,단일로 - 고가도로위,화물,남,27세,상해없음,승용,남,36세,중상
2020062600100335,2020년 6월 26일 14시,금요일,전라남도 담양군 담양읍,경상사고,0,0,2,0,차대차 - 측면충돌,안전운전불이행,건조,맑음,교차로 - 교차로부근,승용,남,37세,상해없음,승용,남,75세,경상
2020062600100371,2020년 6월 26일 15시,금요일,전라남도 여수시 소라면,경상사고,0,0,2,0,차대차 - 추돌,안전거리미확보,건조,맑음,단일로 - 기타,승용,여,30세,상해없음,승용,남,28세,경상
2020062600100372,2020년 6월 26일 15시,금요일,전라남도 나주시 남평읍,경상사고,0,0,1,0,차대사람 - 차도통행중,안전운전불이행,건조,맑음,단일로 - 기타,승용,남,75세,상해없음,보행자,여,53세,경상
2020062600100373,2020년 6월 26일 15시,금요일,전라남도 해남군 화산면,경상사고,0,0,1,0,차대차 - 후진중충돌,안전운전불이행,건조,맑음,교차로 - 교차로안,화물,남,57세,상해없음,승용,여,64세,경상
2020062600100424,2020년 6월 26일 16시,금요일,전라남도 목포시 용해동,중상사고,0,1,0,0,차대사람 - 기타,안전운전불이행,건조,맑음,단일로 - 기타,승용,남,35세,상해없음,보행자,여,69세,중상
2020062600100478,2020년 6월 26일 17시,금요일,전라남도 여수시 문수동,경상사고,0,0,3,0,차대차 - 측면충돌,안전운전불이행,건조,맑음,교차로 - 교차로안,승용,여,34세,경상,승용,남,45세,경상
2020062600100479,2020년 6월 26일 17시,금요일,전라남도 고흥군 동강면,경상사고,0,0,1,0,차대차 - 기타,중앙선침범,건조,맑음,단일로 - 기타,화물,남,47세,상해없음,승용,여,63세,경상
2020062600100480,2020년 6월 26일 17시,금요일,전라남도 보성군 미력면,중상사고,0,1,4,0,차대차 - 추돌,안전거리미확보,건조,맑음,단일로 - 터널,화물,남,62세,중상,화물,남,46세,경상
2020062600100481,2020년 6월 26일 17시,금요일,전라남도 영암군 군서면,경상사고,0,0,1,0,차대차 - 측면충돌,안전운전불이행,건조,맑음,단일로 - 기타,이륜,남,63세,경상,화물,남,53세,상해없음
2020062600100482,2020년 6월 26일 17시,금요일,전라남도 장성군 황룡면,중상사고,0,1,0,0,차대차 - 기타,안전운전불이행,건조,맑음,단일로 - 기타,화물,남,19세,상해없음,승용,남,39세,중상
2020062600100483,2020년 6월 26일 17시,금요일,전라남도 광양시 마동,경상사고,0,0,1,0,차대차 - 측면충돌,안전거리미확보,건조,맑음,교차로 - 교차로부근,승용,여,40세,상해없음,승용,남,36세,경상
2020062600100532,2020년 6월 26일 18시,금요일,전라남도 보성군 미력면,경상사고,0,0,3,0,차대차 - 추돌,안전거리미확보,건조,맑음,단일로 - 기타,승용,남,67세,경상,승용,남,36세,경상
2020062600100533,2020년 6월 26일 18시,금요일,전라남도 광양시 성황동,경상사고,0,0,1,0,차량단독 - 공작물충돌,안전운전불이행,건조,맑음,기타 - 기타,화물,남,39세,경상,,,,
2020062600100575,2020년 6월 26일 19시,금요일,전라남도 여수시 소라면,경상사고,0,0,5,0,차대차 - 추돌,안전운전불이행,건조,맑음,단일로 - 기타,승용,남,23세,상해없음,승용,여,42세,경상
2020062600100576,2020년 6월 26일 19시,금요일,전라남도 여수시 오림동,경상사고,0,0,2,0,차대차 - 추돌,안전운전불이행,건조,맑음,교차로 - 교차로부근,승용,남,44세,상해없음,승용,여,60세,경상
2020062600100577,2020년 6월 26일 19시,금요일,전라남도 영암군 삼호읍,경상사고,0,0,3,0,차대차 - 측면충돌,안전운전불이행,건조,맑음,교차로 - 교차로안,승용,남,54세,상해없음,승용,남,22세,경상
2020062600100578,2020년 6월 26일 19시,금요일,전라남도 광양시 광영동,경상사고,0,0,1,0,차대차 - 기타,교차로운행방법위반,건조,맑음,교차로 - 교차로안,승용,남,30세,상해없음,자전거,남,8세,경상
2020062600100614,2020년 6월 26일 20시,금요일,전라남도 순천시 해룡면,경상사고,0,0,1,0,차대차 - 측면충돌,기타,건조,맑음,단일로 - 기타,승용,여,62세,경상,화물,남,40세,상해없음
2020062600100651,2020년 6월 26일 21시,금요일,전라남도 여수시 학동,경상사고,0,0,1,0,차대사람 - 횡단중,안전운전불이행,건조,맑음,단일로 - 기타,승용,남,62세,상해없음,보행자,여,16세,경상
2020062600100685,2020년 6월 26일 22시,금요일,전라남도 순천시 조례동,경상사고,0,0,1,0,차대차 - 측면충돌,안전거리미확보,건조,맑음,단일로 - 기타,승용,남,63세,상해없음,승용,남,22세,경상
2020062600100718,2020년 6월 26일 23시,금요일,전라남도 광양시 중동,경상사고,0,0,5,0,차대차 - 측면충돌,교차로운행방법위반,건조,맑음,교차로 - 교차로안,승용,남,22세,경상,승용,남,24세,경상