사고번호,사고일시,요일,시군구,사고내용,사망자수,중상자수,경상자수,부상신고자수,사고유형,법규위반,노면상태,기상상태,도로형태,가해운전자 차종,가해운전자 성별,가해운전자 연령,가해운전자 상해정도,피해운전자 차종,피해운전자 성별,피해운전자 연령,피해운전자 상해정도
2020070100100111,2020년 7월 1일 08시,수요일,전라남도 목포시 대성동,경상사고,0,0,1,0,차대사람 - 기타,안전운전불이행,건조,맑음,단일로 - 기타,승용,여,34세,상해없음,보행자,남,66세,경상
2020070100100112,2020년 7월 1일 08시,수요일,전라남도 순천시 조례동,경상사고,0,0,4,0,차대차 - 측면충돌,교차로운행방법위반,건조,맑음,교차로 - 교차로안,승용,남,47세,경상,승용,여,53세,경상
2020070100100182,2020년 7월 1일 10시,수요일,전라남도 나주시 다시면,중상사고,0,2,0,0,차대차 - 기타,직진우회전진행방해,건조,맑음,교차로 - 교차로안,자전거,여,79세,중상,이륜,남,80세,중상
2020070100100208,2020년 7월 1일 11시,수요일,전라남도 곡성군 곡성읍,중상사고,0,1,0,0,차대차 - 추돌,안전거리미확보,건조,맑음,단일로 - 기타,화물,남,50세,상해없음,승용,남,46세,중상
2020070100100243,2020년 7월 1일 12시,수요일,전라남도 화순군 화순읍,경상사고,0,0,1,0,차대차 - 정면충돌,교차로운행방법위반,건조,맑음,교차로 - 교차로안,승용,남,32세,상해없음,이륜,남,19세,경상
2020070100100264,2020년 7월 1일 13시,수요일,전라남도 목포시 산정동,경상사고,0,0,1,0,차대차 - 추돌,안전운전불이행,건조,맑음,교차로 - 교차로부근,승용,남,49세,상해없음,화물,여,40세,경상
2020070100100296,2020년 7월 1일 14시,수요일,전라남도 여수시 여서동,경상사고,0,0,1,0,차대사람 - 횡단중,보행자보호의무위반,건조,맑음,단일로 - 기타,화물,남,30세,상해없음,보행자,여,40세,경상
2020070100100474,2020년 7월 1일 19시,수요일,전라남도 순천시 해룡면,경상사고,0,0,2,0,차대차 - 측면충돌,안전운전불이행,건조,맑음,교차로 - 교차로부근,화물,남,41세,상해없음,승용,여,43세,경상
2020070100100475,2020년 7월 1일 19시,수요일,전라남도 순천시 별량면,경상사고,0,0,1,0,차대차 - 기타,직진우회전진행방해,건조,맑음,교차로 - 교차로안,승용,여,60세,기타불명,승용,여,46세,경상
2020070100100476,2020년 7월 1일 19시,수요일,전라남도 순천시 옥천동,경상사고,0,0,2,0,차대차 - 기타,교차로운행방법위반,건조,맑음,교차로 - 교차로안,승용,여,57세,경상,승용,여,33세,경상
2020070100100477,2020년 7월 1일 19시,수요일,전라남도 함평군 월야면,중상사고,0,1,0,0,차대사람 - 기타,안전운전불이행,건조,맑음,단일로 - 기타,승용,남,58세,상해없음,보행자,여,69세,중상
2020070100100478,2020년 7월 1일 19시,수요일,전라남도 담양군 봉산면,경상사고,0,0,1,0,차량단독 - 도로외이탈 - 추락,안전운전불이행,해빙,맑음,단일로 - 기타,기타불명,남,77세,상해없음,,,,
2020070200100018,2020년 7월 2일 01시,목요일,전라남도 여수시 신기동,경상사고,0,0,4,1,차대차 - 측면충돌,교차로운행방법위반,건조,맑음,교차로 - 교차로안,승용,여,67세,상해없음,승용,남,48세,경상
2020070200100037,2020년 7월 2일 05시,목요일,전라남도 목포시 옥암동,경상사고,0,0,1,1,차대차 - 측면충돌,안전거리미확보,건조,맑음,기타 - 기타,승용,여,58세,부상신고,승용,남,45세,경상
2020070200100072,2020년 7월 2일 07시,목요일,전라남도 영암군 삼호읍,중상사고,0,1,0,0,차대차 - 측면충돌,신호위반,건조,맑음,교차로 - 교차로안,이륜,남,34세,중상,승용,남,36세,상해없음
2020070200100147,2020년 7월 2일 09시,목요일,전라남도 신안군 안좌면,경상사고,0,0,1,0,차대차 - 정면충돌,안전운전불이행,건조,맑음,단일로 - 기타,화물,남,57세,기타불명,화물,남,67세,상해없음
2020070200100148,2020년 7월 2일 09시,목요일,전라남도 구례군 마산면,중상사고,0,1,0,0,차대차 - 기타,안전운전불이행,건조,맑음,단일로 - 기타,승용,여,46세,상해없음,이륜,남,73세,중상
2020070200100183,2020년 7월 2일 10시,목요일,전라남도 구례군 토지면,중상사고,0,1,0,0,차대차 - 측면충돌,안전운전불이행,건조,맑음,기타 - 기타,화물,남,61세,상해없음,이륜,남,61세,중상
2020070200100241,2020년 7월 2일 12시,목요일,전라남도 여수시 봉산동,경상사고,0,0,2,0,차대차 - 측면충돌,기타,건조,맑음,교차로 - 교차로안,화물,남,46세,경상,승용,남,43세,경상
2020070200100352,2020년 7월 2일 15시,목요일,전라남도 여수시 주삼동,경상사고,0,0,1,0,차대차 - 측면충돌,차로위반,건조,맑음,단일로 - 기타,승합,남,30세,상해없음,승용,남,37세,경상
2020070200100393,2020년 7월 2일 16시,목요일,전라남도 나주시 금성동,경상사고,0,0,1,0,차대사람 - 기타,안전운전불이행,건조,맑음,단일로 - 기타,승합,남,58세,기타불명,보행자,남,28세,경상
2020070200100433,2020년 7월 2일 17시,목요일,전라남도 여수시 여서동,경상사고,0,0,1,0,차대사람 - 기타,안전운전불이행,건조,맑음,교차로 - 교차로안,승용,여,38세,상해없음,보행자,남,17세,경상
2020070200100479,2020년 7월 2일 18시,목요일,전라남도 목포시 죽교동,중상사고,0,1,0,0,차대사람 - 기타,안전운전불이행,건조,맑음,단일로 - 기타,승용,남,39세,상해없음,보행자,여,20세,중상
2020070200100536,2020년 7월 2일 20시,목요일,전라남도 목포시 상동,중상사고,0,1,0,0,차대사람 - 횡단중,신호위반,건조,맑음,교차로 - 교차로횡단보도내,승용,남,23세,상해없음,보행자,남,23세,중상
2020070200100588,2020년 7월 2일 22시,목요일,전라남도 목포시 상동,경상사고,0,0,2,0,차대차 - 추돌,안전운전불이행,건조,맑음,단일로 - 기타,승용,남,49세,상해없음,승용,여,41세,경상
2020070200100589,2020년 7월 2일 22시,목요일,전라남도 목포시 상동,경상사고,0,0,5,0,차대차 - 정면충돌,직진우회전진행방해,건조,맑음,교차로 - 교차로안,승용,남,55세,경상,승용,남,31세,경상
2020070300100024,2020년 7월 3일 01시,금요일,전라남도 목포시 산정동,경상사고,0,0,2,0,차대차 - 측면충돌,안전운전불이행,건조,맑음,교차로 - 교차로안,승용,남,21세,상해없음,기타불명,남,19세,경상
2020070300100032,2020년 7월 3일 02시,금요일,전라남도 목포시 상동,경상사고,0,0,1,0,차대차 - 측면충돌,안전운전불이행,건조,흐림,교차로 - 교차로부근,승용,남,49세,상해없음,승용,남,21세,경상
2020070300100075,2020년 7월 3일 06시,금요일,전라남도 강진군 칠량면,경상사고,0,0,1,0,차대차 - 측면충돌,안전운전불이행,건조,맑음,단일로 - 기타,화물,남,62세,경상,화물,남,63세,상해없음
2020070300100093,2020년 7월 3일 07시,금요일,전라남도 여수시 국동,경상사고,0,0,3,0,차대차 - 측면충돌,교차로운행방법위반,건조,맑음,교차로 - 교차로안,승용,남,59세,경상,승용,여,49세,경상
2020070300100124,2020년 7월 3일 08시,금요일,전라남도 고흥군 고흥읍,부상신고사고,0,0,0,1,차대차 - 측면충돌,안전운전불이행,젖음/습기,비,단일로 - 기타,화물,남,48세,부상신고,승용,남,40세,기타불명
2020070300100125,2020년 7월 3일 08시,금요일,전라남도 보성군 보성읍,경상사고,0,0,2,0,차대차 - 측면충돌,직진우회전진행방해,건조,흐림,교차로 - 교차로안,승용,남,65세,경상,승용,남,46세,경상
2020070300100126,2020년 7월 3일 08시,금요일,전라남도 무안군 삼향읍,경상사고,0,0,2,0,차대차 - 정면충돌,안전운전불이행,젖음/습기,비,교차로 - 교차로안,승용,남,37세,경상,승용,여,46세,경상
2020070300100162,2020년 7월 3일 09시,금요일,전라남도 해남군 송지면,경상사고,0,0,2,0,차대차 - 정면충돌,중앙선침범,젖음/습기,비,단일로 - 기타,승용,남,25세,경상,화물,남,43세,경상
2020070300100163,2020년 7월 3일 09시,금요일,전라남도 무안군 삼향읍,경상사고,0,0,1,0,차대차 - 측면충돌,안전운전불이행,건조,맑음,교차로 - 교차로안,승용,남,60세,상해없음,승용,여,39세,경상
2020070300100192,2020년 7월 3일 10시,금요일,전라남도 순천시 장천동,사망사고,1,0,0,0,차대사람 - 횡단중,안전운전불이행,젖음/습기,비,단일로 - 기타,화물,남,24세,상해없음,보행자,여,76세,사망
2020070300100193,2020년 7월 3일 10시,금요일,전라남도 순천시 남정동,경상사고,0,0,2,0,차대차 - 기타,안전운전불이행,건조,맑음,단일로 - 기타,승용,남,66세,상해없음,승용,남,30세,경상
2020070300100222,2020년 7월 3일 11시,금요일,전라남도 목포시 용해동,중상사고,0,1,0,0,차대사람 - 횡단중,안전운전불이행,건조,맑음,단일로 - 기타,승용,남,66세,상해없음,보행자,여,79세,중상
2020070300100223,2020년 7월 3일 11시,금요일,전라남도 목포시 석현동,경상사고,0,0,4,0,차대차 - 후진중충돌,안전운전불이행,젖음/습기,흐림,기타 - 기타,승용,남,76세,경상,승용,남,29세,경상
2020070300100247,2020년 7월 3일 12시,금요일,전라남도 여수시 소라면,경상사고,0,0,2,0,차대차 - 측면충돌,안전운전불이행,젖음/습기,흐림,단일로 - 기타,승용,여,53세,경상,승용,여,32세,경상
2020070300100248,2020년 7월 3일 12시,금요일,전라남도 해남군 북평면,경상사고,0,0,1,0,차대차 - 측면충돌,직진우회전진행방해,젖음/습기,비,교차로 - 교차로안,승용,남,67세,기타불명,승용,남,53세,경상
2020070300100277,2020년 7월 3일 13시,금요일,전라남도 여수시 학동,경상사고,0,0,1,0,차대차 - 추돌,안전운전불이행,건조,맑음,단일로 - 기타,승용,남,51세,상해없음,승용,여,44세,경상
2020070300100278,2020년 7월 3일 13시,금요일,전라남도 완도군 고금면,중상사고,0,3,0,0,차대차 - 정면충돌,중앙선침범,젖음/습기,비,단일로 - 기타,화물,남,34세,상해없음,화물,남,36세,중상
2020070300100318,2020년 7월 3일 14시,금요일,전라남도 영암군 시종면,중상사고,0,1,0,0,차량단독 - 도로외이탈 - 기타,안전운전불이행,젖음/습기,비,단일로 - 기타,승용,여,60세,상해없음,,,,
2020070300100319,2020년 7월 3일 14시,금요일,전라남도 장성군 장성읍,경상사고,0,0,1,0,차대차 - 측면충돌,신호위반,건조,맑음,교차로 - 교차로안,건설기계,남,27세,상해없음,승용,여,50세,경상
2020070300100348,2020년 7월 3일 15시,금요일,전라남도 목포시 산정동,경상사고,0,0,1,0,차대사람 - 기타,안전운전불이행,건조,맑음,단일로 - 기타,승용,남,45세,상해없음,보행자,여,63세,경상
2020070300100349,2020년 7월 3일 15시,금요일,전라남도 여수시 신기동,경상사고,0,0,1,0,차대차 - 측면충돌,안전운전불이행,건조,맑음,교차로 - 교차로안,승용,여,50세,경상,건설기계,남,57세,상해없음
2020070300100385,2020년 7월 3일 16시,금요일,전라남도 영암군 삼호읍,경상사고,0,0,8,0,차대차 - 추돌,안전운전불이행,젖음/습기,비,교차로 - 교차로부근,승합,남,48세,상해없음,화물,남,40세,경상
2020070300100386,2020년 7월 3일 16시,금요일,전라남도 나주시 문평면,경상사고,0,0,2,0,차대차 - 측면충돌,신호위반,젖음/습기,비,단일로 - 교량,특수,남,59세,경상,승용,여,34세,경상
2020070300100491,2020년 7월 3일 18시,금요일,전라남도 목포시 상동,경상사고,0,0,1,0,차대사람 - 차도통행중,안전운전불이행,젖음/습기,비,단일로 - 기타,승용,남,60세,상해없음,보행자,남,58세,경상
2020070300100492,2020년 7월 3일 18시,금요일,전라남도 목포시 용해동,경상사고,0,0,3,0,차대차 - 기타,안전운전불이행,젖음/습기,흐림,단일로 - 지하차도(도로)내,승용,남,24세,상해없음,승용,여,45세,경상
2020070300100493,2020년 7월 3일 18시,금요일,전라남도 순천시 상사면,경상사고,0,0,1,0,차량단독 - 전도전복 - 전도,안전운전불이행,젖음/습기,비,단일로 - 기타,화물,남,40세,경상,,,,
2020070300100494,2020년 7월 3일 18시,금요일,전라남도 순천시 조례동,경상사고,0,0,1,0,차대차 - 측면충돌,안전운전불이행,건조,맑음,교차로 - 교차로부근,승용,여,27세,상해없음,승용,남,26세,경상
2020070300100522,2020년 7월 3일 19시,금요일,전라남도 순천시 해룡면,경상사고,0,0,1,0,차대차 - 추돌,안전운전불이행,건조,맑음,기타 - 기타,승용,남,29세,상해없음,승용,남,33세,경상
2020070300100523,2020년 7월 3일 19시,금요일,전라남도 장흥군 장흥읍,경상사고,0,0,1,0,차대차 - 측면충돌,교차로운행방법위반,젖음/습기,비,교차로 - 교차로안,승용,남,47세,경상,승용,여,24세,상해없음
2020070300100524,2020년 7월 3일 19시,금요일,전라남도 해남군 마산면,부상신고사고,0,0,0,1,차량단독 - 도로외이탈 - 추락,안전운전불이행,젖음/습기,비,교차로 - 교차로안,화물,남,55세,부상신고,,,,
2020070300100525,2020년 7월 3일 19시,금요일,전라남도 강진군 성전면,경상사고,0,0,2,0,차대차 - 측면충돌,직진우회전진행방해,젖음/습기,비,교차로 - 교차로안,승용,여,23세,경상,승용,남,26세,경상
2020070300100561,2020년 7월 3일 20시,금요일,전라남도 목포시 상동,중상사고,0,1,0,0,차대차 - 측면충돌,신호위반,젖음/습기,흐림,교차로 - 교차로안,이륜,남,36세,기타불명,이륜,남,23세,중상
2020070300100562,2020년 7월 3일 20시,금요일,전라남도 여수시 선원동,경상사고,0,0,1,0,차대차 - 측면충돌,중앙선침범,젖음/습기,비,교차로 - 교차로안,승용,여,56세,상해없음,승용,여,43세,경상
2020070300100563,2020년 7월 3일 20시,금요일,전라남도 여수시 돌산읍,경상사고,0,0,1,0,차대차 - 측면충돌,안전운전불이행,젖음/습기,비,단일로 - 기타,승용,남,47세,상해없음,화물,여,36세,경상
2020070300100603,2020년 7월 3일 21시,금요일,전라남도 순천시 매곡동,중상사고,0,1,0,0,차대차 - 측면충돌,안전운전불이행,젖음/습기,비,교차로 - 교차로안,승용,남,53세,상해없음,이륜,남,22세,중상
2020070300100604,2020년 7월 3일 21시,금요일,전라남도 장흥군 장흥읍,부상신고사고,0,0,0,1,차대차 - 측면충돌,교차로운행방법위반,건조,맑음,교차로 - 교차로안,자전거,남,9세,부상신고,승용,남,37세,상해없음
2020070300100642,2020년 7월 3일 22시,금요일,전라남도 여수시 여서동,경상사고,0,0,1,0,차대차 - 측면충돌,안전운전불이행,건조,맑음,단일로 - 기타,승용,남,54세,상해없음,승용,여,43세,경상
2020070300100643,2020년 7월 3일 22시,금요일,전라남도 여수시 학동,경상사고,0,0,2,0,차대차 - 후진중충돌,안전운전불이행,젖음/습기,흐림,단일로 - 기타,승용,남,57세,상해없음,승용,남,33세,경상
2020070300100644,2020년 7월 3일 22시,금요일,전라남도 광양시 중동,경상사고,0,0,1,0,차대사람 - 기타,기타,건조,맑음,교차로 - 교차로부근,승합,남,51세,상해없음,보행자,여,18세,경상
2020070400100026,2020년 7월 4일 00시,토요일,전라남도 목포시 상동,경상사고,0,0,2,0,차대차 - 기타,안전운전불이행,건조,맑음,단일로 - 기타,이륜,남,23세,기타불명,승용,남,37세,경상
2020070400100027,2020년 7월 4일 00시,토요일,전라남도 여수시 문수동,부상신고사고,0,0,0,1,차대사람 - 기타,안전운전불이행,건조,맑음,단일로 - 기타,기타불명,기타불명,미분류,기타불명,보행자,남,37세,부상신고
2020070400100054,2020년 7월 4일 01시,토요일,전라남도 순천시 해룡면,경상사고,0,0,2,0,차대차 - 측면충돌,직진우회전진행방해,건조,맑음,교차로 - 교차로안,승용,남,67세,경상,승용,여,43세,경상
2020070400100120,2020년 7월 4일 06시,토요일,전라남도 목포시 상동,경상사고,0,0,2,0,차대차 - 측면충돌,교차로운행방법위반,건조,맑음,교차로 - 교차로안,승용,여,64세,경상,승용,남,22세,경상
2020070400100172,2020년 7월 4일 09시,토요일,전라남도 목포시 상동,경상사고,0,0,1,0,차대차 - 기타,안전운전불이행,건조,맑음,단일로 - 기타,화물,남,67세,상해없음,화물,남,25세,경상
2020070400100173,2020년 7월 4일 09시,토요일,전라남도 해남군 북평면,경상사고,0,0,1,0,차대차 - 추돌,안전운전불이행,젖음/습기,맑음,단일로 - 기타,승용,남,70세,상해없음,농기계,남,78세,경상
2020070400100199,2020년 7월 4일 10시,토요일,전라남도 목포시 호남동,경상사고,0,0,2,0,차대차 - 측면충돌,안전운전불이행,건조,맑음,기타 - 기타,이륜,남,72세,경상,승용,여,58세,경상
2020070400100200,2020년 7월 4일 10시,토요일,전라남도 여수시 학동,경상사고,0,0,4,0,차대차 - 측면충돌,차로위반,건조,흐림,교차로 - 교차로안,승합,남,73세,기타불명,승용,여,51세,경상
2020070400100201,2020년 7월 4일 10시,토요일,전라남도 나주시 산포면,경상사고,0,0,1,0,차대차 - 측면충돌,안전운전불이행,건조,흐림,단일로 - 기타,승용,여,37세,상해없음,자전거,남,71세,경상
2020070400100202,2020년 7월 4일 10시,토요일,전라남도 나주시 남평읍,경상사고,0,0,1,0,차대사람 - 기타,안전운전불이행,건조,흐림,단일로 - 기타,승용,여,41세,상해없음,보행자,여,63세,경상
2020070400100236,2020년 7월 4일 11시,토요일,전라남도 여수시 충무동,중상사고,0,1,2,0,차대차 - 측면충돌,안전운전불이행,건조,맑음,교차로 - 교차로안,승용,남,36세,경상,이륜,남,51세,중상
2020070400100272,2020년 7월 4일 12시,토요일,전라남도 함평군 학교면,중상사고,0,1,0,0,차대차 - 측면충돌,안전운전불이행,건조,맑음,단일로 - 기타,농기계,여,83세,중상,화물,남,39세,상해없음
2020070400100304,2020년 7월 4일 13시,토요일,전라남도 여수시 화장동,경상사고,0,0,2,0,차대차 - 추돌,안전운전불이행,건조,흐림,교차로 - 교차로부근,화물,남,41세,상해없음,승용,남,32세,경상
2020070400100305,2020년 7월 4일 13시,토요일,전라남도 영광군 묘량면,경상사고,0,0,1,0,차대차 - 추돌,안전운전불이행,건조,맑음,단일로 - 기타,화물,남,29세,상해없음,승용,남,79세,경상
2020070400100349,2020년 7월 4일 14시,토요일,전라남도 목포시 용해동,경상사고,0,0,2,0,차대차 - 기타,안전운전불이행,건조,맑음,단일로 - 기타,승용,남,66세,경상,화물,남,55세,경상
2020070400100350,2020년 7월 4일 14시,토요일,전라남도 여수시 주삼동,중상사고,0,1,1,0,차대차 - 측면충돌,신호위반,건조,맑음,교차로 - 교차로안,승합,남,24세,경상,승용,남,25세,중상
2020070400100351,2020년 7월 4일 14시,토요일,전라남도 순천시 조례동,경상사고,0,0,2,0,차대차 - 측면충돌,안전운전불이행,건조,맑음,단일로 - 기타,승용,남,50세,상해없음,승용,남,52세,상해없음
2020070400100352,2020년 7월 4일 14시,토요일,전라남도 영광군 백수읍,경상사고,0,0,1,0,차대차 - 측면충돌,안전운전불이행,건조,맑음,단일로 - 기타,농기계,남,81세,경상,화물,남,60세,상해없음
2020070400100425,2020년 7월 4일 16시,토요일,전라남도 목포시 연산동,경상사고,0,0,1,0,차대차 - 기타,중앙선침범,건조,맑음,단일로 - 기타,승용,남,59세,상해없음,승용,남,78세,경상
2020070400100426,2020년 7월 4일 16시,토요일,전라남도 목포시 용당동,경상사고,0,0,2,0,차대차 - 측면충돌,안전운전불이행,건조,흐림,단일로 - 기타,승용,남,35세,경상,승용,남,66세,경상
2020070400100464,2020년 7월 4일 17시,토요일,전라남도 목포시 석현동,중상사고,0,4,4,0,차대차 - 정면충돌,중앙선침범,건조,맑음,교차로 - 교차로부근,승용,남,43세,상해없음,승용,남,48세,중상
2020070400100465,2020년 7월 4일 17시,토요일,전라남도 여수시 신기동,경상사고,0,0,1,1,차대차 - 측면충돌,신호위반,건조,맑음,교차로 - 교차로안,승용,남,53세,부상신고,승용,여,37세,경상
2020070400100532,2020년 7월 4일 19시,토요일,전라남도 목포시 산정동,경상사고,0,0,1,0,차대차 - 기타,안전운전불이행,건조,맑음,교차로 - 교차로부근,승용,여,32세,상해없음,자전거,남,16세,경상
2020070400100533,2020년 7월 4일 19시,토요일,전라남도 목포시 용해동,경상사고,0,0,3,0,차대차 - 측면충돌,안전운전불이행,건조,맑음,교차로 - 교차로부근,승용,남,65세,상해없음,승용,남,67세,경상
2020070400100556,2020년 7월 4일 20시,토요일,전라남도 순천시 왕지동,경상사고,0,0,1,0,차대차 - 측면충돌,직진우회전진행방해,건조,맑음,교차로 - 교차로안,승용,여,30세,상해없음,원동기,남,43세,경상
2020070400100557,2020년 7월 4일 20시,토요일,전라남도 담양군 담양읍,중상사고,0,1,0,0,차대차 - 기타,안전운전불이행,젖음/습기,비,단일로 - 기타,승용,남,69세,상해없음,이륜,남,60세,중상
2020070400100596,2020년 7월 4일 21시,토요일,전라남도 영암군 삼호읍,경상사고,0,0,2,0,차대차 - 추돌,안전운전불이행,건조,맑음,교차로 - 교차로부근,승용,남,41세,상해없음,승용,여,56세,경상
2020070400100644,2020년 7월 4일 23시,토요일,전라남도 순천시 해룡면,경상사고,0,0,1,0,차대차 - 측면충돌,안전운전불이행,건조,맑음,교차로 - 교차로횡단보도내,승용,여,53세,상해없음,승용,남,21세,경상
2020070400100645,2020년 7월 4일 23시,토요일,전라남도 순천시 덕월동,경상사고,0,0,1,0,차대차 - 측면충돌,안전운전불이행,건조,흐림,단일로 - 기타,화물,남,58세,상해없음,승용,남,53세,경상
2020070500100012,2020년 7월 5일 00시,일요일,전라남도 목포시 용해동,경상사고,0,0,4,0,차대차 - 기타,직진우회전진행방해,젖음/습기,비,교차로 - 교차로안,승용,여,19세,경상,승용,남,31세,경상
2020070500100013,2020년 7월 5일 00시,일요일,전라남도 광양시 광영동,경상사고,0,0,3,0,차대차 - 측면충돌,교차로운행방법위반,건조,맑음,교차로 - 교차로안,승용,여,21세,경상,승용,여,56세,경상
2020070500100041,2020년 7월 5일 02시,일요일,전라남도 나주시 금천면,경상사고,0,0,1,0,차대사람 - 기타,안전운전불이행,건조,맑음,단일로 - 기타,승용,남,31세,상해없음,보행자,남,65세,경상
2020070500100076,2020년 7월 5일 06시,일요일,전라남도 목포시 상동,경상사고,0,0,1,0,차대차 - 정면충돌,중앙선침범,건조,맑음,기타 - 기타,이륜,남,18세,상해없음,승용,남,27세,경상
2020070500100201,2020년 7월 5일 13시,일요일,전라남도 여수시 덕충동,경상사고,0,0,1,0,차대사람 - 차도통행중,안전운전불이행,건조,맑음,단일로 - 기타,승용,남,54세,상해없음,보행자,남,60세,경상
2020070500100227,2020년 7월 5일 14시,일요일,전라남도 여수시 선원동,경상사고,0,0,1,0,차대차 - 기타,안전운전불이행,건조,맑음,단일로 - 기타,화물,여,42세,상해없음,승용,남,52세,경상
2020070500100228,2020년 7월 5일 14시,일요일,전라남도 화순군 도곡면,경상사고,0,0,4,1,차대차 - 측면충돌,신호위반,건조,맑음,교차로 - 교차로안,승용,여,65세,경상,승용,남,67세,경상
2020070500100254,2020년 7월 5일 15시,일요일,전라남도 여수시 돌산읍,경상사고,0,0,1,0,차량단독 - 공작물충돌,안전운전불이행,건조,맑음,단일로 - 기타,승용,남,21세,상해없음,,,,
2020070500100255,2020년 7월 5일 15시,일요일,전라남도 여수시 웅천동,중상사고,0,1,0,0,차대사람 - 횡단중,신호위반,건조,맑음,교차로 - 교차로횡단보도내,승합,남,58세,상해없음,보행자,남,61세,중상
2020070500100256,2020년 7월 5일 15시,일요일,전라남도 광양시 금호동,중상사고,0,1,4,0,차대차 - 기타,과속,건조,맑음,교차로 - 교차로안,승용,남,19세,경상,승용,남,20세,경상
2020070500100257,2020년 7월 5일 15시,일요일,전라남도 담양군 고서면,경상사고,0,0,3,0,차대차 - 기타,과속,건조,맑음,기타 - 기타,승용,남,28세,경상,승용,남,66세,경상
2020070500100324,2020년 7월 5일 17시,일요일,전라남도 목포시 죽교동,경상사고,0,0,1,0,차대차 - 추돌,안전거리미확보,건조,맑음,교차로 - 교차로부근,승용,남,52세,상해없음,승용,남,39세,경상
2020070500100347,2020년 7월 5일 18시,일요일,전라남도 무안군 무안읍,경상사고,0,0,2,0,차대차 - 측면충돌,직진우회전진행방해,건조,맑음,교차로 - 교차로안,승용,여,20세,경상,승용,남,53세,상해없음
2020070500100373,2020년 7월 5일 19시,일요일,전라남도 여수시 봉산동,경상사고,0,0,1,0,차대차 - 추돌,안전운전불이행,건조,맑음,단일로 - 기타,이륜,남,57세,상해없음,승용,남,26세,경상
2020070500100395,2020년 7월 5일 20시,일요일,전라남도 목포시 상동,경상사고,0,0,1,0,차대차 - 측면충돌,직진우회전진행방해,건조,맑음,교차로 - 교차로안,승용,남,59세,상해없음,이륜,남,46세,경상
2020070500100414,2020년 7월 5일 21시,일요일,전라남도 목포시 용당동,경상사고,0,0,1,0,차대차 - 측면충돌,안전운전불이행,기타,맑음,단일로 - 기타,승용,여,55세,상해없음,승합,남,57세,상해없음
2020070500100415,2020년 7월 5일 21시,일요일,전라남도 나주시 남평읍,중상사고,0,1,0,1,차대차 - 추돌,안전거리미확보,건조,흐림,단일로 - 기타,승용,남,62세,부상신고,농기계,남,82세,중상
2020070500100440,2020년 7월 5일 22시,일요일,전라남도 여수시 미평동,경상사고,0,0,1,0,차대차 - 추돌,안전거리미확보,젖음/습기,기타,단일로 - 기타,승용,남,25세,경상,승용,남,55세,기타불명
2020070600100011,2020년 7월 6일 01시,월요일,전라남도 여수시 신기동,경상사고,0,0,3,0,차대차 - 추돌,안전운전불이행,건조,맑음,단일로 - 기타,승용,남,27세,상해없음,승용,남,21세,경상
2020070600100062,2020년 7월 6일 07시,월요일,전라남도 고흥군 과역면,사망사고,1,0,0,0,차량단독 - 전도전복 - 전도,안전운전불이행,건조,맑음,단일로 - 기타,화물,남,71세,사망,,,,
2020070600100101,2020년 7월 6일 08시,월요일,전라남도 순천시 가곡동,경상사고,0,0,1,0,차대차 - 기타,교차로운행방법위반,건조,맑음,교차로 - 교차로안,이륜,남,72세,경상,화물,남,65세,상해없음
2020070600100140,2020년 7월 6일 09시,월요일,전라남도 목포시 용당동,경상사고,0,0,2,0,차대차 - 기타,안전운전불이행,건조,맑음,단일로 - 기타,승용,남,80세,경상,승용,여,49세,경상
2020070600100141,2020년 7월 6일 09시,월요일,전라남도 여수시 학동,경상사고,0,0,2,0,차대차 - 측면충돌,교차로운행방법위반,건조,맑음,교차로 - 교차로안,화물,남,77세,상해없음,승용,여,44세,경상
2020070600100142,2020년 7월 6일 09시,월요일,전라남도 순천시 덕암동,경상사고,0,0,1,0,차대사람 - 기타,안전운전불이행,건조,맑음,단일로 - 기타,승합,남,44세,상해없음,보행자,남,51세,경상
2020070600100247,2020년 7월 6일 12시,월요일,전라남도 담양군 고서면,중상사고,0,2,1,0,차대차 - 정면충돌,중앙선침범,젖음/습기,흐림,단일로 - 기타,승용,남,51세,경상,승용,남,60세,중상
2020070600100274,2020년 7월 6일 13시,월요일,전라남도 영암군 삼호읍,경상사고,0,0,1,0,차대차 - 측면충돌,안전운전불이행,건조,흐림,교차로 - 교차로안,승용,여,40세,기타불명,승용,여,45세,경상
2020070600100377,2020년 7월 6일 16시,월요일,전라남도 광양시 중동,경상사고,0,0,1,0,차대차 - 측면충돌,안전운전불이행,건조,맑음,교차로 - 교차로부근,이륜,남,24세,경상,승용,남,69세,상해없음
2020070600100412,2020년 7월 6일 17시,월요일,전라남도 목포시 용당동,경상사고,0,0,1,0,차대차 - 측면충돌,안전운전불이행,건조,맑음,단일로 - 기타,자전거,남,80세,경상,승용,남,41세,상해없음
2020070600100454,2020년 7월 6일 18시,월요일,전라남도 목포시 용당동,경상사고,0,0,1,0,차대차 - 추돌,안전운전불이행,건조,맑음,단일로 - 기타,기타불명,기타불명,미분류,기타불명,승용,여,29세,경상
2020070600100455,2020년 7월 6일 18시,월요일,전라남도 무안군 삼향읍,중상사고,0,1,0,0,차대차 - 측면충돌,안전운전불이행,건조,맑음,교차로 - 교차로안,승용,여,22세,상해없음,자전거,남,12세,중상
2020070600100514,2020년 7월 6일 20시,월요일,전라남도 순천시 저전동,경상사고,0,0,1,0,차대차 - 기타,안전운전불이행,건조,기타,단일로 - 기타,자전거,남,94세,경상,승용,여,27세,상해없음