사고번호,사고일시,요일,시군구,사고내용,사망자수,중상자수,경상자수,부상신고자수,사고유형,법규위반,노면상태,기상상태,도로형태,가해운전자 차종,가해운전자 성별,가해운전자 연령,가해운전자 상해정도,피해운전자 차종,피해운전자 성별,피해운전자 연령,피해운전자 상해정도
2020070600100562,2020년 7월 6일 22시,월요일,전라남도 화순군 화순읍,경상사고,0,0,1,0,차대차 - 추돌,안전운전불이행,건조,맑음,단일로 - 기타,승용,남,20세,경상,승용,남,47세,상해없음
2020070700100031,2020년 7월 7일 04시,화요일,전라남도 목포시 옥암동,중상사고,0,1,0,0,차대차 - 정면충돌,안전운전불이행,건조,맑음,교차로 - 교차로안,승합,남,19세,상해없음,승용,남,60세,중상
2020070700100052,2020년 7월 7일 06시,화요일,전라남도 구례군 구례읍,경상사고,0,0,1,0,차대차 - 추돌,안전운전불이행,건조,맑음,기타 - 기타,화물,남,26세,상해없음,승용,남,61세,상해없음
2020070700100070,2020년 7월 7일 07시,화요일,전라남도 순천시 조례동,경상사고,0,0,1,0,차대차 - 기타,안전운전불이행,건조,맑음,단일로 - 기타,승용,남,25세,상해없음,승용,남,26세,경상
2020070700100071,2020년 7월 7일 07시,화요일,전라남도 장흥군 장흥읍,경상사고,0,0,1,0,차대차 - 측면충돌,직진우회전진행방해,건조,맑음,교차로 - 교차로안,자전거,여,41세,경상,승용,남,62세,상해없음
2020070700100112,2020년 7월 7일 08시,화요일,전라남도 여수시 여서동,중상사고,0,1,1,0,차대차 - 측면충돌,안전운전불이행,건조,맑음,교차로 - 교차로안,이륜,남,60세,중상,승용,남,68세,상해없음
2020070700100137,2020년 7월 7일 09시,화요일,전라남도 해남군 북평면,경상사고,0,0,1,0,차대사람 - 기타,안전운전불이행,건조,맑음,단일로 - 기타,승합,남,63세,기타불명,보행자,남,54세,경상
2020070700100191,2020년 7월 7일 11시,화요일,전라남도 장흥군 장흥읍,경상사고,0,0,2,0,차대차 - 측면충돌,교차로운행방법위반,건조,맑음,교차로 - 교차로안,승용,여,55세,경상,화물,남,67세,경상
2020070700100192,2020년 7월 7일 11시,화요일,전라남도 영광군 영광읍,경상사고,0,0,1,0,차대차 - 측면충돌,안전운전불이행,건조,맑음,교차로 - 교차로안,화물,남,51세,상해없음,이륜,남,64세,경상
2020070700100226,2020년 7월 7일 12시,화요일,전라남도 여수시 여서동,중상사고,0,1,0,0,차대사람 - 기타,안전운전불이행,건조,맑음,단일로 - 기타,승용,남,57세,상해없음,보행자,여,77세,중상
2020070700100255,2020년 7월 7일 13시,화요일,전라남도 곡성군 죽곡면,경상사고,0,0,1,0,차량단독 - 기타,안전운전불이행,건조,맑음,단일로 - 기타,승용,여,58세,경상,,,,
2020070700100256,2020년 7월 7일 13시,화요일,전라남도 무안군 무안읍,경상사고,0,0,1,0,차대차 - 후진중충돌,불법유턴,건조,맑음,교차로 - 교차로안,승용,남,62세,상해없음,승용,남,29세,경상
2020070700100287,2020년 7월 7일 14시,화요일,전라남도 무안군 무안읍,경상사고,0,0,1,0,차대차 - 측면충돌,안전운전불이행,건조,맑음,교차로 - 교차로안,이륜,남,86세,경상,화물,남,69세,상해없음
2020070700100288,2020년 7월 7일 14시,화요일,전라남도 광양시 중동,경상사고,0,0,1,0,차대사람 - 횡단중,안전운전불이행,건조,맑음,교차로 - 교차로부근,승용,남,28세,상해없음,보행자,여,32세,경상
2020070700100322,2020년 7월 7일 15시,화요일,전라남도 나주시 남평읍,경상사고,0,0,1,0,차대차 - 측면충돌,안전운전불이행,건조,맑음,교차로 - 교차로안,특수,남,37세,상해없음,이륜,남,60세,경상
2020070700100323,2020년 7월 7일 15시,화요일,전라남도 함평군 나산면,경상사고,0,0,2,0,차대차 - 정면충돌,안전운전불이행,건조,맑음,단일로 - 기타,승용,남,63세,경상,화물,남,58세,경상
2020070700100358,2020년 7월 7일 16시,화요일,전라남도 순천시 해룡면,중상사고,0,1,2,0,차대차 - 측면충돌,안전운전불이행,건조,맑음,교차로 - 교차로안,승용,여,67세,경상,승용,남,55세,경상
2020070700100399,2020년 7월 7일 17시,화요일,전라남도 장흥군 장흥읍,경상사고,0,0,1,0,차대차 - 측면충돌,안전거리미확보,건조,맑음,단일로 - 기타,승용,남,77세,상해없음,승용,남,25세,경상
2020070700100400,2020년 7월 7일 17시,화요일,전라남도 고흥군 동일면,중상사고,0,1,0,0,차량단독 - 공작물충돌,안전운전불이행,건조,맑음,단일로 - 기타,승용,여,67세,중상,,,,
2020070700100401,2020년 7월 7일 17시,화요일,전라남도 해남군 마산면,경상사고,0,0,4,0,차대차 - 정면충돌,중앙선침범,건조,맑음,단일로 - 기타,승용,남,23세,기타불명,승용,남,56세,경상
2020070700100402,2020년 7월 7일 17시,화요일,전라남도 광양시 중동,중상사고,0,1,0,0,차대사람 - 횡단중,보행자보호의무위반,건조,맑음,교차로 - 교차로횡단보도내,승용,남,30세,상해없음,보행자,남,6세,중상
2020070700100457,2020년 7월 7일 18시,화요일,전라남도 영암군 삼호읍,중상사고,0,1,0,0,차대차 - 측면충돌,신호위반,건조,맑음,교차로 - 교차로안,승용,남,34세,기타불명,승용,남,26세,상해없음
2020070700100458,2020년 7월 7일 18시,화요일,전라남도 광양시 중동,경상사고,0,0,1,1,차대차 - 측면충돌,신호위반,건조,맑음,교차로 - 교차로안,승용,남,60세,부상신고,승용,남,38세,경상
2020070700100526,2020년 7월 7일 20시,화요일,전라남도 목포시 용해동,경상사고,0,0,2,0,차대차 - 기타,안전거리미확보,건조,맑음,단일로 - 기타,승용,남,51세,경상,승용,여,54세,경상
2020070700100527,2020년 7월 7일 20시,화요일,전라남도 곡성군 곡성읍,중상사고,0,1,0,0,차량단독 - 공작물충돌,안전운전불이행,건조,맑음,교차로 - 교차로안,화물,남,49세,중상,,,,
2020070700100552,2020년 7월 7일 21시,화요일,전라남도 순천시 풍덕동,경상사고,0,0,1,0,차대차 - 측면충돌,안전운전불이행,젖음/습기,비,단일로 - 기타,승용,남,47세,상해없음,화물,남,48세,상해없음
2020070800100051,2020년 7월 8일 06시,수요일,전라남도 무안군 삼향읍,경상사고,0,0,1,0,차대차 - 기타,교차로운행방법위반,건조,맑음,교차로 - 교차로안,화물,여,47세,상해없음,승용,여,34세,경상
2020070800100074,2020년 7월 8일 07시,수요일,전라남도 여수시 학동,경상사고,0,0,3,0,차대차 - 추돌,안전운전불이행,건조,맑음,단일로 - 기타,이륜,남,57세,경상,승용,남,40세,경상
2020070800100075,2020년 7월 8일 07시,수요일,전라남도 순천시 연향동,경상사고,0,0,2,0,차대차 - 측면충돌,안전운전불이행,건조,맑음,교차로 - 교차로안,승용,여,31세,경상,승용,남,58세,경상
2020070800100076,2020년 7월 8일 07시,수요일,전라남도 보성군 벌교읍,경상사고,0,0,1,0,차대차 - 측면충돌,교차로운행방법위반,건조,맑음,교차로 - 교차로안,승용,여,68세,상해없음,자전거,남,71세,경상
2020070800100106,2020년 7월 8일 08시,수요일,전라남도 목포시 상동,경상사고,0,0,3,0,차대차 - 기타,안전운전불이행,건조,맑음,교차로 - 교차로안,승용,여,44세,경상,승용,여,40세,경상
2020070800100107,2020년 7월 8일 08시,수요일,전라남도 장흥군 대덕읍,경상사고,0,0,1,0,차대차 - 측면충돌,교차로운행방법위반,건조,맑음,교차로 - 교차로안,승용,남,77세,상해없음,승합,남,56세,경상
2020070800100108,2020년 7월 8일 08시,수요일,전라남도 강진군 칠량면,중상사고,0,1,0,0,차대차 - 측면충돌,교차로운행방법위반,건조,맑음,단일로 - 기타,이륜,남,87세,중상,화물,남,40세,상해없음
2020070800100142,2020년 7월 8일 09시,수요일,전라남도 해남군 옥천면,중상사고,0,1,1,0,차대차 - 측면충돌,교차로운행방법위반,건조,맑음,교차로 - 교차로안,승용,남,57세,기타불명,승용,여,35세,경상
2020070800100175,2020년 7월 8일 10시,수요일,전라남도 장흥군 장흥읍,경상사고,0,0,1,0,차량단독 - 도로외이탈 - 추락,안전운전불이행,건조,맑음,단일로 - 기타,자전거,남,73세,경상,,,,
2020070800100206,2020년 7월 8일 11시,수요일,전라남도 순천시 조례동,중상사고,0,1,0,0,차대차 - 측면충돌,안전운전불이행,건조,맑음,단일로 - 기타,승용,남,45세,상해없음,원동기,남,32세,중상
2020070800100242,2020년 7월 8일 12시,수요일,전라남도 함평군 엄다면,경상사고,0,0,2,0,차대차 - 측면충돌,기타,건조,맑음,교차로 - 교차로안,승용,여,27세,경상,화물,남,19세,상해없음
2020070800100269,2020년 7월 8일 13시,수요일,전라남도 보성군 보성읍,중상사고,0,1,0,0,차대차 - 후진중충돌,안전운전불이행,건조,맑음,단일로 - 기타,화물,남,53세,상해없음,이륜,남,82세,중상
2020070800100270,2020년 7월 8일 13시,수요일,전라남도 무안군 일로읍,경상사고,0,0,3,0,차대차 - 기타,안전운전불이행,건조,맑음,교차로 - 교차로안,승용,여,59세,상해없음,승용,여,42세,경상
2020070800100304,2020년 7월 8일 14시,수요일,전라남도 순천시 상사면,경상사고,0,0,1,0,차대차 - 측면충돌,중앙선침범,건조,맑음,단일로 - 기타,승용,남,74세,상해없음,승용,남,45세,경상
2020070800100305,2020년 7월 8일 14시,수요일,전라남도 보성군 회천면,경상사고,0,0,4,0,차대차 - 측면충돌,안전운전불이행,건조,맑음,단일로 - 기타,화물,남,34세,경상,농기계,남,52세,경상
2020070800100347,2020년 7월 8일 15시,수요일,전라남도 여수시 안산동,경상사고,0,0,1,0,차대차 - 측면충돌,안전운전불이행,건조,맑음,교차로 - 교차로부근,승용,남,70세,경상,승용,남,74세,상해없음
2020070800100348,2020년 7월 8일 15시,수요일,전라남도 장흥군 장흥읍,경상사고,0,0,1,0,차대차 - 측면충돌,안전운전불이행,건조,맑음,단일로 - 기타,이륜,남,85세,경상,승용,여,22세,상해없음
2020070800100349,2020년 7월 8일 15시,수요일,전라남도 영암군 삼호읍,경상사고,0,0,1,0,차대차 - 측면충돌,안전운전불이행,건조,맑음,교차로 - 교차로안,승용,여,48세,상해없음,승용,여,48세,경상
2020070800100350,2020년 7월 8일 15시,수요일,전라남도 광양시 광양읍,중상사고,0,1,0,0,차대차 - 측면충돌,교차로운행방법위반,건조,맑음,교차로 - 교차로안,승용,여,40세,상해없음,자전거,여,65세,중상
2020070800100394,2020년 7월 8일 16시,수요일,전라남도 목포시 용해동,경상사고,0,0,1,0,차대차 - 기타,안전운전불이행,건조,맑음,단일로 - 기타,승합,남,58세,상해없음,승용,여,26세,경상
2020070800100395,2020년 7월 8일 16시,수요일,전라남도 목포시 옥암동,중상사고,0,1,0,0,차량단독 - 공작물충돌,안전운전불이행,건조,맑음,단일로 - 기타,승용,남,50세,중상,,,,
2020070800100396,2020년 7월 8일 16시,수요일,전라남도 순천시 장천동,중상사고,0,1,1,0,차대차 - 추돌,안전운전불이행,건조,맑음,단일로 - 기타,승용,남,78세,상해없음,승용,남,30세,중상
2020070800100436,2020년 7월 8일 17시,수요일,전라남도 무안군 현경면,경상사고,0,0,1,0,차대차 - 기타,안전운전불이행,건조,맑음,단일로 - 기타,승용,남,25세,상해없음,건설기계,남,52세,경상
2020070800100485,2020년 7월 8일 18시,수요일,전라남도 여수시 남산동,중상사고,0,1,0,0,차대차 - 기타,신호위반,건조,맑음,교차로 - 교차로부근,승용,남,57세,상해없음,이륜,남,39세,중상
2020070800100486,2020년 7월 8일 18시,수요일,전라남도 나주시 대호동,경상사고,0,0,2,0,차대차 - 측면충돌,안전운전불이행,건조,맑음,교차로 - 교차로안,승용,여,34세,경상,화물,남,53세,경상
2020070800100487,2020년 7월 8일 18시,수요일,전라남도 장성군 황룡면,경상사고,0,0,1,0,차대차 - 후진중충돌,안전운전불이행,건조,맑음,주차장 - 주차장,화물,남,70세,상해없음,화물,남,39세,경상
2020070800100525,2020년 7월 8일 19시,수요일,전라남도 목포시 산정동,경상사고,0,0,2,0,차대차 - 후진중충돌,안전운전불이행,건조,맑음,단일로 - 기타,화물,남,38세,경상,승용,남,64세,경상
2020070800100526,2020년 7월 8일 19시,수요일,전라남도 순천시 조례동,경상사고,0,0,1,0,차대차 - 기타,안전운전불이행,건조,맑음,기타 - 기타,자전거,남,11세,경상,승용,남,41세,상해없음
2020070900100118,2020년 7월 9일 08시,목요일,전라남도 여수시 신월동,경상사고,0,0,3,0,차대차 - 측면충돌,안전운전불이행,건조,맑음,교차로 - 교차로안,승용,여,55세,상해없음,승용,여,63세,경상
2020070900100119,2020년 7월 9일 08시,목요일,전라남도 나주시 보산동,경상사고,0,0,1,0,차대차 - 측면충돌,안전거리미확보,건조,맑음,단일로 - 기타,화물,남,57세,상해없음,승용,여,31세,경상
2020070900100148,2020년 7월 9일 09시,목요일,전라남도 목포시 대양동,경상사고,0,0,2,1,차대차 - 측면충돌,안전거리미확보,건조,맑음,기타 - 기타,승용,남,25세,부상신고,승용,남,45세,경상
2020070900100149,2020년 7월 9일 09시,목요일,전라남도 목포시 무안동,경상사고,0,0,2,0,차대차 - 기타,직진우회전진행방해,건조,맑음,교차로 - 교차로안,승용,남,63세,상해없음,승용,여,46세,경상
2020070900100150,2020년 7월 9일 09시,목요일,전라남도 순천시 별량면,중상사고,0,1,0,0,차대사람 - 기타,안전운전불이행,건조,맑음,기타 - 기타,화물,남,69세,상해없음,보행자,여,57세,중상
2020070900100183,2020년 7월 9일 10시,목요일,전라남도 신안군 압해읍,중상사고,0,1,0,0,차량단독 - 기타,안전운전불이행,건조,맑음,단일로 - 기타,승용,여,64세,중상,,,,
2020070900100184,2020년 7월 9일 10시,목요일,전라남도 무안군 무안읍,중상사고,0,1,0,0,차대사람 - 횡단중,안전운전불이행,건조,맑음,단일로 - 기타,승용,여,56세,상해없음,보행자,여,71세,중상
2020070900100220,2020년 7월 9일 11시,목요일,전라남도 여수시 선원동,부상신고사고,0,0,0,1,차대사람 - 길가장자리구역통행중,안전운전불이행,건조,맑음,단일로 - 기타,기타불명,기타불명,미분류,기타불명,보행자,남,57세,부상신고
2020070900100221,2020년 7월 9일 11시,목요일,전라남도 장흥군 장흥읍,경상사고,0,0,1,0,차대사람 - 기타,안전운전불이행,건조,맑음,주차장 - 주차장,화물,남,34세,상해없음,보행자,남,37세,경상
2020070900100253,2020년 7월 9일 12시,목요일,전라남도 담양군 고서면,중상사고,0,2,1,1,차대차 - 측면충돌,교차로운행방법위반,건조,맑음,교차로 - 교차로안,승용,여,61세,중상,화물,남,71세,부상신고
2020070900100296,2020년 7월 9일 13시,목요일,전라남도 여수시 오림동,경상사고,0,0,2,0,차대차 - 추돌,안전운전불이행,건조,맑음,교차로 - 교차로부근,승용,여,31세,상해없음,승용,남,36세,경상
2020070900100297,2020년 7월 9일 13시,목요일,전라남도 나주시 세지면,중상사고,0,1,0,0,차대차 - 추돌,안전거리미확보,건조,맑음,교차로 - 교차로부근,화물,남,32세,중상,화물,남,48세,상해없음
2020070900100298,2020년 7월 9일 13시,목요일,전라남도 완도군 노화읍,경상사고,0,0,2,0,차량단독 - 공작물충돌,안전운전불이행,건조,맑음,단일로 - 기타,승용,여,50세,경상,,,,
2020070900100337,2020년 7월 9일 14시,목요일,전라남도 목포시 연산동,경상사고,0,0,1,0,차대차 - 측면충돌,교차로운행방법위반,건조,맑음,교차로 - 교차로안,승용,남,81세,상해없음,승용,남,46세,경상
2020070900100338,2020년 7월 9일 14시,목요일,전라남도 순천시 해룡면,중상사고,0,1,0,1,차대차 - 기타,신호위반,건조,맑음,교차로 - 교차로안,화물,남,47세,부상신고,승용,여,53세,중상
2020070900100378,2020년 7월 9일 15시,목요일,전라남도 목포시 상동,경상사고,0,0,3,0,차대차 - 기타,차로위반,건조,맑음,단일로 - 기타,승용,남,64세,경상,승용,남,30세,경상
2020070900100379,2020년 7월 9일 15시,목요일,전라남도 여수시 학동,경상사고,0,0,1,0,차대차 - 측면충돌,차로위반,건조,맑음,교차로 - 교차로안,승용,남,64세,상해없음,승용,남,23세,경상
2020070900100380,2020년 7월 9일 15시,목요일,전라남도 나주시 경현동,경상사고,0,0,2,0,차대차 - 추돌,안전운전불이행,건조,맑음,교차로 - 교차로부근,승용,남,19세,상해없음,화물,남,39세,경상
2020070900100381,2020년 7월 9일 15시,목요일,전라남도 강진군 대구면,경상사고,0,0,2,0,차대차 - 정면충돌,중앙선침범,젖음/습기,비,단일로 - 기타,승용,남,38세,경상,화물,남,73세,경상
2020070900100382,2020년 7월 9일 15시,목요일,전라남도 담양군 대전면,경상사고,0,0,2,0,차대차 - 측면충돌,기타,건조,흐림,교차로 - 교차로안,승용,남,48세,경상,화물,남,55세,경상
2020070900100427,2020년 7월 9일 16시,목요일,전라남도 여수시 소라면,경상사고,0,0,1,0,차대차 - 측면충돌,안전운전불이행,건조,맑음,교차로 - 교차로안,승용,여,53세,상해없음,승합,남,36세,경상
2020070900100428,2020년 7월 9일 16시,목요일,전라남도 순천시 연향동,경상사고,0,0,5,0,차대차 - 추돌,안전운전불이행,젖음/습기,비,교차로 - 교차로부근,승용,남,53세,상해없음,승용,여,46세,경상
2020070900100470,2020년 7월 9일 17시,목요일,전라남도 여수시 웅천동,경상사고,0,0,1,0,차대차 - 추돌,안전거리미확보,건조,맑음,단일로 - 기타,이륜,남,26세,상해없음,화물,여,28세,경상
2020070900100571,2020년 7월 9일 19시,목요일,전라남도 신안군 임자면,부상신고사고,0,0,0,1,차량단독 - 기타,안전운전불이행,건조,맑음,단일로 - 기타,승용,남,33세,부상신고,,,,
2020070900100572,2020년 7월 9일 19시,목요일,전라남도 여수시 웅천동,경상사고,0,0,3,0,차대차 - 측면충돌,안전운전불이행,젖음/습기,비,단일로 - 기타,승용,남,46세,상해없음,승용,남,65세,경상
2020070900100606,2020년 7월 9일 20시,목요일,전라남도 순천시 인월동,중상사고,0,1,0,0,차대차 - 측면충돌,중앙선침범,젖음/습기,안개,단일로 - 기타,승용,남,71세,상해없음,화물,남,72세,중상
2020070900100607,2020년 7월 9일 20시,목요일,전라남도 광양시 광양읍,경상사고,0,0,1,0,차대사람 - 횡단중,보행자보호의무위반,젖음/습기,비,교차로 - 교차로부근,화물,남,64세,상해없음,보행자,여,49세,경상
2020070900100660,2020년 7월 9일 22시,목요일,전라남도 목포시 산정동,중상사고,0,1,0,0,차대차 - 측면충돌,안전거리미확보,젖음/습기,비,단일로 - 기타,승용,남,46세,상해없음,이륜,남,37세,중상
2020070900100661,2020년 7월 9일 22시,목요일,전라남도 고흥군 고흥읍,경상사고,0,0,1,0,차량단독 - 도로외이탈 - 기타,안전운전불이행,젖음/습기,비,교차로 - 교차로부근,승용,여,55세,경상,,,,
2020071000100042,2020년 7월 10일 03시,금요일,전라남도 목포시 옥암동,경상사고,0,0,1,0,차대차 - 추돌,안전운전불이행,젖음/습기,비,단일로 - 기타,화물,남,37세,경상,화물,남,44세,상해없음
2020071000100047,2020년 7월 10일 04시,금요일,전라남도 목포시 옥암동,경상사고,0,0,1,0,차대사람 - 기타,안전운전불이행,건조,기타,주차장 - 주차장,승용,남,59세,상해없음,보행자,남,20세,경상
2020071000100074,2020년 7월 10일 07시,금요일,전라남도 목포시 용당동,중상사고,0,1,0,0,차대차 - 측면충돌,직진우회전진행방해,건조,맑음,교차로 - 교차로안,이륜,남,66세,중상,승용,남,39세,상해없음
2020071000100104,2020년 7월 10일 08시,금요일,전라남도 곡성군 옥과면,중상사고,0,1,0,0,차량단독 - 전도전복 - 전도,안전운전불이행,젖음/습기,비,교차로 - 교차로부근,이륜,남,63세,중상,,,,
2020071000100105,2020년 7월 10일 08시,금요일,전라남도 광양시 광양읍,경상사고,0,0,1,0,차대사람 - 차도통행중,안전운전불이행,젖음/습기,비,단일로 - 기타,승용,여,59세,상해없음,보행자,남,51세,경상
2020071000100143,2020년 7월 10일 09시,금요일,전라남도 목포시 산정동,경상사고,0,0,3,0,차대차 - 기타,안전운전불이행,건조,맑음,단일로 - 기타,승용,여,42세,경상,승용,남,67세,경상
2020071000100144,2020년 7월 10일 09시,금요일,전라남도 순천시 조곡동,경상사고,0,0,1,0,차대차 - 기타,안전거리미확보,건조,맑음,단일로 - 기타,승용,남,69세,경상,승합,남,65세,상해없음
2020071000100145,2020년 7월 10일 09시,금요일,전라남도 무안군 무안읍,중상사고,0,1,0,0,차대차 - 기타,안전운전불이행,건조,맑음,교차로 - 교차로안,승용,남,67세,상해없음,이륜,남,90세,중상
2020071000100173,2020년 7월 10일 10시,금요일,전라남도 목포시 상동,중상사고,0,1,0,0,차대사람 - 기타,안전운전불이행,건조,맑음,단일로 - 기타,승용,남,58세,기타불명,보행자,남,66세,중상
2020071000100174,2020년 7월 10일 10시,금요일,전라남도 순천시 조례동,경상사고,0,0,1,0,차대사람 - 기타,안전운전불이행,건조,맑음,교차로 - 교차로부근,승용,남,75세,상해없음,보행자,남,20세,경상
2020071000100214,2020년 7월 10일 11시,금요일,전라남도 담양군 담양읍,경상사고,0,0,1,0,차대차 - 측면충돌,교차로운행방법위반,건조,맑음,교차로 - 교차로안,승용,남,80세,상해없음,승용,여,31세,경상
2020071000100215,2020년 7월 10일 11시,금요일,전라남도 광양시 중동,경상사고,0,0,1,0,차대차 - 기타,교차로운행방법위반,젖음/습기,흐림,교차로 - 교차로안,이륜,남,42세,경상,승용,남,52세,상해없음
2020071000100242,2020년 7월 10일 12시,금요일,전라남도 여수시 봉계동,경상사고,0,0,3,0,차대차 - 추돌,안전운전불이행,건조,맑음,단일로 - 기타,승용,여,54세,상해없음,승용,여,47세,경상
2020071000100243,2020년 7월 10일 12시,금요일,전라남도 영암군 영암읍,경상사고,0,0,1,0,차대사람 - 횡단중,안전운전불이행,건조,기타,교차로 - 교차로안,승용,남,67세,상해없음,보행자,여,84세,경상
2020071000100306,2020년 7월 10일 14시,금요일,전라남도 목포시 상동,경상사고,0,0,1,0,차대사람 - 기타,안전운전불이행,건조,맑음,단일로 - 기타,승용,여,63세,기타불명,보행자,남,68세,경상
2020071000100307,2020년 7월 10일 14시,금요일,전라남도 광양시 중동,경상사고,0,0,1,0,차대사람 - 횡단중,신호위반,건조,맑음,교차로 - 교차로횡단보도내,승용,남,65세,상해없음,보행자,남,9세,경상
2020071000100352,2020년 7월 10일 15시,금요일,전라남도 여수시 학동,경상사고,0,0,1,0,차대차 - 측면충돌,차로위반,건조,맑음,교차로 - 교차로안,승용,여,49세,상해없음,승용,남,49세,경상
2020071000100353,2020년 7월 10일 15시,금요일,전라남도 영광군 영광읍,중상사고,0,2,1,0,차대차 - 추돌,안전운전불이행,건조,맑음,단일로 - 기타,화물,남,27세,중상,화물,남,48세,경상
2020071000100354,2020년 7월 10일 15시,금요일,전라남도 영광군 영광읍,경상사고,0,0,2,0,차대차 - 측면충돌,기타,건조,맑음,교차로 - 교차로안,승용,여,51세,경상,승용,여,55세,경상
2020071000100392,2020년 7월 10일 16시,금요일,전라남도 영암군 영암읍,경상사고,0,0,2,0,차대차 - 추돌,안전운전불이행,건조,맑음,단일로 - 기타,화물,남,73세,상해없음,승용,남,67세,경상
2020071000100393,2020년 7월 10일 16시,금요일,전라남도 담양군 금성면,경상사고,0,0,1,0,차대차 - 측면충돌,교차로운행방법위반,건조,맑음,교차로 - 교차로안,승용,남,58세,상해없음,화물,남,52세,경상
2020071000100453,2020년 7월 10일 17시,금요일,전라남도 나주시 용산동,중상사고,0,1,0,0,차대차 - 측면충돌,안전운전불이행,건조,맑음,교차로 - 교차로안,승용,여,55세,상해없음,자전거,남,7세,중상
2020071000100501,2020년 7월 10일 18시,금요일,전라남도 목포시 상동,경상사고,0,0,2,0,차대차 - 측면충돌,신호위반,건조,맑음,교차로 - 교차로안,이륜,남,45세,경상,이륜,남,24세,경상
2020071000100502,2020년 7월 10일 18시,금요일,전라남도 여수시 신기동,경상사고,0,0,1,0,차대차 - 측면충돌,교차로운행방법위반,건조,맑음,교차로 - 교차로안,승용,남,20세,상해없음,승용,여,32세,경상
2020071000100538,2020년 7월 10일 19시,금요일,전라남도 목포시 산정동,경상사고,0,0,1,0,차대차 - 측면충돌,안전운전불이행,건조,맑음,단일로 - 기타,자전거,남,12세,상해없음,자전거,여,40세,경상
2020071000100539,2020년 7월 10일 19시,금요일,전라남도 목포시 용해동,경상사고,0,0,4,0,차대차 - 추돌,안전운전불이행,건조,맑음,교차로 - 교차로부근,화물,남,59세,상해없음,화물,남,32세,경상
2020071000100540,2020년 7월 10일 19시,금요일,전라남도 무안군 무안읍,경상사고,0,0,1,0,차대차 - 기타,안전운전불이행,건조,맑음,기타 - 기타,승용,여,42세,상해없음,승용,여,53세,경상
2020071000100568,2020년 7월 10일 20시,금요일,전라남도 여수시 돌산읍,경상사고,0,0,1,0,차대차 - 추돌,안전운전불이행,건조,맑음,교차로 - 교차로안,승용,남,71세,상해없음,승용,남,39세,경상
2020071000100640,2020년 7월 10일 22시,금요일,전라남도 나주시 남평읍,부상신고사고,0,0,0,1,차대사람 - 기타,안전운전불이행,건조,맑음,교차로 - 교차로안,승용,남,45세,상해없음,보행자,남,30세,부상신고
2020071000100666,2020년 7월 10일 23시,금요일,전라남도 강진군 강진읍,중상사고,0,1,0,0,차대사람 - 기타,안전운전불이행,건조,맑음,단일로 - 기타,승용,남,25세,상해없음,보행자,남,21세,중상
2020071100100012,2020년 7월 11일 00시,토요일,전라남도 목포시 용당동,경상사고,0,0,1,0,차대사람 - 기타,안전운전불이행,건조,맑음,단일로 - 기타,승용,여,51세,상해없음,보행자,여,58세,경상
2020071100100013,2020년 7월 11일 00시,토요일,전라남도 목포시 옥암동,경상사고,0,0,3,0,차대차 - 기타,직진우회전진행방해,건조,맑음,교차로 - 교차로안,승용,남,56세,경상,승용,남,20세,경상
2020071100100061,2020년 7월 11일 03시,토요일,전라남도 무안군 운남면,사망사고,1,1,0,0,차량단독 - 공작물충돌,안전운전불이행,건조,맑음,단일로 - 기타,승용,남,57세,사망,,,,
2020071100100080,2020년 7월 11일 05시,토요일,전라남도 장흥군 관산읍,경상사고,0,0,2,0,차대차 - 측면충돌,신호위반,젖음/습기,흐림,교차로 - 교차로안,화물,남,72세,경상,승용,남,38세,경상
2020071100100091,2020년 7월 11일 06시,토요일,전라남도 광양시 광양읍,경상사고,0,0,2,0,차대차 - 측면충돌,신호위반,건조,맑음,교차로 - 교차로안,건설기계,남,47세,경상,승용,남,20세,경상
2020071100100092,2020년 7월 11일 06시,토요일,전라남도 광양시 광양읍,경상사고,0,0,1,0,차대차 - 측면충돌,교차로운행방법위반,건조,맑음,교차로 - 교차로안,승용,여,39세,상해없음,승용,남,22세,경상
2020071100100104,2020년 7월 11일 07시,토요일,전라남도 나주시 공산면,경상사고,0,0,1,0,차량단독 - 전도전복 - 전도,안전운전불이행,건조,맑음,단일로 - 기타,개인형이동수단(PM),남,53세,경상,,,,
2020071100100170,2020년 7월 11일 10시,토요일,전라남도 목포시 석현동,경상사고,0,0,1,0,차대차 - 기타,안전운전불이행,건조,맑음,단일로 - 기타,화물,남,46세,상해없음,승용,여,30세,경상
2020071100100171,2020년 7월 11일 10시,토요일,전라남도 목포시 용당동,경상사고,0,0,1,0,차대사람 - 차도통행중,안전운전불이행,건조,맑음,단일로 - 기타,화물,남,62세,상해없음,보행자,남,54세,경상
2020071100100172,2020년 7월 11일 10시,토요일,전라남도 순천시 해룡면,경상사고,0,0,2,0,차대차 - 측면충돌,안전운전불이행,건조,맑음,교차로 - 교차로부근,승용,남,41세,상해없음,승용,남,26세,경상
2020071100100173,2020년 7월 11일 10시,토요일,전라남도 장흥군 관산읍,경상사고,0,0,1,0,차대차 - 후진중충돌,안전운전불이행,건조,맑음,주차장 - 주차장,승용,남,57세,상해없음,승용,남,75세,경상
2020071100100215,2020년 7월 11일 11시,토요일,전라남도 목포시 양동,중상사고,0,1,0,0,차대사람 - 횡단중,신호위반,건조,맑음,단일로 - 기타,승용,여,75세,상해없음,보행자,남,7세,중상