사고번호,사고일시,요일,시군구,사고내용,사망자수,중상자수,경상자수,부상신고자수,사고유형,법규위반,노면상태,기상상태,도로형태,가해운전자 차종,가해운전자 성별,가해운전자 연령,가해운전자 상해정도,피해운전자 차종,피해운전자 성별,피해운전자 연령,피해운전자 상해정도
2020072100100403,2020년 7월 21일 16시,화요일,전라남도 광양시 광양읍,경상사고,0,0,2,0,차대차 - 추돌,안전거리미확보,건조,맑음,단일로 - 기타,이륜,남,72세,경상,승용,여,55세,경상
2020072100100433,2020년 7월 21일 17시,화요일,전라남도 순천시 조례동,경상사고,0,0,1,0,차대차 - 측면충돌,안전운전불이행,건조,맑음,교차로 - 교차로부근,승용,남,31세,상해없음,승용,여,37세,경상
2020072100100552,2020년 7월 21일 20시,화요일,전라남도 영광군 영광읍,중상사고,0,2,0,0,차대차 - 추돌,안전거리미확보,건조,흐림,단일로 - 기타,화물,남,61세,중상,농기계,남,54세,중상
2020072100100598,2020년 7월 21일 22시,화요일,전라남도 나주시 빛가람동,경상사고,0,0,1,0,차대차 - 측면충돌,신호위반,젖음/습기,흐림,교차로 - 교차로안,승용,남,37세,상해없음,승용,여,60세,경상
2020072100100599,2020년 7월 21일 22시,화요일,전라남도 장성군 장성읍,경상사고,0,0,1,1,차대차 - 기타,직진우회전진행방해,젖음/습기,비,교차로 - 교차로안,승용,여,55세,부상신고,승용,남,41세,경상
2020072200100042,2020년 7월 22일 03시,수요일,전라남도 순천시 조례동,경상사고,0,0,1,0,차대차 - 추돌,안전운전불이행,젖음/습기,비,교차로 - 교차로부근,승용,남,50세,상해없음,승용,남,43세,경상
2020072200100074,2020년 7월 22일 06시,수요일,전라남도 영암군 영암읍,경상사고,0,0,1,0,차대차 - 측면충돌,안전운전불이행,젖음/습기,비,교차로 - 교차로안,화물,남,45세,상해없음,화물,남,60세,경상
2020072200100091,2020년 7월 22일 07시,수요일,전라남도 장성군 황룡면,경상사고,0,0,2,0,차대차 - 측면충돌,안전운전불이행,건조,맑음,단일로 - 기타,승용,여,46세,경상,승용,남,48세,경상
2020072200100178,2020년 7월 22일 09시,수요일,전라남도 무안군 삼향읍,경상사고,0,0,2,0,차대차 - 측면충돌,과속,젖음/습기,흐림,교차로 - 교차로안,승용,남,35세,경상,승용,여,33세,경상
2020072200100278,2020년 7월 22일 12시,수요일,전라남도 여수시 봉계동,경상사고,0,0,1,0,차대차 - 측면충돌,안전운전불이행,젖음/습기,흐림,교차로 - 교차로부근,승용,남,61세,상해없음,화물,남,52세,경상
2020072200100307,2020년 7월 22일 13시,수요일,전라남도 순천시 서면,경상사고,0,0,4,0,차대차 - 기타,안전운전불이행,젖음/습기,비,기타 - 기타,승용,남,21세,상해없음,승용,남,44세,경상
2020072200100332,2020년 7월 22일 14시,수요일,전라남도 곡성군 삼기면,경상사고,0,0,2,0,차대차 - 측면충돌,안전운전불이행,젖음/습기,비,단일로 - 기타,승용,남,51세,경상,승용,남,54세,경상
2020072200100333,2020년 7월 22일 14시,수요일,전라남도 광양시 광양읍,중상사고,0,1,0,0,차량단독 - 공작물충돌,안전운전불이행,젖음/습기,비,교차로 - 교차로안,화물,남,40세,중상,,,,
2020072200100374,2020년 7월 22일 15시,수요일,전라남도 신안군 임자면,경상사고,0,0,2,0,차대차 - 후진중충돌,안전운전불이행,젖음/습기,비,단일로 - 기타,화물,남,63세,상해없음,승용,남,72세,경상
2020072200100375,2020년 7월 22일 15시,수요일,전라남도 여수시 학동,경상사고,0,0,1,0,차대차 - 추돌,차로위반,건조,맑음,단일로 - 기타,승용,여,61세,상해없음,승용,여,59세,경상
2020072200100444,2020년 7월 22일 17시,수요일,전라남도 목포시 용당동,중상사고,0,1,1,0,차대차 - 기타,신호위반,건조,맑음,교차로 - 교차로안,승용,남,32세,경상,기타불명,남,16세,중상
2020072200100445,2020년 7월 22일 17시,수요일,전라남도 나주시 중앙동,경상사고,0,0,1,0,차대사람 - 기타,안전운전불이행,젖음/습기,비,교차로 - 교차로안,화물,남,62세,상해없음,보행자,남,44세,경상
2020072200100496,2020년 7월 22일 18시,수요일,전라남도 목포시 용당동,중상사고,0,1,1,0,차대차 - 기타,안전운전불이행,건조,맑음,단일로 - 기타,이륜,남,19세,중상,승용,여,51세,경상
2020072200100538,2020년 7월 22일 19시,수요일,전라남도 여수시 안산동,중상사고,0,1,0,0,차대차 - 추돌,안전운전불이행,건조,맑음,단일로 - 기타,승용,남,56세,상해없음,승용,여,40세,중상
2020072200100539,2020년 7월 22일 19시,수요일,전라남도 담양군 수북면,경상사고,0,0,1,0,차량단독 - 공작물충돌,기타,젖음/습기,흐림,교차로 - 교차로안,승용,여,47세,경상,,,,
2020072200100663,2020년 7월 22일 23시,수요일,전라남도 여수시 화장동,경상사고,0,0,1,0,차대차 - 추돌,안전운전불이행,젖음/습기,비,교차로 - 교차로부근,승용,여,44세,상해없음,승용,남,27세,경상
2020072300100041,2020년 7월 23일 03시,목요일,전라남도 순천시 덕암동,중상사고,0,2,1,0,차대차 - 추돌,안전운전불이행,건조,흐림,단일로 - 기타,승용,남,18세,상해없음,화물,남,69세,기타불명
2020072300100057,2020년 7월 23일 05시,목요일,전라남도 목포시 옥암동,경상사고,0,0,3,0,차대차 - 기타,직진우회전진행방해,젖음/습기,비,교차로 - 교차로안,승용,남,33세,경상,화물,남,46세,경상
2020072300100115,2020년 7월 23일 08시,목요일,전라남도 해남군 화원면,경상사고,0,0,1,0,차대차 - 추돌,안전운전불이행,젖음/습기,비,단일로 - 기타,승용,남,24세,상해없음,승용,남,53세,경상
2020072300100170,2020년 7월 23일 10시,목요일,전라남도 장성군 남면,경상사고,0,0,1,0,차대차 - 기타,안전운전불이행,젖음/습기,비,단일로 - 기타,승용,남,54세,상해없음,승용,남,38세,경상
2020072300100224,2020년 7월 23일 12시,목요일,전라남도 담양군 대전면,경상사고,0,0,2,0,차대차 - 측면충돌,직진우회전진행방해,젖음/습기,비,교차로 - 교차로안,승용,남,58세,경상,승용,남,55세,경상
2020072300100253,2020년 7월 23일 13시,목요일,전라남도 함평군 신광면,중상사고,0,1,1,0,차대차 - 측면충돌,안전운전불이행,젖음/습기,비,단일로 - 기타,승용,남,28세,상해없음,승용,여,50세,중상
2020072300100286,2020년 7월 23일 14시,목요일,전라남도 목포시 달동,경상사고,0,0,1,0,차대차 - 추돌,안전운전불이행,건조,맑음,교차로 - 교차로부근,화물,남,53세,상해없음,화물,남,60세,경상
2020072300100317,2020년 7월 23일 15시,목요일,전라남도 목포시 상동,경상사고,0,0,1,0,차대사람 - 횡단중,신호위반,젖음/습기,흐림,교차로 - 교차로횡단보도내,이륜,남,45세,상해없음,보행자,여,64세,경상
2020072300100318,2020년 7월 23일 15시,목요일,전라남도 보성군 보성읍,중상사고,0,1,0,0,차대차 - 측면충돌,과속,젖음/습기,비,교차로 - 교차로안,승용,남,31세,상해없음,화물,남,51세,중상
2020072300100350,2020년 7월 23일 16시,목요일,전라남도 고흥군 점암면,경상사고,0,0,3,0,차대차 - 기타,안전운전불이행,젖음/습기,비,단일로 - 기타,승합,남,61세,경상,화물,남,67세,경상
2020072300100351,2020년 7월 23일 16시,목요일,전라남도 영암군 삼호읍,경상사고,0,0,2,0,차대차 - 추돌,안전운전불이행,건조,흐림,교차로 - 교차로부근,화물,남,46세,상해없음,화물,여,57세,경상
2020072300100397,2020년 7월 23일 17시,목요일,전라남도 목포시 상동,경상사고,0,0,2,0,차대차 - 측면충돌,안전운전불이행,건조,맑음,단일로 - 기타,승용,남,56세,경상,승용,여,25세,경상
2020072300100398,2020년 7월 23일 17시,목요일,전라남도 영암군 학산면,부상신고사고,0,0,0,1,차량단독 - 공작물충돌,안전운전불이행,젖음/습기,흐림,기타 - 기타,승용,남,27세,부상신고,,,,
2020072300100442,2020년 7월 23일 18시,목요일,전라남도 순천시 서면,중상사고,0,1,0,0,차량단독 - 공작물충돌,안전운전불이행,젖음/습기,비,단일로 - 기타,화물,남,53세,중상,,,,
2020072300100443,2020년 7월 23일 18시,목요일,전라남도 장성군 장성읍,경상사고,0,0,1,0,차대차 - 추돌,안전운전불이행,젖음/습기,비,단일로 - 기타,승용,여,26세,상해없음,승용,남,27세,경상
2020072300100444,2020년 7월 23일 18시,목요일,전라남도 광양시 광양읍,경상사고,0,0,1,0,차대차 - 추돌,안전거리미확보,젖음/습기,비,교차로 - 교차로부근,승용,남,43세,상해없음,승용,여,37세,경상
2020072300100445,2020년 7월 23일 18시,목요일,전라남도 광양시 황길동,사망사고,1,0,0,0,차량단독 - 공작물충돌,안전운전불이행,젖음/습기,비,단일로 - 기타,승용,여,23세,사망,,,,
2020072300100546,2020년 7월 23일 20시,목요일,전라남도 영광군 홍농읍,경상사고,0,0,1,0,차대사람 - 횡단중,안전운전불이행,젖음/습기,흐림,교차로 - 교차로부근,승용,남,53세,상해없음,보행자,여,68세,경상
2020072300100691,2020년 7월 23일 23시,목요일,전라남도 목포시 용당동,경상사고,0,0,1,0,차대차 - 기타,신호위반,젖음/습기,비,교차로 - 교차로안,승용,여,52세,상해없음,원동기,남,21세,경상
2020072300100692,2020년 7월 23일 23시,목요일,전라남도 곡성군 오곡면,중상사고,0,1,0,0,차량단독 - 전도전복 - 전도,안전운전불이행,젖음/습기,비,단일로 - 기타,사륜오토바이(ATV),남,57세,중상,,,,
2020072400100063,2020년 7월 24일 06시,금요일,전라남도 광양시 마동,중상사고,0,1,6,0,차대차 - 측면충돌,신호위반,젖음/습기,비,교차로 - 교차로안,승용,남,39세,경상,승용,남,49세,경상
2020072400100076,2020년 7월 24일 07시,금요일,전라남도 목포시 산정동,경상사고,0,0,1,0,차대차 - 측면충돌,신호위반,젖음/습기,흐림,교차로 - 교차로안,승용,남,69세,상해없음,승용,남,42세,경상
2020072400100151,2020년 7월 24일 10시,금요일,전라남도 목포시 연산동,경상사고,0,0,1,0,차대차 - 측면충돌,안전운전불이행,젖음/습기,비,교차로 - 교차로부근,승용,여,33세,상해없음,승용,여,51세,경상
2020072400100152,2020년 7월 24일 10시,금요일,전라남도 순천시 해룡면,경상사고,0,0,3,0,차대차 - 측면충돌,직진우회전진행방해,젖음/습기,비,교차로 - 교차로안,승용,여,52세,경상,승용,남,59세,경상
2020072400100153,2020년 7월 24일 10시,금요일,전라남도 화순군 능주면,경상사고,0,0,1,1,차대차 - 측면충돌,안전운전불이행,건조,맑음,교차로 - 교차로안,화물,남,69세,부상신고,화물,남,62세,경상
2020072400100154,2020년 7월 24일 10시,금요일,전라남도 광양시 광양읍,경상사고,0,0,1,0,차대차 - 후진중충돌,안전운전불이행,건조,맑음,단일로 - 기타,승용,남,80세,상해없음,승용,여,43세,경상
2020072400100187,2020년 7월 24일 11시,금요일,전라남도 해남군 현산면,중상사고,0,1,1,0,차대차 - 정면충돌,직진우회전진행방해,젖음/습기,흐림,교차로 - 교차로안,이륜,남,81세,중상,화물,남,37세,상해없음
2020072400100188,2020년 7월 24일 11시,금요일,전라남도 보성군 회천면,경상사고,0,0,5,0,차대차 - 측면충돌,안전거리미확보,건조,맑음,단일로 - 기타,승용,여,61세,경상,승용,여,61세,경상
2020072400100215,2020년 7월 24일 12시,금요일,전라남도 목포시 죽교동,경상사고,0,0,1,0,차대차 - 기타,직진우회전진행방해,젖음/습기,비,교차로 - 교차로안,승용,남,49세,상해없음,승용,남,62세,상해없음
2020072400100216,2020년 7월 24일 12시,금요일,전라남도 목포시 용당동,경상사고,0,0,2,0,차대차 - 기타,안전운전불이행,건조,흐림,교차로 - 교차로부근,화물,남,63세,상해없음,화물,남,55세,경상
2020072400100217,2020년 7월 24일 12시,금요일,전라남도 목포시 석현동,경상사고,0,0,1,0,차대차 - 측면충돌,안전운전불이행,젖음/습기,비,단일로 - 지하차도(도로)내,화물,남,25세,상해없음,승용,남,46세,경상
2020072400100218,2020년 7월 24일 12시,금요일,전라남도 순천시 연향동,경상사고,0,0,2,0,차대차 - 측면충돌,안전운전불이행,젖음/습기,비,단일로 - 기타,승용,여,55세,상해없음,승용,여,47세,경상
2020072400100219,2020년 7월 24일 12시,금요일,전라남도 순천시 조곡동,경상사고,0,0,3,0,차대차 - 측면충돌,안전운전불이행,건조,맑음,교차로 - 교차로안,승용,남,66세,상해없음,승용,남,35세,경상
2020072400100220,2020년 7월 24일 12시,금요일,전라남도 화순군 화순읍,중상사고,0,1,5,1,차대차 - 정면충돌,신호위반,젖음/습기,비,교차로 - 교차로부근,승용,여,62세,부상신고,승용,남,60세,경상
2020072400100221,2020년 7월 24일 12시,금요일,전라남도 강진군 군동면,경상사고,0,0,1,1,차대차 - 측면충돌,직진우회전진행방해,젖음/습기,비,교차로 - 교차로안,승용,여,60세,부상신고,승용,여,35세,경상
2020072400100247,2020년 7월 24일 13시,금요일,전라남도 여수시 율촌면,경상사고,0,0,1,0,차량단독 - 공작물충돌,안전운전불이행,젖음/습기,비,단일로 - 기타,승용,남,67세,경상,,,,
2020072400100269,2020년 7월 24일 14시,금요일,전라남도 목포시 용당동,중상사고,0,1,0,0,차대차 - 기타,교차로운행방법위반,젖음/습기,비,교차로 - 교차로안,승용,남,41세,상해없음,이륜,남,34세,중상
2020072400100342,2020년 7월 24일 16시,금요일,전라남도 여수시 주삼동,경상사고,0,0,2,0,차대차 - 추돌,안전운전불이행,젖음/습기,비,교차로 - 교차로부근,화물,남,58세,상해없음,승용,여,46세,경상
2020072400100343,2020년 7월 24일 16시,금요일,전라남도 무안군 청계면,경상사고,0,0,1,0,차대차 - 기타,안전운전불이행,젖음/습기,비,교차로 - 교차로부근,승용,남,50세,상해없음,승용,남,35세,경상
2020072400100379,2020년 7월 24일 17시,금요일,전라남도 여수시 돌산읍,경상사고,0,0,1,0,차대차 - 측면충돌,교차로운행방법위반,젖음/습기,흐림,교차로 - 교차로안,승용,여,23세,상해없음,승합,남,55세,경상
2020072400100380,2020년 7월 24일 17시,금요일,전라남도 화순군 동면,부상신고사고,0,0,0,1,차량단독 - 기타,안전운전불이행,건조,맑음,단일로 - 기타,사륜오토바이(ATV),남,79세,부상신고,,,,
2020072400100381,2020년 7월 24일 17시,금요일,전라남도 함평군 함평읍,중상사고,0,1,1,0,차대차 - 측면충돌,교차로운행방법위반,젖음/습기,비,교차로 - 교차로안,승용,남,59세,경상,화물,남,71세,중상
2020072400100432,2020년 7월 24일 18시,금요일,전라남도 순천시 연향동,경상사고,0,0,1,0,차대차 - 측면충돌,직진우회전진행방해,젖음/습기,비,교차로 - 교차로안,승용,여,65세,경상,승용,남,60세,상해없음
2020072400100433,2020년 7월 24일 18시,금요일,전라남도 영광군 법성면,경상사고,0,0,1,0,차대차 - 측면충돌,안전운전불이행,건조,흐림,교차로 - 교차로안,승용,남,46세,상해없음,승용,남,31세,경상
2020072400100434,2020년 7월 24일 18시,금요일,전라남도 담양군 가사문학면,부상신고사고,0,0,0,1,차대차 - 기타,안전운전불이행,건조,맑음,교차로 - 교차로부근,원동기,남,58세,부상신고,승용,여,60세,상해없음
2020072400100435,2020년 7월 24일 18시,금요일,전라남도 광양시 황금동,경상사고,0,0,1,0,차대차 - 추돌,안전운전불이행,젖음/습기,비,단일로 - 기타,특수,남,58세,경상,특수,남,51세,상해없음
2020072400100484,2020년 7월 24일 19시,금요일,전라남도 목포시 옥암동,경상사고,0,0,3,0,차대차 - 기타,신호위반,건조,흐림,단일로 - 기타,승용,남,59세,경상,승용,여,51세,경상
2020072400100517,2020년 7월 24일 20시,금요일,전라남도 나주시 경현동,경상사고,0,0,2,0,차대차 - 측면충돌,직진우회전진행방해,젖음/습기,비,교차로 - 교차로안,승용,남,63세,상해없음,승용,남,57세,경상
2020072400100518,2020년 7월 24일 20시,금요일,전라남도 화순군 화순읍,중상사고,0,1,0,0,차대차 - 정면충돌,중앙선침범,건조,흐림,단일로 - 기타,승용,남,37세,상해없음,이륜,남,24세,중상
2020072400100567,2020년 7월 24일 21시,금요일,전라남도 목포시 옥암동,중상사고,0,1,0,0,차대차 - 기타,안전운전불이행,젖음/습기,비,교차로 - 교차로안,승용,남,62세,상해없음,이륜,남,43세,중상
2020072400100568,2020년 7월 24일 21시,금요일,전라남도 순천시 오천동,경상사고,0,0,5,0,차대차 - 측면충돌,안전거리미확보,젖음/습기,흐림,교차로 - 교차로안,승용,남,38세,상해없음,승용,남,46세,경상
2020072500100010,2020년 7월 25일 00시,토요일,전라남도 목포시 산정동,경상사고,0,0,2,0,차대차 - 기타,안전운전불이행,건조,흐림,교차로 - 교차로부근,이륜,남,16세,경상,승용,남,50세,상해없음
2020072500100011,2020년 7월 25일 00시,토요일,전라남도 순천시 풍덕동,경상사고,0,0,2,0,차대차 - 측면충돌,직진우회전진행방해,건조,맑음,교차로 - 교차로안,승용,남,44세,경상,승용,남,55세,상해없음
2020072500100037,2020년 7월 25일 01시,토요일,전라남도 목포시 산정동,경상사고,0,0,1,0,차대차 - 기타,안전운전불이행,건조,맑음,단일로 - 기타,승용,남,23세,상해없음,승용,여,60세,경상
2020072500100057,2020년 7월 25일 02시,토요일,전라남도 순천시 연향동,사망사고,1,0,0,0,차대차 - 기타,안전운전불이행,젖음/습기,비,단일로 - 기타,승용,남,26세,상해없음,승용,남,38세,기타불명
2020072500100074,2020년 7월 25일 03시,토요일,전라남도 목포시 옥암동,중상사고,0,1,0,0,차대차 - 기타,신호위반,건조,맑음,교차로 - 교차로안,승용,남,35세,상해없음,자전거,남,41세,중상
2020072500100075,2020년 7월 25일 03시,토요일,전라남도 순천시 연향동,경상사고,0,0,2,0,차대사람 - 차도통행중,안전운전불이행,건조,맑음,단일로 - 기타,승용,남,37세,상해없음,보행자,여,47세,경상
2020072500100118,2020년 7월 25일 07시,토요일,전라남도 여수시 둔덕동,사망사고,1,0,0,0,차대사람 - 횡단중,보행자보호의무위반,젖음/습기,흐림,교차로 - 교차로안,화물,남,58세,상해없음,보행자,여,80세,사망
2020072500100133,2020년 7월 25일 08시,토요일,전라남도 장흥군 장흥읍,경상사고,0,0,1,0,차대차 - 측면충돌,안전운전불이행,젖음/습기,흐림,단일로 - 기타,승용,남,39세,상해없음,이륜,남,19세,경상
2020072500100160,2020년 7월 25일 09시,토요일,전라남도 강진군 대구면,중상사고,0,1,0,0,차량단독 - 도로외이탈 - 기타,안전운전불이행,건조,맑음,단일로 - 기타,농기계,남,77세,중상,,,,
2020072500100161,2020년 7월 25일 09시,토요일,전라남도 담양군 금성면,경상사고,0,0,2,0,차대차 - 측면충돌,교차로운행방법위반,젖음/습기,맑음,교차로 - 교차로안,건설기계,남,61세,경상,특수,남,58세,경상
2020072500100216,2020년 7월 25일 11시,토요일,전라남도 화순군 화순읍,중상사고,0,1,5,0,차대차 - 추돌,안전운전불이행,젖음/습기,비,단일로 - 기타,승용,남,53세,상해없음,승용,남,77세,경상
2020072500100217,2020년 7월 25일 11시,토요일,전라남도 강진군 작천면,경상사고,0,0,1,0,차대차 - 측면충돌,안전운전불이행,건조,맑음,교차로 - 교차로안,건설기계,남,41세,상해없음,승용,남,67세,경상
2020072500100250,2020년 7월 25일 12시,토요일,전라남도 화순군 화순읍,경상사고,0,0,1,0,차대차 - 측면충돌,교차로운행방법위반,젖음/습기,흐림,교차로 - 교차로안,승용,남,75세,상해없음,승용,남,57세,경상
2020072500100251,2020년 7월 25일 12시,토요일,전라남도 영암군 삼호읍,경상사고,0,0,1,0,차대차 - 측면충돌,안전운전불이행,건조,맑음,단일로 - 기타,승용,남,57세,상해없음,승용,남,54세,경상
2020072500100252,2020년 7월 25일 12시,토요일,전라남도 무안군 삼향읍,경상사고,0,0,1,0,차대차 - 측면충돌,안전운전불이행,건조,맑음,교차로 - 교차로부근,승용,남,36세,상해없음,이륜,남,31세,경상
2020072500100288,2020년 7월 25일 13시,토요일,전라남도 여수시 봉산동,부상신고사고,0,0,0,1,차대차 - 측면충돌,안전거리미확보,건조,맑음,교차로 - 교차로부근,승용,남,56세,상해없음,승용,여,31세,부상신고
2020072500100289,2020년 7월 25일 13시,토요일,전라남도 여수시 여서동,경상사고,0,0,1,0,차대차 - 측면충돌,중앙선침범,건조,맑음,단일로 - 기타,자전거,여,9세,상해없음,원동기,남,18세,경상
2020072500100290,2020년 7월 25일 13시,토요일,전라남도 순천시 해룡면,경상사고,0,0,1,0,차대차 - 추돌,안전거리미확보,건조,흐림,단일로 - 기타,승용,남,60세,상해없음,승용,남,56세,경상
2020072500100291,2020년 7월 25일 13시,토요일,전라남도 곡성군 곡성읍,경상사고,0,0,2,0,차대차 - 측면충돌,직진우회전진행방해,건조,맑음,교차로 - 교차로안,승용,남,53세,상해없음,승용,남,48세,경상
2020072500100331,2020년 7월 25일 14시,토요일,전라남도 여수시 신기동,경상사고,0,0,1,0,차대차 - 측면충돌,안전운전불이행,건조,흐림,단일로 - 기타,승용,여,55세,상해없음,승용,남,58세,경상
2020072500100332,2020년 7월 25일 14시,토요일,전라남도 순천시 황전면,경상사고,0,0,2,0,차대차 - 측면충돌,안전운전불이행,건조,맑음,교차로 - 교차로안,승용,남,47세,상해없음,승용,여,61세,경상
2020072500100365,2020년 7월 25일 15시,토요일,전라남도 여수시 여서동,경상사고,0,0,1,0,차대차 - 측면충돌,안전운전불이행,건조,맑음,교차로 - 교차로안,화물,남,80세,경상,승합,남,56세,상해없음
2020072500100366,2020년 7월 25일 15시,토요일,전라남도 여수시 선원동,경상사고,0,0,1,0,차대차 - 측면충돌,안전거리미확보,건조,맑음,교차로 - 교차로부근,승용,남,57세,상해없음,승용,남,75세,경상
2020072500100367,2020년 7월 25일 15시,토요일,전라남도 광양시 중동,경상사고,0,0,1,0,차대차 - 기타,교차로운행방법위반,건조,맑음,교차로 - 교차로안,승용,여,34세,상해없음,승용,남,39세,상해없음
2020072500100438,2020년 7월 25일 17시,토요일,전라남도 여수시 남면,중상사고,0,1,0,0,차대사람 - 차도통행중,안전운전불이행,건조,맑음,단일로 - 기타,승용,남,32세,상해없음,보행자,남,51세,중상
2020072500100439,2020년 7월 25일 17시,토요일,전라남도 장흥군 장흥읍,경상사고,0,0,2,0,차대차 - 추돌,안전거리미확보,건조,흐림,교차로 - 교차로부근,승용,남,58세,경상,승용,남,44세,경상
2020072500100440,2020년 7월 25일 17시,토요일,전라남도 담양군 담양읍,경상사고,0,0,5,0,차대차 - 추돌,안전운전불이행,건조,맑음,단일로 - 기타,승용,남,56세,상해없음,승용,남,47세,경상
2020072500100469,2020년 7월 25일 18시,토요일,전라남도 화순군 동면,중상사고,0,1,0,0,차량단독 - 도로외이탈 - 추락,안전운전불이행,건조,맑음,단일로 - 기타,승용,남,52세,중상,,,,
2020072500100506,2020년 7월 25일 19시,토요일,전라남도 목포시 온금동,중상사고,0,1,0,0,차대차 - 측면충돌,중앙선침범,건조,맑음,단일로 - 기타,이륜,남,70세,중상,승용,남,51세,상해없음
2020072500100507,2020년 7월 25일 19시,토요일,전라남도 목포시 산정동,경상사고,0,0,1,0,차대차 - 기타,안전운전불이행,건조,맑음,교차로 - 교차로부근,원동기,남,27세,상해없음,승용,남,64세,경상
2020072500100508,2020년 7월 25일 19시,토요일,전라남도 순천시 오천동,경상사고,0,0,1,0,차대차 - 추돌,안전거리미확보,건조,흐림,단일로 - 기타,승용,남,55세,상해없음,승용,남,46세,경상
2020072500100543,2020년 7월 25일 20시,토요일,전라남도 구례군 토지면,중상사고,0,1,2,0,차량단독 - 전도전복 - 전복,안전운전불이행,건조,맑음,단일로 - 기타,승용,여,54세,상해없음,,,,
2020072600100027,2020년 7월 26일 01시,일요일,전라남도 순천시 해룡면,중상사고,0,1,0,0,차대차 - 기타,직진우회전진행방해,건조,맑음,교차로 - 교차로안,승용,남,48세,상해없음,원동기,남,29세,중상
2020072600100058,2020년 7월 26일 04시,일요일,전라남도 순천시 조례동,중상사고,0,1,2,0,차대차 - 측면충돌,직진우회전진행방해,젖음/습기,흐림,교차로 - 교차로안,승용,남,39세,중상,승용,남,55세,경상
2020072600100123,2020년 7월 26일 10시,일요일,전라남도 목포시 산정동,경상사고,0,0,1,0,차대사람 - 보도통행중,안전운전불이행,건조,맑음,단일로 - 기타,승용,남,51세,상해없음,보행자,남,63세,경상
2020072600100144,2020년 7월 26일 11시,일요일,전라남도 여수시 봉산동,중상사고,0,1,0,0,차대사람 - 기타,안전운전불이행,건조,맑음,단일로 - 기타,승용,여,28세,상해없음,보행자,남,72세,중상
2020072600100145,2020년 7월 26일 11시,일요일,전라남도 완도군 보길면,경상사고,0,0,1,0,차대차 - 정면충돌,안전운전불이행,건조,맑음,기타 - 기타,화물,남,61세,경상,화물,남,69세,상해없음
2020072600100165,2020년 7월 26일 12시,일요일,전라남도 목포시 대성동,경상사고,0,0,2,0,차대차 - 측면충돌,안전운전불이행,건조,맑음,교차로 - 교차로부근,승용,남,75세,상해없음,승용,남,25세,경상
2020072600100193,2020년 7월 26일 13시,일요일,전라남도 광양시 광영동,경상사고,0,0,2,0,차대차 - 측면충돌,기타,건조,맑음,교차로 - 교차로안,원동기,남,20세,경상,승용,여,61세,경상
2020072600100232,2020년 7월 26일 14시,일요일,전라남도 목포시 상동,경상사고,0,0,2,0,차대차 - 기타,직진우회전진행방해,건조,맑음,교차로 - 교차로부근,승용,남,22세,상해없음,승용,여,35세,경상
2020072600100233,2020년 7월 26일 14시,일요일,전라남도 고흥군 고흥읍,경상사고,0,0,1,0,차대사람 - 기타,안전운전불이행,건조,맑음,단일로 - 기타,승합,남,41세,상해없음,보행자,남,39세,경상
2020072600100234,2020년 7월 26일 14시,일요일,전라남도 강진군 군동면,경상사고,0,0,6,0,차대차 - 측면충돌,직진우회전진행방해,건조,맑음,교차로 - 교차로안,승합,남,46세,경상,승용,여,39세,경상
2020072600100235,2020년 7월 26일 14시,일요일,전라남도 강진군 도암면,중상사고,0,1,1,0,차대차 - 측면충돌,직진우회전진행방해,건조,맑음,교차로 - 교차로안,승용,여,59세,경상,승용,남,70세,중상
2020072600100265,2020년 7월 26일 15시,일요일,전라남도 목포시 옥암동,경상사고,0,0,5,0,차대차 - 기타,신호위반,건조,맑음,교차로 - 교차로부근,승용,남,32세,상해없음,승용,남,43세,경상
2020072600100298,2020년 7월 26일 16시,일요일,전라남도 영암군 미암면,중상사고,0,1,0,0,차대사람 - 기타,안전운전불이행,건조,맑음,단일로 - 기타,농기계,남,75세,상해없음,보행자,여,70세,중상
2020072600100299,2020년 7월 26일 16시,일요일,전라남도 광양시 광양읍,사망사고,1,1,0,0,차대차 - 측면충돌,안전운전불이행,건조,맑음,단일로 - 기타,화물,남,61세,중상,이륜,남,64세,사망
2020072600100325,2020년 7월 26일 17시,일요일,전라남도 영암군 삼호읍,중상사고,0,1,1,0,차대사람 - 기타,안전운전불이행,건조,맑음,단일로 - 기타,이륜,남,14세,상해없음,보행자,여,56세,중상
2020072600100384,2020년 7월 26일 19시,일요일,전라남도 목포시 용해동,중상사고,0,1,1,0,차대차 - 기타,안전운전불이행,건조,맑음,단일로 - 기타,승용,남,47세,상해없음,이륜,남,19세,중상
2020072600100404,2020년 7월 26일 20시,일요일,전라남도 여수시 교동,경상사고,0,0,2,0,차대차 - 측면충돌,교차로운행방법위반,건조,맑음,교차로 - 교차로안,승용,남,47세,상해없음,승용,남,40세,경상
2020072600100451,2020년 7월 26일 23시,일요일,전라남도 순천시 조례동,경상사고,0,0,1,0,차대차 - 기타,안전거리미확보,건조,맑음,단일로 - 기타,승용,여,57세,상해없음,승용,남,26세,경상
2020072700100011,2020년 7월 27일 01시,월요일,전라남도 나주시 빛가람동,경상사고,0,0,1,0,차대사람 - 횡단중,안전운전불이행,건조,맑음,단일로 - 기타,승용,남,24세,상해없음,보행자,남,21세,경상