사고번호,사고일시,요일,시군구,사고내용,사망자수,중상자수,경상자수,부상신고자수,사고유형,법규위반,노면상태,기상상태,도로형태,가해운전자 차종,가해운전자 성별,가해운전자 연령,가해운전자 상해정도,피해운전자 차종,피해운전자 성별,피해운전자 연령,피해운전자 상해정도
2020072700100065,2020년 7월 27일 07시,월요일,전라남도 진도군 진도읍,중상사고,0,1,0,0,차대차 - 기타,차로위반,건조,맑음,교차로 - 교차로안,승용,남,68세,상해없음,화물,남,61세,중상
2020072700100100,2020년 7월 27일 08시,월요일,전라남도 목포시 옥암동,경상사고,0,0,1,0,차대차 - 기타,안전운전불이행,건조,맑음,단일로 - 기타,기타불명,기타불명,미분류,기타불명,승용,여,45세,경상
2020072700100101,2020년 7월 27일 08시,월요일,전라남도 여수시 수정동,중상사고,0,1,0,0,차대사람 - 기타,안전운전불이행,젖음/습기,흐림,교차로 - 교차로부근,화물,남,68세,상해없음,보행자,여,79세,중상
2020072700100102,2020년 7월 27일 08시,월요일,전라남도 담양군 봉산면,경상사고,0,0,2,0,차대차 - 정면충돌,안전운전불이행,건조,맑음,단일로 - 기타,승용,여,29세,경상,화물,여,50세,경상
2020072700100141,2020년 7월 27일 09시,월요일,전라남도 여수시 학동,경상사고,0,0,1,0,차대차 - 측면충돌,안전운전불이행,건조,흐림,단일로 - 기타,승용,여,58세,상해없음,승용,남,34세,경상
2020072700100142,2020년 7월 27일 09시,월요일,전라남도 여수시 웅천동,경상사고,0,0,2,0,차대차 - 기타,신호위반,건조,맑음,교차로 - 교차로안,승용,남,56세,상해없음,승용,여,44세,경상
2020072700100143,2020년 7월 27일 09시,월요일,전라남도 무안군 해제면,중상사고,0,1,0,0,차대차 - 기타,안전운전불이행,건조,맑음,교차로 - 교차로안,승용,여,53세,상해없음,이륜,남,75세,중상
2020072700100215,2020년 7월 27일 11시,월요일,전라남도 보성군 율어면,중상사고,0,1,0,0,차대차 - 후진중충돌,직진우회전진행방해,건조,맑음,교차로 - 교차로안,화물,남,66세,상해없음,이륜,남,51세,중상
2020072700100216,2020년 7월 27일 11시,월요일,전라남도 화순군 화순읍,경상사고,0,0,1,0,차대차 - 기타,안전운전불이행,건조,맑음,기타 - 기타,승용,여,35세,상해없음,승용,남,45세,경상
2020072700100250,2020년 7월 27일 12시,월요일,전라남도 목포시 용당동,경상사고,0,0,1,0,차대차 - 기타,신호위반,건조,맑음,교차로 - 교차로안,승용,남,66세,상해없음,승용,남,68세,상해없음
2020072700100251,2020년 7월 27일 12시,월요일,전라남도 곡성군 곡성읍,경상사고,0,0,1,0,차대차 - 측면충돌,안전운전불이행,건조,흐림,단일로 - 기타,승용,여,40세,상해없음,이륜,여,61세,경상
2020072700100286,2020년 7월 27일 13시,월요일,전라남도 강진군 강진읍,중상사고,0,1,0,0,차대차 - 기타,교차로운행방법위반,젖음/습기,흐림,교차로 - 교차로안,승용,남,50세,상해없음,이륜,남,62세,중상
2020072700100287,2020년 7월 27일 13시,월요일,전라남도 광양시 성황동,경상사고,0,0,1,0,차대차 - 추돌,안전운전불이행,젖음/습기,비,교차로 - 교차로부근,승용,남,59세,상해없음,승용,남,20세,경상
2020072700100321,2020년 7월 27일 14시,월요일,전라남도 순천시 조곡동,중상사고,0,1,1,0,차대차 - 정면충돌,안전운전불이행,젖음/습기,비,교차로 - 교차로안,승용,남,70세,중상,승합,남,62세,경상
2020072700100323,2020년 7월 27일 14시,월요일,전라남도 순천시 해룡면,경상사고,0,0,1,0,차대차 - 측면충돌,기타,건조,맑음,단일로 - 기타,승용,여,50세,상해없음,승용,남,48세,경상
2020072700100324,2020년 7월 27일 14시,월요일,전라남도 나주시 성북동,경상사고,0,0,1,0,차대차 - 추돌,안전운전불이행,젖음/습기,비,교차로 - 교차로부근,승용,여,62세,상해없음,자전거,남,68세,경상
2020072700100325,2020년 7월 27일 14시,월요일,전라남도 나주시 성북동,경상사고,0,0,3,0,차대차 - 추돌,안전거리미확보,젖음/습기,비,교차로 - 교차로부근,승용,남,58세,상해없음,승용,여,64세,경상
2020072700100326,2020년 7월 27일 14시,월요일,전라남도 장흥군 관산읍,중상사고,0,1,0,0,차량단독 - 기타,안전운전불이행,젖음/습기,비,단일로 - 기타,승용,여,57세,중상,,,,
2020072700100364,2020년 7월 27일 15시,월요일,전라남도 목포시 명륜동,경상사고,0,0,1,0,차대사람 - 기타,안전운전불이행,젖음/습기,비,단일로 - 기타,승용,남,71세,상해없음,보행자,여,51세,경상
2020072700100365,2020년 7월 27일 15시,월요일,전라남도 여수시 둔덕동,경상사고,0,0,1,0,차대차 - 측면충돌,신호위반,젖음/습기,비,교차로 - 교차로안,승합,남,61세,상해없음,승용,남,74세,경상
2020072700100401,2020년 7월 27일 16시,월요일,전라남도 무안군 일로읍,중상사고,0,1,0,0,차대사람 - 기타,중앙선침범,젖음/습기,비,단일로 - 기타,화물,남,24세,상해없음,보행자,남,83세,중상
2020072700100433,2020년 7월 27일 17시,월요일,전라남도 무안군 삼향읍,경상사고,0,0,1,0,차대차 - 기타,교차로운행방법위반,젖음/습기,비,교차로 - 교차로안,승용,여,58세,기타불명,승용,여,32세,경상
2020072700100476,2020년 7월 27일 18시,월요일,전라남도 순천시 연향동,경상사고,0,0,1,0,차대차 - 기타,기타,젖음/습기,흐림,단일로 - 기타,승용,남,51세,기타불명,승용,남,25세,경상
2020072700100477,2020년 7월 27일 18시,월요일,전라남도 강진군 군동면,경상사고,0,0,1,0,차대차 - 추돌,중앙선침범,젖음/습기,흐림,교차로 - 교차로부근,승용,남,46세,상해없음,승용,남,62세,상해없음
2020072700100503,2020년 7월 27일 19시,월요일,전라남도 진도군 진도읍,중상사고,0,1,0,0,차대차 - 측면충돌,안전운전불이행,젖음/습기,맑음,기타 - 기타,이륜,남,24세,중상,승용,남,24세,상해없음
2020072700100566,2020년 7월 27일 21시,월요일,전라남도 여수시 봉산동,경상사고,0,0,1,0,차대차 - 측면충돌,교차로운행방법위반,젖음/습기,비,교차로 - 교차로안,승용,여,62세,경상,승용,남,50세,상해없음
2020072700100567,2020년 7월 27일 21시,월요일,전라남도 여수시 봉산동,경상사고,0,0,1,0,차대차 - 측면충돌,안전운전불이행,젖음/습기,흐림,단일로 - 기타,승용,남,51세,상해없음,이륜,남,20세,경상
2020072700100596,2020년 7월 27일 22시,월요일,전라남도 목포시 상동,경상사고,0,0,1,0,차대사람 - 기타,안전운전불이행,젖음/습기,기타,교차로 - 교차로안,승용,남,29세,상해없음,보행자,남,54세,경상
2020072800100040,2020년 7월 28일 04시,화요일,전라남도 여수시 중흥동,경상사고,0,0,1,0,차대차 - 추돌,안전운전불이행,건조,맑음,교차로 - 교차로부근,승용,남,56세,상해없음,특수,남,42세,경상
2020072800100064,2020년 7월 28일 06시,화요일,전라남도 여수시 화치동,경상사고,0,0,1,0,차대차 - 추돌,안전운전불이행,젖음/습기,비,단일로 - 기타,화물,남,54세,경상,승용,남,25세,기타불명
2020072800100079,2020년 7월 28일 07시,화요일,전라남도 여수시 광무동,경상사고,0,0,1,0,차대차 - 추돌,안전운전불이행,건조,맑음,교차로 - 교차로안,승합,남,60세,상해없음,승용,남,49세,경상
2020072800100102,2020년 7월 28일 08시,화요일,전라남도 순천시 남정동,중상사고,0,1,0,0,차대사람 - 차도통행중,안전운전불이행,건조,맑음,단일로 - 기타,승용,여,51세,상해없음,보행자,여,76세,중상
2020072800100103,2020년 7월 28일 08시,화요일,전라남도 순천시 석현동,중상사고,0,1,0,0,차대사람 - 횡단중,신호위반,건조,맑음,교차로 - 교차로횡단보도내,승용,남,42세,상해없음,보행자,여,13세,중상
2020072800100104,2020년 7월 28일 08시,화요일,전라남도 담양군 담양읍,중상사고,0,1,0,0,차대차 - 기타,불법유턴,젖음/습기,맑음,단일로 - 기타,화물,남,57세,상해없음,원동기,남,18세,중상
2020072800100127,2020년 7월 28일 09시,화요일,전라남도 목포시 동명동,경상사고,0,0,3,0,차대차 - 기타,안전운전불이행,건조,맑음,단일로 - 지하차도(도로)내,승용,여,53세,경상,승용,여,68세,경상
2020072800100177,2020년 7월 28일 11시,화요일,전라남도 목포시 상동,경상사고,0,0,1,0,차대차 - 기타,안전운전불이행,건조,맑음,단일로 - 지하차도(도로)내,승용,여,45세,상해없음,이륜,남,64세,경상
2020072800100178,2020년 7월 28일 11시,화요일,전라남도 보성군 벌교읍,경상사고,0,0,1,0,차대차 - 측면충돌,안전운전불이행,건조,흐림,단일로 - 기타,화물,남,58세,상해없음,승용,남,46세,경상
2020072800100200,2020년 7월 28일 12시,화요일,전라남도 화순군 화순읍,경상사고,0,0,2,0,차대차 - 측면충돌,교차로운행방법위반,건조,맑음,교차로 - 교차로안,원동기,남,56세,경상,승용,여,30세,경상
2020072800100221,2020년 7월 28일 13시,화요일,전라남도 목포시 용해동,경상사고,0,0,1,0,차대차 - 추돌,안전운전불이행,건조,맑음,교차로 - 교차로부근,승용,남,49세,상해없음,승용,남,68세,경상
2020072800100222,2020년 7월 28일 13시,화요일,전라남도 고흥군 포두면,중상사고,0,1,0,0,차량단독 - 기타,안전운전불이행,젖음/습기,맑음,단일로 - 기타,이륜,남,81세,중상,,,,
2020072800100251,2020년 7월 28일 14시,화요일,전라남도 광양시 중동,중상사고,0,1,0,0,차대차 - 기타,안전운전불이행,젖음/습기,비,단일로 - 기타,이륜,남,42세,중상,승용,남,58세,상해없음
2020072800100252,2020년 7월 28일 14시,화요일,전라남도 구례군 구례읍,경상사고,0,0,1,0,차대차 - 기타,안전운전불이행,건조,맑음,단일로 - 기타,승용,남,57세,상해없음,자전거,남,73세,경상
2020072800100290,2020년 7월 28일 15시,화요일,전라남도 순천시 조례동,경상사고,0,0,2,0,차대차 - 측면충돌,중앙선침범,건조,맑음,단일로 - 기타,승용,여,28세,상해없음,승용,남,22세,경상
2020072800100291,2020년 7월 28일 15시,화요일,전라남도 순천시 용당동,중상사고,0,1,0,0,차대사람 - 기타,안전운전불이행,건조,맑음,교차로 - 교차로안,승합,남,46세,상해없음,보행자,여,86세,중상
2020072800100322,2020년 7월 28일 16시,화요일,전라남도 여수시 신기동,경상사고,0,0,1,0,차대차 - 측면충돌,교차로운행방법위반,건조,흐림,교차로 - 교차로안,승용,여,49세,상해없음,원동기,남,18세,경상
2020072800100323,2020년 7월 28일 16시,화요일,전라남도 순천시 남정동,경상사고,0,0,1,0,차대차 - 추돌,안전운전불이행,건조,흐림,단일로 - 기타,화물,남,63세,상해없음,승용,남,68세,경상
2020072800100324,2020년 7월 28일 16시,화요일,전라남도 화순군 화순읍,경상사고,0,0,1,0,차대차 - 기타,안전운전불이행,젖음/습기,비,단일로 - 기타,이륜,남,21세,경상,승용,여,56세,상해없음
2020072800100360,2020년 7월 28일 17시,화요일,전라남도 목포시 산정동,경상사고,0,0,1,0,차대차 - 측면충돌,중앙선침범,건조,맑음,단일로 - 기타,승용,남,60세,상해없음,이륜,남,69세,경상
2020072800100361,2020년 7월 28일 17시,화요일,전라남도 목포시 상동,경상사고,0,0,5,0,차대차 - 기타,안전운전불이행,건조,맑음,단일로 - 기타,건설기계,남,37세,상해없음,승용,남,40세,경상
2020072800100362,2020년 7월 28일 17시,화요일,전라남도 고흥군 고흥읍,경상사고,0,0,1,0,차대차 - 기타,기타,건조,맑음,단일로 - 기타,화물,남,73세,기타불명,승용,여,65세,경상
2020072800100363,2020년 7월 28일 17시,화요일,전라남도 광양시 광영동,경상사고,0,0,4,0,차대차 - 추돌,안전운전불이행,젖음/습기,비,교차로 - 교차로부근,승용,여,63세,상해없음,승용,여,57세,경상
2020072800100405,2020년 7월 28일 18시,화요일,전라남도 목포시 산정동,중상사고,0,1,0,0,차대차 - 측면충돌,안전운전불이행,건조,맑음,단일로 - 기타,승용,남,45세,상해없음,이륜,남,17세,중상
2020072800100406,2020년 7월 28일 18시,화요일,전라남도 목포시 옥암동,경상사고,0,0,1,0,차대차 - 추돌,안전운전불이행,젖음/습기,비,교차로 - 교차로부근,승용,남,27세,상해없음,승용,남,39세,경상
2020072800100407,2020년 7월 28일 18시,화요일,전라남도 순천시 인제동,부상신고사고,0,0,0,1,차대사람 - 횡단중,보행자보호의무위반,건조,맑음,교차로 - 교차로횡단보도내,승용,남,54세,상해없음,보행자,남,4세,부상신고
2020072800100408,2020년 7월 28일 18시,화요일,전라남도 화순군 화순읍,경상사고,0,0,4,0,차대차 - 측면충돌,불법유턴,건조,맑음,단일로 - 기타,승용,남,27세,상해없음,승용,남,44세,경상
2020072800100409,2020년 7월 28일 18시,화요일,전라남도 강진군 강진읍,부상신고사고,0,0,0,1,차량단독 - 전도전복 - 전복,안전운전불이행,젖음/습기,비,단일로 - 기타,승용,남,25세,부상신고,,,,
2020072800100453,2020년 7월 28일 19시,화요일,전라남도 곡성군 오산면,경상사고,0,0,1,0,차대차 - 정면충돌,중앙선침범,젖음/습기,비,단일로 - 기타,승용,남,49세,상해없음,승용,여,22세,경상
2020072800100492,2020년 7월 28일 20시,화요일,전라남도 순천시 조례동,경상사고,0,0,2,0,차대차 - 측면충돌,교차로운행방법위반,건조,맑음,교차로 - 교차로안,승용,남,59세,상해없음,승용,여,32세,경상
2020072800100493,2020년 7월 28일 20시,화요일,전라남도 영광군 영광읍,경상사고,0,0,1,0,차대차 - 측면충돌,기타,젖음/습기,흐림,교차로 - 교차로안,승합,남,47세,상해없음,승용,남,22세,경상
2020072900100014,2020년 7월 29일 00시,수요일,전라남도 여수시 오림동,경상사고,0,0,2,0,차대차 - 측면충돌,안전운전불이행,건조,맑음,교차로 - 교차로안,승용,남,30세,상해없음,승용,남,57세,경상
2020072900100053,2020년 7월 29일 04시,수요일,전라남도 여수시 관문동,중상사고,0,2,0,0,차대사람 - 횡단중,안전운전불이행,젖음/습기,비,단일로 - 기타,승용,남,63세,상해없음,보행자,여,71세,중상
2020072900100054,2020년 7월 29일 04시,수요일,전라남도 여수시 봉계동,중상사고,0,1,0,0,차대차 - 정면충돌,중앙선침범,젖음/습기,비,단일로 - 기타,승합,여,34세,상해없음,승용,여,46세,중상
2020072900100086,2020년 7월 29일 07시,수요일,전라남도 장흥군 장흥읍,중상사고,0,1,0,0,차대차 - 추돌,안전운전불이행,젖음/습기,흐림,교차로 - 교차로부근,화물,남,60세,상해없음,화물,남,67세,중상
2020072900100087,2020년 7월 29일 07시,수요일,전라남도 광양시 광양읍,경상사고,0,0,1,0,차대사람 - 횡단중,안전운전불이행,건조,맑음,단일로 - 기타,화물,남,52세,상해없음,보행자,남,80세,경상
2020072900100106,2020년 7월 29일 08시,수요일,전라남도 강진군 칠량면,경상사고,0,0,1,0,차량단독 - 공작물충돌,안전운전불이행,젖음/습기,비,단일로 - 기타,승용,여,58세,경상,,,,
2020072900100145,2020년 7월 29일 09시,수요일,전라남도 순천시 해룡면,중상사고,0,1,0,0,차대차 - 측면충돌,안전운전불이행,건조,맑음,교차로 - 교차로안,화물,남,37세,상해없음,이륜,남,58세,중상
2020072900100146,2020년 7월 29일 09시,수요일,전라남도 무안군 무안읍,경상사고,0,0,2,0,차대차 - 기타,안전운전불이행,건조,맑음,교차로 - 교차로안,이륜,남,78세,경상,승용,여,61세,상해없음
2020072900100147,2020년 7월 29일 09시,수요일,전라남도 무안군 무안읍,경상사고,0,0,4,0,차대차 - 기타,안전운전불이행,건조,흐림,교차로 - 교차로안,승용,남,59세,상해없음,승용,남,51세,경상
2020072900100172,2020년 7월 29일 10시,수요일,전라남도 장흥군 장흥읍,경상사고,0,0,3,0,차대차 - 측면충돌,직진우회전진행방해,젖음/습기,비,교차로 - 교차로안,승용,남,77세,경상,승용,남,67세,경상
2020072900100238,2020년 7월 29일 12시,수요일,전라남도 고흥군 고흥읍,중상사고,0,1,0,0,차대차 - 측면충돌,안전운전불이행,건조,맑음,교차로 - 교차로안,승용,남,48세,상해없음,이륜,남,82세,중상
2020072900100239,2020년 7월 29일 12시,수요일,전라남도 광양시 광양읍,경상사고,0,0,2,0,차대차 - 측면충돌,안전운전불이행,건조,맑음,단일로 - 기타,승용,남,28세,경상,승용,남,35세,경상
2020072900100274,2020년 7월 29일 13시,수요일,전라남도 담양군 담양읍,경상사고,0,0,2,0,차대차 - 후진중충돌,안전운전불이행,젖음/습기,비,단일로 - 기타,승합,남,44세,상해없음,승용,남,31세,경상
2020072900100275,2020년 7월 29일 13시,수요일,전라남도 광양시 광양읍,중상사고,0,3,2,0,차대차 - 측면충돌,안전운전불이행,건조,맑음,단일로 - 기타,승용,남,23세,경상,승용,남,21세,상해없음
2020072900100309,2020년 7월 29일 14시,수요일,전라남도 목포시 옥암동,중상사고,0,1,0,0,차대사람 - 횡단중,보행자보호의무위반,건조,맑음,교차로 - 교차로횡단보도내,승용,여,40세,상해없음,보행자,여,55세,중상
2020072900100346,2020년 7월 29일 15시,수요일,전라남도 담양군 고서면,경상사고,0,0,2,0,차대차 - 기타,안전운전불이행,젖음/습기,비,단일로 - 기타,승용,남,30세,상해없음,승용,남,63세,경상
2020072900100477,2020년 7월 29일 19시,수요일,전라남도 목포시 산정동,경상사고,0,0,3,0,차대차 - 후진중충돌,안전운전불이행,건조,맑음,단일로 - 기타,승용,여,62세,상해없음,승용,여,27세,경상
2020072900100515,2020년 7월 29일 20시,수요일,전라남도 나주시 노안면,경상사고,0,0,1,0,차대차 - 측면충돌,안전운전불이행,젖음/습기,비,단일로 - 기타,승용,여,52세,상해없음,승용,남,26세,경상
2020072900100516,2020년 7월 29일 20시,수요일,전라남도 화순군 화순읍,경상사고,0,0,4,0,차대차 - 측면충돌,중앙선침범,젖음/습기,흐림,단일로 - 기타,승용,여,27세,상해없음,승용,여,55세,경상
2020072900100541,2020년 7월 29일 21시,수요일,전라남도 여수시 둔덕동,경상사고,0,0,1,0,차대차 - 측면충돌,안전운전불이행,건조,맑음,교차로 - 교차로안,승용,여,57세,상해없음,승용,남,64세,경상
2020073000100013,2020년 7월 30일 00시,목요일,전라남도 영암군 영암읍,사망사고,1,0,0,0,차대사람 - 차도통행중,안전운전불이행,건조,맑음,단일로 - 기타,승용,남,56세,상해없음,보행자,남,77세,사망
2020073000100054,2020년 7월 30일 04시,목요일,전라남도 순천시 서면,경상사고,0,0,2,0,차대차 - 측면충돌,신호위반,젖음/습기,비,교차로 - 교차로안,승용,남,31세,경상,특수,남,47세,경상
2020073000100064,2020년 7월 30일 06시,목요일,전라남도 여수시 웅천동,경상사고,0,0,1,0,차대차 - 측면충돌,안전운전불이행,건조,맑음,교차로 - 교차로부근,승용,남,54세,상해없음,승용,남,35세,경상
2020073000100065,2020년 7월 30일 06시,목요일,전라남도 여수시 해산동,경상사고,0,0,1,0,차대차 - 측면충돌,차로위반,건조,맑음,단일로 - 기타,승용,남,33세,상해없음,승용,남,37세,경상
2020073000100084,2020년 7월 30일 07시,목요일,전라남도 목포시 산정동,경상사고,0,0,1,0,차대차 - 측면충돌,안전거리미확보,건조,맑음,단일로 - 기타,승용,남,50세,상해없음,화물,남,47세,경상
2020073000100085,2020년 7월 30일 07시,목요일,전라남도 목포시 죽교동,중상사고,0,1,0,0,차대차 - 기타,안전운전불이행,건조,맑음,단일로 - 기타,기타불명,기타불명,미분류,기타불명,자전거,남,79세,중상
2020073000100086,2020년 7월 30일 07시,목요일,전라남도 완도군 보길면,경상사고,0,0,2,0,차대차 - 기타,안전운전불이행,건조,맑음,단일로 - 기타,승용,여,54세,경상,승용,남,51세,경상
2020073000100111,2020년 7월 30일 08시,목요일,전라남도 여수시 학동,경상사고,0,0,1,0,차대차 - 측면충돌,차로위반,건조,맑음,교차로 - 교차로안,승용,남,53세,상해없음,승용,여,29세,경상
2020073000100156,2020년 7월 30일 10시,목요일,전라남도 영암군 삼호읍,경상사고,0,0,1,0,차대사람 - 보도통행중,보행자보호의무위반,건조,맑음,단일로 - 기타,승용,여,32세,상해없음,보행자,남,51세,경상
2020073000100180,2020년 7월 30일 11시,목요일,전라남도 고흥군 고흥읍,경상사고,0,0,2,0,차대차 - 기타,안전운전불이행,건조,맑음,단일로 - 기타,화물,남,63세,경상,화물,남,47세,경상
2020073000100181,2020년 7월 30일 11시,목요일,전라남도 해남군 해남읍,경상사고,0,0,1,0,차대차 - 측면충돌,안전운전불이행,건조,맑음,단일로 - 기타,승용,남,77세,상해없음,승합,여,50세,경상
2020073000100219,2020년 7월 30일 12시,목요일,전라남도 목포시 상동,경상사고,0,0,3,0,차대차 - 기타,차로위반,건조,맑음,단일로 - 기타,승용,남,75세,경상,승용,남,52세,경상
2020073000100220,2020년 7월 30일 12시,목요일,전라남도 진도군 의신면,중상사고,0,1,0,0,차대차 - 기타,중앙선침범,건조,맑음,단일로 - 기타,화물,남,55세,상해없음,이륜,여,79세,중상
2020073000100257,2020년 7월 30일 13시,목요일,전라남도 여수시 여서동,경상사고,0,0,1,0,차대사람 - 횡단중,보행자보호의무위반,건조,맑음,단일로 - 기타,승용,남,48세,상해없음,보행자,여,6세,경상
2020073000100258,2020년 7월 30일 13시,목요일,전라남도 여수시 종화동,경상사고,0,0,2,0,차대차 - 측면충돌,교차로운행방법위반,건조,맑음,교차로 - 교차로안,승용,여,49세,상해없음,승용,여,27세,경상
2020073000100259,2020년 7월 30일 13시,목요일,전라남도 영암군 학산면,경상사고,0,0,2,0,차대차 - 후진중충돌,안전운전불이행,건조,맑음,기타 - 기타,승용,여,42세,상해없음,승용,남,59세,경상
2020073000100260,2020년 7월 30일 13시,목요일,전라남도 담양군 담양읍,경상사고,0,0,1,0,차대차 - 정면충돌,신호위반,건조,맑음,교차로 - 교차로안,승용,남,39세,상해없음,화물,남,54세,상해없음
2020073000100261,2020년 7월 30일 13시,목요일,전라남도 광양시 중동,경상사고,0,0,2,0,차대차 - 측면충돌,교차로운행방법위반,건조,맑음,교차로 - 교차로안,승용,여,57세,경상,이륜,남,24세,경상
2020073000100298,2020년 7월 30일 14시,목요일,전라남도 목포시 해안동3가,경상사고,0,0,2,0,차대차 - 측면충돌,직진우회전진행방해,건조,맑음,교차로 - 교차로안,승용,남,57세,경상,승용,남,38세,경상
2020073000100299,2020년 7월 30일 14시,목요일,전라남도 장성군 황룡면,경상사고,0,0,2,0,차대차 - 측면충돌,안전운전불이행,건조,맑음,교차로 - 교차로안,승용,여,61세,경상,화물,남,54세,경상
2020073000100329,2020년 7월 30일 15시,목요일,전라남도 나주시 산포면,경상사고,0,0,2,0,차대차 - 추돌,안전운전불이행,건조,맑음,교차로 - 교차로부근,화물,남,50세,경상,승용,남,45세,경상
2020073000100364,2020년 7월 30일 16시,목요일,전라남도 목포시 산정동,경상사고,0,0,1,0,차대차 - 기타,중앙선침범,건조,맑음,교차로 - 교차로부근,자전거,남,15세,경상,승용,남,67세,상해없음
2020073000100402,2020년 7월 30일 17시,목요일,전라남도 여수시 신기동,경상사고,0,0,2,0,차대차 - 추돌,안전운전불이행,젖음/습기,비,교차로 - 교차로부근,승용,남,55세,상해없음,승용,여,42세,경상
2020073000100439,2020년 7월 30일 18시,목요일,전라남도 나주시 남평읍,경상사고,0,0,1,0,차대차 - 후진중충돌,안전운전불이행,건조,맑음,기타 - 기타,화물,남,41세,기타불명,승용,남,44세,경상
2020073000100520,2020년 7월 30일 20시,목요일,전라남도 목포시 상동,사망사고,1,0,0,0,차대사람 - 횡단중,보행자보호의무위반,건조,맑음,교차로 - 교차로안,승용,남,45세,상해없음,보행자,여,83세,사망
2020073000100521,2020년 7월 30일 20시,목요일,전라남도 여수시 웅천동,경상사고,0,0,2,0,차대차 - 측면충돌,안전거리미확보,젖음/습기,비,단일로 - 기타,승용,남,58세,상해없음,승용,남,30세,경상
2020073000100555,2020년 7월 30일 21시,목요일,전라남도 여수시 여서동,경상사고,0,0,2,0,차대차 - 측면충돌,차로위반,건조,맑음,단일로 - 기타,승용,남,57세,상해없음,승용,여,34세,경상
2020073000100581,2020년 7월 30일 22시,목요일,전라남도 순천시 덕암동,경상사고,0,0,1,0,차대차 - 측면충돌,신호위반,젖음/습기,비,교차로 - 교차로안,화물,남,43세,상해없음,승용,남,59세,경상
2020073000100582,2020년 7월 30일 22시,목요일,전라남도 순천시 동외동,경상사고,0,0,1,0,차대차 - 측면충돌,안전운전불이행,젖음/습기,흐림,교차로 - 교차로안,화물,남,52세,상해없음,승용,여,49세,경상
2020073000100583,2020년 7월 30일 22시,목요일,전라남도 강진군 군동면,경상사고,0,0,1,0,차량단독 - 도로외이탈 - 기타,안전운전불이행,건조,맑음,교차로 - 교차로안,화물,남,80세,경상,,,,
2020073000100584,2020년 7월 30일 22시,목요일,전라남도 광양시 중동,부상신고사고,0,0,0,1,차대사람 - 기타,안전운전불이행,젖음/습기,흐림,단일로 - 기타,승용,남,21세,상해없음,보행자,여,23세,부상신고
2020073000100604,2020년 7월 30일 23시,목요일,전라남도 여수시 학동,부상신고사고,0,0,0,1,차대사람 - 기타,안전운전불이행,건조,맑음,단일로 - 기타,승용,남,28세,상해없음,보행자,남,20세,부상신고
2020073100100011,2020년 7월 31일 00시,금요일,전라남도 목포시 옥암동,경상사고,0,0,1,0,차대차 - 기타,직진우회전진행방해,건조,맑음,교차로 - 교차로안,승용,남,32세,상해없음,승용,남,20세,경상
2020073100100012,2020년 7월 31일 00시,금요일,전라남도 목포시 옥암동,경상사고,0,0,2,0,차대차 - 측면충돌,신호위반,건조,맑음,단일로 - 기타,승용,남,37세,상해없음,승용,남,58세,경상
2020073100100068,2020년 7월 31일 06시,금요일,전라남도 강진군 대구면,중상사고,0,1,0,0,차량단독 - 공작물충돌,안전운전불이행,건조,맑음,단일로 - 기타,화물,남,50세,중상,,,,
2020073100100104,2020년 7월 31일 08시,금요일,전라남도 순천시 풍덕동,경상사고,0,0,1,0,차대차 - 기타,안전거리미확보,건조,맑음,단일로 - 기타,이륜,남,85세,경상,승용,여,49세,상해없음
2020073100100213,2020년 7월 31일 12시,금요일,전라남도 장흥군 장흥읍,중상사고,0,1,1,0,차대차 - 측면충돌,안전운전불이행,건조,맑음,단일로 - 기타,화물,남,32세,상해없음,이륜,남,23세,중상
2020073100100214,2020년 7월 31일 12시,금요일,전라남도 영광군 염산면,경상사고,0,0,4,0,차대차 - 추돌,안전거리미확보,건조,맑음,교차로 - 교차로부근,화물,남,64세,상해없음,승용,남,70세,경상
2020073100100215,2020년 7월 31일 12시,금요일,전라남도 강진군 작천면,중상사고,0,1,0,0,차대차 - 측면충돌,직진우회전진행방해,건조,맑음,교차로 - 교차로안,승용,여,57세,상해없음,원동기,여,73세,중상
2020073100100249,2020년 7월 31일 13시,금요일,전라남도 순천시 풍덕동,경상사고,0,0,3,0,차대차 - 추돌,안전운전불이행,젖음/습기,비,교차로 - 교차로부근,화물,남,66세,상해없음,승용,여,30세,경상
2020073100100250,2020년 7월 31일 13시,금요일,전라남도 보성군 벌교읍,중상사고,0,1,3,0,차대차 - 추돌,안전거리미확보,건조,맑음,단일로 - 기타,승합,남,58세,상해없음,승용,여,59세,경상
2020073100100251,2020년 7월 31일 13시,금요일,전라남도 영광군 영광읍,경상사고,0,0,1,0,차대차 - 측면충돌,안전거리미확보,건조,맑음,교차로 - 교차로안,승용,남,26세,경상,화물,남,54세,상해없음
2020073100100252,2020년 7월 31일 13시,금요일,전라남도 무안군 무안읍,경상사고,0,0,2,0,차대차 - 측면충돌,신호위반,건조,맑음,교차로 - 교차로안,승용,남,74세,경상,승용,여,53세,경상
2020073100100301,2020년 7월 31일 14시,금요일,전라남도 여수시 돌산읍,경상사고,0,0,6,0,차대차 - 정면충돌,중앙선침범,건조,맑음,단일로 - 기타,승용,남,29세,상해없음,승용,여,51세,경상
2020073100100302,2020년 7월 31일 14시,금요일,전라남도 장성군 장성읍,경상사고,0,0,1,0,차대차 - 측면충돌,안전운전불이행,젖음/습기,비,교차로 - 교차로안,화물,남,56세,상해없음,건설기계,남,53세,경상