사고번호,사고일시,요일,시군구,사고내용,사망자수,중상자수,경상자수,부상신고자수,사고유형,법규위반,노면상태,기상상태,도로형태,가해운전자 차종,가해운전자 성별,가해운전자 연령,가해운전자 상해정도,피해운전자 차종,피해운전자 성별,피해운전자 연령,피해운전자 상해정도
2020080400100499,2020년 8월 4일 20시,화요일,전라남도 담양군 담양읍,경상사고,0,0,1,0,차대차 - 측면충돌,안전운전불이행,건조,흐림,기타 - 기타,화물,남,22세,상해없음,승용,여,54세,경상
2020080400100500,2020년 8월 4일 20시,화요일,전라남도 무안군 해제면,중상사고,0,1,0,0,차대차 - 기타,과속,건조,맑음,단일로 - 기타,승용,남,22세,상해없음,승용,남,46세,상해없음
2020080400100501,2020년 8월 4일 20시,화요일,전라남도 광양시 광양읍,경상사고,0,0,1,0,차대차 - 정면충돌,안전운전불이행,건조,맑음,교차로 - 교차로안,승용,남,56세,상해없음,승용,여,50세,경상
2020080400100563,2020년 8월 4일 22시,화요일,전라남도 목포시 옥암동,경상사고,0,0,1,0,차대차 - 추돌,안전운전불이행,건조,맑음,교차로 - 교차로부근,승용,남,23세,상해없음,승용,남,56세,경상
2020080400100564,2020년 8월 4일 22시,화요일,전라남도 목포시 용해동,경상사고,0,0,3,0,차대차 - 기타,안전운전불이행,건조,맑음,교차로 - 교차로안,승용,남,29세,상해없음,승용,남,47세,경상
2020080400100584,2020년 8월 4일 23시,화요일,전라남도 광양시 금호동,경상사고,0,0,3,0,차대차 - 측면충돌,교차로운행방법위반,건조,맑음,교차로 - 교차로안,승합,남,63세,상해없음,승용,남,68세,경상
2020080500100053,2020년 8월 5일 06시,수요일,전라남도 여수시 월내동,경상사고,0,0,1,0,차대차 - 정면충돌,중앙선침범,건조,맑음,단일로 - 기타,화물,남,23세,상해없음,승용,남,40세,경상
2020080500100054,2020년 8월 5일 06시,수요일,전라남도 여수시 봉계동,중상사고,0,1,2,0,차대차 - 측면충돌,신호위반,젖음/습기,흐림,교차로 - 교차로안,승용,남,47세,경상,승용,남,49세,중상
2020080500100062,2020년 8월 5일 07시,수요일,전라남도 목포시 상동,경상사고,0,0,3,0,차대차 - 기타,안전운전불이행,젖음/습기,맑음,단일로 - 기타,승용,남,70세,경상,승용,남,66세,경상
2020080500100088,2020년 8월 5일 08시,수요일,전라남도 나주시 세지면,경상사고,0,0,1,0,차대사람 - 횡단중,안전운전불이행,젖음/습기,비,교차로 - 교차로안,승용,남,78세,상해없음,보행자,여,80세,경상
2020080500100131,2020년 8월 5일 10시,수요일,전라남도 여수시 남면,경상사고,0,0,1,0,차대사람 - 기타,중앙선침범,건조,맑음,단일로 - 기타,승용,남,66세,상해없음,보행자,남,57세,경상
2020080500100132,2020년 8월 5일 10시,수요일,전라남도 고흥군 포두면,경상사고,0,0,1,0,차대차 - 기타,안전운전불이행,건조,맑음,교차로 - 교차로부근,승용,여,41세,상해없음,이륜,남,81세,경상
2020080500100170,2020년 8월 5일 11시,수요일,전라남도 나주시 공산면,중상사고,0,1,0,0,차대차 - 측면충돌,안전운전불이행,건조,맑음,단일로 - 기타,화물,남,66세,상해없음,이륜,남,82세,중상
2020080500100203,2020년 8월 5일 12시,수요일,전라남도 순천시 조곡동,경상사고,0,0,2,0,차대차 - 기타,교차로운행방법위반,건조,맑음,교차로 - 교차로안,승용,남,21세,상해없음,승용,남,27세,경상
2020080500100238,2020년 8월 5일 13시,수요일,전라남도 순천시 조례동,중상사고,0,1,0,0,차대사람 - 차도통행중,안전운전불이행,건조,맑음,교차로 - 교차로부근,원동기,남,25세,상해없음,보행자,여,24세,중상
2020080500100269,2020년 8월 5일 14시,수요일,전라남도 순천시 조례동,경상사고,0,0,2,0,차대차 - 추돌,안전운전불이행,건조,맑음,단일로 - 기타,승용,남,62세,상해없음,승용,남,45세,경상
2020080500100270,2020년 8월 5일 14시,수요일,전라남도 장성군 황룡면,경상사고,0,0,1,0,차대차 - 추돌,안전운전불이행,젖음/습기,비,교차로 - 교차로부근,화물,남,65세,상해없음,화물,남,49세,상해없음
2020080500100303,2020년 8월 5일 15시,수요일,전라남도 여수시 덕충동,중상사고,0,1,2,0,차대차 - 측면충돌,신호위반,건조,맑음,단일로 - 터널,승용,남,50세,상해없음,승용,남,24세,중상
2020080500100334,2020년 8월 5일 16시,수요일,전라남도 순천시 오천동,경상사고,0,0,1,0,차대차 - 기타,직진우회전진행방해,건조,맑음,교차로 - 교차로안,승용,남,29세,상해없음,승용,남,54세,경상
2020080500100335,2020년 8월 5일 16시,수요일,전라남도 고흥군 과역면,중상사고,0,1,1,0,차량단독 - 공작물충돌,안전운전불이행,건조,맑음,단일로 - 기타,승합,남,70세,상해없음,,,,
2020080500100363,2020년 8월 5일 17시,수요일,전라남도 목포시 상동,경상사고,0,0,2,0,차대차 - 측면충돌,교차로운행방법위반,건조,맑음,교차로 - 교차로안,승용,여,55세,경상,승용,여,33세,경상
2020080500100364,2020년 8월 5일 17시,수요일,전라남도 여수시 미평동,경상사고,0,0,1,0,차대차 - 측면충돌,중앙선침범,건조,맑음,단일로 - 기타,승용,여,60세,상해없음,이륜,남,32세,경상
2020080500100451,2020년 8월 5일 19시,수요일,전라남도 보성군 보성읍,경상사고,0,0,4,0,차대차 - 측면충돌,안전운전불이행,건조,맑음,단일로 - 기타,승용,여,60세,경상,승용,남,33세,경상
2020080500100511,2020년 8월 5일 21시,수요일,전라남도 광양시 중동,경상사고,0,0,3,0,차대차 - 정면충돌,안전운전불이행,젖음/습기,흐림,교차로 - 교차로부근,승용,여,50세,상해없음,승용,남,27세,경상
2020080500100582,2020년 8월 5일 23시,수요일,전라남도 고흥군 고흥읍,경상사고,0,0,1,0,차대차 - 기타,안전운전불이행,건조,맑음,단일로 - 기타,승용,남,60세,경상,승용,남,30세,상해없음
2020080500100583,2020년 8월 5일 23시,수요일,전라남도 영암군 삼호읍,경상사고,0,0,2,0,차대차 - 추돌,안전운전불이행,건조,기타,단일로 - 기타,승용,남,50세,경상,화물,남,43세,경상
2020080500100584,2020년 8월 5일 23시,수요일,전라남도 영암군 삼호읍,경상사고,0,0,1,0,차대차 - 정면충돌,안전운전불이행,건조,기타,단일로 - 기타,승용,남,45세,경상,승용,남,50세,상해없음
2020080500100585,2020년 8월 5일 23시,수요일,전라남도 무안군 삼향읍,경상사고,0,0,2,0,차대차 - 측면충돌,직진우회전진행방해,건조,맑음,교차로 - 교차로안,승용,여,47세,경상,승용,남,24세,경상
2020080600100034,2020년 8월 6일 01시,목요일,전라남도 여수시 둔덕동,경상사고,0,0,6,0,차대차 - 추돌,안전운전불이행,건조,흐림,단일로 - 기타,승용,여,47세,상해없음,승용,여,24세,경상
2020080600100062,2020년 8월 6일 04시,목요일,전라남도 여수시 신기동,중상사고,0,1,0,0,차대사람 - 기타,안전운전불이행,젖음/습기,비,교차로 - 교차로부근,승용,남,37세,상해없음,보행자,남,23세,중상
2020080600100079,2020년 8월 6일 06시,목요일,전라남도 무안군 무안읍,경상사고,0,0,3,0,차대차 - 기타,안전운전불이행,젖음/습기,비,교차로 - 교차로부근,승용,여,29세,기타불명,화물,남,48세,경상
2020080600100157,2020년 8월 6일 09시,목요일,전라남도 고흥군 도양읍,경상사고,0,0,1,0,차대차 - 측면충돌,신호위반,건조,맑음,교차로 - 교차로안,이륜,남,73세,상해없음,승용,남,85세,상해없음
2020080600100185,2020년 8월 6일 10시,목요일,전라남도 여수시 돌산읍,경상사고,0,0,1,0,차대차 - 측면충돌,교차로운행방법위반,건조,맑음,교차로 - 교차로부근,승용,남,18세,상해없음,승용,남,70세,경상
2020080600100186,2020년 8월 6일 10시,목요일,전라남도 화순군 화순읍,경상사고,0,0,2,0,차대차 - 측면충돌,교차로운행방법위반,건조,맑음,교차로 - 교차로안,승용,남,75세,상해없음,승용,남,74세,경상
2020080600100209,2020년 8월 6일 11시,목요일,전라남도 목포시 석현동,부상신고사고,0,0,0,1,차대차 - 기타,기타,젖음/습기,흐림,교차로 - 교차로부근,이륜,남,41세,부상신고,화물,남,59세,상해없음
2020080600100210,2020년 8월 6일 11시,목요일,전라남도 여수시 학동,경상사고,0,0,1,1,차대차 - 측면충돌,안전운전불이행,건조,맑음,교차로 - 교차로부근,승용,남,37세,부상신고,승용,남,41세,경상
2020080600100211,2020년 8월 6일 11시,목요일,전라남도 순천시 용당동,중상사고,0,1,0,0,차대사람 - 차도통행중,안전운전불이행,건조,맑음,교차로 - 교차로안,승용,여,61세,상해없음,보행자,여,73세,중상
2020080600100212,2020년 8월 6일 11시,목요일,전라남도 영암군 삼호읍,경상사고,0,0,5,0,차대차 - 추돌,안전운전불이행,건조,맑음,교차로 - 교차로부근,화물,남,72세,상해없음,승용,남,40세,경상
2020080600100213,2020년 8월 6일 11시,목요일,전라남도 광양시 광양읍,경상사고,0,0,2,0,차대차 - 측면충돌,직진우회전진행방해,젖음/습기,비,교차로 - 교차로안,승용,남,47세,경상,승용,여,23세,경상
2020080600100239,2020년 8월 6일 12시,목요일,전라남도 목포시 용해동,부상신고사고,0,0,0,1,차량단독 - 공작물충돌,안전운전불이행,건조,맑음,기타 - 기타,승용,남,47세,부상신고,,,,
2020080600100274,2020년 8월 6일 13시,목요일,전라남도 여수시 서교동,경상사고,0,0,1,0,차대사람 - 횡단중,신호위반,건조,맑음,교차로 - 교차로부근,승합,남,41세,상해없음,보행자,여,8세,경상
2020080600100351,2020년 8월 6일 15시,목요일,전라남도 여수시 여서동,경상사고,0,0,1,0,차량단독 - 전도전복 - 전도,안전운전불이행,젖음/습기,비,단일로 - 기타,이륜,남,39세,경상,,,,
2020080600100352,2020년 8월 6일 15시,목요일,전라남도 고흥군 동일면,중상사고,0,2,1,0,차대차 - 정면충돌,교차로운행방법위반,건조,맑음,교차로 - 교차로안,승용,남,62세,경상,승용,남,46세,중상
2020080600100353,2020년 8월 6일 15시,목요일,전라남도 담양군 수북면,중상사고,0,2,2,0,차대차 - 정면충돌,중앙선침범,젖음/습기,비,단일로 - 기타,승용,남,23세,경상,승용,남,40세,경상
2020080600100354,2020년 8월 6일 15시,목요일,전라남도 무안군 삼향읍,중상사고,0,1,0,0,차대차 - 기타,안전운전불이행,건조,맑음,단일로 - 기타,승용,남,51세,상해없음,승용,남,54세,상해없음
2020080600100428,2020년 8월 6일 17시,목요일,전라남도 여수시 신월동,경상사고,0,0,1,1,차대차 - 추돌,안전운전불이행,건조,흐림,미분류 - 미분류,승용,남,50세,상해없음,승용,여,33세,경상
2020080600100467,2020년 8월 6일 18시,목요일,전라남도 목포시 연산동,경상사고,0,0,1,0,차대차 - 측면충돌,안전거리미확보,건조,맑음,단일로 - 기타,화물,남,48세,상해없음,승용,여,40세,경상
2020080600100468,2020년 8월 6일 18시,목요일,전라남도 여수시 소호동,경상사고,0,0,1,0,차대사람 - 횡단중,보행자보호의무위반,건조,맑음,단일로 - 기타,승용,남,37세,상해없음,보행자,남,6세,경상
2020080600100494,2020년 8월 6일 19시,목요일,전라남도 목포시 동명동,경상사고,0,0,2,0,차대차 - 기타,교차로운행방법위반,건조,맑음,교차로 - 교차로부근,화물,남,61세,상해없음,승용,남,43세,경상
2020080600100514,2020년 8월 6일 20시,목요일,전라남도 목포시 상동,경상사고,0,0,2,0,차대차 - 후진중충돌,안전운전불이행,건조,맑음,주차장 - 주차장,승용,남,68세,경상,승용,남,44세,경상
2020080600100515,2020년 8월 6일 20시,목요일,전라남도 나주시 산포면,사망사고,1,0,0,0,차대사람 - 기타,안전운전불이행,젖음/습기,비,단일로 - 기타,화물,남,48세,상해없음,보행자,남,57세,사망
2020080600100537,2020년 8월 6일 21시,목요일,전라남도 여수시 오림동,경상사고,0,0,1,0,차대차 - 추돌,안전운전불이행,건조,맑음,단일로 - 기타,승용,남,55세,상해없음,승용,남,29세,경상
2020080600100538,2020년 8월 6일 21시,목요일,전라남도 순천시 중앙동,중상사고,0,1,0,0,차대사람 - 횡단중,보행자보호의무위반,건조,맑음,교차로 - 교차로부근,승용,남,64세,상해없음,보행자,여,67세,중상
2020080600100539,2020년 8월 6일 21시,목요일,전라남도 순천시 상사면,중상사고,0,1,0,0,차량단독 - 공작물충돌,안전운전불이행,젖음/습기,맑음,단일로 - 기타,승용,남,40세,중상,,,,
2020080600100556,2020년 8월 6일 22시,목요일,전라남도 무안군 무안읍,중상사고,0,1,0,0,차대차 - 기타,안전운전불이행,젖음/습기,흐림,교차로 - 교차로안,승용,남,61세,상해없음,이륜,남,55세,중상
2020080600100583,2020년 8월 6일 23시,목요일,전라남도 여수시 학동,경상사고,0,0,1,0,차대사람 - 차도통행중,안전운전불이행,건조,맑음,단일로 - 기타,승용,여,33세,상해없음,보행자,남,40세,경상
2020080700100061,2020년 8월 7일 05시,금요일,전라남도 순천시 남정동,사망사고,1,0,0,0,차대사람 - 차도통행중,안전운전불이행,젖음/습기,비,단일로 - 기타,승용,남,70세,상해없음,보행자,남,77세,사망
2020080700100062,2020년 8월 7일 05시,금요일,전라남도 광양시 옥곡면,중상사고,0,1,0,0,차대차 - 측면충돌,신호위반,건조,맑음,교차로 - 교차로안,화물,남,67세,상해없음,승합,남,49세,중상
2020080700100077,2020년 8월 7일 07시,금요일,전라남도 여수시 해산동,경상사고,0,0,1,0,차대차 - 측면충돌,차로위반,건조,맑음,단일로 - 기타,화물,남,44세,상해없음,승용,남,30세,경상
2020080700100112,2020년 8월 7일 08시,금요일,전라남도 영광군 대마면,중상사고,0,1,1,0,차대차 - 측면충돌,신호위반,젖음/습기,비,교차로 - 교차로안,승용,남,26세,경상,승용,여,52세,중상
2020080700100143,2020년 8월 7일 09시,금요일,전라남도 장흥군 장흥읍,경상사고,0,0,1,0,차대차 - 측면충돌,교차로운행방법위반,젖음/습기,흐림,교차로 - 교차로안,이륜,남,83세,경상,화물,남,72세,상해없음
2020080700100170,2020년 8월 7일 10시,금요일,전라남도 완도군 금일읍,경상사고,0,0,1,0,차대차 - 기타,안전운전불이행,건조,맑음,기타 - 기타,승용,남,56세,상해없음,승용,여,57세,경상
2020080700100171,2020년 8월 7일 10시,금요일,전라남도 무안군 삼향읍,경상사고,0,0,1,0,차대차 - 추돌,안전운전불이행,건조,맑음,교차로 - 교차로부근,승용,여,32세,상해없음,승용,여,51세,경상
2020080700100204,2020년 8월 7일 11시,금요일,전라남도 목포시 용해동,경상사고,0,0,4,0,차대차 - 측면충돌,차로위반,젖음/습기,비,교차로 - 교차로부근,승용,남,61세,경상,승용,남,22세,경상
2020080700100205,2020년 8월 7일 11시,금요일,전라남도 목포시 상동,경상사고,0,0,3,0,차대차 - 기타,안전운전불이행,젖음/습기,흐림,단일로 - 기타,화물,남,43세,경상,승용,여,42세,경상
2020080700100206,2020년 8월 7일 11시,금요일,전라남도 해남군 현산면,경상사고,0,0,1,0,차대차 - 추돌,안전운전불이행,젖음/습기,흐림,단일로 - 기타,화물,남,37세,상해없음,승용,여,56세,경상
2020080700100207,2020년 8월 7일 11시,금요일,전라남도 화순군 화순읍,경상사고,0,0,1,0,차대차 - 기타,안전운전불이행,젖음/습기,비,교차로 - 교차로안,승용,여,48세,상해없음,승용,남,25세,경상
2020080700100208,2020년 8월 7일 11시,금요일,전라남도 담양군 수북면,경상사고,0,0,1,0,차대차 - 추돌,안전거리미확보,젖음/습기,비,교차로 - 교차로안,승용,남,33세,기타불명,승용,여,46세,경상
2020080700100232,2020년 8월 7일 12시,금요일,전라남도 순천시 조곡동,경상사고,0,0,1,0,차대차 - 측면충돌,안전운전불이행,젖음/습기,흐림,단일로 - 기타,승용,남,57세,상해없음,이륜,남,33세,경상
2020080700100233,2020년 8월 7일 12시,금요일,전라남도 강진군 작천면,중상사고,0,1,0,0,차량단독 - 공작물충돌,안전운전불이행,젖음/습기,비,단일로 - 기타,화물,남,21세,중상,,,,
2020080700100263,2020년 8월 7일 13시,금요일,전라남도 장흥군 장흥읍,부상신고사고,0,0,0,1,차대차 - 기타,안전운전불이행,젖음/습기,비,단일로 - 기타,자전거,남,51세,부상신고,승용,남,34세,상해없음
2020080700100291,2020년 8월 7일 14시,금요일,전라남도 여수시 학동,경상사고,0,0,2,0,차대차 - 추돌,안전운전불이행,건조,맑음,교차로 - 교차로부근,승용,남,43세,상해없음,승용,여,46세,경상
2020080700100331,2020년 8월 7일 15시,금요일,전라남도 여수시 주삼동,중상사고,0,1,0,0,차대차 - 추돌,안전운전불이행,건조,맑음,단일로 - 기타,승용,남,44세,상해없음,승용,남,27세,중상
2020080700100363,2020년 8월 7일 16시,금요일,전라남도 목포시 옥암동,경상사고,0,0,5,0,차대차 - 추돌,안전운전불이행,젖음/습기,비,단일로 - 기타,승용,남,60세,상해없음,승용,여,52세,경상
2020080700100364,2020년 8월 7일 16시,금요일,전라남도 목포시 옥암동,중상사고,0,1,0,0,차대사람 - 기타,교차로운행방법위반,젖음/습기,비,교차로 - 교차로안,승용,남,64세,상해없음,보행자,여,68세,중상
2020080700100365,2020년 8월 7일 16시,금요일,전라남도 순천시 조례동,중상사고,0,1,0,0,차량단독 - 기타,안전운전불이행,젖음/습기,흐림,단일로 - 기타,원동기,여,25세,중상,,,,
2020080700100403,2020년 8월 7일 17시,금요일,전라남도 여수시 학동,경상사고,0,0,1,0,차대차 - 측면충돌,교차로운행방법위반,건조,맑음,교차로 - 교차로안,원동기,남,30세,경상,승용,남,26세,상해없음
2020080700100404,2020년 8월 7일 17시,금요일,전라남도 나주시 남평읍,경상사고,0,0,1,0,차대차 - 측면충돌,안전거리미확보,젖음/습기,비,교차로 - 교차로부근,특수,남,21세,상해없음,승용,여,38세,경상
2020080700100405,2020년 8월 7일 17시,금요일,전라남도 완도군 완도읍,경상사고,0,0,1,0,차대차 - 측면충돌,안전운전불이행,젖음/습기,흐림,단일로 - 기타,화물,남,61세,상해없음,승용,여,49세,경상
2020080700100451,2020년 8월 7일 18시,금요일,전라남도 목포시 대성동,경상사고,0,0,1,0,차대사람 - 기타,안전운전불이행,젖음/습기,비,교차로 - 교차로부근,승용,여,54세,상해없음,보행자,남,51세,경상
2020080700100494,2020년 8월 7일 19시,금요일,전라남도 목포시 상동,경상사고,0,0,1,0,차대차 - 기타,안전운전불이행,젖음/습기,비,단일로 - 기타,이륜,남,51세,경상,승용,남,30세,상해없음
2020080700100495,2020년 8월 7일 19시,금요일,전라남도 장흥군 장흥읍,경상사고,0,0,3,0,차대차 - 측면충돌,교차로운행방법위반,젖음/습기,흐림,교차로 - 교차로안,승용,남,24세,경상,승용,여,55세,경상
2020080700100496,2020년 8월 7일 19시,금요일,전라남도 무안군 삼향읍,중상사고,0,1,1,0,차대사람 - 횡단중,보행자보호의무위반,젖음/습기,비,교차로 - 교차로횡단보도내,승용,여,30세,상해없음,보행자,남,12세,중상
2020080700100531,2020년 8월 7일 20시,금요일,전라남도 여수시 국동,경상사고,0,0,1,0,차대차 - 추돌,안전운전불이행,젖음/습기,비,단일로 - 기타,화물,남,42세,상해없음,승용,여,37세,경상
2020080700100532,2020년 8월 7일 20시,금요일,전라남도 고흥군 도양읍,경상사고,0,0,2,0,차대차 - 추돌,안전운전불이행,젖음/습기,흐림,교차로 - 교차로부근,승용,남,75세,상해없음,승용,남,56세,상해없음
2020080700100565,2020년 8월 7일 21시,금요일,전라남도 목포시 산정동,경상사고,0,0,4,0,차대차 - 추돌,안전운전불이행,젖음/습기,비,단일로 - 기타,화물,남,65세,상해없음,승용,남,62세,경상
2020080700100592,2020년 8월 7일 22시,금요일,전라남도 장성군 삼계면,부상신고사고,0,0,0,1,차대사람 - 길가장자리구역통행중,기타,젖음/습기,비,단일로 - 기타,승용,남,41세,상해없음,보행자,남,17세,부상신고
2020080800100047,2020년 8월 8일 02시,토요일,전라남도 무안군 삼향읍,중상사고,0,1,0,0,차대차 - 추돌,안전운전불이행,젖음/습기,비,교차로 - 교차로부근,승용,남,34세,상해없음,이륜,남,38세,중상
2020080800100055,2020년 8월 8일 03시,토요일,전라남도 광양시 중동,경상사고,0,0,1,0,차대차 - 기타,안전운전불이행,젖음/습기,비,주차장 - 주차장,승용,남,39세,상해없음,승용,남,54세,상해없음
2020080800100073,2020년 8월 8일 05시,토요일,전라남도 여수시 오림동,경상사고,0,0,2,0,차대차 - 추돌,안전운전불이행,건조,맑음,교차로 - 교차로부근,화물,남,76세,상해없음,승용,남,23세,경상
2020080800100104,2020년 8월 8일 07시,토요일,전라남도 담양군 창평면,경상사고,0,0,1,0,차대차 - 기타,안전운전불이행,젖음/습기,비,기타 - 기타,승용,남,54세,상해없음,승용,남,67세,경상
2020080800100119,2020년 8월 8일 08시,토요일,전라남도 여수시 중앙동,중상사고,0,1,1,0,차대차 - 측면충돌,안전거리미확보,젖음/습기,비,교차로 - 교차로안,승용,여,48세,상해없음,승용,남,35세,경상
2020080800100120,2020년 8월 8일 08시,토요일,전라남도 곡성군 옥과면,경상사고,0,0,2,1,차대차 - 측면충돌,교차로운행방법위반,젖음/습기,비,교차로 - 교차로안,승용,여,36세,부상신고,화물,남,43세,경상
2020080800100159,2020년 8월 8일 10시,토요일,전라남도 여수시 화장동,경상사고,0,0,2,0,차대차 - 측면충돌,신호위반,젖음/습기,흐림,교차로 - 교차로안,화물,남,53세,경상,화물,남,36세,경상
2020080800100186,2020년 8월 8일 11시,토요일,전라남도 목포시 상동,경상사고,0,0,4,0,차대차 - 기타,차로위반,젖음/습기,흐림,교차로 - 교차로부근,승용,여,20세,경상,승용,여,61세,경상
2020080800100187,2020년 8월 8일 11시,토요일,전라남도 순천시 오천동,경상사고,0,0,2,0,차대차 - 측면충돌,직진우회전진행방해,젖음/습기,비,교차로 - 교차로안,승용,여,53세,경상,승용,여,51세,경상
2020080800100188,2020년 8월 8일 11시,토요일,전라남도 보성군 벌교읍,중상사고,0,1,0,0,차대사람 - 기타,안전운전불이행,건조,흐림,교차로 - 교차로안,승합,남,61세,상해없음,보행자,여,82세,중상
2020080800100189,2020년 8월 8일 11시,토요일,전라남도 영암군 영암읍,경상사고,0,0,3,0,차대차 - 측면충돌,신호위반,젖음/습기,비,교차로 - 교차로안,승용,남,36세,경상,승용,여,67세,경상
2020080800100295,2020년 8월 8일 14시,토요일,전라남도 여수시 중앙동,경상사고,0,0,2,0,차대차 - 측면충돌,교차로운행방법위반,건조,맑음,교차로 - 교차로안,승용,남,26세,상해없음,승용,남,28세,경상
2020080800100296,2020년 8월 8일 14시,토요일,전라남도 여수시 돌산읍,경상사고,0,0,1,0,차대차 - 측면충돌,중앙선침범,건조,맑음,교차로 - 교차로부근,승용,남,37세,상해없음,승용,남,49세,경상
2020080800100297,2020년 8월 8일 14시,토요일,전라남도 순천시 오천동,부상신고사고,0,0,0,1,차대차 - 기타,안전운전불이행,젖음/습기,비,교차로 - 교차로안,원동기,남,36세,부상신고,승용,여,28세,상해없음
2020080800100329,2020년 8월 8일 15시,토요일,전라남도 순천시 조곡동,경상사고,0,0,1,0,차대차 - 측면충돌,직진우회전진행방해,건조,흐림,교차로 - 교차로안,화물,여,55세,상해없음,승용,여,30세,경상
2020080800100330,2020년 8월 8일 15시,토요일,전라남도 고흥군 고흥읍,경상사고,0,0,1,0,차대사람 - 기타,안전운전불이행,건조,맑음,단일로 - 기타,승용,남,81세,상해없음,보행자,여,27세,경상
2020080800100447,2020년 8월 8일 19시,토요일,전라남도 여수시 신기동,중상사고,0,1,0,0,차대차 - 측면충돌,중앙선침범,건조,맑음,교차로 - 교차로부근,이륜,남,29세,중상,기타불명,기타불명,미분류,기타불명
2020080800100494,2020년 8월 8일 20시,토요일,전라남도 순천시 조례동,경상사고,0,0,2,0,차대차 - 추돌,안전운전불이행,건조,맑음,단일로 - 기타,승용,여,24세,상해없음,승용,남,64세,경상
2020080900100013,2020년 8월 9일 00시,일요일,전라남도 목포시 상동,중상사고,0,1,0,0,차량단독 - 기타,기타,젖음/습기,흐림,단일로 - 기타,이륜,남,19세,중상,,,,
2020080900100089,2020년 8월 9일 07시,일요일,전라남도 광양시 마동,중상사고,0,1,0,0,차대사람 - 기타,안전운전불이행,젖음/습기,흐림,교차로 - 교차로안,승용,여,67세,상해없음,보행자,여,76세,중상
2020080900100090,2020년 8월 9일 07시,일요일,전라남도 구례군 토지면,중상사고,0,2,0,0,차대차 - 추돌,안전운전불이행,침수,비,단일로 - 기타,승용,여,52세,중상,승용,여,60세,상해없음
2020080900100110,2020년 8월 9일 09시,일요일,전라남도 장성군 장성읍,경상사고,0,0,2,0,차대차 - 측면충돌,안전운전불이행,건조,맑음,교차로 - 교차로안,승용,여,33세,경상,화물,남,69세,경상
2020080900100179,2020년 8월 9일 13시,일요일,전라남도 목포시 산정동,경상사고,0,0,1,0,차대차 - 기타,안전운전불이행,건조,맑음,단일로 - 지하차도(도로)내,승용,여,39세,상해없음,이륜,남,24세,경상
2020080900100180,2020년 8월 9일 13시,일요일,전라남도 여수시 충무동,중상사고,0,1,0,0,차대사람 - 횡단중,안전운전불이행,건조,맑음,교차로 - 교차로안,이륜,남,22세,상해없음,보행자,여,12세,중상
2020080900100181,2020년 8월 9일 13시,일요일,전라남도 여수시 광무동,중상사고,0,1,0,0,차대사람 - 기타,기타,건조,맑음,교차로 - 교차로부근,승합,남,32세,상해없음,보행자,여,83세,중상
2020080900100229,2020년 8월 9일 15시,일요일,전라남도 광양시 광양읍,경상사고,0,0,2,0,차대차 - 측면충돌,신호위반,건조,맑음,교차로 - 교차로안,승용,남,54세,상해없음,승용,여,40세,경상
2020080900100264,2020년 8월 9일 16시,일요일,전라남도 순천시 연향동,경상사고,0,0,1,0,차대차 - 측면충돌,불법유턴,건조,맑음,단일로 - 기타,승용,여,35세,상해없음,승용,여,39세,경상
2020080900100294,2020년 8월 9일 17시,일요일,전라남도 목포시 금동2가,경상사고,0,0,2,0,차대차 - 기타,교차로운행방법위반,건조,맑음,교차로 - 교차로안,승용,여,26세,경상,승용,남,50세,상해없음
2020080900100295,2020년 8월 9일 17시,일요일,전라남도 여수시 소라면,경상사고,0,0,3,0,차대차 - 측면충돌,신호위반,건조,맑음,교차로 - 교차로안,승용,남,67세,경상,승용,남,42세,경상
2020080900100322,2020년 8월 9일 18시,일요일,전라남도 목포시 상동,경상사고,0,0,2,0,차대차 - 추돌,안전거리미확보,건조,맑음,교차로 - 교차로안,승용,남,46세,경상,승용,남,28세,경상
2020080900100382,2020년 8월 9일 20시,일요일,전라남도 구례군 구례읍,경상사고,0,0,1,0,차대차 - 기타,신호위반,건조,맑음,교차로 - 교차로안,기타불명,기타불명,미분류,기타불명,승용,남,75세,경상
2020080900100411,2020년 8월 9일 21시,일요일,전라남도 목포시 대양동,중상사고,0,2,0,0,차량단독 - 공작물충돌,안전운전불이행,건조,맑음,교차로 - 교차로부근,승용,남,31세,중상,,,,
2020080900100412,2020년 8월 9일 21시,일요일,전라남도 순천시 조례동,경상사고,0,0,1,0,차대차 - 측면충돌,차로위반,건조,맑음,교차로 - 교차로안,승용,남,25세,경상,승용,남,38세,상해없음
2020080900100431,2020년 8월 9일 22시,일요일,전라남도 화순군 화순읍,중상사고,0,1,0,0,차대차 - 기타,직진우회전진행방해,건조,맑음,교차로 - 교차로안,승용,남,32세,상해없음,이륜,남,21세,중상
2020080900100441,2020년 8월 9일 23시,일요일,전라남도 여수시 공화동,경상사고,0,0,1,0,차대차 - 기타,안전운전불이행,건조,맑음,교차로 - 교차로안,승용,남,62세,상해없음,승용,여,49세,경상
2020080900100442,2020년 8월 9일 23시,일요일,전라남도 순천시 조곡동,경상사고,0,0,1,0,차대차 - 측면충돌,직진우회전진행방해,건조,맑음,교차로 - 교차로안,승용,남,29세,상해없음,승용,남,35세,경상
2020081000100081,2020년 8월 10일 08시,월요일,전라남도 광양시 다압면,경상사고,0,0,1,0,차량단독 - 도로외이탈 - 기타,안전운전불이행,젖음/습기,비,단일로 - 기타,승합,남,38세,경상,,,,
2020081000100173,2020년 8월 10일 11시,월요일,전라남도 여수시 소라면,경상사고,0,0,1,0,차대차 - 측면충돌,신호위반,젖음/습기,맑음,교차로 - 교차로안,승용,여,53세,상해없음,승용,여,33세,경상