사고번호,사고일시,요일,시군구,사고내용,사망자수,중상자수,경상자수,부상신고자수,사고유형,법규위반,노면상태,기상상태,도로형태,가해운전자 차종,가해운전자 성별,가해운전자 연령,가해운전자 상해정도,피해운전자 차종,피해운전자 성별,피해운전자 연령,피해운전자 상해정도
2020081000100174,2020년 8월 10일 11시,월요일,전라남도 여수시 미평동,경상사고,0,0,1,0,차대차 - 후진중충돌,안전운전불이행,젖음/습기,비,단일로 - 기타,승용,남,47세,상해없음,승용,여,28세,경상
2020081000100175,2020년 8월 10일 11시,월요일,전라남도 광양시 광양읍,경상사고,0,0,1,0,차대차 - 측면충돌,안전운전불이행,건조,맑음,교차로 - 교차로안,승용,남,27세,기타불명,승용,남,47세,경상
2020081000100207,2020년 8월 10일 12시,월요일,전라남도 여수시 관문동,경상사고,0,0,2,0,차대차 - 측면충돌,신호위반,건조,맑음,교차로 - 교차로안,승용,여,54세,상해없음,승용,남,39세,경상
2020081000100208,2020년 8월 10일 12시,월요일,전라남도 장흥군 장흥읍,경상사고,0,0,1,0,차대차 - 측면충돌,직진우회전진행방해,젖음/습기,비,교차로 - 교차로안,승용,여,47세,상해없음,이륜,남,84세,경상
2020081000100209,2020년 8월 10일 12시,월요일,전라남도 해남군 화산면,중상사고,0,3,0,0,차대차 - 정면충돌,중앙선침범,건조,맑음,단일로 - 기타,승용,여,48세,중상,화물,남,74세,중상
2020081000100210,2020년 8월 10일 12시,월요일,전라남도 함평군 함평읍,부상신고사고,0,0,0,1,차대차 - 정면충돌,안전운전불이행,건조,맑음,단일로 - 기타,화물,남,19세,부상신고,승용,남,38세,상해없음
2020081000100211,2020년 8월 10일 12시,월요일,전라남도 함평군 대동면,중상사고,0,1,0,0,차대차 - 측면충돌,직진우회전진행방해,건조,맑음,교차로 - 교차로안,승합,남,47세,상해없음,이륜,여,71세,중상
2020081000100212,2020년 8월 10일 12시,월요일,전라남도 곡성군 옥과면,경상사고,0,0,1,0,차대차 - 측면충돌,교차로운행방법위반,젖음/습기,비,교차로 - 교차로안,승용,남,61세,상해없음,승용,남,65세,경상
2020081000100244,2020년 8월 10일 13시,월요일,전라남도 목포시 옥암동,경상사고,0,0,1,0,차대차 - 측면충돌,신호위반,건조,맑음,교차로 - 교차로안,승용,여,49세,상해없음,승용,남,40세,경상
2020081000100245,2020년 8월 10일 13시,월요일,전라남도 나주시 삼영동,경상사고,0,0,2,0,차대차 - 측면충돌,안전운전불이행,젖음/습기,비,교차로 - 교차로안,승용,남,67세,상해없음,승용,여,43세,경상
2020081000100246,2020년 8월 10일 13시,월요일,전라남도 무안군 운남면,사망사고,1,1,0,0,차량단독 - 도로외이탈 - 기타,과속,젖음/습기,비,단일로 - 기타,승용,남,58세,중상,,,,
2020081000100280,2020년 8월 10일 14시,월요일,전라남도 장흥군 대덕읍,중상사고,0,1,0,0,차대차 - 측면충돌,직진우회전진행방해,젖음/습기,비,교차로 - 교차로안,화물,남,39세,상해없음,이륜,여,75세,중상
2020081000100281,2020년 8월 10일 14시,월요일,전라남도 장성군 장성읍,경상사고,0,0,1,0,차대차 - 측면충돌,안전운전불이행,젖음/습기,비,교차로 - 교차로안,건설기계,남,53세,기타불명,승용,남,55세,경상
2020081000100314,2020년 8월 10일 15시,월요일,전라남도 목포시 산정동,경상사고,0,0,1,0,차대사람 - 차도통행중,안전운전불이행,건조,맑음,단일로 - 기타,승용,여,61세,상해없음,보행자,남,60세,경상
2020081000100315,2020년 8월 10일 15시,월요일,전라남도 고흥군 금산면,부상신고사고,0,0,0,1,차량단독 - 공작물충돌,안전운전불이행,젖음/습기,비,단일로 - 기타,승용,남,57세,부상신고,,,,
2020081000100316,2020년 8월 10일 15시,월요일,전라남도 함평군 대동면,부상신고사고,0,0,0,1,차량단독 - 공작물충돌,안전운전불이행,젖음/습기,비,단일로 - 기타,화물,남,67세,부상신고,,,,
2020081000100317,2020년 8월 10일 15시,월요일,전라남도 강진군 강진읍,중상사고,0,1,0,0,차대차 - 기타,교차로운행방법위반,젖음/습기,비,교차로 - 교차로안,화물,남,58세,상해없음,이륜,남,70세,중상
2020081000100383,2020년 8월 10일 17시,월요일,전라남도 목포시 옥암동,경상사고,0,0,1,0,차대차 - 측면충돌,중앙선침범,건조,맑음,단일로 - 기타,승용,남,55세,상해없음,이륜,남,21세,경상
2020081000100449,2020년 8월 10일 19시,월요일,전라남도 목포시 용당동,부상신고사고,0,0,0,1,차대차 - 측면충돌,안전운전불이행,건조,맑음,미분류 - 미분류,승용,여,32세,부상신고,화물,남,52세,기타불명
2020081000100483,2020년 8월 10일 20시,월요일,전라남도 곡성군 옥과면,중상사고,0,1,0,0,차대차 - 추돌,안전운전불이행,젖음/습기,비,단일로 - 기타,이륜,남,71세,중상,화물,기타불명,미분류,기타불명
2020081000100522,2020년 8월 10일 21시,월요일,전라남도 강진군 강진읍,경상사고,0,0,1,0,차대사람 - 횡단중,보행자보호의무위반,젖음/습기,흐림,교차로 - 교차로안,승용,남,55세,상해없음,보행자,남,23세,경상
2020081000100523,2020년 8월 10일 21시,월요일,전라남도 강진군 작천면,부상신고사고,0,0,0,1,차량단독 - 도로외이탈 - 기타,안전운전불이행,건조,맑음,단일로 - 기타,승용,남,58세,부상신고,,,,
2020081000100583,2020년 8월 10일 23시,월요일,전라남도 광양시 광양읍,경상사고,0,0,1,0,차대차 - 기타,안전운전불이행,젖음/습기,비,교차로 - 교차로부근,승용,남,68세,상해없음,승용,남,30세,상해없음
2020081100100014,2020년 8월 11일 00시,화요일,전라남도 목포시 상동,경상사고,0,0,1,0,차량단독 - 기타,안전운전불이행,기타,기타,기타 - 기타,승용,남,56세,상해없음,,,,
2020081100100062,2020년 8월 11일 05시,화요일,전라남도 해남군 송지면,중상사고,0,1,0,0,차대차 - 추돌,안전운전불이행,젖음/습기,안개,단일로 - 기타,승용,남,61세,상해없음,농기계,남,81세,중상
2020081100100077,2020년 8월 11일 06시,화요일,전라남도 목포시 용해동,경상사고,0,0,1,0,차대사람 - 기타,안전운전불이행,건조,맑음,교차로 - 교차로안,승용,남,73세,상해없음,보행자,여,76세,경상
2020081100100078,2020년 8월 11일 06시,화요일,전라남도 광양시 광양읍,경상사고,0,0,1,0,차대차 - 기타,교차로운행방법위반,젖음/습기,흐림,교차로 - 교차로안,승용,남,59세,상해없음,승용,여,60세,경상
2020081100100094,2020년 8월 11일 07시,화요일,전라남도 여수시 문수동,경상사고,0,0,1,0,차대차 - 추돌,안전운전불이행,건조,맑음,교차로 - 교차로부근,원동기,남,21세,경상,승용,남,62세,상해없음
2020081100100124,2020년 8월 11일 08시,화요일,전라남도 여수시 호명동,경상사고,0,0,1,0,차대차 - 측면충돌,중앙선침범,건조,맑음,단일로 - 기타,특수,남,67세,상해없음,화물,남,50세,경상
2020081100100163,2020년 8월 11일 09시,화요일,전라남도 여수시 여서동,중상사고,0,1,0,0,차대차 - 측면충돌,교차로운행방법위반,건조,맑음,교차로 - 교차로안,승용,남,54세,상해없음,승용,여,61세,중상
2020081100100164,2020년 8월 11일 09시,화요일,전라남도 고흥군 고흥읍,경상사고,0,0,1,0,차대사람 - 기타,안전운전불이행,건조,맑음,단일로 - 기타,승합,남,72세,상해없음,보행자,남,69세,경상
2020081100100165,2020년 8월 11일 09시,화요일,전라남도 고흥군 포두면,사망사고,1,5,1,0,차대차 - 정면충돌,중앙선침범,건조,맑음,단일로 - 기타,승용,여,54세,경상,승용,남,64세,사망
2020081100100191,2020년 8월 11일 10시,화요일,전라남도 목포시 상동,경상사고,0,0,1,0,차대차 - 측면충돌,안전운전불이행,건조,맑음,단일로 - 기타,승용,여,35세,상해없음,자전거,남,49세,경상
2020081100100192,2020년 8월 11일 10시,화요일,전라남도 여수시 미평동,경상사고,0,0,1,0,차대사람 - 횡단중,보행자보호의무위반,건조,맑음,단일로 - 기타,이륜,남,20세,상해없음,보행자,여,9세,경상
2020081100100193,2020년 8월 11일 10시,화요일,전라남도 곡성군 옥과면,경상사고,0,0,1,0,차량단독 - 공작물충돌,안전운전불이행,젖음/습기,흐림,주차장 - 주차장,화물,남,67세,경상,,,,
2020081100100235,2020년 8월 11일 11시,화요일,전라남도 여수시 학동,경상사고,0,0,4,0,차대차 - 측면충돌,차로위반,건조,맑음,단일로 - 기타,승용,남,47세,상해없음,승용,남,44세,경상
2020081100100264,2020년 8월 11일 12시,화요일,전라남도 화순군 화순읍,경상사고,0,0,2,0,차대차 - 측면충돌,안전운전불이행,젖음/습기,맑음,교차로 - 교차로부근,승용,남,17세,상해없음,승용,남,35세,경상
2020081100100284,2020년 8월 11일 13시,화요일,전라남도 순천시 주암면,경상사고,0,0,1,0,차대차 - 측면충돌,직진우회전진행방해,건조,맑음,교차로 - 교차로안,승용,남,25세,상해없음,승용,남,48세,경상
2020081100100329,2020년 8월 11일 14시,화요일,전라남도 나주시 문평면,경상사고,0,0,1,0,차대차 - 측면충돌,신호위반,기타,비,교차로 - 교차로안,승용,남,78세,상해없음,화물,남,48세,경상
2020081100100330,2020년 8월 11일 14시,화요일,전라남도 보성군 벌교읍,중상사고,0,1,0,0,차량단독 - 기타,안전운전불이행,건조,맑음,교차로 - 교차로부근,승용,남,69세,상해없음,,,,
2020081100100364,2020년 8월 11일 15시,화요일,전라남도 강진군 군동면,경상사고,0,0,1,0,차량단독 - 공작물충돌,안전운전불이행,젖음/습기,비,단일로 - 교량,승용,여,24세,경상,,,,
2020081100100365,2020년 8월 11일 15시,화요일,전라남도 광양시 중동,경상사고,0,0,1,0,차대차 - 측면충돌,안전운전불이행,젖음/습기,비,교차로 - 교차로안,승용,남,50세,상해없음,이륜,남,41세,경상
2020081100100399,2020년 8월 11일 16시,화요일,전라남도 광양시 마동,경상사고,0,0,4,0,차대차 - 측면충돌,안전운전불이행,젖음/습기,비,교차로 - 교차로안,승용,남,26세,경상,승용,여,38세,경상
2020081100100432,2020년 8월 11일 17시,화요일,전라남도 여수시 오림동,경상사고,0,0,3,0,차대차 - 측면충돌,안전운전불이행,젖음/습기,비,교차로 - 교차로부근,승용,남,23세,상해없음,승용,여,55세,경상
2020081100100433,2020년 8월 11일 17시,화요일,전라남도 완도군 완도읍,경상사고,0,0,2,0,차대차 - 측면충돌,안전운전불이행,건조,맑음,교차로 - 교차로안,승용,남,57세,상해없음,승용,여,59세,경상
2020081100100471,2020년 8월 11일 18시,화요일,전라남도 여수시 학동,경상사고,0,0,1,0,차대차 - 측면충돌,교차로운행방법위반,건조,맑음,교차로 - 교차로안,승용,남,54세,상해없음,이륜,남,21세,경상
2020081100100472,2020년 8월 11일 18시,화요일,전라남도 순천시 교량동,경상사고,0,0,2,0,차대차 - 측면충돌,중앙선침범,젖음/습기,비,단일로 - 기타,승용,남,44세,상해없음,승용,여,27세,경상
2020081100100511,2020년 8월 11일 19시,화요일,전라남도 여수시 돌산읍,경상사고,0,0,3,0,차대차 - 측면충돌,안전운전불이행,건조,흐림,단일로 - 기타,승용,여,54세,상해없음,승용,남,40세,경상
2020081100100565,2020년 8월 11일 21시,화요일,전라남도 장성군 황룡면,경상사고,0,0,2,0,차대차 - 측면충돌,안전운전불이행,젖음/습기,흐림,교차로 - 교차로안,승용,여,24세,상해없음,승용,여,57세,경상
2020081200100010,2020년 8월 12일 00시,수요일,전라남도 목포시 상동,경상사고,0,0,2,0,차대차 - 추돌,안전운전불이행,건조,맑음,교차로 - 교차로부근,승용,남,30세,상해없음,승용,남,27세,경상
2020081200100014,2020년 8월 12일 01시,수요일,전라남도 여수시 봉산동,경상사고,0,0,1,0,차대사람 - 횡단중,안전운전불이행,젖음/습기,흐림,교차로 - 교차로안,승용,남,29세,상해없음,보행자,남,57세,경상
2020081200100015,2020년 8월 12일 01시,수요일,전라남도 광양시 마동,경상사고,0,0,1,0,차량단독 - 공작물충돌,안전운전불이행,젖음/습기,비,단일로 - 기타,승용,여,20세,경상,,,,
2020081200100032,2020년 8월 12일 03시,수요일,전라남도 여수시 공화동,경상사고,0,0,1,0,차대차 - 측면충돌,신호위반,건조,맑음,교차로 - 교차로안,승용,남,63세,상해없음,승용,여,59세,경상
2020081200100049,2020년 8월 12일 05시,수요일,전라남도 해남군 해남읍,경상사고,0,0,1,0,차대차 - 측면충돌,교차로운행방법위반,건조,맑음,교차로 - 교차로안,승합,여,65세,상해없음,승합,남,49세,경상
2020081200100104,2020년 8월 12일 08시,수요일,전라남도 여수시 신기동,경상사고,0,0,1,0,차대차 - 측면충돌,교차로운행방법위반,건조,맑음,교차로 - 교차로안,승용,남,31세,상해없음,승용,남,26세,경상
2020081200100105,2020년 8월 12일 08시,수요일,전라남도 영광군 염산면,경상사고,0,0,1,0,차대사람 - 차도통행중,안전운전불이행,젖음/습기,흐림,단일로 - 기타,승용,남,59세,상해없음,보행자,남,82세,경상
2020081200100106,2020년 8월 12일 08시,수요일,전라남도 영암군 영암읍,경상사고,0,0,1,0,차대차 - 측면충돌,안전운전불이행,건조,맑음,단일로 - 기타,화물,남,60세,상해없음,승용,여,54세,경상
2020081200100107,2020년 8월 12일 08시,수요일,전라남도 구례군 구례읍,중상사고,0,1,0,0,차대사람 - 기타,안전운전불이행,건조,맑음,단일로 - 기타,승용,여,56세,상해없음,보행자,여,62세,중상
2020081200100148,2020년 8월 12일 09시,수요일,전라남도 영광군 영광읍,중상사고,0,1,1,0,차대차 - 측면충돌,직진우회전진행방해,건조,맑음,교차로 - 교차로안,승용,남,38세,중상,승용,여,42세,경상
2020081200100174,2020년 8월 12일 10시,수요일,전라남도 무안군 삼향읍,경상사고,0,0,2,0,차대차 - 기타,안전운전불이행,건조,맑음,기타 - 기타,승용,여,43세,경상,승용,여,30세,경상
2020081200100246,2020년 8월 12일 12시,수요일,전라남도 고흥군 도양읍,경상사고,0,0,3,0,차대차 - 측면충돌,안전운전불이행,건조,맑음,단일로 - 기타,승용,남,51세,경상,승용,남,32세,경상
2020081200100387,2020년 8월 12일 16시,수요일,전라남도 보성군 벌교읍,경상사고,0,0,1,0,차대차 - 측면충돌,안전운전불이행,건조,맑음,교차로 - 교차로안,승용,남,42세,상해없음,승용,여,42세,경상
2020081200100428,2020년 8월 12일 17시,수요일,전라남도 목포시 용해동,경상사고,0,0,1,0,차대차 - 측면충돌,안전운전불이행,건조,맑음,단일로 - 기타,승용,여,41세,상해없음,자전거,남,30세,경상
2020081200100429,2020년 8월 12일 17시,수요일,전라남도 여수시 안산동,경상사고,0,0,1,0,차대차 - 측면충돌,안전거리미확보,건조,맑음,단일로 - 기타,승용,남,50세,상해없음,승용,남,24세,경상
2020081200100473,2020년 8월 12일 18시,수요일,전라남도 화순군 동면,경상사고,0,0,1,0,차대차 - 추돌,안전운전불이행,건조,맑음,단일로 - 기타,화물,남,59세,상해없음,화물,남,42세,경상
2020081200100509,2020년 8월 12일 19시,수요일,전라남도 해남군 산이면,경상사고,0,0,2,0,차대차 - 측면충돌,안전거리미확보,건조,맑음,단일로 - 기타,승용,여,59세,경상,화물,남,47세,경상
2020081200100531,2020년 8월 12일 20시,수요일,전라남도 무안군 일로읍,사망사고,1,1,0,0,차대차 - 추돌,안전운전불이행,건조,맑음,교차로 - 교차로안,승용,여,39세,상해없음,이륜,남,65세,중상
2020081200100562,2020년 8월 12일 21시,수요일,전라남도 여수시 국동,경상사고,0,0,2,0,차대차 - 측면충돌,안전운전불이행,젖음/습기,흐림,단일로 - 기타,승용,남,72세,상해없음,승용,남,62세,경상
2020081200100563,2020년 8월 12일 21시,수요일,전라남도 고흥군 동강면,중상사고,0,1,0,0,차대사람 - 기타,안전운전불이행,건조,맑음,주차장 - 주차장,화물,남,43세,상해없음,보행자,남,60세,중상
2020081200100619,2020년 8월 12일 23시,수요일,전라남도 목포시 옥암동,경상사고,0,0,1,0,차대차 - 측면충돌,안전거리미확보,건조,맑음,단일로 - 기타,승용,남,46세,상해없음,승용,남,25세,경상
2020081200100620,2020년 8월 12일 23시,수요일,전라남도 영암군 삼호읍,중상사고,0,1,1,0,차대차 - 측면충돌,신호위반,건조,맑음,교차로 - 교차로안,승용,남,66세,상해없음,승용,남,49세,중상
2020081300100025,2020년 8월 13일 02시,목요일,전라남도 무안군 삼향읍,중상사고,0,1,0,0,차량단독 - 공작물충돌,안전운전불이행,건조,맑음,단일로 - 기타,화물,남,64세,중상,,,,
2020081300100085,2020년 8월 13일 08시,목요일,전라남도 순천시 낙안면,중상사고,0,1,0,0,차량단독 - 기타,안전운전불이행,건조,맑음,단일로 - 기타,농기계,남,71세,중상,,,,
2020081300100086,2020년 8월 13일 08시,목요일,전라남도 무안군 삼향읍,경상사고,0,0,2,0,차대차 - 측면충돌,신호위반,건조,맑음,교차로 - 교차로안,승용,여,54세,경상,승용,남,58세,경상
2020081300100114,2020년 8월 13일 09시,목요일,전라남도 여수시 웅천동,경상사고,0,0,2,0,차대차 - 후진중충돌,안전운전불이행,건조,맑음,단일로 - 기타,승용,남,39세,상해없음,승용,여,41세,경상
2020081300100115,2020년 8월 13일 09시,목요일,전라남도 화순군 동복면,경상사고,0,0,1,0,차대차 - 추돌,안전거리미확보,건조,맑음,단일로 - 기타,승용,남,49세,상해없음,화물,남,57세,경상
2020081300100116,2020년 8월 13일 09시,목요일,전라남도 무안군 현경면,중상사고,0,1,0,0,차대차 - 기타,안전운전불이행,건조,맑음,단일로 - 기타,승용,남,52세,상해없음,이륜,남,40세,중상
2020081300100254,2020년 8월 13일 13시,목요일,전라남도 목포시 용당동,경상사고,0,0,1,0,차대사람 - 기타,안전운전불이행,건조,맑음,단일로 - 기타,승용,남,61세,상해없음,보행자,남,46세,경상
2020081300100292,2020년 8월 13일 14시,목요일,전라남도 보성군 보성읍,경상사고,0,0,1,0,차대차 - 측면충돌,안전운전불이행,건조,맑음,주차장 - 주차장,화물,남,63세,상해없음,승용,여,35세,경상
2020081300100333,2020년 8월 13일 15시,목요일,전라남도 목포시 옥암동,중상사고,0,1,2,0,차대차 - 기타,안전운전불이행,건조,맑음,교차로 - 교차로안,승용,남,49세,경상,이륜,남,28세,중상
2020081300100334,2020년 8월 13일 15시,목요일,전라남도 목포시 용당동,경상사고,0,0,2,1,차대차 - 측면충돌,안전운전불이행,건조,맑음,단일로 - 기타,승용,남,44세,부상신고,이륜,남,17세,경상
2020081300100335,2020년 8월 13일 15시,목요일,전라남도 목포시 산정동,중상사고,0,1,0,0,차대사람 - 기타,안전운전불이행,건조,맑음,단일로 - 기타,승용,남,57세,상해없음,보행자,여,76세,중상
2020081300100377,2020년 8월 13일 16시,목요일,전라남도 여수시 수정동,경상사고,0,0,2,0,차대차 - 측면충돌,신호위반,건조,맑음,단일로 - 고가도로위,승용,남,64세,상해없음,승용,남,30세,경상
2020081300100378,2020년 8월 13일 16시,목요일,전라남도 화순군 이양면,중상사고,0,1,0,0,차대사람 - 기타,안전운전불이행,건조,맑음,기타 - 기타,승용,남,75세,상해없음,보행자,여,85세,중상
2020081300100415,2020년 8월 13일 17시,목요일,전라남도 목포시 명륜동,경상사고,0,0,1,0,차대차 - 측면충돌,차로위반,건조,맑음,교차로 - 교차로안,승용,여,39세,상해없음,승용,남,69세,경상
2020081300100416,2020년 8월 13일 17시,목요일,전라남도 여수시 문수동,경상사고,0,0,1,0,차대사람 - 횡단중,안전운전불이행,건조,맑음,교차로 - 교차로안,승용,남,65세,상해없음,보행자,여,67세,경상
2020081300100417,2020년 8월 13일 17시,목요일,전라남도 함평군 대동면,경상사고,0,0,1,0,차대사람 - 차도통행중,안전운전불이행,건조,맑음,단일로 - 기타,승용,남,56세,상해없음,보행자,여,84세,경상
2020081300100452,2020년 8월 13일 18시,목요일,전라남도 여수시 학동,경상사고,0,0,1,0,차대차 - 측면충돌,안전운전불이행,건조,맑음,단일로 - 기타,건설기계,남,66세,상해없음,승용,여,36세,경상
2020081300100453,2020년 8월 13일 18시,목요일,전라남도 순천시 장천동,중상사고,0,1,0,0,차대차 - 측면충돌,중앙선침범,건조,맑음,단일로 - 기타,자전거,남,61세,중상,승용,남,59세,상해없음
2020081300100454,2020년 8월 13일 18시,목요일,전라남도 순천시 매곡동,경상사고,0,0,1,0,차대차 - 추돌,안전거리미확보,건조,맑음,단일로 - 기타,승용,남,35세,상해없음,승용,남,70세,상해없음
2020081300100455,2020년 8월 13일 18시,목요일,전라남도 순천시 해룡면,경상사고,0,0,1,0,차대차 - 기타,안전운전불이행,건조,맑음,단일로 - 기타,화물,남,44세,기타불명,승용,남,35세,경상
2020081300100510,2020년 8월 13일 19시,목요일,전라남도 순천시 연향동,경상사고,0,0,1,0,차대차 - 후진중충돌,안전운전불이행,건조,맑음,교차로 - 교차로안,승용,남,29세,기타불명,이륜,남,29세,경상
2020081300100511,2020년 8월 13일 19시,목요일,전라남도 구례군 구례읍,경상사고,0,0,2,0,차대차 - 측면충돌,교차로운행방법위반,건조,맑음,교차로 - 교차로안,승용,남,69세,상해없음,승용,남,26세,경상
2020081300100567,2020년 8월 13일 21시,목요일,전라남도 목포시 용당동,경상사고,0,0,1,0,차대차 - 측면충돌,교차로운행방법위반,건조,맑음,교차로 - 교차로안,승용,남,40세,상해없음,승용,여,50세,경상
2020081300100568,2020년 8월 13일 21시,목요일,전라남도 순천시 조곡동,경상사고,0,0,1,0,차대차 - 측면충돌,안전거리미확보,건조,맑음,단일로 - 기타,승합,남,65세,상해없음,승용,남,22세,경상
2020081300100598,2020년 8월 13일 22시,목요일,전라남도 목포시 상동,경상사고,0,0,2,0,차대차 - 측면충돌,안전거리미확보,건조,맑음,교차로 - 교차로안,이륜,남,39세,경상,이륜,남,39세,경상
2020081300100599,2020년 8월 13일 22시,목요일,전라남도 목포시 달동,경상사고,0,0,1,0,차대차 - 측면충돌,안전운전불이행,건조,맑음,교차로 - 교차로부근,승용,남,24세,상해없음,승용,남,23세,경상
2020081300100600,2020년 8월 13일 22시,목요일,전라남도 순천시 옥천동,경상사고,0,0,1,0,차대사람 - 차도통행중,기타,건조,맑음,교차로 - 교차로부근,화물,남,49세,상해없음,보행자,남,56세,경상
2020081300100621,2020년 8월 13일 23시,목요일,전라남도 광양시 중동,경상사고,0,0,4,0,차대차 - 추돌,안전운전불이행,건조,맑음,교차로 - 교차로부근,승용,여,32세,경상,승용,여,49세,경상
2020081400100085,2020년 8월 14일 07시,금요일,전라남도 여수시 소라면,중상사고,0,1,0,0,차대차 - 측면충돌,중앙선침범,건조,맑음,단일로 - 기타,이륜,남,66세,중상,승용,여,25세,상해없음
2020081400100115,2020년 8월 14일 08시,금요일,전라남도 목포시 산정동,경상사고,0,0,2,0,차대차 - 기타,안전운전불이행,건조,맑음,교차로 - 교차로안,승용,남,23세,상해없음,승합,여,47세,경상
2020081400100117,2020년 8월 14일 08시,금요일,전라남도 나주시 다도면,중상사고,0,1,2,0,차량단독 - 공작물충돌,안전운전불이행,건조,맑음,단일로 - 기타,원동기,남,16세,경상,,,,
2020081400100142,2020년 8월 14일 09시,금요일,전라남도 순천시 주암면,사망사고,1,0,0,0,차대사람 - 기타,안전운전불이행,건조,맑음,단일로 - 기타,승용,남,59세,상해없음,보행자,남,92세,사망
2020081400100143,2020년 8월 14일 09시,금요일,전라남도 해남군 산이면,경상사고,0,0,2,0,차대차 - 기타,중앙선침범,건조,맑음,단일로 - 기타,승용,남,77세,경상,건설기계,남,28세,경상
2020081400100180,2020년 8월 14일 10시,금요일,전라남도 여수시 학동,경상사고,0,0,1,0,차대차 - 측면충돌,교차로운행방법위반,건조,맑음,교차로 - 교차로안,승용,여,56세,상해없음,승용,남,65세,경상
2020081400100221,2020년 8월 14일 11시,금요일,전라남도 목포시 용해동,중상사고,0,1,0,0,차량단독 - 기타,안전운전불이행,건조,맑음,단일로 - 기타,승합,여,46세,중상,,,,
2020081400100222,2020년 8월 14일 11시,금요일,전라남도 여수시 중앙동,경상사고,0,0,1,0,차대차 - 측면충돌,안전운전불이행,건조,맑음,교차로 - 교차로부근,화물,남,55세,상해없음,이륜,남,27세,경상
2020081400100272,2020년 8월 14일 12시,금요일,전라남도 순천시 조곡동,중상사고,0,1,0,0,차대차 - 측면충돌,안전운전불이행,건조,맑음,교차로 - 교차로안,원동기,남,39세,중상,승용,남,39세,상해없음
2020081400100273,2020년 8월 14일 12시,금요일,전라남도 무안군 무안읍,경상사고,0,0,1,0,차대사람 - 기타,기타,건조,맑음,기타 - 기타,승합,남,66세,상해없음,보행자,여,74세,경상
2020081400100307,2020년 8월 14일 13시,금요일,전라남도 여수시 여서동,경상사고,0,0,2,0,차대차 - 기타,안전운전불이행,건조,맑음,단일로 - 기타,화물,여,68세,상해없음,승용,남,27세,경상
2020081400100308,2020년 8월 14일 13시,금요일,전라남도 여수시 학동,경상사고,0,0,1,2,차대차 - 측면충돌,차로위반,건조,맑음,교차로 - 교차로안,승용,남,25세,부상신고,승용,남,35세,경상
2020081400100309,2020년 8월 14일 13시,금요일,전라남도 보성군 보성읍,중상사고,0,1,1,0,차대차 - 측면충돌,안전운전불이행,건조,맑음,교차로 - 교차로안,화물,남,62세,중상,승용,남,28세,경상
2020081400100310,2020년 8월 14일 13시,금요일,전라남도 광양시 중동,경상사고,0,0,1,0,차대차 - 기타,신호위반,건조,맑음,교차로 - 교차로횡단보도내,승용,남,77세,상해없음,자전거,남,7세,경상
2020081400100346,2020년 8월 14일 14시,금요일,전라남도 순천시 연향동,경상사고,0,0,2,0,차대차 - 측면충돌,교차로운행방법위반,건조,맑음,교차로 - 교차로안,승용,남,29세,상해없음,승용,남,51세,경상
2020081400100347,2020년 8월 14일 14시,금요일,전라남도 나주시 금천면,경상사고,0,0,2,0,차대차 - 측면충돌,차로위반,건조,맑음,단일로 - 기타,화물,남,60세,상해없음,승용,여,46세,경상
2020081400100348,2020년 8월 14일 14시,금요일,전라남도 장성군 삼서면,중상사고,0,1,1,0,차대차 - 기타,안전운전불이행,건조,맑음,단일로 - 기타,건설기계,남,47세,상해없음,이륜,남,63세,중상
2020081400100349,2020년 8월 14일 14시,금요일,전라남도 무안군 일로읍,중상사고,0,1,0,0,차대차 - 기타,안전운전불이행,건조,맑음,교차로 - 교차로안,이륜,남,78세,중상,화물,남,54세,상해없음
2020081400100385,2020년 8월 14일 15시,금요일,전라남도 여수시 적량동,중상사고,0,1,0,0,차대차 - 정면충돌,중앙선침범,건조,맑음,단일로 - 기타,승용,남,65세,중상,특수,남,52세,상해없음
2020081400100386,2020년 8월 14일 15시,금요일,전라남도 순천시 해룡면,경상사고,0,0,1,0,차대사람 - 기타,안전운전불이행,건조,맑음,단일로 - 기타,승용,남,58세,상해없음,보행자,남,45세,경상
2020081400100419,2020년 8월 14일 16시,금요일,전라남도 여수시 웅천동,중상사고,0,1,0,0,차대차 - 측면충돌,신호위반,건조,맑음,교차로 - 교차로부근,자전거,남,11세,중상,승용,남,64세,상해없음
2020081400100421,2020년 8월 14일 16시,금요일,전라남도 해남군 북평면,사망사고,1,0,0,0,차대차 - 측면충돌,안전운전불이행,건조,맑음,교차로 - 교차로안,건설기계,남,61세,기타불명,원동기,남,83세,사망
2020081400100422,2020년 8월 14일 16시,금요일,전라남도 영암군 학산면,경상사고,0,0,2,0,차대차 - 추돌,안전운전불이행,건조,맑음,교차로 - 교차로부근,승용,남,60세,상해없음,승용,여,59세,경상
2020081400100475,2020년 8월 14일 17시,금요일,전라남도 목포시 옥암동,중상사고,0,1,0,0,차대사람 - 차도통행중,안전운전불이행,건조,맑음,단일로 - 기타,승용,남,61세,상해없음,보행자,여,20세,중상
2020081400100476,2020년 8월 14일 17시,금요일,전라남도 순천시 해룡면,경상사고,0,0,1,0,차대차 - 기타,안전운전불이행,건조,맑음,교차로 - 교차로부근,승용,남,28세,상해없음,승용,여,39세,경상