사고번호,사고일시,요일,시군구,사고내용,사망자수,중상자수,경상자수,부상신고자수,사고유형,법규위반,노면상태,기상상태,도로형태,가해운전자 차종,가해운전자 성별,가해운전자 연령,가해운전자 상해정도,피해운전자 차종,피해운전자 성별,피해운전자 연령,피해운전자 상해정도
2020081800100529,2020년 8월 18일 18시,화요일,전라남도 목포시 용해동,경상사고,0,0,3,0,차대차 - 측면충돌,중앙선침범,건조,맑음,단일로 - 기타,승용,남,62세,상해없음,승용,여,19세,경상
2020081800100530,2020년 8월 18일 18시,화요일,전라남도 장흥군 장흥읍,경상사고,0,0,2,0,차대차 - 측면충돌,직진우회전진행방해,건조,맑음,교차로 - 교차로안,승용,여,57세,경상,승용,남,32세,경상
2020081800100532,2020년 8월 18일 18시,화요일,전라남도 무안군 청계면,중상사고,0,1,0,0,차대차 - 측면충돌,안전운전불이행,건조,맑음,교차로 - 교차로안,사륜오토바이(ATV),여,72세,중상,승용,여,45세,상해없음
2020081800100605,2020년 8월 18일 20시,화요일,전라남도 여수시 신기동,중상사고,0,1,0,0,차대사람 - 횡단중,안전운전불이행,건조,맑음,단일로 - 기타,승용,여,54세,상해없음,보행자,여,74세,중상
2020081800100639,2020년 8월 18일 21시,화요일,전라남도 목포시 연산동,사망사고,1,2,0,0,차대차 - 정면충돌,중앙선침범,건조,맑음,단일로 - 기타,승용,여,44세,중상,승용,남,61세,중상
2020081800100640,2020년 8월 18일 21시,화요일,전라남도 여수시 교동,경상사고,0,0,2,0,차대차 - 측면충돌,차로위반,건조,맑음,단일로 - 기타,승용,남,24세,상해없음,승합,남,62세,경상
2020081800100641,2020년 8월 18일 21시,화요일,전라남도 화순군 능주면,경상사고,0,0,2,0,차대사람 - 기타,안전운전불이행,건조,맑음,교차로 - 교차로부근,이륜,남,51세,경상,보행자,남,68세,경상
2020081800100665,2020년 8월 18일 22시,화요일,전라남도 목포시 동명동,경상사고,0,0,5,0,차대차 - 측면충돌,교차로운행방법위반,건조,기타,교차로 - 교차로안,승용,남,56세,상해없음,승용,남,33세,상해없음
2020081800100666,2020년 8월 18일 22시,화요일,전라남도 목포시 상동,경상사고,0,0,2,0,차대차 - 기타,직진우회전진행방해,건조,맑음,교차로 - 교차로안,승용,여,31세,경상,이륜,남,46세,경상
2020081800100667,2020년 8월 18일 22시,화요일,전라남도 광양시 중동,경상사고,0,0,1,0,차대사람 - 기타,안전운전불이행,건조,맑음,단일로 - 기타,승용,남,65세,상해없음,보행자,여,24세,경상
2020081800100689,2020년 8월 18일 23시,화요일,전라남도 여수시 신기동,경상사고,0,0,2,0,차대차 - 측면충돌,안전운전불이행,건조,맑음,단일로 - 기타,승용,남,39세,상해없음,승용,남,22세,경상
2020081900100007,2020년 8월 19일 00시,수요일,전라남도 무안군 현경면,중상사고,0,1,0,0,차량단독 - 공작물충돌,안전운전불이행,건조,맑음,단일로 - 기타,승합,남,40세,중상,,,,
2020081900100023,2020년 8월 19일 02시,수요일,전라남도 여수시 학동,경상사고,0,0,1,0,차대사람 - 길가장자리구역통행중,안전운전불이행,건조,맑음,단일로 - 기타,승용,여,51세,상해없음,보행자,남,29세,경상
2020081900100041,2020년 8월 19일 05시,수요일,전라남도 순천시 황전면,사망사고,1,0,0,0,차량단독 - 기타,안전운전불이행,건조,맑음,교차로 - 교차로안,원동기,남,87세,상해없음,,,,
2020081900100054,2020년 8월 19일 06시,수요일,전라남도 화순군 화순읍,부상신고사고,0,0,0,1,차량단독 - 기타,안전운전불이행,건조,맑음,교차로 - 교차로부근,자전거,남,64세,부상신고,,,,
2020081900100076,2020년 8월 19일 07시,수요일,전라남도 영암군 영암읍,중상사고,0,1,2,0,차대차 - 측면충돌,안전운전불이행,건조,맑음,교차로 - 교차로안,화물,남,53세,중상,승용,남,58세,경상
2020081900100099,2020년 8월 19일 08시,수요일,전라남도 여수시 여서동,경상사고,0,0,3,0,차대차 - 기타,안전운전불이행,건조,맑음,단일로 - 기타,승용,남,31세,상해없음,승용,남,40세,경상
2020081900100100,2020년 8월 19일 08시,수요일,전라남도 순천시 석현동,경상사고,0,0,2,0,차대차 - 측면충돌,안전운전불이행,건조,맑음,교차로 - 교차로안,승용,여,36세,상해없음,승용,남,29세,경상
2020081900100101,2020년 8월 19일 08시,수요일,전라남도 화순군 능주면,사망사고,1,0,0,0,차량단독 - 공작물충돌,안전운전불이행,건조,맑음,단일로 - 기타,승용,남,62세,사망,,,,
2020081900100128,2020년 8월 19일 09시,수요일,전라남도 목포시 상동,경상사고,0,0,1,0,차대차 - 기타,안전운전불이행,건조,맑음,기타 - 기타,승용,남,72세,상해없음,승용,남,28세,경상
2020081900100129,2020년 8월 19일 09시,수요일,전라남도 순천시 덕월동,경상사고,0,0,1,0,차대차 - 기타,안전운전불이행,건조,맑음,기타 - 기타,승용,남,31세,상해없음,승용,여,55세,경상
2020081900100171,2020년 8월 19일 10시,수요일,전라남도 목포시 옥암동,경상사고,0,0,2,0,차대차 - 기타,직진우회전진행방해,건조,맑음,교차로 - 교차로안,승용,남,59세,경상,이륜,남,40세,경상
2020081900100172,2020년 8월 19일 10시,수요일,전라남도 목포시 석현동,경상사고,0,0,1,0,차대차 - 측면충돌,안전운전불이행,건조,맑음,주차장 - 주차장,승용,남,36세,상해없음,승용,남,37세,경상
2020081900100173,2020년 8월 19일 10시,수요일,전라남도 고흥군 고흥읍,경상사고,0,0,1,0,차대차 - 추돌,안전운전불이행,건조,맑음,단일로 - 기타,승용,남,73세,상해없음,이륜,남,72세,경상
2020081900100295,2020년 8월 19일 13시,수요일,전라남도 장성군 장성읍,경상사고,0,0,1,0,차대사람 - 기타,안전운전불이행,건조,맑음,단일로 - 기타,승용,여,79세,상해없음,보행자,여,75세,경상
2020081900100328,2020년 8월 19일 14시,수요일,전라남도 목포시 상동,경상사고,0,0,1,0,차대차 - 기타,안전운전불이행,건조,맑음,기타 - 기타,승용,여,35세,상해없음,승용,여,29세,상해없음
2020081900100329,2020년 8월 19일 14시,수요일,전라남도 여수시 학동,경상사고,0,0,1,0,차대사람 - 길가장자리구역통행중,안전운전불이행,건조,맑음,단일로 - 기타,승용,남,55세,상해없음,보행자,남,25세,경상
2020081900100366,2020년 8월 19일 15시,수요일,전라남도 목포시 용당동,중상사고,0,1,0,0,차대사람 - 기타,안전운전불이행,건조,맑음,단일로 - 기타,승용,여,61세,상해없음,보행자,여,62세,중상
2020081900100408,2020년 8월 19일 16시,수요일,전라남도 순천시 용당동,경상사고,0,0,2,0,차대차 - 기타,안전운전불이행,건조,맑음,교차로 - 교차로안,승용,여,25세,경상,승용,남,34세,경상
2020081900100452,2020년 8월 19일 17시,수요일,전라남도 목포시 용당동,경상사고,0,0,1,0,차대차 - 기타,신호위반,건조,맑음,교차로 - 교차로부근,이륜,남,18세,상해없음,이륜,남,71세,경상
2020081900100453,2020년 8월 19일 17시,수요일,전라남도 담양군 담양읍,경상사고,0,0,1,0,차대사람 - 기타,안전운전불이행,건조,맑음,단일로 - 기타,승용,여,60세,상해없음,보행자,남,35세,경상
2020081900100454,2020년 8월 19일 17시,수요일,전라남도 광양시 중동,경상사고,0,0,1,0,차대차 - 측면충돌,안전거리미확보,건조,맑음,교차로 - 교차로안,화물,남,60세,상해없음,승용,남,43세,경상
2020081900100497,2020년 8월 19일 18시,수요일,전라남도 장흥군 대덕읍,경상사고,0,0,1,0,차대차 - 측면충돌,교차로운행방법위반,건조,맑음,교차로 - 교차로안,농기계,여,73세,경상,승용,여,61세,상해없음
2020081900100545,2020년 8월 19일 19시,수요일,전라남도 순천시 연향동,경상사고,0,0,1,0,차대차 - 기타,안전운전불이행,건조,맑음,단일로 - 기타,승용,남,47세,상해없음,이륜,남,59세,경상
2020081900100546,2020년 8월 19일 19시,수요일,전라남도 순천시 승주읍,중상사고,0,2,0,0,차대차 - 정면충돌,안전운전불이행,건조,맑음,교차로 - 교차로안,승용,남,69세,중상,승용,남,48세,중상
2020081900100581,2020년 8월 19일 20시,수요일,전라남도 목포시 용당동,경상사고,0,0,1,0,차대차 - 기타,안전운전불이행,건조,맑음,단일로 - 기타,승용,여,20세,상해없음,승용,남,56세,상해없음
2020081900100582,2020년 8월 19일 20시,수요일,전라남도 여수시 둔덕동,중상사고,0,1,0,0,차대사람 - 기타,신호위반,건조,맑음,교차로 - 교차로부근,화물,남,57세,상해없음,보행자,남,57세,중상
2020081900100583,2020년 8월 19일 20시,수요일,전라남도 화순군 화순읍,중상사고,0,1,0,0,차대사람 - 기타,안전운전불이행,건조,맑음,단일로 - 기타,승용,남,40세,상해없음,보행자,여,83세,중상
2020081900100612,2020년 8월 19일 21시,수요일,전라남도 나주시 빛가람동,경상사고,0,0,1,0,차대차 - 추돌,안전운전불이행,건조,맑음,단일로 - 기타,승용,남,59세,상해없음,승용,남,43세,경상
2020081900100613,2020년 8월 19일 21시,수요일,전라남도 함평군 해보면,부상신고사고,0,0,0,1,차량단독 - 공작물충돌,안전운전불이행,건조,맑음,단일로 - 기타,승용,남,54세,부상신고,,,,
2020081900100614,2020년 8월 19일 21시,수요일,전라남도 영암군 삼호읍,경상사고,0,0,1,0,차대차 - 측면충돌,신호위반,건조,맑음,교차로 - 교차로안,승용,남,69세,상해없음,승용,여,49세,경상
2020082000100020,2020년 8월 20일 02시,목요일,전라남도 목포시 상동,경상사고,0,0,4,0,차대차 - 기타,직진우회전진행방해,건조,맑음,교차로 - 교차로안,승용,남,23세,경상,승용,남,67세,경상
2020082000100050,2020년 8월 20일 06시,목요일,전라남도 여수시 소호동,경상사고,0,0,2,0,차대차 - 측면충돌,중앙선침범,건조,맑음,교차로 - 교차로부근,승용,여,41세,상해없음,승용,남,47세,경상
2020082000100074,2020년 8월 20일 07시,목요일,전라남도 여수시 학동,경상사고,0,0,1,0,차대차 - 측면충돌,안전거리미확보,건조,맑음,단일로 - 기타,승용,남,63세,상해없음,승용,여,42세,경상
2020082000100075,2020년 8월 20일 07시,목요일,전라남도 순천시 왕지동,경상사고,0,0,2,0,차대차 - 측면충돌,직진우회전진행방해,건조,맑음,교차로 - 교차로안,화물,남,51세,경상,승용,남,66세,경상
2020082000100107,2020년 8월 20일 08시,목요일,전라남도 목포시 용당동,경상사고,0,0,1,0,차대차 - 기타,안전운전불이행,건조,맑음,단일로 - 기타,승용,여,51세,상해없음,화물,남,57세,경상
2020082000100108,2020년 8월 20일 08시,목요일,전라남도 화순군 화순읍,중상사고,0,1,0,0,차대사람 - 차도통행중,안전운전불이행,건조,맑음,교차로 - 교차로부근,승용,여,54세,상해없음,보행자,여,16세,중상
2020082000100109,2020년 8월 20일 08시,목요일,전라남도 담양군 담양읍,경상사고,0,0,1,0,차대차 - 측면충돌,안전거리미확보,건조,맑음,교차로 - 교차로안,승용,여,39세,상해없음,승용,여,22세,경상
2020082000100110,2020년 8월 20일 08시,목요일,전라남도 구례군 마산면,중상사고,0,1,2,0,차대차 - 추돌,안전운전불이행,건조,맑음,단일로 - 기타,승용,여,46세,상해없음,화물,남,58세,경상
2020082000100137,2020년 8월 20일 09시,목요일,전라남도 목포시 연산동,경상사고,0,0,2,0,차대차 - 기타,중앙선침범,건조,맑음,기타 - 기타,승용,여,43세,경상,승용,여,59세,경상
2020082000100138,2020년 8월 20일 09시,목요일,전라남도 영암군 삼호읍,경상사고,0,0,2,0,차대차 - 측면충돌,안전운전불이행,건조,맑음,단일로 - 기타,승합,남,56세,상해없음,농기계,남,60세,기타불명
2020082000100208,2020년 8월 20일 11시,목요일,전라남도 여수시 신기동,경상사고,0,0,4,0,차대차 - 추돌,안전운전불이행,건조,맑음,단일로 - 터널,승용,남,47세,상해없음,승용,여,43세,경상
2020082000100244,2020년 8월 20일 12시,목요일,전라남도 영광군 염산면,중상사고,0,1,1,0,차대차 - 측면충돌,안전운전불이행,건조,맑음,교차로 - 교차로안,승용,여,57세,경상,화물,남,60세,중상
2020082000100245,2020년 8월 20일 12시,목요일,전라남도 강진군 군동면,부상신고사고,0,0,0,1,차량단독 - 기타,안전운전불이행,건조,맑음,단일로 - 기타,승용,남,83세,부상신고,,,,
2020082000100246,2020년 8월 20일 12시,목요일,전라남도 담양군 담양읍,경상사고,0,0,1,0,차대사람 - 횡단중,보행자보호의무위반,건조,맑음,교차로 - 교차로안,승용,남,72세,상해없음,보행자,여,65세,경상
2020082000100247,2020년 8월 20일 12시,목요일,전라남도 담양군 창평면,경상사고,0,0,3,0,차대차 - 측면충돌,직진우회전진행방해,건조,맑음,교차로 - 교차로안,승용,남,71세,상해없음,승합,여,56세,경상
2020082000100299,2020년 8월 20일 13시,목요일,전라남도 나주시 금천면,경상사고,0,0,1,0,차대차 - 측면충돌,직진우회전진행방해,건조,맑음,교차로 - 교차로안,승용,남,45세,경상,화물,남,61세,상해없음
2020082000100300,2020년 8월 20일 13시,목요일,전라남도 화순군 화순읍,경상사고,0,0,1,0,차대차 - 측면충돌,신호위반,건조,맑음,교차로 - 교차로안,승합,남,36세,상해없음,승용,남,66세,경상
2020082000100338,2020년 8월 20일 14시,목요일,전라남도 순천시 덕암동,경상사고,0,0,1,0,차대차 - 기타,안전운전불이행,건조,맑음,교차로 - 교차로안,화물,남,31세,상해없음,승용,여,53세,경상
2020082000100373,2020년 8월 20일 15시,목요일,전라남도 완도군 고금면,경상사고,0,0,3,0,차대차 - 측면충돌,중앙선침범,건조,맑음,단일로 - 기타,화물,남,54세,상해없음,승용,여,66세,경상
2020082000100493,2020년 8월 20일 18시,목요일,전라남도 장흥군 장흥읍,경상사고,0,0,1,0,차대차 - 측면충돌,직진우회전진행방해,건조,맑음,교차로 - 교차로안,승합,여,38세,기타불명,화물,남,37세,경상
2020082000100494,2020년 8월 20일 18시,목요일,전라남도 담양군 봉산면,중상사고,0,1,0,0,차대차 - 측면충돌,안전운전불이행,건조,맑음,교차로 - 교차로안,자전거,여,74세,중상,자전거,남,64세,상해없음
2020082000100536,2020년 8월 20일 19시,목요일,전라남도 완도군 고금면,경상사고,0,0,1,0,차대차 - 기타,중앙선침범,건조,맑음,단일로 - 기타,화물,남,62세,상해없음,승용,남,47세,경상
2020082000100568,2020년 8월 20일 20시,목요일,전라남도 고흥군 고흥읍,경상사고,0,0,2,0,차대차 - 추돌,안전운전불이행,건조,맑음,단일로 - 기타,승용,남,55세,상해없음,승용,여,26세,경상
2020082000100628,2020년 8월 20일 23시,목요일,전라남도 여수시 여서동,경상사고,0,0,2,0,차대차 - 측면충돌,안전운전불이행,건조,맑음,교차로 - 교차로안,승용,남,37세,상해없음,승용,남,33세,경상
2020082000100629,2020년 8월 20일 23시,목요일,전라남도 영광군 영광읍,경상사고,0,0,1,0,차대차 - 측면충돌,직진우회전진행방해,건조,맑음,교차로 - 교차로안,승용,여,52세,상해없음,승용,남,18세,경상
2020082100100060,2020년 8월 21일 06시,금요일,전라남도 무안군 삼향읍,중상사고,0,1,0,0,차대사람 - 기타,안전운전불이행,건조,맑음,기타 - 기타,자전거,남,44세,상해없음,보행자,남,79세,중상
2020082100100077,2020년 8월 21일 07시,금요일,전라남도 여수시 문수동,경상사고,0,0,1,0,차대사람 - 횡단중,신호위반,건조,맑음,단일로 - 기타,승용,여,59세,상해없음,보행자,남,18세,경상
2020082100100078,2020년 8월 21일 07시,금요일,전라남도 나주시 평산동,경상사고,0,0,4,0,차대차 - 추돌,안전거리미확보,건조,맑음,단일로 - 기타,승용,남,32세,경상,승합,남,58세,상해없음
2020082100100136,2020년 8월 21일 09시,금요일,전라남도 해남군 해남읍,사망사고,1,0,0,0,차대사람 - 횡단중,안전운전불이행,건조,맑음,교차로 - 교차로안,승용,남,70세,상해없음,보행자,여,61세,사망
2020082100100164,2020년 8월 21일 10시,금요일,전라남도 목포시 연산동,경상사고,0,0,2,0,차대차 - 측면충돌,교차로운행방법위반,건조,맑음,교차로 - 교차로안,화물,남,37세,경상,화물,남,42세,경상
2020082100100165,2020년 8월 21일 10시,금요일,전라남도 영암군 도포면,경상사고,0,0,1,0,차대차 - 측면충돌,안전운전불이행,건조,맑음,교차로 - 교차로부근,승용,남,62세,상해없음,승용,남,52세,경상
2020082100100195,2020년 8월 21일 11시,금요일,전라남도 목포시 호남동,경상사고,0,0,1,0,차대차 - 기타,교차로운행방법위반,건조,맑음,교차로 - 교차로안,화물,남,70세,상해없음,이륜,남,26세,경상
2020082100100196,2020년 8월 21일 11시,금요일,전라남도 순천시 연향동,중상사고,0,1,0,0,차대차 - 측면충돌,교차로운행방법위반,건조,맑음,교차로 - 교차로안,승용,여,39세,상해없음,원동기,남,27세,중상
2020082100100228,2020년 8월 21일 12시,금요일,전라남도 순천시 연향동,경상사고,0,0,2,0,차대차 - 측면충돌,직진우회전진행방해,건조,맑음,교차로 - 교차로안,원동기,남,48세,경상,승용,남,45세,경상
2020082100100257,2020년 8월 21일 13시,금요일,전라남도 나주시 금천면,경상사고,0,0,1,0,차대차 - 측면충돌,신호위반,건조,맑음,교차로 - 교차로안,화물,남,67세,상해없음,화물,남,54세,경상
2020082100100258,2020년 8월 21일 13시,금요일,전라남도 완도군 신지면,경상사고,0,0,1,1,차대차 - 기타,중앙선침범,건조,맑음,단일로 - 기타,승합,남,59세,상해없음,승용,남,42세,경상
2020082100100297,2020년 8월 21일 14시,금요일,전라남도 여수시 학동,경상사고,0,0,1,0,차대사람 - 기타,안전운전불이행,건조,맑음,단일로 - 기타,승용,여,39세,상해없음,보행자,남,64세,경상
2020082100100298,2020년 8월 21일 14시,금요일,전라남도 영광군 영광읍,중상사고,0,1,0,0,차대차 - 측면충돌,직진우회전진행방해,건조,맑음,교차로 - 교차로안,이륜,남,78세,중상,화물,남,41세,상해없음
2020082100100365,2020년 8월 21일 16시,금요일,전라남도 여수시 서교동,경상사고,0,0,1,0,차대사람 - 기타,안전운전불이행,건조,맑음,교차로 - 교차로부근,화물,남,67세,상해없음,보행자,여,52세,경상
2020082100100366,2020년 8월 21일 16시,금요일,전라남도 장흥군 관산읍,경상사고,0,0,3,0,차대차 - 측면충돌,안전운전불이행,건조,맑음,교차로 - 교차로안,승용,여,38세,경상,승용,여,54세,경상
2020082100100367,2020년 8월 21일 16시,금요일,전라남도 해남군 송지면,경상사고,0,0,1,0,차량단독 - 기타,안전운전불이행,건조,맑음,단일로 - 기타,이륜,남,54세,경상,,,,
2020082100100368,2020년 8월 21일 16시,금요일,전라남도 담양군 수북면,경상사고,0,0,1,0,차대차 - 측면충돌,직진우회전진행방해,건조,맑음,교차로 - 교차로안,승용,여,48세,상해없음,자전거,남,83세,경상
2020082100100402,2020년 8월 21일 17시,금요일,전라남도 목포시 용해동,경상사고,0,0,2,0,차대차 - 기타,안전운전불이행,건조,맑음,단일로 - 기타,승용,여,56세,경상,승용,남,28세,경상
2020082100100403,2020년 8월 21일 17시,금요일,전라남도 여수시 둔덕동,경상사고,0,0,1,0,차대차 - 기타,안전운전불이행,건조,맑음,교차로 - 교차로부근,승용,여,38세,상해없음,자전거,남,43세,경상
2020082100100404,2020년 8월 21일 17시,금요일,전라남도 순천시 남정동,경상사고,0,0,1,0,차대사람 - 횡단중,신호위반,건조,맑음,단일로 - 기타,승용,남,65세,상해없음,보행자,남,75세,경상
2020082100100440,2020년 8월 21일 18시,금요일,전라남도 목포시 상동,경상사고,0,0,2,0,차대차 - 측면충돌,안전거리미확보,건조,맑음,단일로 - 기타,승용,남,74세,상해없음,승용,여,43세,경상
2020082100100490,2020년 8월 21일 19시,금요일,전라남도 순천시 가곡동,중상사고,0,1,1,0,차대차 - 측면충돌,안전거리미확보,건조,맑음,단일로 - 기타,이륜,남,75세,중상,승용,남,68세,경상
2020082100100533,2020년 8월 21일 20시,금요일,전라남도 순천시 해룡면,경상사고,0,0,1,0,차대차 - 측면충돌,안전거리미확보,건조,맑음,단일로 - 기타,화물,남,50세,상해없음,승용,여,52세,경상
2020082100100534,2020년 8월 21일 20시,금요일,전라남도 화순군 화순읍,부상신고사고,0,0,0,2,차대차 - 후진중충돌,안전운전불이행,건조,맑음,단일로 - 기타,승용,여,26세,상해없음,승용,남,48세,부상신고
2020082100100567,2020년 8월 21일 21시,금요일,전라남도 곡성군 석곡면,경상사고,0,0,1,0,차대차 - 기타,안전거리미확보,건조,맑음,기타 - 기타,승용,남,56세,상해없음,승용,남,58세,경상
2020082200100030,2020년 8월 22일 01시,토요일,전라남도 목포시 옥암동,경상사고,0,0,1,0,차량단독 - 공작물충돌,안전운전불이행,건조,맑음,교차로 - 교차로안,이륜,남,17세,경상,,,,
2020082200100031,2020년 8월 22일 01시,토요일,전라남도 담양군 담양읍,경상사고,0,0,1,0,차량단독 - 공작물충돌,안전운전불이행,건조,맑음,교차로 - 교차로부근,승용,남,19세,경상,,,,
2020082200100066,2020년 8월 22일 05시,토요일,전라남도 광양시 중동,경상사고,0,0,1,0,차대차 - 기타,중앙선침범,건조,맑음,단일로 - 기타,기타불명,남,37세,상해없음,승용,남,36세,경상
2020082200100080,2020년 8월 22일 06시,토요일,전라남도 순천시 조례동,경상사고,0,0,1,0,차대차 - 측면충돌,안전운전불이행,건조,맑음,교차로 - 교차로부근,기타불명,기타불명,미분류,기타불명,승용,남,25세,경상
2020082200100111,2020년 8월 22일 08시,토요일,전라남도 여수시 여서동,경상사고,0,0,1,0,차대차 - 측면충돌,안전운전불이행,건조,맑음,교차로 - 교차로부근,승용,남,51세,상해없음,승용,여,60세,경상
2020082200100112,2020년 8월 22일 08시,토요일,전라남도 해남군 해남읍,중상사고,0,1,0,0,차량단독 - 전도전복 - 전도,안전운전불이행,건조,맑음,단일로 - 기타,이륜,남,60세,중상,,,,
2020082200100143,2020년 8월 22일 09시,토요일,전라남도 나주시 금천면,중상사고,0,1,0,0,차대사람 - 기타,안전운전불이행,건조,맑음,단일로 - 기타,화물,남,64세,상해없음,보행자,여,85세,중상
2020082200100201,2020년 8월 22일 11시,토요일,전라남도 순천시 조례동,경상사고,0,0,1,0,차대차 - 측면충돌,안전거리미확보,건조,맑음,교차로 - 교차로부근,승용,남,26세,상해없음,이륜,남,38세,경상
2020082200100202,2020년 8월 22일 11시,토요일,전라남도 영광군 영광읍,경상사고,0,0,1,0,차대사람 - 기타,안전운전불이행,건조,맑음,단일로 - 기타,승용,남,52세,상해없음,보행자,남,42세,경상
2020082200100232,2020년 8월 22일 12시,토요일,전라남도 목포시 상동,경상사고,0,0,5,0,차대차 - 추돌,안전운전불이행,건조,맑음,교차로 - 교차로부근,승용,남,52세,상해없음,승용,여,44세,경상
2020082200100272,2020년 8월 22일 13시,토요일,전라남도 목포시 상동,경상사고,0,0,1,0,차대차 - 측면충돌,안전운전불이행,건조,맑음,단일로 - 기타,승용,여,50세,상해없음,자전거,남,11세,경상
2020082200100274,2020년 8월 22일 13시,토요일,전라남도 담양군 봉산면,경상사고,0,0,3,0,차대차 - 측면충돌,안전거리미확보,건조,맑음,교차로 - 교차로안,승용,여,30세,상해없음,승용,남,61세,경상
2020082200100302,2020년 8월 22일 14시,토요일,전라남도 목포시 산정동,경상사고,0,0,3,0,차대차 - 기타,신호위반,건조,맑음,교차로 - 교차로부근,승용,남,68세,경상,승용,남,69세,경상
2020082200100395,2020년 8월 22일 16시,토요일,전라남도 곡성군 옥과면,경상사고,0,0,3,0,차대차 - 측면충돌,중앙선침범,건조,맑음,교차로 - 교차로부근,승용,남,42세,상해없음,승용,남,44세,경상
2020082200100434,2020년 8월 22일 17시,토요일,전라남도 여수시 중앙동,경상사고,0,0,2,0,차대차 - 측면충돌,안전거리미확보,건조,맑음,교차로 - 교차로안,승용,여,54세,상해없음,승용,여,55세,경상
2020082200100435,2020년 8월 22일 17시,토요일,전라남도 보성군 미력면,경상사고,0,0,3,0,차대차 - 측면충돌,직진우회전진행방해,건조,맑음,교차로 - 교차로부근,화물,남,67세,경상,승합,남,64세,경상
2020082200100436,2020년 8월 22일 17시,토요일,전라남도 강진군 신전면,경상사고,0,0,2,1,차대차 - 추돌,안전거리미확보,건조,맑음,단일로 - 교량,승용,남,43세,부상신고,승용,남,49세,경상
2020082200100475,2020년 8월 22일 18시,토요일,전라남도 여수시 학동,부상신고사고,0,0,0,1,차대차 - 측면충돌,교차로운행방법위반,건조,맑음,교차로 - 교차로안,승용,남,54세,기타불명,이륜,남,23세,부상신고
2020082200100476,2020년 8월 22일 18시,토요일,전라남도 순천시 조곡동,부상신고사고,0,0,0,1,차대차 - 기타,안전운전불이행,건조,맑음,단일로 - 기타,승용,남,48세,부상신고,승용,남,28세,상해없음
2020082200100550,2020년 8월 22일 20시,토요일,전라남도 여수시 연등동,경상사고,0,0,2,0,차대차 - 측면충돌,차로위반,건조,맑음,단일로 - 기타,승용,남,19세,경상,승용,남,57세,경상
2020082200100591,2020년 8월 22일 21시,토요일,전라남도 목포시 상동,경상사고,0,0,1,0,차대사람 - 기타,안전운전불이행,건조,맑음,단일로 - 기타,기타불명,기타불명,미분류,기타불명,보행자,남,21세,경상
2020082200100592,2020년 8월 22일 21시,토요일,전라남도 광양시 중동,경상사고,0,0,1,0,차대차 - 기타,신호위반,기타,기타,교차로 - 교차로안,승용,여,52세,기타불명,승용,여,39세,경상
2020082200100626,2020년 8월 22일 23시,토요일,전라남도 순천시 조례동,경상사고,0,0,1,0,차대차 - 추돌,안전거리미확보,건조,맑음,단일로 - 기타,화물,남,67세,상해없음,승용,남,53세,상해없음
2020082300100011,2020년 8월 23일 00시,일요일,전라남도 영암군 학산면,중상사고,0,2,1,0,차대차 - 추돌,기타,건조,맑음,단일로 - 기타,승용,남,18세,중상,승용,남,41세,경상
2020082300100036,2020년 8월 23일 02시,일요일,전라남도 여수시 신월동,경상사고,0,0,2,0,차대차 - 추돌,안전운전불이행,건조,맑음,단일로 - 기타,승용,남,39세,상해없음,승용,남,22세,경상
2020082300100074,2020년 8월 23일 06시,일요일,전라남도 담양군 담양읍,경상사고,0,0,1,0,차대차 - 측면충돌,안전운전불이행,건조,맑음,교차로 - 교차로안,이륜,남,31세,경상,승용,남,56세,상해없음
2020082300100177,2020년 8월 23일 13시,일요일,전라남도 목포시 용당동,경상사고,0,0,2,0,차대차 - 기타,안전운전불이행,건조,맑음,교차로 - 교차로안,승용,여,39세,경상,승용,여,64세,경상
2020082300100217,2020년 8월 23일 14시,일요일,전라남도 목포시 옥암동,경상사고,0,0,1,0,차대사람 - 기타,안전운전불이행,건조,맑음,교차로 - 교차로안,승용,남,36세,상해없음,보행자,남,39세,경상
2020082300100218,2020년 8월 23일 14시,일요일,전라남도 해남군 송지면,경상사고,0,0,1,0,차대차 - 추돌,안전운전불이행,건조,맑음,단일로 - 기타,승용,남,30세,상해없음,승용,남,33세,기타불명
2020082300100242,2020년 8월 23일 15시,일요일,전라남도 담양군 용면,경상사고,0,0,1,0,차대사람 - 횡단중,안전운전불이행,젖음/습기,비,단일로 - 기타,이륜,남,22세,상해없음,보행자,남,85세,경상
2020082300100272,2020년 8월 23일 16시,일요일,전라남도 여수시 소라면,경상사고,0,0,1,0,차대차 - 측면충돌,신호위반,건조,맑음,단일로 - 기타,승용,남,21세,상해없음,승용,여,27세,경상
2020082300100273,2020년 8월 23일 16시,일요일,전라남도 영광군 법성면,경상사고,0,0,1,0,차대차 - 추돌,안전거리미확보,건조,맑음,단일로 - 기타,승용,남,36세,상해없음,승용,남,57세,경상
2020082300100274,2020년 8월 23일 16시,일요일,전라남도 화순군 화순읍,사망사고,1,0,0,0,차대차 - 기타,안전운전불이행,건조,맑음,단일로 - 기타,이륜,남,56세,사망,승용,남,50세,상해없음