사고번호,사고일시,요일,시군구,사고내용,사망자수,중상자수,경상자수,부상신고자수,사고유형,법규위반,노면상태,기상상태,도로형태,가해운전자 차종,가해운전자 성별,가해운전자 연령,가해운전자 상해정도,피해운전자 차종,피해운전자 성별,피해운전자 연령,피해운전자 상해정도
2020082300100275,2020년 8월 23일 16시,일요일,전라남도 무안군 해제면,경상사고,0,0,1,0,차대차 - 기타,안전운전불이행,건조,맑음,교차로 - 교차로안,승용,남,73세,상해없음,건설기계,남,56세,경상
2020082300100276,2020년 8월 23일 16시,일요일,전라남도 광양시 마동,경상사고,0,0,2,0,차대차 - 측면충돌,안전운전불이행,건조,맑음,교차로 - 교차로안,승용,여,34세,상해없음,화물,남,38세,경상
2020082300100313,2020년 8월 23일 17시,일요일,전라남도 목포시 상동,경상사고,0,0,1,0,차대차 - 기타,안전운전불이행,건조,맑음,교차로 - 교차로횡단보도내,이륜,남,46세,상해없음,원동기,남,18세,경상
2020082300100314,2020년 8월 23일 17시,일요일,전라남도 고흥군 두원면,사망사고,1,0,0,0,차대차 - 기타,안전운전불이행,건조,맑음,단일로 - 기타,승용,여,65세,상해없음,이륜,남,39세,사망
2020082300100339,2020년 8월 23일 18시,일요일,전라남도 나주시 송월동,경상사고,0,0,1,0,차대차 - 측면충돌,직진우회전진행방해,건조,맑음,교차로 - 교차로안,승용,여,20세,상해없음,승용,남,64세,경상
2020082300100340,2020년 8월 23일 18시,일요일,전라남도 완도군 완도읍,경상사고,0,0,3,0,차대차 - 기타,신호위반,건조,맑음,교차로 - 교차로안,승용,남,19세,경상,승용,남,37세,경상
2020082300100366,2020년 8월 23일 19시,일요일,전라남도 목포시 연산동,경상사고,0,0,1,0,차대차 - 기타,차로위반,건조,맑음,단일로 - 기타,승용,여,54세,상해없음,원동기,남,22세,경상
2020082300100367,2020년 8월 23일 19시,일요일,전라남도 순천시 연향동,중상사고,0,1,0,0,차대차 - 정면충돌,안전운전불이행,건조,맑음,단일로 - 기타,승용,남,47세,상해없음,이륜,남,36세,중상
2020082300100452,2020년 8월 23일 23시,일요일,전라남도 목포시 용해동,중상사고,0,1,0,0,차대차 - 기타,안전운전불이행,건조,맑음,기타 - 기타,승용,여,31세,상해없음,이륜,남,39세,중상
2020082400100016,2020년 8월 24일 01시,월요일,전라남도 순천시 해룡면,경상사고,0,0,4,0,차대차 - 추돌,안전운전불이행,건조,맑음,단일로 - 기타,승용,남,28세,상해없음,승용,여,60세,경상
2020082400100031,2020년 8월 24일 04시,월요일,전라남도 목포시 대양동,중상사고,0,1,2,0,차량단독 - 전도전복 - 전복,안전운전불이행,건조,맑음,기타 - 기타,승용,남,18세,상해없음,,,,
2020082400100032,2020년 8월 24일 04시,월요일,전라남도 고흥군 금산면,경상사고,0,0,1,0,차량단독 - 도로외이탈 - 기타,안전운전불이행,건조,맑음,교차로 - 교차로부근,승용,남,75세,경상,,,,
2020082400100052,2020년 8월 24일 06시,월요일,전라남도 광양시 중군동,중상사고,0,1,0,0,차대차 - 정면충돌,중앙선침범,건조,맑음,교차로 - 교차로부근,화물,남,64세,상해없음,원동기,남,81세,중상
2020082400100081,2020년 8월 24일 07시,월요일,전라남도 목포시 옥암동,경상사고,0,0,1,0,차대차 - 추돌,안전운전불이행,건조,맑음,교차로 - 교차로부근,승용,남,61세,상해없음,화물,남,43세,경상
2020082400100107,2020년 8월 24일 08시,월요일,전라남도 목포시 용당동,경상사고,0,0,1,0,차대차 - 측면충돌,안전운전불이행,건조,맑음,단일로 - 기타,승용,남,51세,상해없음,승용,남,52세,경상
2020082400100108,2020년 8월 24일 08시,월요일,전라남도 영광군 영광읍,중상사고,0,1,1,0,차대차 - 추돌,안전운전불이행,건조,맑음,교차로 - 교차로부근,건설기계,남,59세,상해없음,승용,여,54세,경상
2020082400100150,2020년 8월 24일 09시,월요일,전라남도 영암군 삼호읍,중상사고,0,1,0,0,차대차 - 측면충돌,안전운전불이행,건조,맑음,교차로 - 교차로부근,이륜,남,64세,중상,승용,여,39세,상해없음
2020082400100186,2020년 8월 24일 10시,월요일,전라남도 목포시 상동,경상사고,0,0,3,0,차대차 - 기타,안전운전불이행,건조,맑음,기타 - 기타,승용,남,49세,경상,승용,여,46세,경상
2020082400100187,2020년 8월 24일 10시,월요일,전라남도 장흥군 회진면,중상사고,0,1,0,0,차량단독 - 기타,안전운전불이행,건조,맑음,단일로 - 기타,사륜오토바이(ATV),남,77세,상해없음,,,,
2020082400100219,2020년 8월 24일 11시,월요일,전라남도 목포시 산정동,경상사고,0,0,2,0,차대차 - 추돌,안전운전불이행,건조,맑음,교차로 - 교차로안,화물,남,65세,상해없음,승용,여,46세,경상
2020082400100220,2020년 8월 24일 11시,월요일,전라남도 진도군 지산면,중상사고,0,2,0,0,차대사람 - 기타,안전운전불이행,건조,맑음,교차로 - 교차로안,화물,남,19세,상해없음,보행자,남,56세,중상
2020082400100248,2020년 8월 24일 12시,월요일,전라남도 목포시 석현동,경상사고,0,0,1,0,차대차 - 기타,안전운전불이행,건조,맑음,단일로 - 기타,화물,남,55세,기타불명,승합,남,31세,상해없음
2020082400100249,2020년 8월 24일 12시,월요일,전라남도 보성군 득량면,경상사고,0,0,1,0,차량단독 - 전도전복 - 전도,안전운전불이행,건조,맑음,단일로 - 기타,화물,남,53세,경상,,,,
2020082400100274,2020년 8월 24일 13시,월요일,전라남도 목포시 산정동,중상사고,0,1,0,0,차대차 - 기타,안전운전불이행,건조,맑음,교차로 - 교차로안,승용,남,49세,상해없음,개인형이동수단(PM),남,36세,중상
2020082400100275,2020년 8월 24일 13시,월요일,전라남도 순천시 황전면,중상사고,0,1,0,0,차대차 - 측면충돌,안전운전불이행,건조,맑음,교차로 - 교차로안,화물,남,64세,상해없음,승용,남,51세,상해없음
2020082400100276,2020년 8월 24일 13시,월요일,전라남도 나주시 다시면,중상사고,0,1,0,0,차대차 - 기타,기타,건조,맑음,교차로 - 교차로안,화물,남,71세,상해없음,이륜,남,27세,중상
2020082400100277,2020년 8월 24일 13시,월요일,전라남도 영광군 불갑면,경상사고,0,0,1,0,차대차 - 측면충돌,직진우회전진행방해,건조,맑음,교차로 - 교차로안,건설기계,남,37세,상해없음,승용,여,48세,경상
2020082400100310,2020년 8월 24일 14시,월요일,전라남도 신안군 압해읍,경상사고,0,0,1,0,차대차 - 정면충돌,중앙선침범,건조,맑음,단일로 - 기타,화물,남,48세,상해없음,화물,남,51세,경상
2020082400100311,2020년 8월 24일 14시,월요일,전라남도 목포시 해안동1가,경상사고,0,0,1,0,차대차 - 측면충돌,안전운전불이행,건조,맑음,교차로 - 교차로안,승용,남,57세,상해없음,승합,남,61세,경상
2020082400100312,2020년 8월 24일 14시,월요일,전라남도 목포시 상동,경상사고,0,0,1,0,차대차 - 측면충돌,안전거리미확보,건조,맑음,단일로 - 기타,승용,여,59세,상해없음,승용,여,28세,경상
2020082400100366,2020년 8월 24일 15시,월요일,전라남도 순천시 석현동,경상사고,0,0,1,0,차대차 - 측면충돌,직진우회전진행방해,건조,맑음,교차로 - 교차로안,승용,여,47세,상해없음,건설기계,남,68세,경상
2020082400100410,2020년 8월 24일 16시,월요일,전라남도 목포시 옥암동,경상사고,0,0,1,0,차대차 - 기타,안전운전불이행,건조,맑음,단일로 - 기타,화물,남,36세,상해없음,승용,여,41세,경상
2020082400100411,2020년 8월 24일 16시,월요일,전라남도 보성군 벌교읍,경상사고,0,0,4,0,차대차 - 측면충돌,중앙선침범,건조,맑음,교차로 - 교차로부근,승용,남,68세,경상,승용,남,22세,경상
2020082400100412,2020년 8월 24일 16시,월요일,전라남도 광양시 진상면,중상사고,0,1,0,0,차대차 - 측면충돌,교차로운행방법위반,건조,맑음,교차로 - 교차로안,화물,남,56세,상해없음,자전거,남,78세,중상
2020082400100413,2020년 8월 24일 16시,월요일,전라남도 구례군 간전면,중상사고,0,2,3,0,차대차 - 정면충돌,중앙선침범,건조,맑음,단일로 - 기타,승용,남,24세,상해없음,승용,여,47세,경상
2020082400100455,2020년 8월 24일 17시,월요일,전라남도 목포시 옥암동,경상사고,0,0,2,0,차대차 - 기타,안전운전불이행,건조,맑음,기타 - 기타,승용,여,37세,상해없음,승용,남,41세,경상
2020082400100502,2020년 8월 24일 18시,월요일,전라남도 순천시 동외동,경상사고,0,0,2,0,차대차 - 측면충돌,신호위반,건조,맑음,교차로 - 교차로안,이륜,남,22세,상해없음,승용,여,49세,경상
2020082400100548,2020년 8월 24일 19시,월요일,전라남도 함평군 함평읍,중상사고,0,1,2,0,차대차 - 측면충돌,교차로운행방법위반,건조,맑음,교차로 - 교차로안,화물,여,19세,경상,화물,남,64세,경상
2020082400100549,2020년 8월 24일 19시,월요일,전라남도 구례군 토지면,사망사고,2,0,0,0,차대사람 - 횡단중,안전운전불이행,건조,맑음,단일로 - 기타,승용,남,78세,상해없음,보행자,여,86세,사망
2020082400100588,2020년 8월 24일 20시,월요일,전라남도 목포시 옥암동,경상사고,0,0,1,0,차대차 - 기타,신호위반,건조,흐림,교차로 - 교차로안,이륜,남,21세,상해없음,승용,여,47세,경상
2020082400100653,2020년 8월 24일 23시,월요일,전라남도 목포시 상동,중상사고,0,1,0,0,차대사람 - 횡단중,보행자보호의무위반,건조,맑음,교차로 - 교차로횡단보도내,승용,남,37세,상해없음,보행자,남,57세,중상
2020082500100007,2020년 8월 25일 00시,화요일,전라남도 강진군 강진읍,경상사고,0,0,1,0,차량단독 - 공작물충돌,안전운전불이행,건조,맑음,단일로 - 기타,승용,남,42세,경상,,,,
2020082500100017,2020년 8월 25일 01시,화요일,전라남도 보성군 득량면,중상사고,0,1,0,0,차량단독 - 공작물충돌,안전운전불이행,건조,맑음,교차로 - 교차로안,화물,남,67세,중상,,,,
2020082500100018,2020년 8월 25일 01시,화요일,전라남도 광양시 마동,경상사고,0,0,2,0,차대차 - 추돌,안전운전불이행,건조,맑음,교차로 - 교차로부근,승용,남,45세,상해없음,승용,남,22세,경상
2020082500100028,2020년 8월 25일 02시,화요일,전라남도 여수시 학동,경상사고,0,0,1,0,차대차 - 측면충돌,신호위반,건조,맑음,교차로 - 교차로안,승용,남,55세,상해없음,화물,남,44세,경상
2020082500100056,2020년 8월 25일 06시,화요일,전라남도 화순군 화순읍,경상사고,0,0,1,0,차대차 - 측면충돌,신호위반,건조,맑음,교차로 - 교차로안,화물,남,76세,상해없음,승용,남,50세,경상
2020082500100080,2020년 8월 25일 07시,화요일,전라남도 여수시 서교동,경상사고,0,0,1,0,차대차 - 기타,안전운전불이행,건조,맑음,교차로 - 교차로부근,승용,남,60세,상해없음,이륜,남,43세,경상
2020082500100081,2020년 8월 25일 07시,화요일,전라남도 강진군 도암면,경상사고,0,0,1,0,차량단독 - 공작물충돌,안전운전불이행,건조,맑음,단일로 - 기타,승용,남,29세,경상,,,,
2020082500100110,2020년 8월 25일 08시,화요일,전라남도 여수시 신기동,중상사고,0,1,1,0,차대차 - 기타,안전운전불이행,건조,맑음,교차로 - 교차로부근,승용,여,48세,상해없음,승용,여,54세,경상
2020082500100111,2020년 8월 25일 08시,화요일,전라남도 여수시 둔덕동,경상사고,0,0,1,0,차대차 - 측면충돌,차로위반,건조,맑음,단일로 - 기타,승용,남,44세,상해없음,이륜,남,25세,경상
2020082500100152,2020년 8월 25일 09시,화요일,전라남도 영광군 염산면,중상사고,0,1,0,0,차대사람 - 차도통행중,안전운전불이행,건조,맑음,단일로 - 기타,승용,여,69세,상해없음,보행자,여,80세,중상
2020082500100153,2020년 8월 25일 09시,화요일,전라남도 무안군 무안읍,경상사고,0,0,5,0,차대차 - 측면충돌,직진우회전진행방해,건조,맑음,교차로 - 교차로안,승용,남,64세,경상,화물,남,75세,경상
2020082500100154,2020년 8월 25일 09시,화요일,전라남도 광양시 광양읍,경상사고,0,0,1,0,차대차 - 측면충돌,신호위반,건조,맑음,교차로 - 교차로안,승용,남,73세,기타불명,이륜,남,45세,경상
2020082500100184,2020년 8월 25일 10시,화요일,전라남도 여수시 서교동,경상사고,0,0,1,0,차대사람 - 기타,안전운전불이행,건조,맑음,단일로 - 기타,화물,남,75세,상해없음,보행자,여,65세,경상
2020082500100224,2020년 8월 25일 11시,화요일,전라남도 여수시 안산동,경상사고,0,0,1,0,차대차 - 추돌,안전거리미확보,건조,맑음,기타 - 기타,승용,남,52세,상해없음,승용,여,46세,경상
2020082500100225,2020년 8월 25일 11시,화요일,전라남도 여수시 문수동,경상사고,0,0,1,0,차대사람 - 보도통행중,보행자보호의무위반,건조,맑음,단일로 - 기타,승용,남,63세,상해없음,보행자,여,65세,경상
2020082500100226,2020년 8월 25일 11시,화요일,전라남도 해남군 해남읍,경상사고,0,0,1,0,차대차 - 측면충돌,안전운전불이행,건조,맑음,교차로 - 교차로안,승용,남,67세,상해없음,자전거,남,91세,경상
2020082500100302,2020년 8월 25일 13시,화요일,전라남도 여수시 학동,경상사고,0,0,1,0,차대차 - 측면충돌,차로위반,건조,맑음,단일로 - 기타,승용,남,63세,상해없음,승용,여,55세,경상
2020082500100303,2020년 8월 25일 13시,화요일,전라남도 장흥군 부산면,경상사고,0,0,1,0,차대사람 - 기타,안전운전불이행,건조,맑음,단일로 - 기타,승용,여,59세,상해없음,보행자,여,80세,경상
2020082500100332,2020년 8월 25일 14시,화요일,전라남도 목포시 용당동,경상사고,0,0,1,0,차대차 - 기타,차로위반,건조,맑음,교차로 - 교차로부근,승용,남,67세,상해없음,승용,남,52세,경상
2020082500100333,2020년 8월 25일 14시,화요일,전라남도 목포시 상동,경상사고,0,0,3,0,차대차 - 측면충돌,안전운전불이행,건조,맑음,단일로 - 기타,승용,여,54세,경상,이륜,남,37세,경상
2020082500100334,2020년 8월 25일 14시,화요일,전라남도 목포시 용해동,경상사고,0,0,1,0,차대사람 - 횡단중,기타,건조,맑음,단일로 - 기타,승용,남,53세,상해없음,보행자,여,8세,경상
2020082500100335,2020년 8월 25일 14시,화요일,전라남도 여수시 신기동,경상사고,0,0,1,0,차대차 - 측면충돌,신호위반,건조,맑음,교차로 - 교차로안,이륜,남,42세,상해없음,승용,여,46세,경상
2020082500100336,2020년 8월 25일 14시,화요일,전라남도 해남군 황산면,경상사고,0,0,1,0,차대차 - 기타,직진우회전진행방해,건조,맑음,교차로 - 교차로안,승용,남,45세,기타불명,승용,여,60세,경상
2020082500100337,2020년 8월 25일 14시,화요일,전라남도 완도군 완도읍,경상사고,0,0,4,1,차대차 - 기타,안전운전불이행,건조,맑음,단일로 - 기타,화물,남,26세,부상신고,화물,남,72세,경상
2020082500100338,2020년 8월 25일 14시,화요일,전라남도 광양시 다압면,경상사고,0,0,1,0,차량단독 - 공작물충돌,안전운전불이행,건조,맑음,단일로 - 기타,화물,남,31세,경상,,,,
2020082500100370,2020년 8월 25일 15시,화요일,전라남도 함평군 함평읍,경상사고,0,0,2,0,차대차 - 측면충돌,교차로운행방법위반,건조,맑음,교차로 - 교차로안,이륜,남,59세,경상,화물,남,66세,상해없음
2020082500100371,2020년 8월 25일 15시,화요일,전라남도 광양시 광양읍,경상사고,0,0,1,0,차대차 - 측면충돌,직진우회전진행방해,건조,맑음,교차로 - 교차로안,농기계,남,74세,상해없음,승용,남,32세,경상
2020082500100403,2020년 8월 25일 16시,화요일,전라남도 여수시 둔덕동,중상사고,0,1,0,0,차대차 - 측면충돌,안전운전불이행,건조,맑음,교차로 - 교차로안,승용,남,53세,상해없음,자전거,남,14세,중상
2020082500100404,2020년 8월 25일 16시,화요일,전라남도 영암군 신북면,경상사고,0,0,2,0,차대차 - 추돌,안전운전불이행,건조,맑음,단일로 - 기타,승용,남,29세,상해없음,승용,남,26세,경상
2020082500100405,2020년 8월 25일 16시,화요일,전라남도 영암군 삼호읍,경상사고,0,0,3,0,차대차 - 기타,안전운전불이행,건조,맑음,단일로 - 기타,승용,남,56세,경상,승용,남,52세,기타불명
2020082500100452,2020년 8월 25일 17시,화요일,전라남도 여수시 선원동,중상사고,0,3,2,0,차대차 - 측면충돌,안전운전불이행,건조,맑음,교차로 - 교차로안,승용,남,54세,상해없음,승용,여,66세,중상
2020082500100453,2020년 8월 25일 17시,화요일,전라남도 순천시 인월동,경상사고,0,0,2,0,차대차 - 측면충돌,신호위반,건조,맑음,교차로 - 교차로안,승용,남,63세,경상,승용,여,58세,경상
2020082500100498,2020년 8월 25일 18시,화요일,전라남도 강진군 도암면,중상사고,0,2,0,0,차대차 - 추돌,안전운전불이행,건조,흐림,단일로 - 기타,화물,남,61세,중상,화물,남,56세,중상
2020082500100608,2020년 8월 25일 21시,화요일,전라남도 목포시 옥암동,경상사고,0,0,2,0,차대차 - 기타,안전운전불이행,건조,맑음,교차로 - 교차로안,승용,여,58세,경상,승용,남,35세,경상
2020082500100667,2020년 8월 25일 23시,화요일,전라남도 순천시 조례동,경상사고,0,0,1,0,차량단독 - 기타,안전운전불이행,건조,맑음,단일로 - 기타,원동기,남,25세,경상,,,,
2020082600100008,2020년 8월 26일 00시,수요일,전라남도 여수시 학동,경상사고,0,0,1,0,차대사람 - 기타,안전운전불이행,건조,맑음,단일로 - 기타,승용,여,22세,상해없음,보행자,여,22세,경상
2020082600100098,2020년 8월 26일 08시,수요일,전라남도 순천시 매곡동,경상사고,0,0,1,0,차대차 - 측면충돌,안전운전불이행,건조,맑음,단일로 - 기타,화물,남,68세,상해없음,승용,여,48세,경상
2020082600100099,2020년 8월 26일 08시,수요일,전라남도 영암군 영암읍,중상사고,0,1,0,0,차대차 - 측면충돌,신호위반,건조,맑음,교차로 - 교차로안,이륜,남,72세,중상,승용,여,40세,상해없음
2020082600100100,2020년 8월 26일 08시,수요일,전라남도 곡성군 삼기면,경상사고,0,0,2,0,차대차 - 측면충돌,직진우회전진행방해,건조,맑음,교차로 - 교차로안,승용,여,39세,경상,승용,여,51세,경상
2020082600100101,2020년 8월 26일 08시,수요일,전라남도 광양시 금호동,경상사고,0,0,1,0,차대사람 - 횡단중,신호위반,건조,맑음,교차로 - 교차로횡단보도내,승용,남,51세,상해없음,보행자,남,46세,경상
2020082600100126,2020년 8월 26일 09시,수요일,전라남도 목포시 용당동,경상사고,0,0,1,0,차대차 - 후진중충돌,안전운전불이행,건조,맑음,주차장 - 주차장,승용,여,53세,상해없음,승용,남,61세,경상
2020082600100127,2020년 8월 26일 09시,수요일,전라남도 여수시 학동,경상사고,0,0,1,0,차대사람 - 보도통행중,기타,건조,맑음,기타 - 기타,사륜오토바이(ATV),여,46세,상해없음,보행자,남,35세,경상
2020082600100128,2020년 8월 26일 09시,수요일,전라남도 영암군 삼호읍,경상사고,0,0,2,0,차대차 - 측면충돌,신호위반,젖음/습기,비,교차로 - 교차로안,승용,남,45세,상해없음,화물,남,62세,경상
2020082600100147,2020년 8월 26일 10시,수요일,전라남도 나주시 남평읍,사망사고,1,0,0,0,차대차 - 측면충돌,안전운전불이행,건조,흐림,단일로 - 기타,원동기,남,73세,사망,승용,남,41세,상해없음
2020082600100178,2020년 8월 26일 11시,수요일,전라남도 목포시 산정동,경상사고,0,0,2,0,차대차 - 측면충돌,안전운전불이행,젖음/습기,비,교차로 - 교차로안,승용,여,38세,기타불명,승용,남,32세,경상
2020082600100210,2020년 8월 26일 12시,수요일,전라남도 영광군 영광읍,중상사고,0,1,1,0,차대차 - 측면충돌,직진우회전진행방해,젖음/습기,흐림,교차로 - 교차로안,승용,여,39세,상해없음,승용,여,72세,중상
2020082600100249,2020년 8월 26일 13시,수요일,전라남도 목포시 용해동,경상사고,0,0,2,0,차대차 - 측면충돌,중앙선침범,젖음/습기,비,단일로 - 기타,승용,남,40세,경상,화물,남,44세,상해없음
2020082600100251,2020년 8월 26일 13시,수요일,전라남도 장흥군 장흥읍,경상사고,0,0,1,0,차대차 - 측면충돌,안전운전불이행,건조,맑음,단일로 - 기타,화물,남,38세,상해없음,이륜,남,50세,경상
2020082600100252,2020년 8월 26일 13시,수요일,전라남도 화순군 화순읍,경상사고,0,0,2,0,차대차 - 기타,차로위반,젖음/습기,흐림,단일로 - 교량,승용,남,60세,상해없음,승용,남,35세,경상
2020082600100272,2020년 8월 26일 14시,수요일,전라남도 장흥군 유치면,경상사고,0,0,1,0,차량단독 - 전도전복 - 전복,안전운전불이행,젖음/습기,비,단일로 - 기타,승용,남,60세,경상,,,,
2020082600100308,2020년 8월 26일 15시,수요일,전라남도 나주시 삼도동,경상사고,0,0,1,0,차대차 - 추돌,안전운전불이행,젖음/습기,비,교차로 - 교차로부근,승용,남,47세,상해없음,승용,여,46세,경상
2020082600100340,2020년 8월 26일 16시,수요일,전라남도 무안군 일로읍,경상사고,0,0,1,0,차대차 - 측면충돌,안전운전불이행,젖음/습기,흐림,교차로 - 교차로안,화물,남,61세,상해없음,화물,남,46세,경상
2020082600100414,2020년 8월 26일 18시,수요일,전라남도 여수시 웅천동,경상사고,0,0,1,0,차대차 - 측면충돌,교차로운행방법위반,젖음/습기,비,교차로 - 교차로안,승용,여,63세,상해없음,승용,남,29세,경상
2020082600100415,2020년 8월 26일 18시,수요일,전라남도 보성군 벌교읍,경상사고,0,0,1,0,차량단독 - 전도전복 - 전도,안전운전불이행,젖음/습기,비,단일로 - 기타,이륜,남,54세,경상,,,,
2020082600100443,2020년 8월 26일 19시,수요일,전라남도 목포시 상동,중상사고,0,1,0,0,차대사람 - 횡단중,신호위반,젖음/습기,비,교차로 - 교차로안,승용,남,36세,기타불명,보행자,남,61세,중상
2020082600100444,2020년 8월 26일 19시,수요일,전라남도 완도군 완도읍,중상사고,0,2,1,0,차대차 - 추돌,안전운전불이행,젖음/습기,비,단일로 - 기타,승용,여,29세,경상,승합,남,61세,중상
2020082600100475,2020년 8월 26일 20시,수요일,전라남도 화순군 화순읍,경상사고,0,0,1,0,차대차 - 추돌,안전운전불이행,젖음/습기,흐림,교차로 - 교차로안,승용,남,46세,상해없음,승용,여,50세,경상
2020082600100521,2020년 8월 26일 22시,수요일,전라남도 목포시 상동,경상사고,0,0,3,0,차대차 - 측면충돌,안전운전불이행,젖음/습기,흐림,교차로 - 교차로부근,승용,남,66세,경상,승용,여,28세,기타불명
2020082600100548,2020년 8월 26일 23시,수요일,전라남도 목포시 죽교동,경상사고,0,0,1,0,차대차 - 기타,중앙선침범,건조,맑음,교차로 - 교차로부근,승용,남,40세,상해없음,승용,남,35세,경상
2020082600100549,2020년 8월 26일 23시,수요일,전라남도 장성군 황룡면,부상신고사고,0,0,0,1,차대사람 - 기타,안전운전불이행,건조,흐림,교차로 - 교차로안,화물,남,64세,상해없음,보행자,남,46세,부상신고
2020082700100003,2020년 8월 27일 00시,목요일,전라남도 여수시 화장동,경상사고,0,0,1,0,차대차 - 측면충돌,신호위반,건조,맑음,교차로 - 교차로안,승용,남,25세,상해없음,승용,여,28세,경상
2020082700100067,2020년 8월 27일 07시,목요일,전라남도 광양시 중동,경상사고,0,0,2,0,차대차 - 측면충돌,안전운전불이행,건조,맑음,교차로 - 교차로안,승합,남,66세,상해없음,승용,남,28세,경상
2020082700100099,2020년 8월 27일 08시,목요일,전라남도 순천시 오천동,중상사고,0,1,0,0,차대사람 - 횡단중,보행자보호의무위반,건조,맑음,교차로 - 교차로부근,화물,남,39세,상해없음,보행자,남,73세,중상
2020082700100100,2020년 8월 27일 08시,목요일,전라남도 해남군 화원면,경상사고,0,0,1,1,차대차 - 측면충돌,안전운전불이행,건조,맑음,교차로 - 교차로안,화물,남,82세,상해없음,승용,남,56세,부상신고
2020082700100101,2020년 8월 27일 08시,목요일,전라남도 담양군 담양읍,경상사고,0,0,1,0,차대차 - 추돌,안전운전불이행,건조,맑음,교차로 - 교차로부근,승용,남,63세,상해없음,승용,남,46세,경상
2020082700100134,2020년 8월 27일 09시,목요일,전라남도 광양시 금호동,경상사고,0,0,1,0,차대사람 - 기타,안전운전불이행,건조,맑음,단일로 - 기타,승용,남,62세,상해없음,보행자,남,40세,경상
2020082700100216,2020년 8월 27일 12시,목요일,전라남도 목포시 옥암동,중상사고,0,1,0,0,차대차 - 기타,안전운전불이행,건조,맑음,교차로 - 교차로안,승용,여,65세,상해없음,이륜,남,26세,중상
2020082700100217,2020년 8월 27일 12시,목요일,전라남도 강진군 강진읍,경상사고,0,0,1,0,차대차 - 측면충돌,직진우회전진행방해,건조,맑음,교차로 - 교차로안,이륜,여,58세,경상,승용,남,32세,상해없음
2020082700100316,2020년 8월 27일 15시,목요일,전라남도 강진군 성전면,경상사고,0,0,1,0,차대차 - 기타,안전운전불이행,건조,맑음,단일로 - 기타,승용,남,32세,상해없음,승용,여,26세,경상
2020082700100354,2020년 8월 27일 16시,목요일,전라남도 여수시 돌산읍,경상사고,0,0,3,0,차대차 - 정면충돌,교차로운행방법위반,건조,맑음,교차로 - 교차로안,승용,여,51세,상해없음,승용,남,43세,경상
2020082700100384,2020년 8월 27일 17시,목요일,전라남도 순천시 용당동,중상사고,0,1,0,0,차대차 - 추돌,안전운전불이행,건조,맑음,교차로 - 교차로부근,이륜,남,29세,중상,승용,남,36세,상해없음
2020082700100385,2020년 8월 27일 17시,목요일,전라남도 고흥군 고흥읍,경상사고,0,0,1,0,차대차 - 기타,안전운전불이행,건조,맑음,단일로 - 기타,승용,남,54세,상해없음,승용,남,60세,경상
2020082700100458,2020년 8월 27일 19시,목요일,전라남도 나주시 성북동,경상사고,0,0,1,0,차대차 - 추돌,안전운전불이행,젖음/습기,비,단일로 - 기타,이륜,남,63세,경상,승용,여,40세,상해없음
2020082700100459,2020년 8월 27일 19시,목요일,전라남도 나주시 송월동,경상사고,0,0,2,0,차대차 - 측면충돌,안전운전불이행,젖음/습기,기타,단일로 - 기타,승용,남,49세,상해없음,승합,남,62세,경상
2020082700100460,2020년 8월 27일 19시,목요일,전라남도 광양시 광영동,경상사고,0,0,1,0,차대차 - 기타,안전운전불이행,젖음/습기,흐림,교차로 - 교차로부근,이륜,남,52세,경상,승용,남,54세,상해없음
2020082700100522,2020년 8월 27일 21시,목요일,전라남도 담양군 담양읍,경상사고,0,0,1,0,차대차 - 측면충돌,신호위반,건조,흐림,교차로 - 교차로안,자전거,남,17세,경상,화물,남,65세,상해없음
2020082700100563,2020년 8월 27일 23시,목요일,전라남도 나주시 금천면,중상사고,0,2,4,0,차대차 - 기타,안전운전불이행,건조,맑음,단일로 - 교량,승용,남,44세,경상,승용,남,62세,중상
2020082800100030,2020년 8월 28일 02시,금요일,전라남도 여수시 학동,경상사고,0,0,1,0,차대사람 - 기타,안전운전불이행,건조,흐림,단일로 - 기타,승용,남,54세,상해없음,보행자,남,21세,경상
2020082800100053,2020년 8월 28일 05시,금요일,전라남도 고흥군 대서면,사망사고,1,0,1,0,차대차 - 추돌,안전운전불이행,건조,맑음,단일로 - 기타,승용,여,29세,경상,농기계,남,67세,사망
2020082800100080,2020년 8월 28일 07시,금요일,전라남도 보성군 벌교읍,경상사고,0,0,1,0,차대사람 - 횡단중,보행자보호의무위반,건조,맑음,단일로 - 기타,원동기,남,75세,상해없음,보행자,여,65세,경상
2020082800100081,2020년 8월 28일 07시,금요일,전라남도 보성군 율어면,경상사고,0,0,1,0,차대차 - 기타,안전운전불이행,건조,맑음,기타 - 기타,승용,여,60세,경상,화물,남,59세,상해없음
2020082800100082,2020년 8월 28일 07시,금요일,전라남도 영광군 염산면,경상사고,0,0,1,0,차대사람 - 기타,안전운전불이행,건조,맑음,주차장 - 주차장,화물,남,48세,상해없음,보행자,남,70세,경상
2020082800100133,2020년 8월 28일 09시,금요일,전라남도 장흥군 장흥읍,중상사고,0,1,0,0,차량단독 - 전도전복 - 전도,안전운전불이행,건조,맑음,기타 - 기타,자전거,남,78세,중상,,,,