사고번호,사고일시,요일,시군구,사고내용,사망자수,중상자수,경상자수,부상신고자수,사고유형,법규위반,노면상태,기상상태,도로형태,가해운전자 차종,가해운전자 성별,가해운전자 연령,가해운전자 상해정도,피해운전자 차종,피해운전자 성별,피해운전자 연령,피해운전자 상해정도
2020082800100134,2020년 8월 28일 09시,금요일,전라남도 장흥군 유치면,경상사고,0,0,2,0,차대차 - 정면충돌,안전운전불이행,건조,맑음,교차로 - 교차로안,승용,남,57세,경상,화물,남,57세,경상
2020082800100135,2020년 8월 28일 09시,금요일,전라남도 화순군 동복면,중상사고,0,1,0,0,차량단독 - 기타,안전운전불이행,건조,맑음,단일로 - 기타,이륜,남,83세,중상,,,,
2020082800100164,2020년 8월 28일 10시,금요일,전라남도 여수시 여서동,경상사고,0,0,1,0,차대차 - 측면충돌,안전운전불이행,건조,맑음,단일로 - 기타,승용,남,78세,상해없음,승용,남,76세,경상
2020082800100165,2020년 8월 28일 10시,금요일,전라남도 나주시 공산면,중상사고,0,1,0,0,차량단독 - 기타,안전운전불이행,건조,맑음,교차로 - 교차로부근,사륜오토바이(ATV),남,79세,상해없음,,,,
2020082800100166,2020년 8월 28일 10시,금요일,전라남도 보성군 득량면,경상사고,0,0,1,0,차대차 - 측면충돌,안전운전불이행,건조,맑음,단일로 - 기타,화물,남,37세,상해없음,승용,남,53세,경상
2020082800100167,2020년 8월 28일 10시,금요일,전라남도 영광군 염산면,부상신고사고,0,0,0,2,차대차 - 측면충돌,안전운전불이행,건조,맑음,교차로 - 교차로안,이륜,남,73세,부상신고,화물,남,74세,상해없음
2020082800100168,2020년 8월 28일 10시,금요일,전라남도 강진군 작천면,경상사고,0,0,1,1,차대차 - 측면충돌,직진우회전진행방해,건조,맑음,교차로 - 교차로안,승용,여,74세,부상신고,화물,남,48세,경상
2020082800100190,2020년 8월 28일 11시,금요일,전라남도 목포시 용해동,중상사고,0,1,0,0,차대차 - 측면충돌,안전운전불이행,건조,맑음,단일로 - 기타,이륜,남,83세,중상,화물,남,62세,상해없음
2020082800100228,2020년 8월 28일 12시,금요일,전라남도 신안군 암태면,경상사고,0,0,2,0,차대차 - 측면충돌,중앙선침범,건조,맑음,단일로 - 기타,승용,남,62세,상해없음,승용,여,41세,경상
2020082800100229,2020년 8월 28일 12시,금요일,전라남도 고흥군 고흥읍,경상사고,0,0,2,0,차대차 - 기타,기타,건조,맑음,단일로 - 기타,승용,남,84세,상해없음,승용,남,58세,경상
2020082800100230,2020년 8월 28일 12시,금요일,전라남도 장성군 삼계면,경상사고,0,0,4,0,차대차 - 추돌,안전운전불이행,건조,맑음,단일로 - 기타,화물,남,55세,경상,승합,남,40세,경상
2020082800100262,2020년 8월 28일 13시,금요일,전라남도 목포시 산정동,경상사고,0,0,3,0,차대차 - 측면충돌,안전운전불이행,건조,맑음,단일로 - 기타,화물,여,59세,경상,승용,남,19세,경상
2020082800100333,2020년 8월 28일 15시,금요일,전라남도 여수시 문수동,경상사고,0,0,1,0,차대차 - 측면충돌,중앙선침범,건조,맑음,교차로 - 교차로부근,승용,여,49세,경상,승용,여,57세,기타불명
2020082800100334,2020년 8월 28일 15시,금요일,전라남도 여수시 돌산읍,경상사고,0,0,6,0,차대차 - 측면충돌,안전거리미확보,건조,맑음,단일로 - 기타,승용,여,28세,경상,승용,여,57세,경상
2020082800100335,2020년 8월 28일 15시,금요일,전라남도 장성군 장성읍,경상사고,0,0,2,0,차대차 - 측면충돌,안전운전불이행,건조,맑음,교차로 - 교차로안,건설기계,남,39세,상해없음,승용,여,60세,경상
2020082800100382,2020년 8월 28일 16시,금요일,전라남도 여수시 봉계동,경상사고,0,0,2,2,차대차 - 추돌,안전거리미확보,건조,맑음,기타 - 기타,화물,남,55세,상해없음,승용,여,64세,경상
2020082800100383,2020년 8월 28일 16시,금요일,전라남도 화순군 이양면,경상사고,0,0,1,0,차대차 - 기타,안전거리미확보,건조,맑음,단일로 - 기타,특수,남,53세,상해없음,승용,여,57세,경상
2020082800100384,2020년 8월 28일 16시,금요일,전라남도 강진군 강진읍,경상사고,0,0,1,0,차대차 - 정면충돌,안전거리미확보,건조,맑음,단일로 - 기타,승용,남,66세,상해없음,승용,남,42세,경상
2020082800100385,2020년 8월 28일 16시,금요일,전라남도 광양시 진상면,중상사고,0,1,0,0,차대차 - 측면충돌,중앙선침범,건조,흐림,기타 - 기타,화물,여,65세,상해없음,승용,여,53세,중상
2020082800100386,2020년 8월 28일 16시,금요일,전라남도 광양시 중동,경상사고,0,0,1,0,차대차 - 측면충돌,안전운전불이행,건조,맑음,단일로 - 기타,승용,남,27세,상해없음,승용,남,37세,경상
2020082800100432,2020년 8월 28일 17시,금요일,전라남도 목포시 연산동,경상사고,0,0,1,0,차대사람 - 기타,안전운전불이행,건조,맑음,기타 - 기타,승용,남,38세,상해없음,보행자,여,57세,경상
2020082800100433,2020년 8월 28일 17시,금요일,전라남도 강진군 강진읍,부상신고사고,0,0,0,1,차대차 - 추돌,안전거리미확보,건조,맑음,단일로 - 기타,원동기,여,62세,부상신고,승용,남,43세,상해없음
2020082800100434,2020년 8월 28일 17시,금요일,전라남도 광양시 광양읍,경상사고,0,0,1,0,차대차 - 측면충돌,안전운전불이행,건조,맑음,교차로 - 교차로안,이륜,남,60세,경상,화물,남,66세,상해없음
2020082800100435,2020년 8월 28일 17시,금요일,전라남도 광양시 광양읍,경상사고,0,0,1,0,차대차 - 추돌,안전운전불이행,건조,맑음,교차로 - 교차로부근,승용,남,31세,상해없음,승용,남,35세,경상
2020082800100521,2020년 8월 28일 19시,금요일,전라남도 순천시 동외동,경상사고,0,0,1,0,차대차 - 측면충돌,직진우회전진행방해,건조,맑음,교차로 - 교차로안,승용,남,65세,상해없음,승용,남,51세,경상
2020082800100522,2020년 8월 28일 19시,금요일,전라남도 화순군 도곡면,중상사고,0,1,1,0,차대차 - 측면충돌,안전거리미확보,건조,맑음,단일로 - 기타,승용,여,58세,중상,승용,여,46세,경상
2020082800100523,2020년 8월 28일 19시,금요일,전라남도 화순군 동면,사망사고,1,0,0,0,차대사람 - 횡단중,안전운전불이행,건조,맑음,단일로 - 기타,승용,여,64세,상해없음,보행자,여,71세,사망
2020082800100524,2020년 8월 28일 19시,금요일,전라남도 영암군 삼호읍,경상사고,0,0,1,0,차대차 - 기타,안전운전불이행,건조,맑음,기타 - 기타,승용,남,29세,상해없음,이륜,남,27세,경상
2020082800100561,2020년 8월 28일 20시,금요일,전라남도 여수시 적량동,경상사고,0,0,2,0,차대차 - 기타,안전거리미확보,건조,맑음,단일로 - 기타,승용,남,18세,상해없음,승용,여,27세,경상
2020082800100598,2020년 8월 28일 21시,금요일,전라남도 고흥군 점암면,경상사고,0,0,2,0,차대차 - 기타,안전운전불이행,건조,맑음,단일로 - 기타,승용,남,38세,상해없음,화물,남,36세,경상
2020082800100599,2020년 8월 28일 21시,금요일,전라남도 영광군 영광읍,중상사고,0,4,0,1,차대차 - 측면충돌,신호위반,건조,맑음,교차로 - 교차로안,승용,남,19세,부상신고,승용,남,29세,중상
2020082800100652,2020년 8월 28일 23시,금요일,전라남도 여수시 고소동,경상사고,0,0,4,0,차대차 - 추돌,안전운전불이행,건조,맑음,단일로 - 기타,승용,여,24세,상해없음,승용,남,38세,경상
2020082800100653,2020년 8월 28일 23시,금요일,전라남도 여수시 여서동,경상사고,0,0,1,0,차대사람 - 횡단중,안전운전불이행,건조,맑음,단일로 - 기타,승용,남,56세,상해없음,보행자,남,48세,경상
2020082900100012,2020년 8월 29일 00시,토요일,전라남도 함평군 해보면,중상사고,0,1,0,0,차량단독 - 도로외이탈 - 추락,안전운전불이행,건조,맑음,단일로 - 기타,승용,남,41세,중상,,,,
2020082900100070,2020년 8월 29일 05시,토요일,전라남도 영암군 영암읍,중상사고,0,1,0,0,차대차 - 추돌,안전운전불이행,건조,맑음,기타 - 기타,승용,남,32세,상해없음,농기계,남,57세,상해없음
2020082900100117,2020년 8월 29일 08시,토요일,전라남도 순천시 조례동,경상사고,0,0,1,0,차대차 - 측면충돌,중앙선침범,젖음/습기,비,단일로 - 기타,승용,남,32세,상해없음,승용,남,33세,경상
2020082900100160,2020년 8월 29일 10시,토요일,전라남도 여수시 선원동,경상사고,0,0,1,0,차대사람 - 기타,안전운전불이행,건조,맑음,교차로 - 교차로부근,승용,남,64세,상해없음,보행자,남,45세,경상
2020082900100161,2020년 8월 29일 10시,토요일,전라남도 고흥군 도양읍,경상사고,0,0,1,0,차대사람 - 기타,안전운전불이행,건조,맑음,교차로 - 교차로부근,화물,남,72세,상해없음,보행자,남,68세,경상
2020082900100202,2020년 8월 29일 11시,토요일,전라남도 목포시 옥암동,경상사고,0,0,1,0,차대차 - 추돌,안전운전불이행,건조,맑음,교차로 - 교차로부근,승용,남,59세,상해없음,승용,남,62세,경상
2020082900100203,2020년 8월 29일 11시,토요일,전라남도 광양시 광양읍,경상사고,0,0,1,0,차대차 - 추돌,안전운전불이행,건조,맑음,단일로 - 기타,승용,남,49세,상해없음,이륜,남,52세,경상
2020082900100204,2020년 8월 29일 11시,토요일,전라남도 광양시 옥곡면,경상사고,0,0,1,0,차대차 - 측면충돌,안전운전불이행,건조,맑음,단일로 - 기타,승용,여,53세,상해없음,승용,남,34세,경상
2020082900100235,2020년 8월 29일 12시,토요일,전라남도 목포시 옥암동,경상사고,0,0,1,0,차대차 - 후진중충돌,안전운전불이행,건조,기타,교차로 - 교차로안,승용,남,51세,상해없음,승용,여,23세,경상
2020082900100275,2020년 8월 29일 13시,토요일,전라남도 목포시 죽교동,경상사고,0,0,2,0,차대차 - 기타,중앙선침범,건조,흐림,단일로 - 기타,화물,남,46세,상해없음,승용,남,49세,경상
2020082900100276,2020년 8월 29일 13시,토요일,전라남도 여수시 돌산읍,중상사고,0,1,0,0,차량단독 - 공작물충돌,안전운전불이행,건조,맑음,기타 - 기타,승용,남,59세,상해없음,,,,
2020082900100305,2020년 8월 29일 14시,토요일,전라남도 여수시 교동,경상사고,0,0,1,0,차대사람 - 기타,안전운전불이행,건조,맑음,단일로 - 기타,화물,남,68세,상해없음,보행자,남,40세,경상
2020082900100306,2020년 8월 29일 14시,토요일,전라남도 순천시 왕지동,중상사고,0,1,3,0,차대차 - 측면충돌,안전운전불이행,건조,맑음,교차로 - 교차로안,승합,남,22세,기타불명,승용,여,56세,경상
2020082900100307,2020년 8월 29일 14시,토요일,전라남도 순천시 매곡동,경상사고,0,0,2,0,차대차 - 측면충돌,직진우회전진행방해,젖음/습기,비,교차로 - 교차로안,승용,여,38세,경상,승용,남,33세,경상
2020082900100338,2020년 8월 29일 15시,토요일,전라남도 순천시 연향동,경상사고,0,0,3,0,차대차 - 측면충돌,안전운전불이행,건조,맑음,교차로 - 교차로안,이륜,남,42세,경상,화물,남,62세,경상
2020082900100368,2020년 8월 29일 16시,토요일,전라남도 화순군 화순읍,경상사고,0,0,1,0,차대차 - 측면충돌,신호위반,건조,맑음,교차로 - 교차로안,화물,남,51세,상해없음,승용,남,56세,경상
2020082900100369,2020년 8월 29일 16시,토요일,전라남도 무안군 일로읍,경상사고,0,0,2,0,차대차 - 측면충돌,교차로운행방법위반,건조,맑음,교차로 - 교차로부근,승용,여,58세,경상,화물,남,38세,경상
2020082900100426,2020년 8월 29일 18시,토요일,전라남도 완도군 고금면,경상사고,0,0,2,0,차대차 - 정면충돌,중앙선침범,건조,맑음,단일로 - 기타,승용,남,52세,상해없음,승용,여,35세,경상
2020082900100427,2020년 8월 29일 18시,토요일,전라남도 구례군 토지면,경상사고,0,0,1,0,차대차 - 측면충돌,교차로운행방법위반,젖음/습기,비,교차로 - 교차로안,승용,남,32세,상해없음,화물,여,56세,경상
2020082900100497,2020년 8월 29일 20시,토요일,전라남도 여수시 오림동,경상사고,0,0,1,0,차대차 - 측면충돌,안전운전불이행,건조,맑음,교차로 - 교차로부근,화물,남,66세,상해없음,승용,남,27세,경상
2020082900100498,2020년 8월 29일 20시,토요일,전라남도 여수시 화장동,경상사고,0,0,1,0,차대차 - 측면충돌,안전운전불이행,건조,맑음,기타 - 기타,화물,남,52세,상해없음,승용,여,24세,경상
2020082900100534,2020년 8월 29일 21시,토요일,전라남도 여수시 미평동,경상사고,0,0,1,0,차대차 - 정면충돌,안전운전불이행,건조,맑음,교차로 - 교차로부근,이륜,남,25세,상해없음,승용,남,58세,경상
2020082900100571,2020년 8월 29일 23시,토요일,전라남도 목포시 서산동,경상사고,0,0,1,0,차대차 - 기타,안전운전불이행,건조,맑음,교차로 - 교차로안,승용,남,54세,상해없음,이륜,남,51세,경상
2020083000100015,2020년 8월 30일 00시,일요일,전라남도 여수시 문수동,중상사고,0,1,0,1,차대차 - 기타,교차로운행방법위반,건조,맑음,교차로 - 교차로안,이륜,남,28세,부상신고,이륜,남,46세,중상
2020083000100016,2020년 8월 30일 00시,일요일,전라남도 완도군 노화읍,사망사고,1,0,0,0,차량단독 - 공작물충돌,안전운전불이행,건조,맑음,교차로 - 교차로안,승용,남,39세,사망,,,,
2020083000100084,2020년 8월 30일 08시,일요일,전라남도 무안군 삼향읍,경상사고,0,0,4,0,차대차 - 측면충돌,신호위반,건조,맑음,교차로 - 교차로안,승용,남,60세,경상,승용,남,33세,경상
2020083000100101,2020년 8월 30일 09시,일요일,전라남도 순천시 장천동,경상사고,0,0,1,0,차대차 - 추돌,안전운전불이행,건조,맑음,단일로 - 교량,승용,남,54세,상해없음,승용,여,35세,경상
2020083000100112,2020년 8월 30일 10시,일요일,전라남도 목포시 상동,경상사고,0,0,2,0,차대차 - 측면충돌,안전운전불이행,건조,맑음,교차로 - 교차로부근,화물,남,53세,상해없음,승용,남,60세,경상
2020083000100151,2020년 8월 30일 12시,일요일,전라남도 목포시 산정동,경상사고,0,0,1,0,차대차 - 측면충돌,안전거리미확보,건조,맑음,단일로 - 기타,승용,남,70세,상해없음,승용,남,74세,경상
2020083000100152,2020년 8월 30일 12시,일요일,전라남도 고흥군 도화면,중상사고,0,2,0,0,차량단독 - 기타,안전운전불이행,건조,맑음,단일로 - 기타,승용,남,22세,중상,,,,
2020083000100177,2020년 8월 30일 13시,일요일,전라남도 진도군 고군면,경상사고,0,0,1,2,차량단독 - 공작물충돌,안전운전불이행,건조,맑음,교차로 - 교차로안,화물,남,64세,부상신고,,,,
2020083000100242,2020년 8월 30일 15시,일요일,전라남도 여수시 돌산읍,중상사고,0,1,2,0,차대차 - 기타,차로위반,건조,맑음,단일로 - 기타,승용,여,30세,경상,이륜,남,40세,중상
2020083000100243,2020년 8월 30일 15시,일요일,전라남도 함평군 함평읍,경상사고,0,0,1,0,차대차 - 측면충돌,직진우회전진행방해,건조,맑음,교차로 - 교차로안,승용,남,49세,상해없음,승용,남,74세,경상
2020083000100264,2020년 8월 30일 16시,일요일,전라남도 해남군 송지면,중상사고,0,1,1,0,차대차 - 측면충돌,교차로운행방법위반,건조,맑음,교차로 - 교차로안,화물,남,44세,경상,승용,남,62세,중상
2020083000100265,2020년 8월 30일 16시,일요일,전라남도 광양시 광양읍,경상사고,0,0,1,0,차대차 - 추돌,교차로운행방법위반,건조,맑음,교차로 - 교차로안,승용,남,23세,상해없음,화물,남,48세,경상
2020083000100294,2020년 8월 30일 17시,일요일,전라남도 영암군 삼호읍,경상사고,0,0,1,0,차대차 - 기타,안전운전불이행,건조,맑음,교차로 - 교차로부근,승용,남,53세,상해없음,승용,여,50세,경상
2020083000100295,2020년 8월 30일 17시,일요일,전라남도 장성군 서삼면,경상사고,0,0,3,0,차대차 - 추돌,안전운전불이행,건조,맑음,단일로 - 터널,승용,남,28세,상해없음,승용,남,35세,경상
2020083000100319,2020년 8월 30일 18시,일요일,전라남도 여수시 국동,경상사고,0,0,3,0,차대차 - 측면충돌,교차로운행방법위반,건조,맑음,교차로 - 교차로안,승용,남,36세,상해없음,승용,남,45세,경상
2020083000100320,2020년 8월 30일 18시,일요일,전라남도 광양시 중동,경상사고,0,0,1,0,차대차 - 기타,교차로운행방법위반,건조,맑음,교차로 - 교차로안,승용,남,68세,상해없음,이륜,남,28세,경상
2020083000100354,2020년 8월 30일 19시,일요일,전라남도 목포시 죽교동,경상사고,0,0,1,0,차대차 - 측면충돌,직진우회전진행방해,건조,맑음,교차로 - 교차로안,이륜,남,54세,경상,승용,남,57세,상해없음
2020083000100422,2020년 8월 30일 22시,일요일,전라남도 광양시 진월면,경상사고,0,0,1,0,차대차 - 추돌,안전운전불이행,건조,기타,교차로 - 교차로부근,화물,남,42세,기타불명,승용,남,61세,경상
2020083000100438,2020년 8월 30일 23시,일요일,전라남도 여수시 소호동,경상사고,0,0,3,0,차대차 - 측면충돌,안전운전불이행,건조,맑음,주차장 - 주차장,승용,남,47세,상해없음,승용,여,22세,경상
2020083100100011,2020년 8월 31일 01시,월요일,전라남도 목포시 산정동,경상사고,0,0,1,0,차대차 - 추돌,안전운전불이행,건조,맑음,교차로 - 교차로부근,승용,여,40세,상해없음,승용,남,52세,경상
2020083100100012,2020년 8월 31일 01시,월요일,전라남도 여수시 해산동,경상사고,0,0,1,0,차대차 - 측면충돌,차로위반,건조,맑음,단일로 - 기타,승용,남,38세,상해없음,승용,여,40세,경상
2020083100100013,2020년 8월 31일 01시,월요일,전라남도 장성군 남면,중상사고,0,1,6,0,차대차 - 추돌,안전운전불이행,건조,맑음,교차로 - 교차로부근,승용,남,32세,경상,승용,남,41세,중상
2020083100100060,2020년 8월 31일 07시,월요일,전라남도 완도군 완도읍,경상사고,0,0,1,0,차대차 - 후진중충돌,안전운전불이행,기타,맑음,기타 - 기타,승용,남,62세,상해없음,승용,남,65세,경상
2020083100100089,2020년 8월 31일 08시,월요일,전라남도 장흥군 장동면,중상사고,0,1,10,0,차대차 - 측면충돌,과속,건조,맑음,교차로 - 교차로안,승합,남,63세,경상,화물,남,51세,경상
2020083100100090,2020년 8월 31일 08시,월요일,전라남도 장흥군 장흥읍,경상사고,0,0,1,0,차대차 - 추돌,안전운전불이행,건조,맑음,단일로 - 기타,승용,남,47세,기타불명,화물,남,51세,경상
2020083100100154,2020년 8월 31일 10시,월요일,전라남도 장흥군 장흥읍,경상사고,0,0,2,0,차대차 - 추돌,안전운전불이행,건조,맑음,단일로 - 기타,화물,남,45세,경상,화물,남,53세,경상
2020083100100187,2020년 8월 31일 11시,월요일,전라남도 여수시 덕충동,사망사고,1,0,0,0,차대차 - 추돌,안전운전불이행,건조,맑음,단일로 - 터널,승용,여,57세,상해없음,자전거,남,74세,사망
2020083100100188,2020년 8월 31일 11시,월요일,전라남도 장성군 장성읍,부상신고사고,0,0,0,2,차대차 - 측면충돌,안전운전불이행,건조,맑음,교차로 - 교차로안,승용,남,65세,부상신고,승용,남,65세,부상신고
2020083100100212,2020년 8월 31일 12시,월요일,전라남도 순천시 조례동,경상사고,0,0,1,0,차대차 - 기타,안전운전불이행,건조,맑음,단일로 - 기타,승용,남,25세,상해없음,승용,여,42세,경상
2020083100100213,2020년 8월 31일 12시,월요일,전라남도 영광군 영광읍,경상사고,0,0,1,0,차대차 - 측면충돌,직진우회전진행방해,건조,맑음,교차로 - 교차로안,승용,남,18세,상해없음,승용,여,28세,경상
2020083100100241,2020년 8월 31일 13시,월요일,전라남도 목포시 옥암동,중상사고,0,1,0,0,차대차 - 기타,안전운전불이행,건조,맑음,기타 - 기타,승용,남,19세,기타불명,이륜,남,46세,중상
2020083100100242,2020년 8월 31일 13시,월요일,전라남도 광양시 광양읍,경상사고,0,0,2,0,차대차 - 추돌,안전거리미확보,건조,맑음,교차로 - 교차로부근,승용,여,52세,경상,화물,남,48세,경상
2020083100100272,2020년 8월 31일 14시,월요일,전라남도 보성군 복내면,경상사고,0,0,1,0,차대차 - 측면충돌,안전운전불이행,건조,맑음,단일로 - 기타,승용,남,71세,기타불명,승용,여,59세,경상
2020083100100273,2020년 8월 31일 14시,월요일,전라남도 화순군 화순읍,경상사고,0,0,1,0,차대차 - 측면충돌,중앙선침범,건조,맑음,교차로 - 교차로부근,승용,남,63세,상해없음,이륜,남,21세,경상
2020083100100274,2020년 8월 31일 14시,월요일,전라남도 영암군 신북면,중상사고,0,1,0,0,차대사람 - 기타,안전운전불이행,건조,맑음,교차로 - 교차로부근,승용,여,50세,상해없음,보행자,여,72세,중상
2020083100100319,2020년 8월 31일 15시,월요일,전라남도 목포시 용해동,중상사고,0,1,0,0,차대사람 - 횡단중,신호위반,건조,맑음,기타 - 기타,승용,여,43세,상해없음,보행자,남,13세,중상
2020083100100320,2020년 8월 31일 15시,월요일,전라남도 화순군 화순읍,부상신고사고,0,0,0,1,차대차 - 기타,안전운전불이행,건조,맑음,단일로 - 기타,자전거,남,14세,부상신고,승합,남,35세,상해없음
2020083100100362,2020년 8월 31일 16시,월요일,전라남도 담양군 봉산면,사망사고,1,0,0,0,차량단독 - 전도전복 - 전복,안전운전불이행,건조,맑음,단일로 - 기타,농기계,남,55세,사망,,,,
2020083100100427,2020년 8월 31일 18시,월요일,전라남도 목포시 호남동,경상사고,0,0,1,0,차대사람 - 횡단중,안전운전불이행,건조,맑음,기타 - 기타,승용,남,48세,상해없음,보행자,여,16세,경상
2020083100100428,2020년 8월 31일 18시,월요일,전라남도 화순군 화순읍,경상사고,0,0,4,0,차량단독 - 전도전복 - 전도,안전운전불이행,젖음/습기,흐림,기타 - 기타,승용,남,18세,경상,,,,
2020083100100475,2020년 8월 31일 19시,월요일,전라남도 여수시 신기동,경상사고,0,0,1,0,차대차 - 기타,신호위반,건조,맑음,교차로 - 교차로안,원동기,남,31세,상해없음,승용,여,56세,경상
2020083100100518,2020년 8월 31일 20시,월요일,전라남도 목포시 상동,경상사고,0,0,1,0,차대차 - 기타,안전거리미확보,건조,기타,교차로 - 교차로부근,이륜,남,32세,상해없음,승용,여,34세,경상
2020083100100519,2020년 8월 31일 20시,월요일,전라남도 목포시 상동,중상사고,0,1,1,0,차대차 - 측면충돌,교차로운행방법위반,건조,맑음,교차로 - 교차로안,승용,남,33세,중상,승용,남,71세,경상
2020083100100520,2020년 8월 31일 20시,월요일,전라남도 순천시 연향동,경상사고,0,0,1,0,차대차 - 측면충돌,직진우회전진행방해,건조,맑음,교차로 - 교차로안,승용,남,47세,상해없음,승용,여,23세,경상
2020083100100573,2020년 8월 31일 23시,월요일,전라남도 나주시 산포면,경상사고,0,0,3,1,차대차 - 추돌,안전거리미확보,건조,맑음,단일로 - 기타,승용,남,31세,경상,승용,남,58세,경상
2020090100100005,2020년 9월 1일 00시,화요일,전라남도 순천시 조례동,중상사고,0,1,1,0,차대차 - 추돌,안전운전불이행,건조,맑음,단일로 - 기타,승용,남,25세,중상,승용,남,36세,경상
2020090100100025,2020년 9월 1일 04시,화요일,전라남도 여수시 여서동,경상사고,0,0,3,0,차대차 - 측면충돌,과속,건조,맑음,교차로 - 교차로안,승용,남,27세,상해없음,화물,남,71세,경상
2020090100100035,2020년 9월 1일 05시,화요일,전라남도 여수시 국동,경상사고,0,0,1,0,차대사람 - 기타,안전운전불이행,건조,맑음,단일로 - 기타,승용,여,51세,상해없음,보행자,남,54세,경상
2020090100100036,2020년 9월 1일 05시,화요일,전라남도 순천시 조례동,중상사고,0,1,0,0,차대차 - 측면충돌,중앙선침범,건조,맑음,단일로 - 기타,승용,남,28세,상해없음,이륜,남,29세,중상
2020090100100064,2020년 9월 1일 07시,화요일,전라남도 여수시 소라면,경상사고,0,0,1,0,차대차 - 추돌,안전운전불이행,건조,맑음,교차로 - 교차로부근,승용,남,57세,상해없음,화물,남,51세,경상
2020090100100065,2020년 9월 1일 07시,화요일,전라남도 여수시 소라면,경상사고,0,0,1,0,차대차 - 측면충돌,안전운전불이행,건조,맑음,단일로 - 기타,건설기계,남,49세,상해없음,건설기계,남,53세,경상
2020090100100066,2020년 9월 1일 07시,화요일,전라남도 장성군 남면,경상사고,0,0,1,0,차대차 - 기타,안전운전불이행,건조,맑음,교차로 - 교차로안,화물,남,44세,상해없음,화물,남,25세,경상
2020090100100067,2020년 9월 1일 07시,화요일,전라남도 담양군 담양읍,경상사고,0,0,1,0,차대차 - 기타,차로위반,건조,맑음,단일로 - 기타,승용,남,30세,상해없음,화물,남,64세,경상
2020090100100068,2020년 9월 1일 07시,화요일,전라남도 무안군 현경면,경상사고,0,0,1,0,차량단독 - 기타,안전운전불이행,건조,맑음,단일로 - 기타,이륜,남,72세,경상,,,,
2020090100100097,2020년 9월 1일 08시,화요일,전라남도 목포시 용당동,경상사고,0,0,1,0,차대차 - 기타,신호위반,건조,맑음,단일로 - 기타,화물,남,60세,기타불명,승합,남,55세,경상
2020090100100098,2020년 9월 1일 08시,화요일,전라남도 광양시 진월면,경상사고,0,0,2,0,차대차 - 측면충돌,안전거리미확보,건조,맑음,단일로 - 기타,승용,남,32세,경상,특수,남,36세,경상
2020090100100122,2020년 9월 1일 09시,화요일,전라남도 목포시 상동,경상사고,0,0,1,0,차대차 - 측면충돌,안전운전불이행,건조,맑음,단일로 - 기타,승용,남,71세,상해없음,승용,여,37세,경상
2020090100100123,2020년 9월 1일 09시,화요일,전라남도 무안군 해제면,중상사고,0,1,0,0,차대차 - 기타,안전운전불이행,건조,맑음,교차로 - 교차로안,화물,남,66세,상해없음,화물,남,53세,중상
2020090100100225,2020년 9월 1일 13시,화요일,전라남도 순천시 연향동,중상사고,0,1,0,0,차대차 - 기타,안전운전불이행,건조,맑음,교차로 - 교차로안,승용,남,21세,상해없음,이륜,남,49세,중상
2020090100100226,2020년 9월 1일 13시,화요일,전라남도 순천시 풍덕동,경상사고,0,0,1,0,차대차 - 후진중충돌,안전운전불이행,건조,맑음,교차로 - 교차로부근,화물,남,67세,상해없음,승용,남,29세,경상
2020090100100263,2020년 9월 1일 14시,화요일,전라남도 화순군 청풍면,경상사고,0,0,1,0,차대차 - 추돌,안전거리미확보,건조,맑음,단일로 - 기타,화물,남,54세,상해없음,승용,여,51세,경상
2020090100100295,2020년 9월 1일 15시,화요일,전라남도 목포시 상동,경상사고,0,0,1,0,차대사람 - 차도통행중,안전운전불이행,건조,맑음,단일로 - 기타,승용,여,77세,상해없음,보행자,남,12세,경상
2020090100100296,2020년 9월 1일 15시,화요일,전라남도 순천시 해룡면,경상사고,0,0,1,0,차대차 - 정면충돌,직진우회전진행방해,건조,맑음,교차로 - 교차로부근,자전거,남,79세,경상,승용,남,70세,상해없음
2020090100100326,2020년 9월 1일 16시,화요일,전라남도 목포시 옥암동,경상사고,0,0,3,0,차대차 - 기타,안전운전불이행,건조,맑음,교차로 - 교차로부근,승용,여,25세,상해없음,승용,남,27세,경상
2020090100100377,2020년 9월 1일 17시,화요일,전라남도 여수시 둔덕동,경상사고,0,0,1,0,차대차 - 추돌,안전거리미확보,건조,맑음,단일로 - 교량,승용,남,62세,상해없음,승용,남,31세,경상
2020090100100378,2020년 9월 1일 17시,화요일,전라남도 여수시 소라면,중상사고,0,1,0,0,차대차 - 기타,안전운전불이행,건조,맑음,단일로 - 기타,승용,여,57세,상해없음,자전거,남,6세,중상
2020090100100379,2020년 9월 1일 17시,화요일,전라남도 순천시 조례동,경상사고,0,0,1,0,차대차 - 추돌,안전운전불이행,건조,맑음,교차로 - 교차로부근,화물,남,52세,상해없음,승용,여,55세,경상
2020090100100418,2020년 9월 1일 18시,화요일,전라남도 나주시 삼도동,중상사고,0,1,0,0,차대차 - 측면충돌,안전운전불이행,건조,맑음,교차로 - 교차로안,승용,남,71세,상해없음,자전거,남,77세,중상
2020090100100447,2020년 9월 1일 19시,화요일,전라남도 목포시 용해동,경상사고,0,0,1,0,차대차 - 기타,신호위반,젖음/습기,비,교차로 - 교차로안,이륜,남,26세,경상,승합,여,51세,상해없음
2020090100100448,2020년 9월 1일 19시,화요일,전라남도 여수시 돌산읍,경상사고,0,0,2,0,차대차 - 측면충돌,안전운전불이행,건조,맑음,교차로 - 교차로안,화물,남,74세,상해없음,원동기,남,22세,경상