사고번호,사고일시,요일,시군구,사고내용,사망자수,중상자수,경상자수,부상신고자수,사고유형,법규위반,노면상태,기상상태,도로형태,가해운전자 차종,가해운전자 성별,가해운전자 연령,가해운전자 상해정도,피해운전자 차종,피해운전자 성별,피해운전자 연령,피해운전자 상해정도
2020090100100449,2020년 9월 1일 19시,화요일,전라남도 무안군 삼향읍,경상사고,0,0,1,0,차대차 - 측면충돌,교차로운행방법위반,건조,맑음,교차로 - 교차로안,승용,남,76세,상해없음,화물,여,49세,경상
2020090100100450,2020년 9월 1일 19시,화요일,전라남도 무안군 무안읍,중상사고,0,1,0,0,차대사람 - 기타,안전운전불이행,건조,맑음,단일로 - 기타,승용,남,47세,상해없음,보행자,여,76세,중상
2020090100100514,2020년 9월 1일 21시,화요일,전라남도 목포시 용해동,경상사고,0,0,3,0,차대차 - 측면충돌,안전운전불이행,건조,맑음,교차로 - 교차로안,승용,남,49세,상해없음,승용,남,35세,경상
2020090100100515,2020년 9월 1일 21시,화요일,전라남도 화순군 화순읍,중상사고,0,1,0,0,차대차 - 기타,안전운전불이행,건조,맑음,교차로 - 교차로안,승용,남,57세,상해없음,원동기,남,60세,중상
2020090100100534,2020년 9월 1일 22시,화요일,전라남도 순천시 조례동,중상사고,0,1,0,0,차대차 - 측면충돌,기타,건조,맑음,교차로 - 교차로안,원동기,남,29세,중상,승용,남,28세,상해없음
2020090100100535,2020년 9월 1일 22시,화요일,전라남도 보성군 조성면,사망사고,1,0,0,0,차대차 - 기타,안전운전불이행,건조,맑음,단일로 - 기타,승용,남,56세,상해없음,자전거,남,68세,사망
2020090200100091,2020년 9월 2일 08시,수요일,전라남도 장성군 장성읍,경상사고,0,0,2,0,차대차 - 측면충돌,안전운전불이행,젖음/습기,흐림,교차로 - 교차로안,화물,남,75세,경상,승용,남,46세,경상
2020090200100092,2020년 9월 2일 08시,수요일,전라남도 담양군 담양읍,경상사고,0,0,1,0,차대차 - 측면충돌,안전운전불이행,건조,맑음,교차로 - 교차로안,승용,여,50세,기타불명,승용,남,50세,경상
2020090200100113,2020년 9월 2일 09시,수요일,전라남도 순천시 별량면,경상사고,0,0,1,0,차대차 - 측면충돌,안전운전불이행,건조,맑음,교차로 - 교차로안,승용,남,57세,기타불명,승용,여,58세,경상
2020090200100114,2020년 9월 2일 09시,수요일,전라남도 보성군 조성면,경상사고,0,0,1,0,차대차 - 측면충돌,불법유턴,건조,흐림,교차로 - 교차로부근,화물,남,69세,상해없음,승용,여,67세,경상
2020090200100115,2020년 9월 2일 09시,수요일,전라남도 강진군 마량면,경상사고,0,0,1,0,차량단독 - 기타,안전운전불이행,젖음/습기,비,단일로 - 기타,이륜,남,73세,경상,,,,
2020090200100160,2020년 9월 2일 11시,수요일,전라남도 순천시 인제동,중상사고,0,1,0,0,차대차 - 측면충돌,신호위반,건조,맑음,교차로 - 교차로안,승용,여,61세,상해없음,이륜,남,53세,중상
2020090200100178,2020년 9월 2일 12시,수요일,전라남도 목포시 산정동,경상사고,0,0,1,0,차대차 - 측면충돌,안전거리미확보,건조,맑음,단일로 - 기타,승용,남,22세,상해없음,승용,남,33세,경상
2020090200100179,2020년 9월 2일 12시,수요일,전라남도 목포시 산정동,경상사고,0,0,1,0,차대차 - 측면충돌,안전운전불이행,젖음/습기,비,단일로 - 기타,승용,남,68세,상해없음,이륜,남,17세,경상
2020090200100180,2020년 9월 2일 12시,수요일,전라남도 구례군 토지면,경상사고,0,0,1,0,차대차 - 측면충돌,중앙선침범,건조,흐림,단일로 - 기타,화물,남,77세,상해없음,화물,남,60세,경상
2020090200100200,2020년 9월 2일 13시,수요일,전라남도 무안군 삼향읍,사망사고,1,0,0,0,차대차 - 측면충돌,안전운전불이행,건조,맑음,교차로 - 교차로안,화물,남,27세,상해없음,이륜,여,25세,사망
2020090200100227,2020년 9월 2일 14시,수요일,전라남도 여수시 안산동,경상사고,0,0,1,0,차대차 - 기타,안전운전불이행,젖음/습기,비,교차로 - 교차로안,화물,남,48세,상해없음,승용,여,58세,경상
2020090200100228,2020년 9월 2일 14시,수요일,전라남도 여수시 학동,경상사고,0,0,1,0,차대차 - 측면충돌,교차로운행방법위반,젖음/습기,비,교차로 - 교차로안,승용,남,29세,상해없음,승용,남,27세,경상
2020090200100229,2020년 9월 2일 14시,수요일,전라남도 고흥군 고흥읍,중상사고,0,1,1,1,차대차 - 측면충돌,안전운전불이행,젖음/습기,비,교차로 - 교차로안,화물,남,44세,중상,화물,남,49세,경상
2020090200100230,2020년 9월 2일 14시,수요일,전라남도 영암군 영암읍,경상사고,0,0,1,0,차대차 - 정면충돌,안전운전불이행,젖음/습기,흐림,교차로 - 교차로안,승용,여,67세,상해없음,이륜,남,55세,경상
2020090200100282,2020년 9월 2일 16시,수요일,전라남도 목포시 산정동,경상사고,0,0,2,0,차대차 - 추돌,안전운전불이행,젖음/습기,비,교차로 - 교차로부근,화물,남,69세,상해없음,승용,여,26세,경상
2020090200100283,2020년 9월 2일 16시,수요일,전라남도 영광군 영광읍,경상사고,0,0,2,0,차대차 - 측면충돌,안전운전불이행,젖음/습기,비,교차로 - 교차로안,화물,남,55세,상해없음,이륜,남,65세,경상
2020090200100284,2020년 9월 2일 16시,수요일,전라남도 진도군 임회면,중상사고,0,1,0,0,차대차 - 기타,교차로운행방법위반,젖음/습기,비,교차로 - 교차로안,승용,남,60세,상해없음,화물,남,59세,중상
2020090200100316,2020년 9월 2일 17시,수요일,전라남도 목포시 옥암동,경상사고,0,0,1,0,차대차 - 추돌,안전운전불이행,건조,맑음,기타 - 기타,승용,남,19세,상해없음,승용,남,37세,경상
2020090200100317,2020년 9월 2일 17시,수요일,전라남도 목포시 상동,경상사고,0,0,1,0,차대차 - 기타,안전운전불이행,젖음/습기,비,교차로 - 교차로부근,승용,여,45세,상해없음,승용,남,47세,경상
2020090200100318,2020년 9월 2일 17시,수요일,전라남도 목포시 상동,경상사고,0,0,1,0,차대차 - 기타,교차로운행방법위반,기타,맑음,교차로 - 교차로안,승용,남,61세,상해없음,승합,남,62세,경상
2020090200100354,2020년 9월 2일 18시,수요일,전라남도 순천시 연향동,경상사고,0,0,1,0,차대차 - 측면충돌,안전운전불이행,젖음/습기,비,단일로 - 기타,화물,남,21세,상해없음,승합,여,50세,경상
2020090200100398,2020년 9월 2일 19시,수요일,전라남도 장흥군 장흥읍,경상사고,0,0,1,0,차대차 - 측면충돌,직진우회전진행방해,젖음/습기,비,교차로 - 교차로안,승용,남,29세,기타불명,승용,남,55세,경상
2020090200100399,2020년 9월 2일 19시,수요일,전라남도 담양군 담양읍,중상사고,0,1,0,0,차대차 - 정면충돌,직진우회전진행방해,젖음/습기,비,교차로 - 교차로안,승용,남,38세,상해없음,이륜,남,29세,중상
2020090200100400,2020년 9월 2일 19시,수요일,전라남도 무안군 삼향읍,경상사고,0,0,1,0,차대차 - 기타,신호위반,젖음/습기,흐림,교차로 - 교차로안,승용,남,61세,상해없음,이륜,남,22세,경상
2020090200100401,2020년 9월 2일 19시,수요일,전라남도 광양시 중동,경상사고,0,0,1,0,차량단독 - 공작물충돌,안전운전불이행,젖음/습기,비,단일로 - 기타,승용,남,61세,상해없음,,,,
2020090200100454,2020년 9월 2일 20시,수요일,전라남도 여수시 학동,중상사고,0,1,0,0,차대사람 - 횡단중,안전운전불이행,젖음/습기,비,단일로 - 기타,승용,남,76세,상해없음,보행자,남,60세,중상
2020090200100455,2020년 9월 2일 20시,수요일,전라남도 순천시 해룡면,중상사고,0,1,0,0,차대차 - 측면충돌,안전운전불이행,젖음/습기,비,교차로 - 교차로안,승용,남,44세,상해없음,승용,남,44세,중상
2020090200100490,2020년 9월 2일 21시,수요일,전라남도 목포시 용당동,경상사고,0,0,3,0,차대차 - 기타,신호위반,젖음/습기,비,교차로 - 교차로안,승합,남,50세,상해없음,승용,남,61세,경상
2020090200100547,2020년 9월 2일 23시,수요일,전라남도 무안군 삼향읍,경상사고,0,0,2,0,차대차 - 기타,안전운전불이행,젖음/습기,비,교차로 - 교차로안,승용,남,35세,상해없음,승용,남,41세,경상
2020090200100548,2020년 9월 2일 23시,수요일,전라남도 무안군 운남면,경상사고,0,0,1,0,차대차 - 추돌,중앙선침범,건조,맑음,단일로 - 기타,승용,남,67세,상해없음,승용,남,26세,경상
2020090300100055,2020년 9월 3일 05시,목요일,전라남도 목포시 용해동,경상사고,0,0,1,0,차대차 - 추돌,안전운전불이행,건조,맑음,단일로 - 기타,승용,남,30세,상해없음,승용,남,44세,경상
2020090300100070,2020년 9월 3일 07시,목요일,전라남도 광양시 광양읍,경상사고,0,0,3,0,차대차 - 측면충돌,교차로운행방법위반,건조,맑음,교차로 - 교차로안,화물,남,63세,경상,승용,여,55세,경상
2020090300100095,2020년 9월 3일 08시,목요일,전라남도 목포시 용당동,경상사고,0,0,1,0,차대차 - 측면충돌,신호위반,건조,맑음,교차로 - 교차로안,이륜,남,76세,경상,승용,남,44세,상해없음
2020090300100130,2020년 9월 3일 09시,목요일,전라남도 해남군 문내면,경상사고,0,0,1,0,차대차 - 측면충돌,안전운전불이행,건조,맑음,단일로 - 기타,승용,남,42세,상해없음,이륜,남,56세,경상
2020090300100131,2020년 9월 3일 09시,목요일,전라남도 담양군 담양읍,경상사고,0,0,1,0,차대사람 - 횡단중,안전운전불이행,건조,맑음,교차로 - 교차로부근,화물,남,66세,상해없음,보행자,여,77세,경상
2020090300100168,2020년 9월 3일 11시,목요일,전라남도 여수시 둔덕동,경상사고,0,0,1,0,차대차 - 추돌,안전운전불이행,건조,맑음,단일로 - 기타,이륜,남,63세,경상,승용,남,63세,상해없음
2020090300100194,2020년 9월 3일 12시,목요일,전라남도 완도군 완도읍,중상사고,0,1,0,0,차대차 - 측면충돌,안전운전불이행,건조,맑음,교차로 - 교차로안,승용,남,54세,상해없음,자전거,여,56세,중상
2020090300100221,2020년 9월 3일 13시,목요일,전라남도 목포시 상동,경상사고,0,0,2,0,차대차 - 추돌,안전운전불이행,건조,맑음,단일로 - 기타,화물,남,52세,상해없음,승용,남,56세,상해없음
2020090300100253,2020년 9월 3일 14시,목요일,전라남도 여수시 율촌면,중상사고,0,1,0,0,차량단독 - 공작물충돌,안전운전불이행,건조,맑음,단일로 - 기타,승용,남,53세,중상,,,,
2020090300100254,2020년 9월 3일 14시,목요일,전라남도 순천시 해룡면,경상사고,0,0,1,0,차대차 - 기타,교차로운행방법위반,건조,맑음,교차로 - 교차로안,건설기계,남,61세,상해없음,승용,여,36세,경상
2020090300100255,2020년 9월 3일 14시,목요일,전라남도 장성군 진원면,경상사고,0,0,1,0,차대차 - 측면충돌,안전운전불이행,건조,맑음,단일로 - 기타,승용,남,62세,상해없음,이륜,남,65세,경상
2020090300100256,2020년 9월 3일 14시,목요일,전라남도 담양군 가사문학면,경상사고,0,0,2,0,차대차 - 기타,중앙선침범,건조,맑음,단일로 - 기타,승용,남,82세,상해없음,승용,남,79세,경상
2020090300100257,2020년 9월 3일 14시,목요일,전라남도 완도군 완도읍,중상사고,0,1,0,0,차대차 - 기타,안전운전불이행,건조,맑음,단일로 - 기타,특수,남,52세,상해없음,농기계,남,78세,중상
2020090300100287,2020년 9월 3일 15시,목요일,전라남도 목포시 상동,경상사고,0,0,1,0,차대차 - 측면충돌,안전운전불이행,건조,맑음,교차로 - 교차로안,승용,남,22세,경상,승용,남,45세,상해없음
2020090300100288,2020년 9월 3일 15시,목요일,전라남도 목포시 호남동,경상사고,0,0,3,0,차대차 - 측면충돌,교차로운행방법위반,건조,맑음,교차로 - 교차로안,승용,남,50세,경상,승용,여,55세,경상
2020090300100289,2020년 9월 3일 15시,목요일,전라남도 광양시 광양읍,중상사고,0,1,0,0,차대차 - 기타,교차로운행방법위반,건조,맑음,교차로 - 교차로안,승용,남,55세,상해없음,승용,남,41세,중상
2020090300100315,2020년 9월 3일 16시,목요일,전라남도 여수시 서교동,경상사고,0,0,1,0,차대차 - 측면충돌,안전운전불이행,건조,맑음,교차로 - 교차로안,화물,남,78세,상해없음,승용,남,60세,경상
2020090300100345,2020년 9월 3일 17시,목요일,전라남도 목포시 상동,경상사고,0,0,1,0,차대차 - 측면충돌,안전운전불이행,건조,맑음,단일로 - 기타,승용,여,32세,기타불명,승용,여,36세,경상
2020090300100382,2020년 9월 3일 18시,목요일,전라남도 담양군 담양읍,중상사고,0,1,0,0,차대차 - 기타,신호위반,건조,맑음,교차로 - 교차로안,승용,남,35세,상해없음,승용,여,61세,중상
2020090300100424,2020년 9월 3일 19시,목요일,전라남도 나주시 성북동,경상사고,0,0,5,0,차대차 - 측면충돌,안전운전불이행,건조,맑음,교차로 - 교차로부근,승용,남,34세,경상,승용,남,23세,경상
2020090300100425,2020년 9월 3일 19시,목요일,전라남도 강진군 강진읍,중상사고,0,1,0,0,차대차 - 정면충돌,직진우회전진행방해,건조,맑음,교차로 - 교차로안,화물,남,72세,상해없음,개인형이동수단(PM),여,25세,중상
2020090300100454,2020년 9월 3일 20시,목요일,전라남도 목포시 상동,경상사고,0,0,1,0,차대사람 - 기타,안전운전불이행,건조,맑음,교차로 - 교차로안,이륜,남,24세,상해없음,보행자,남,53세,경상
2020090300100455,2020년 9월 3일 20시,목요일,전라남도 여수시 신기동,경상사고,0,0,1,0,차대차 - 추돌,안전운전불이행,건조,맑음,단일로 - 기타,승용,남,49세,상해없음,승용,남,31세,경상
2020090300100456,2020년 9월 3일 20시,목요일,전라남도 여수시 신기동,경상사고,0,0,1,0,차대차 - 측면충돌,교차로운행방법위반,건조,맑음,교차로 - 교차로안,승용,여,42세,상해없음,승용,여,28세,경상
2020090300100457,2020년 9월 3일 20시,목요일,전라남도 순천시 해룡면,경상사고,0,0,1,0,차대사람 - 길가장자리구역통행중,안전운전불이행,건조,맑음,단일로 - 기타,자전거,남,54세,경상,보행자,남,44세,상해없음
2020090400100036,2020년 9월 4일 05시,금요일,전라남도 여수시 화양면,사망사고,1,0,0,0,차대사람 - 횡단중,보행자보호의무위반,건조,맑음,단일로 - 기타,화물,남,55세,상해없음,보행자,여,81세,사망
2020090400100044,2020년 9월 4일 06시,금요일,전라남도 영암군 삼호읍,중상사고,0,1,1,0,차대차 - 측면충돌,안전운전불이행,건조,맑음,단일로 - 기타,화물,남,59세,상해없음,승용,남,50세,경상
2020090400100064,2020년 9월 4일 07시,금요일,전라남도 여수시 화치동,경상사고,0,0,1,0,차대차 - 정면충돌,교차로운행방법위반,건조,맑음,교차로 - 교차로안,화물,남,43세,상해없음,승합,남,64세,경상
2020090400100065,2020년 9월 4일 07시,금요일,전라남도 강진군 작천면,부상신고사고,0,0,0,1,차량단독 - 공작물충돌,안전운전불이행,건조,맑음,단일로 - 기타,화물,남,50세,부상신고,,,,
2020090400100125,2020년 9월 4일 09시,금요일,전라남도 목포시 상동,경상사고,0,0,2,0,차대차 - 측면충돌,신호위반,건조,맑음,교차로 - 교차로안,승용,남,32세,경상,승용,여,34세,경상
2020090400100200,2020년 9월 4일 11시,금요일,전라남도 장흥군 장동면,중상사고,0,1,0,0,차대사람 - 기타,안전운전불이행,건조,맑음,단일로 - 터널,승용,남,70세,상해없음,보행자,남,29세,중상
2020090400100201,2020년 9월 4일 11시,금요일,전라남도 영암군 학산면,경상사고,0,0,1,0,차대사람 - 길가장자리구역통행중,안전운전불이행,건조,맑음,단일로 - 기타,승용,남,80세,상해없음,보행자,남,62세,경상
2020090400100230,2020년 9월 4일 12시,금요일,전라남도 해남군 해남읍,경상사고,0,0,1,0,차대차 - 기타,직진우회전진행방해,건조,맑음,교차로 - 교차로안,이륜,남,18세,경상,승용,남,56세,상해없음
2020090400100260,2020년 9월 4일 13시,금요일,전라남도 여수시 둔덕동,경상사고,0,0,2,0,차대차 - 추돌,안전운전불이행,건조,맑음,기타 - 기타,승용,남,32세,상해없음,승용,남,33세,경상
2020090400100261,2020년 9월 4일 13시,금요일,전라남도 고흥군 금산면,경상사고,0,0,1,0,차량단독 - 도로외이탈 - 추락,안전운전불이행,건조,맑음,단일로 - 기타,농기계,남,87세,경상,,,,
2020090400100262,2020년 9월 4일 13시,금요일,전라남도 광양시 광양읍,중상사고,0,1,1,0,차량단독 - 공작물충돌,교차로운행방법위반,건조,맑음,교차로 - 교차로안,승용,남,30세,경상,,,,
2020090400100291,2020년 9월 4일 14시,금요일,전라남도 순천시 연향동,경상사고,0,0,1,0,차대차 - 기타,기타,건조,맑음,단일로 - 기타,승용,남,68세,상해없음,자전거,여,9세,경상
2020090400100292,2020년 9월 4일 14시,금요일,전라남도 고흥군 도양읍,경상사고,0,0,1,1,차대차 - 추돌,안전운전불이행,건조,맑음,교차로 - 교차로부근,승용,여,59세,상해없음,승용,여,55세,경상
2020090400100325,2020년 9월 4일 15시,금요일,전라남도 광양시 중동,중상사고,0,1,0,0,차대차 - 기타,안전운전불이행,건조,맑음,교차로 - 교차로안,원동기,남,19세,상해없음,이륜,남,35세,중상
2020090400100326,2020년 9월 4일 15시,금요일,전라남도 구례군 구례읍,경상사고,0,0,1,0,차대사람 - 보도통행중,안전운전불이행,건조,맑음,교차로 - 교차로횡단보도내,승용,남,72세,상해없음,보행자,여,11세,경상
2020090400100365,2020년 9월 4일 16시,금요일,전라남도 신안군 임자면,경상사고,0,0,1,0,차대차 - 기타,직진우회전진행방해,건조,맑음,교차로 - 교차로부근,화물,남,53세,상해없음,승용,남,45세,경상
2020090400100366,2020년 9월 4일 16시,금요일,전라남도 화순군 화순읍,경상사고,0,0,3,1,차대차 - 측면충돌,직진우회전진행방해,건조,맑음,교차로 - 교차로안,승용,남,84세,부상신고,승용,남,19세,경상
2020090400100367,2020년 9월 4일 16시,금요일,전라남도 무안군 일로읍,경상사고,0,0,1,0,차대차 - 측면충돌,신호위반,건조,맑음,교차로 - 교차로안,승용,남,75세,상해없음,화물,남,61세,경상
2020090400100462,2020년 9월 4일 18시,금요일,전라남도 목포시 석현동,경상사고,0,0,1,0,차대차 - 기타,차로위반,건조,맑음,단일로 - 기타,승용,남,19세,상해없음,화물,남,37세,경상
2020090400100463,2020년 9월 4일 18시,금요일,전라남도 목포시 연산동,경상사고,0,0,2,0,차대차 - 기타,안전운전불이행,건조,맑음,단일로 - 지하차도(도로)내,화물,남,68세,상해없음,승용,여,58세,경상
2020090400100464,2020년 9월 4일 18시,금요일,전라남도 나주시 빛가람동,경상사고,0,0,3,0,차대차 - 후진중충돌,안전운전불이행,건조,맑음,단일로 - 기타,승용,여,35세,상해없음,승용,여,42세,경상
2020090400100465,2020년 9월 4일 18시,금요일,전라남도 장흥군 장흥읍,사망사고,1,0,0,0,차대사람 - 기타,안전운전불이행,건조,맑음,단일로 - 기타,건설기계,남,49세,상해없음,보행자,남,66세,사망
2020090400100466,2020년 9월 4일 18시,금요일,전라남도 담양군 담양읍,경상사고,0,0,4,0,차대차 - 측면충돌,직진우회전진행방해,건조,맑음,교차로 - 교차로안,승용,여,50세,상해없음,승용,여,25세,경상
2020090400100513,2020년 9월 4일 19시,금요일,전라남도 여수시 화장동,경상사고,0,0,1,0,차대차 - 측면충돌,신호위반,건조,맑음,교차로 - 교차로부근,화물,남,63세,상해없음,승용,남,22세,경상
2020090400100603,2020년 9월 4일 22시,금요일,전라남도 목포시 대성동,경상사고,0,0,1,0,차대차 - 측면충돌,중앙선침범,건조,맑음,교차로 - 교차로부근,승용,남,49세,상해없음,이륜,남,60세,경상
2020090500100061,2020년 9월 5일 07시,토요일,전라남도 순천시 해룡면,중상사고,0,1,1,0,차대차 - 측면충돌,신호위반,건조,맑음,교차로 - 교차로안,승용,남,18세,상해없음,이륜,남,57세,중상
2020090500100095,2020년 9월 5일 09시,토요일,전라남도 목포시 상동,경상사고,0,0,2,0,차대차 - 후진중충돌,안전운전불이행,건조,맑음,교차로 - 교차로안,승용,남,70세,상해없음,승용,여,62세,경상
2020090500100151,2020년 9월 5일 11시,토요일,전라남도 여수시 국동,경상사고,0,0,1,0,차대차 - 기타,안전운전불이행,젖음/습기,비,단일로 - 기타,화물,남,28세,상해없음,이륜,남,59세,경상
2020090500100152,2020년 9월 5일 11시,토요일,전라남도 나주시 봉황면,경상사고,0,0,3,0,차대차 - 측면충돌,중앙선침범,건조,맑음,단일로 - 기타,승용,남,66세,상해없음,승용,여,54세,경상
2020090500100227,2020년 9월 5일 13시,토요일,전라남도 여수시 신월동,경상사고,0,0,1,0,차대차 - 기타,안전운전불이행,젖음/습기,비,단일로 - 기타,승용,여,36세,상해없음,승용,남,46세,기타불명
2020090500100228,2020년 9월 5일 13시,토요일,전라남도 나주시 영산동,중상사고,0,1,0,0,차량단독 - 기타,안전운전불이행,건조,흐림,기타 - 기타,기타불명,남,85세,중상,,,,
2020090500100267,2020년 9월 5일 14시,토요일,전라남도 여수시 국동,경상사고,0,0,1,0,차대차 - 측면충돌,차로위반,건조,맑음,단일로 - 기타,승용,남,68세,상해없음,화물,남,79세,상해없음
2020090500100341,2020년 9월 5일 16시,토요일,전라남도 여수시 만흥동,경상사고,0,0,4,0,차대차 - 정면충돌,중앙선침범,젖음/습기,비,단일로 - 기타,화물,남,57세,경상,승용,남,39세,경상
2020090500100376,2020년 9월 5일 17시,토요일,전라남도 여수시 여서동,경상사고,0,0,1,0,차대차 - 기타,안전운전불이행,젖음/습기,비,단일로 - 기타,승용,남,60세,상해없음,이륜,남,23세,경상
2020090500100411,2020년 9월 5일 18시,토요일,전라남도 목포시 상동,중상사고,0,1,0,0,차대차 - 기타,신호위반,건조,맑음,교차로 - 교차로안,이륜,남,48세,상해없음,승용,남,40세,상해없음
2020090500100412,2020년 9월 5일 18시,토요일,전라남도 목포시 옥암동,경상사고,0,0,4,0,차대차 - 추돌,안전운전불이행,건조,맑음,교차로 - 교차로부근,승용,남,30세,상해없음,승용,남,57세,경상
2020090500100413,2020년 9월 5일 18시,토요일,전라남도 순천시 생목동,경상사고,0,0,2,0,차대차 - 측면충돌,직진우회전진행방해,젖음/습기,비,교차로 - 교차로안,승용,남,27세,상해없음,승용,여,51세,경상
2020090500100447,2020년 9월 5일 19시,토요일,전라남도 여수시 문수동,부상신고사고,0,0,0,1,차대차 - 추돌,안전운전불이행,젖음/습기,비,단일로 - 기타,승용,남,41세,상해없음,승용,남,43세,부상신고
2020090500100448,2020년 9월 5일 19시,토요일,전라남도 여수시 관문동,경상사고,0,0,3,0,차대차 - 측면충돌,안전운전불이행,건조,맑음,교차로 - 교차로안,승용,여,48세,상해없음,승용,남,24세,경상
2020090500100449,2020년 9월 5일 19시,토요일,전라남도 무안군 삼향읍,중상사고,0,1,0,0,차대차 - 측면충돌,안전운전불이행,건조,맑음,교차로 - 교차로안,승용,남,20세,상해없음,승용,남,29세,중상
2020090500100483,2020년 9월 5일 20시,토요일,전라남도 여수시 미평동,경상사고,0,0,1,0,차대차 - 기타,안전운전불이행,젖음/습기,비,교차로 - 교차로안,승용,여,49세,기타불명,원동기,남,18세,경상
2020090500100484,2020년 9월 5일 20시,토요일,전라남도 무안군 삼향읍,경상사고,0,0,1,0,차대차 - 측면충돌,안전운전불이행,건조,맑음,교차로 - 교차로안,이륜,남,34세,경상,승용,남,45세,상해없음
2020090500100485,2020년 9월 5일 20시,토요일,전라남도 광양시 광양읍,중상사고,0,1,0,0,차대차 - 기타,교차로운행방법위반,젖음/습기,비,교차로 - 교차로안,승용,남,42세,상해없음,자전거,남,33세,중상
2020090500100515,2020년 9월 5일 21시,토요일,전라남도 강진군 강진읍,경상사고,0,0,1,0,차대차 - 추돌,안전운전불이행,건조,흐림,단일로 - 기타,화물,남,48세,상해없음,화물,남,61세,경상
2020090600100012,2020년 9월 6일 00시,일요일,전라남도 여수시 교동,사망사고,1,0,1,0,차대사람 - 차도통행중,안전운전불이행,건조,맑음,단일로 - 기타,승용,여,49세,경상,보행자,남,76세,사망
2020090600100032,2020년 9월 6일 02시,일요일,전라남도 목포시 석현동,경상사고,0,0,2,0,차대차 - 측면충돌,안전운전불이행,건조,맑음,단일로 - 기타,승용,남,21세,기타불명,승용,남,32세,경상
2020090600100049,2020년 9월 6일 05시,일요일,전라남도 목포시 용해동,중상사고,0,1,0,0,차대사람 - 기타,안전운전불이행,건조,흐림,교차로 - 교차로안,승용,남,69세,상해없음,보행자,여,71세,중상
2020090600100068,2020년 9월 6일 08시,일요일,전라남도 해남군 북평면,부상신고사고,0,0,0,1,차대차 - 추돌,안전운전불이행,건조,맑음,교차로 - 교차로안,화물,남,41세,상해없음,승용,남,41세,부상신고
2020090600100077,2020년 9월 6일 09시,일요일,전라남도 여수시 안산동,경상사고,0,0,2,0,차대차 - 측면충돌,신호위반,건조,맑음,교차로 - 교차로안,승용,여,43세,경상,승용,남,50세,경상
2020090600100090,2020년 9월 6일 10시,일요일,전라남도 광양시 광영동,경상사고,0,0,1,0,차대차 - 기타,교차로운행방법위반,건조,흐림,교차로 - 교차로부근,화물,남,44세,기타불명,승용,남,65세,상해없음
2020090600100106,2020년 9월 6일 11시,일요일,전라남도 장흥군 장평면,경상사고,0,0,1,0,차량단독 - 전도전복 - 전복,안전운전불이행,젖음/습기,비,단일로 - 기타,승용,남,46세,경상,,,,
2020090600100107,2020년 9월 6일 11시,일요일,전라남도 담양군 대덕면,경상사고,0,0,3,0,차대차 - 측면충돌,중앙선침범,젖음/습기,비,교차로 - 교차로안,화물,남,50세,경상,승용,남,65세,경상
2020090600100125,2020년 9월 6일 12시,일요일,전라남도 목포시 용해동,경상사고,0,0,2,0,차대차 - 측면충돌,안전운전불이행,건조,맑음,단일로 - 기타,승용,여,65세,경상,승용,남,61세,경상
2020090600100126,2020년 9월 6일 12시,일요일,전라남도 보성군 회천면,경상사고,0,0,3,0,차대차 - 측면충돌,중앙선침범,젖음/습기,비,단일로 - 기타,승용,여,48세,상해없음,승용,남,22세,경상
2020090600100148,2020년 9월 6일 13시,일요일,전라남도 여수시 학동,경상사고,0,0,1,0,차대차 - 추돌,안전운전불이행,건조,맑음,단일로 - 기타,승용,남,54세,상해없음,승합,남,38세,경상
2020090600100149,2020년 9월 6일 13시,일요일,전라남도 장흥군 관산읍,경상사고,0,0,1,0,차량단독 - 도로외이탈 - 추락,안전운전불이행,건조,맑음,교차로 - 교차로안,이륜,남,80세,경상,,,,
2020090600100150,2020년 9월 6일 13시,일요일,전라남도 영암군 신북면,경상사고,0,0,5,0,차대차 - 추돌,안전운전불이행,젖음/습기,흐림,교차로 - 교차로부근,승용,여,46세,경상,승용,여,40세,경상
2020090600100151,2020년 9월 6일 13시,일요일,전라남도 광양시 중동,경상사고,0,0,1,0,차대차 - 기타,중앙선침범,건조,맑음,단일로 - 기타,승용,남,32세,상해없음,승용,남,57세,상해없음
2020090600100173,2020년 9월 6일 14시,일요일,전라남도 강진군 마량면,경상사고,0,0,3,0,차대차 - 측면충돌,직진우회전진행방해,젖음/습기,비,교차로 - 교차로안,승용,여,55세,경상,화물,남,41세,경상
2020090600100174,2020년 9월 6일 14시,일요일,전라남도 완도군 노화읍,중상사고,0,1,0,0,차량단독 - 도로외이탈 - 기타,안전운전불이행,젖음/습기,비,단일로 - 기타,화물,여,50세,중상,,,,
2020090600100245,2020년 9월 6일 17시,일요일,전라남도 목포시 옥암동,경상사고,0,0,2,0,차대차 - 정면충돌,안전운전불이행,젖음/습기,비,교차로 - 교차로부근,승용,남,55세,기타불명,승용,남,72세,경상
2020090600100246,2020년 9월 6일 17시,일요일,전라남도 함평군 월야면,중상사고,0,1,1,0,차대차 - 측면충돌,교차로운행방법위반,젖음/습기,비,교차로 - 교차로안,승용,남,72세,상해없음,승용,남,60세,중상
2020090600100272,2020년 9월 6일 18시,일요일,전라남도 목포시 상락동2가,경상사고,0,0,1,0,차량단독 - 기타,안전운전불이행,젖음/습기,흐림,단일로 - 기타,이륜,남,66세,경상,,,,