사고번호,사고일시,요일,시군구,사고내용,사망자수,중상자수,경상자수,부상신고자수,사고유형,법규위반,노면상태,기상상태,도로형태,가해운전자 차종,가해운전자 성별,가해운전자 연령,가해운전자 상해정도,피해운전자 차종,피해운전자 성별,피해운전자 연령,피해운전자 상해정도
2020090600100302,2020년 9월 6일 19시,일요일,전라남도 여수시 소라면,중상사고,0,1,0,0,차대차 - 추돌,안전운전불이행,젖음/습기,비,교차로 - 교차로부근,승용,남,60세,중상,승용,여,61세,상해없음
2020090600100303,2020년 9월 6일 19시,일요일,전라남도 여수시 서교동,경상사고,0,0,1,0,차대차 - 측면충돌,안전운전불이행,건조,맑음,교차로 - 교차로안,승용,남,43세,상해없음,승용,남,65세,경상
2020090600100304,2020년 9월 6일 19시,일요일,전라남도 광양시 봉강면,중상사고,0,1,0,0,차량단독 - 도로외이탈 - 추락,안전운전불이행,젖음/습기,비,교차로 - 교차로부근,승용,남,48세,중상,,,,
2020090600100343,2020년 9월 6일 20시,일요일,전라남도 완도군 노화읍,중상사고,0,1,0,0,차대사람 - 기타,안전운전불이행,젖음/습기,비,기타 - 기타,승용,여,54세,상해없음,보행자,여,46세,중상
2020090600100392,2020년 9월 6일 22시,일요일,전라남도 순천시 조곡동,경상사고,0,0,2,0,차대차 - 측면충돌,직진우회전진행방해,건조,맑음,교차로 - 교차로안,승용,남,62세,상해없음,승용,남,25세,경상
2020090700100020,2020년 9월 7일 02시,월요일,전라남도 장성군 장성읍,중상사고,0,1,1,0,차대차 - 측면충돌,안전운전불이행,젖음/습기,비,단일로 - 기타,승용,여,30세,상해없음,승용,기타불명,미분류,기타불명
2020090700100104,2020년 9월 7일 08시,월요일,전라남도 목포시 용당동,경상사고,0,0,1,0,차대차 - 측면충돌,안전운전불이행,젖음/습기,비,교차로 - 교차로부근,승용,여,51세,상해없음,승합,남,55세,경상
2020090700100105,2020년 9월 7일 08시,월요일,전라남도 영암군 삼호읍,경상사고,0,0,3,0,차대차 - 추돌,안전운전불이행,젖음/습기,맑음,교차로 - 교차로부근,승용,남,47세,경상,승용,여,55세,경상
2020090700100106,2020년 9월 7일 08시,월요일,전라남도 영암군 삼호읍,경상사고,0,0,2,0,차대차 - 측면충돌,안전운전불이행,젖음/습기,비,교차로 - 교차로안,승용,여,24세,경상,화물,남,56세,경상
2020090700100107,2020년 9월 7일 08시,월요일,전라남도 무안군 삼향읍,경상사고,0,0,2,0,차대차 - 기타,안전운전불이행,젖음/습기,비,교차로 - 교차로안,승용,여,47세,경상,승용,남,48세,경상
2020090700100154,2020년 9월 7일 10시,월요일,전라남도 목포시 용당동,경상사고,0,0,1,0,차대차 - 측면충돌,안전운전불이행,젖음/습기,비,교차로 - 교차로안,화물,남,28세,상해없음,승용,여,41세,상해없음
2020090700100155,2020년 9월 7일 10시,월요일,전라남도 장흥군 장흥읍,경상사고,0,0,1,0,차대차 - 기타,안전운전불이행,젖음/습기,비,교차로 - 교차로부근,승용,남,18세,경상,승용,여,57세,기타불명
2020090700100177,2020년 9월 7일 11시,월요일,전라남도 나주시 빛가람동,경상사고,0,0,1,0,차대차 - 측면충돌,안전운전불이행,젖음/습기,비,교차로 - 교차로안,이륜,남,21세,경상,승용,여,46세,상해없음
2020090700100178,2020년 9월 7일 11시,월요일,전라남도 장흥군 관산읍,중상사고,0,1,0,0,차량단독 - 전도전복 - 전도,기타,젖음/습기,비,단일로 - 기타,이륜,남,78세,중상,,,,
2020090700100203,2020년 9월 7일 12시,월요일,전라남도 나주시 세지면,사망사고,1,0,0,0,차대차 - 측면충돌,교차로운행방법위반,젖음/습기,흐림,교차로 - 교차로부근,승용,남,62세,상해없음,이륜,남,86세,사망
2020090700100241,2020년 9월 7일 13시,월요일,전라남도 보성군 득량면,경상사고,0,0,2,0,차대차 - 정면충돌,불법유턴,젖음/습기,비,교차로 - 교차로부근,화물,남,72세,상해없음,화물,남,81세,경상
2020090700100277,2020년 9월 7일 14시,월요일,전라남도 순천시 풍덕동,중상사고,0,1,0,0,차대사람 - 횡단중,보행자보호의무위반,젖음/습기,비,교차로 - 교차로안,승용,남,43세,상해없음,보행자,여,86세,중상
2020090700100278,2020년 9월 7일 14시,월요일,전라남도 순천시 인제동,경상사고,0,0,1,0,차대차 - 후진중충돌,안전운전불이행,젖음/습기,비,단일로 - 기타,화물,남,46세,상해없음,화물,남,69세,상해없음
2020090700100279,2020년 9월 7일 14시,월요일,전라남도 고흥군 두원면,중상사고,0,1,0,0,차대차 - 기타,안전운전불이행,젖음/습기,비,교차로 - 교차로안,승용,남,75세,상해없음,이륜,남,77세,중상
2020090700100315,2020년 9월 7일 15시,월요일,전라남도 목포시 산정동,경상사고,0,0,1,0,차대차 - 측면충돌,안전운전불이행,젖음/습기,흐림,교차로 - 교차로안,승용,남,80세,상해없음,승용,남,69세,경상
2020090700100316,2020년 9월 7일 15시,월요일,전라남도 고흥군 과역면,경상사고,0,0,1,0,차대차 - 측면충돌,안전운전불이행,건조,맑음,교차로 - 교차로안,승용,여,61세,경상,화물,남,68세,상해없음
2020090700100348,2020년 9월 7일 16시,월요일,전라남도 목포시 옥암동,경상사고,0,0,2,0,차대차 - 측면충돌,신호위반,건조,맑음,교차로 - 교차로안,승합,남,28세,상해없음,승용,남,63세,경상
2020090700100349,2020년 9월 7일 16시,월요일,전라남도 순천시 해룡면,경상사고,0,0,1,0,차대차 - 측면충돌,직진우회전진행방해,건조,맑음,교차로 - 교차로안,승용,남,57세,상해없음,승용,여,50세,경상
2020090700100419,2020년 9월 7일 18시,월요일,전라남도 목포시 산정동,경상사고,0,0,1,0,차대차 - 측면충돌,직진우회전진행방해,건조,맑음,교차로 - 교차로안,승용,남,56세,경상,승용,남,30세,상해없음
2020090700100420,2020년 9월 7일 18시,월요일,전라남도 나주시 문평면,경상사고,0,0,1,0,차대차 - 측면충돌,안전운전불이행,젖음/습기,맑음,단일로 - 기타,승용,남,29세,상해없음,승용,여,55세,상해없음
2020090700100460,2020년 9월 7일 19시,월요일,전라남도 여수시 봉산동,중상사고,0,1,0,0,차대사람 - 차도통행중,안전운전불이행,건조,맑음,단일로 - 기타,화물,남,64세,상해없음,보행자,남,60세,중상
2020090700100461,2020년 9월 7일 19시,월요일,전라남도 순천시 해룡면,중상사고,0,1,0,0,차대사람 - 보도통행중,안전운전불이행,건조,맑음,단일로 - 기타,화물,남,69세,상해없음,보행자,여,83세,중상
2020090700100462,2020년 9월 7일 19시,월요일,전라남도 나주시 대호동,경상사고,0,0,1,0,차량단독 - 기타,안전운전불이행,건조,맑음,단일로 - 기타,원동기,남,57세,경상,,,,
2020090700100463,2020년 9월 7일 19시,월요일,전라남도 나주시 봉황면,경상사고,0,0,3,0,차대차 - 측면충돌,교차로운행방법위반,건조,맑음,교차로 - 교차로부근,화물,남,50세,경상,승용,여,51세,경상
2020090700100464,2020년 9월 7일 19시,월요일,전라남도 해남군 화원면,경상사고,0,0,1,0,차대차 - 후진중충돌,안전운전불이행,건조,맑음,단일로 - 기타,화물,남,58세,상해없음,화물,남,61세,경상
2020090800100031,2020년 9월 8일 04시,화요일,전라남도 광양시 성황동,경상사고,0,0,1,0,차량단독 - 공작물충돌,안전운전불이행,젖음/습기,흐림,단일로 - 기타,화물,남,58세,경상,,,,
2020090800100032,2020년 9월 8일 04시,화요일,전라남도 장성군 북이면,경상사고,0,0,4,0,차대차 - 추돌,안전운전불이행,건조,맑음,단일로 - 기타,승용,남,21세,경상,화물,남,50세,상해없음
2020090800100067,2020년 9월 8일 07시,화요일,전라남도 나주시 남평읍,경상사고,0,0,1,0,차대차 - 추돌,안전운전불이행,건조,맑음,단일로 - 기타,승용,여,47세,상해없음,승용,남,39세,경상
2020090800100068,2020년 9월 8일 07시,화요일,전라남도 나주시 다시면,중상사고,0,1,3,0,차대차 - 추돌,안전거리미확보,건조,맑음,단일로 - 기타,승용,남,32세,상해없음,승용,여,41세,경상
2020090800100069,2020년 9월 8일 07시,화요일,전라남도 고흥군 도양읍,중상사고,0,1,0,0,차대차 - 기타,안전운전불이행,건조,맑음,교차로 - 교차로부근,화물,남,55세,상해없음,이륜,남,77세,중상
2020090800100070,2020년 9월 8일 07시,화요일,전라남도 강진군 강진읍,경상사고,0,0,2,0,차대차 - 측면충돌,직진우회전진행방해,건조,맑음,교차로 - 교차로안,승용,남,71세,경상,화물,남,41세,상해없음
2020090800100111,2020년 9월 8일 08시,화요일,전라남도 목포시 산정동,중상사고,0,1,0,0,차대사람 - 횡단중,보행자보호의무위반,건조,맑음,기타 - 기타,승용,여,38세,상해없음,보행자,여,77세,중상
2020090800100147,2020년 9월 8일 09시,화요일,전라남도 여수시 여천동,경상사고,0,0,2,0,차대차 - 추돌,안전운전불이행,건조,맑음,단일로 - 기타,승용,남,33세,상해없음,승용,여,40세,경상
2020090800100180,2020년 9월 8일 10시,화요일,전라남도 여수시 학동,경상사고,0,0,1,0,차대차 - 측면충돌,차로위반,건조,맑음,단일로 - 기타,화물,남,49세,상해없음,승용,남,70세,경상
2020090800100212,2020년 9월 8일 11시,화요일,전라남도 목포시 옥암동,경상사고,0,0,3,0,차대차 - 기타,안전운전불이행,건조,맑음,단일로 - 기타,승용,남,53세,상해없음,승용,여,39세,경상
2020090800100213,2020년 9월 8일 11시,화요일,전라남도 신안군 도초면,중상사고,0,2,1,0,차대차 - 기타,교차로운행방법위반,건조,맑음,교차로 - 교차로안,승합,남,53세,중상,화물,남,47세,경상
2020090800100214,2020년 9월 8일 11시,화요일,전라남도 여수시 율촌면,중상사고,0,1,0,0,차대차 - 측면충돌,안전운전불이행,건조,맑음,교차로 - 교차로안,원동기,남,82세,중상,승용,여,31세,상해없음
2020090800100215,2020년 9월 8일 11시,화요일,전라남도 순천시 조례동,경상사고,0,0,1,0,차대차 - 기타,교차로운행방법위반,건조,맑음,교차로 - 교차로안,자전거,남,79세,경상,승용,남,51세,상해없음
2020090800100244,2020년 9월 8일 12시,화요일,전라남도 나주시 청동,중상사고,0,1,0,0,차대차 - 추돌,안전운전불이행,건조,맑음,단일로 - 기타,승용,여,53세,상해없음,이륜,남,54세,중상
2020090800100272,2020년 9월 8일 13시,화요일,전라남도 목포시 달동,경상사고,0,0,1,0,차대차 - 기타,안전운전불이행,건조,맑음,기타 - 기타,승용,남,35세,상해없음,승용,여,40세,경상
2020090800100273,2020년 9월 8일 13시,화요일,전라남도 여수시 소호동,경상사고,0,0,1,0,차대차 - 측면충돌,안전운전불이행,건조,맑음,단일로 - 기타,승용,여,48세,기타불명,승용,남,47세,경상
2020090800100342,2020년 9월 8일 15시,화요일,전라남도 신안군 압해읍,경상사고,0,0,1,0,차대차 - 기타,신호위반,건조,맑음,교차로 - 교차로안,승용,남,18세,상해없음,승용,여,58세,경상
2020090800100343,2020년 9월 8일 15시,화요일,전라남도 여수시 중앙동,경상사고,0,0,2,0,차대차 - 측면충돌,신호위반,건조,맑음,교차로 - 교차로부근,승합,남,58세,상해없음,승용,여,56세,경상
2020090800100345,2020년 9월 8일 15시,화요일,전라남도 구례군 문척면,경상사고,0,0,1,0,차대차 - 추돌,안전운전불이행,건조,맑음,교차로 - 교차로부근,화물,남,78세,상해없음,승용,남,43세,경상
2020090800100395,2020년 9월 8일 16시,화요일,전라남도 나주시 죽림동,경상사고,0,0,1,0,차대차 - 정면충돌,직진우회전진행방해,건조,맑음,교차로 - 교차로안,승용,여,30세,상해없음,이륜,남,65세,경상
2020090800100396,2020년 9월 8일 16시,화요일,전라남도 강진군 강진읍,경상사고,0,0,1,1,차대차 - 측면충돌,안전운전불이행,건조,맑음,교차로 - 교차로안,자전거,남,9세,부상신고,자전거,남,10세,경상
2020090800100436,2020년 9월 8일 17시,화요일,전라남도 여수시 서교동,경상사고,0,0,1,0,차대사람 - 기타,안전운전불이행,건조,맑음,단일로 - 교량,승용,남,62세,상해없음,보행자,여,67세,경상
2020090800100478,2020년 9월 8일 18시,화요일,전라남도 목포시 옥암동,경상사고,0,0,4,0,차대차 - 기타,안전운전불이행,건조,맑음,교차로 - 교차로안,승용,여,43세,경상,승용,남,24세,경상
2020090800100479,2020년 9월 8일 18시,화요일,전라남도 여수시 학동,경상사고,0,0,4,0,차대차 - 측면충돌,안전운전불이행,건조,맑음,교차로 - 교차로안,승용,남,24세,경상,승용,남,57세,경상
2020090800100480,2020년 9월 8일 18시,화요일,전라남도 담양군 금성면,경상사고,0,0,1,0,차대차 - 측면충돌,직진우회전진행방해,건조,맑음,교차로 - 교차로안,승용,남,61세,상해없음,승용,남,76세,경상
2020090800100516,2020년 9월 8일 19시,화요일,전라남도 보성군 보성읍,경상사고,0,0,1,0,차대차 - 측면충돌,안전운전불이행,건조,맑음,단일로 - 기타,이륜,남,53세,경상,승용,남,44세,상해없음
2020090800100517,2020년 9월 8일 19시,화요일,전라남도 장성군 황룡면,중상사고,0,1,0,0,차대사람 - 기타,안전운전불이행,젖음/습기,비,단일로 - 기타,화물,남,42세,상해없음,보행자,여,75세,중상
2020090800100518,2020년 9월 8일 19시,화요일,전라남도 담양군 담양읍,중상사고,0,1,0,0,차대차 - 측면충돌,교차로운행방법위반,건조,흐림,교차로 - 교차로안,화물,남,61세,상해없음,이륜,남,16세,중상
2020090800100560,2020년 9월 8일 20시,화요일,전라남도 목포시 대양동,경상사고,0,0,2,0,차대차 - 측면충돌,안전운전불이행,건조,맑음,교차로 - 교차로안,승용,남,34세,상해없음,승용,남,54세,경상
2020090800100561,2020년 9월 8일 20시,화요일,전라남도 장성군 장성읍,경상사고,0,0,3,0,차대차 - 기타,안전거리미확보,건조,맑음,기타 - 기타,승용,남,21세,경상,승용,남,42세,경상
2020090900100008,2020년 9월 9일 00시,수요일,전라남도 목포시 옥암동,경상사고,0,0,2,0,차대차 - 추돌,안전운전불이행,건조,맑음,단일로 - 기타,승용,남,38세,상해없음,승용,여,48세,경상
2020090900100009,2020년 9월 9일 00시,수요일,전라남도 여수시 신기동,경상사고,0,0,1,0,차대차 - 측면충돌,신호위반,건조,맑음,교차로 - 교차로부근,원동기,남,32세,경상,승용,남,46세,상해없음
2020090900100018,2020년 9월 9일 01시,수요일,전라남도 여수시 학동,경상사고,0,0,2,0,차대차 - 측면충돌,신호위반,건조,맑음,교차로 - 교차로안,이륜,남,41세,상해없음,승용,남,22세,경상
2020090900100019,2020년 9월 9일 01시,수요일,전라남도 장성군 북일면,부상신고사고,0,0,0,1,차량단독 - 공작물충돌,안전운전불이행,젖음/습기,비,기타 - 기타,승용,남,25세,상해없음,,,,
2020090900100032,2020년 9월 9일 05시,수요일,전라남도 광양시 중동,경상사고,0,0,3,0,차대차 - 측면충돌,신호위반,건조,맑음,교차로 - 교차로안,화물,남,62세,경상,승용,남,21세,경상
2020090900100043,2020년 9월 9일 06시,수요일,전라남도 여수시 돌산읍,경상사고,0,0,1,0,차대차 - 추돌,안전운전불이행,젖음/습기,비,단일로 - 기타,화물,남,59세,상해없음,승용,남,56세,경상
2020090900100087,2020년 9월 9일 08시,수요일,전라남도 목포시 상동,경상사고,0,0,1,0,차대차 - 측면충돌,신호위반,건조,맑음,교차로 - 교차로안,승용,남,63세,상해없음,승용,여,51세,경상
2020090900100088,2020년 9월 9일 08시,수요일,전라남도 목포시 상동,경상사고,0,0,1,0,차대차 - 추돌,안전운전불이행,건조,맑음,단일로 - 기타,승용,남,32세,상해없음,승용,남,55세,경상
2020090900100115,2020년 9월 9일 09시,수요일,전라남도 순천시 조례동,경상사고,0,0,2,0,차대차 - 측면충돌,신호위반,건조,맑음,교차로 - 교차로안,승용,여,37세,경상,화물,남,55세,경상
2020090900100116,2020년 9월 9일 09시,수요일,전라남도 순천시 해룡면,경상사고,0,0,1,0,차대차 - 측면충돌,직진우회전진행방해,건조,맑음,교차로 - 교차로안,이륜,남,25세,상해없음,승용,남,53세,경상
2020090900100117,2020년 9월 9일 09시,수요일,전라남도 해남군 황산면,중상사고,0,2,0,0,차대차 - 측면충돌,직진우회전진행방해,건조,맑음,교차로 - 교차로안,승용,여,63세,기타불명,승용,남,55세,상해없음
2020090900100139,2020년 9월 9일 10시,수요일,전라남도 순천시 조례동,경상사고,0,0,1,0,차대차 - 측면충돌,안전거리미확보,건조,맑음,단일로 - 기타,승용,남,22세,상해없음,승용,남,30세,경상
2020090900100140,2020년 9월 9일 10시,수요일,전라남도 해남군 화원면,중상사고,0,2,0,0,차대차 - 측면충돌,신호위반,건조,맑음,교차로 - 교차로안,승용,남,66세,상해없음,화물,남,34세,상해없음
2020090900100222,2020년 9월 9일 13시,수요일,전라남도 신안군 팔금면,중상사고,0,1,1,0,차대차 - 기타,안전운전불이행,건조,맑음,기타 - 기타,승용,남,68세,상해없음,이륜,남,72세,경상
2020090900100223,2020년 9월 9일 13시,수요일,전라남도 보성군 복내면,경상사고,0,0,1,0,차대차 - 정면충돌,안전운전불이행,건조,맑음,단일로 - 기타,화물,남,48세,상해없음,이륜,남,31세,경상
2020090900100257,2020년 9월 9일 14시,수요일,전라남도 여수시 여서동,중상사고,0,1,0,0,차대차 - 측면충돌,중앙선침범,건조,맑음,단일로 - 기타,승용,남,40세,상해없음,이륜,남,40세,중상
2020090900100258,2020년 9월 9일 14시,수요일,전라남도 고흥군 과역면,중상사고,0,1,0,0,차량단독 - 도로외이탈 - 추락,안전운전불이행,건조,맑음,단일로 - 기타,화물,남,67세,상해없음,,,,
2020090900100259,2020년 9월 9일 14시,수요일,전라남도 영광군 염산면,경상사고,0,0,1,0,차대차 - 측면충돌,직진우회전진행방해,건조,맑음,교차로 - 교차로안,승용,남,47세,상해없음,화물,남,70세,경상
2020090900100260,2020년 9월 9일 14시,수요일,전라남도 화순군 화순읍,경상사고,0,0,1,0,차대차 - 기타,교차로운행방법위반,건조,맑음,교차로 - 교차로안,승용,남,72세,상해없음,승용,여,23세,경상
2020090900100299,2020년 9월 9일 15시,수요일,전라남도 목포시 석현동,중상사고,0,1,1,0,차대차 - 측면충돌,안전운전불이행,건조,맑음,단일로 - 기타,화물,남,80세,경상,화물,남,28세,상해없음
2020090900100300,2020년 9월 9일 15시,수요일,전라남도 영광군 영광읍,중상사고,0,1,0,0,차대차 - 측면충돌,안전거리미확보,건조,맑음,단일로 - 기타,화물,남,71세,상해없음,이륜,남,33세,중상
2020090900100301,2020년 9월 9일 15시,수요일,전라남도 광양시 옥곡면,경상사고,0,0,1,0,차대차 - 측면충돌,안전거리미확보,건조,맑음,단일로 - 기타,화물,남,40세,상해없음,화물,남,70세,경상
2020090900100326,2020년 9월 9일 16시,수요일,전라남도 고흥군 도양읍,경상사고,0,0,1,0,차대차 - 기타,교차로운행방법위반,건조,맑음,교차로 - 교차로안,화물,여,46세,경상,승용,남,60세,상해없음
2020090900100327,2020년 9월 9일 16시,수요일,전라남도 장성군 장성읍,중상사고,0,1,0,0,차대사람 - 기타,안전운전불이행,건조,맑음,단일로 - 기타,승용,여,46세,상해없음,보행자,여,86세,중상
2020090900100328,2020년 9월 9일 16시,수요일,전라남도 곡성군 옥과면,경상사고,0,0,3,0,차대차 - 측면충돌,직진우회전진행방해,건조,맑음,교차로 - 교차로안,승용,남,72세,경상,승용,남,66세,경상
2020090900100406,2020년 9월 9일 18시,수요일,전라남도 목포시 산정동,경상사고,0,0,1,0,차대차 - 기타,안전운전불이행,건조,맑음,단일로 - 기타,승용,여,49세,경상,화물,남,41세,상해없음
2020090900100407,2020년 9월 9일 18시,수요일,전라남도 목포시 호남동,경상사고,0,0,2,0,차대차 - 기타,안전거리미확보,건조,흐림,단일로 - 지하차도(도로)내,승용,남,55세,상해없음,승용,남,66세,경상
2020090900100408,2020년 9월 9일 18시,수요일,전라남도 여수시 교동,중상사고,0,1,0,0,차대차 - 측면충돌,중앙선침범,건조,맑음,단일로 - 기타,이륜,남,22세,상해없음,승용,남,48세,중상
2020090900100438,2020년 9월 9일 19시,수요일,전라남도 순천시 조곡동,경상사고,0,0,1,0,차대차 - 추돌,안전운전불이행,건조,맑음,교차로 - 교차로안,화물,남,39세,상해없음,승용,여,51세,경상
2020090900100439,2020년 9월 9일 19시,수요일,전라남도 화순군 화순읍,중상사고,0,1,0,0,차대차 - 측면충돌,안전거리미확보,건조,맑음,단일로 - 기타,승용,남,51세,상해없음,이륜,남,59세,중상
2020090900100440,2020년 9월 9일 19시,수요일,전라남도 강진군 작천면,중상사고,0,1,1,0,차량단독 - 도로외이탈 - 추락,안전운전불이행,건조,흐림,교차로 - 교차로안,승용,남,66세,경상,,,,
2020090900100441,2020년 9월 9일 19시,수요일,전라남도 구례군 구례읍,경상사고,0,0,1,0,차대차 - 후진중충돌,안전운전불이행,건조,맑음,단일로 - 기타,승용,남,57세,상해없음,승용,남,26세,경상
2020090900100475,2020년 9월 9일 20시,수요일,전라남도 광양시 중동,경상사고,0,0,4,0,차대차 - 측면충돌,안전거리미확보,건조,맑음,단일로 - 기타,승용,남,38세,상해없음,승용,여,55세,경상
2020090900100505,2020년 9월 9일 21시,수요일,전라남도 해남군 송지면,사망사고,1,0,0,0,차량단독 - 기타,안전운전불이행,건조,맑음,기타 - 기타,승용,남,61세,사망,,,,
2020091000100027,2020년 9월 10일 05시,목요일,전라남도 여수시 호명동,경상사고,0,0,1,0,차대사람 - 차도통행중,안전운전불이행,건조,맑음,교차로 - 교차로안,승용,남,44세,상해없음,보행자,여,79세,경상
2020091000100038,2020년 9월 10일 06시,목요일,전라남도 순천시 연향동,경상사고,0,0,1,0,차대차 - 기타,직진우회전진행방해,건조,맑음,교차로 - 교차로안,이륜,남,64세,경상,승용,남,51세,상해없음
2020091000100054,2020년 9월 10일 07시,목요일,전라남도 순천시 조례동,경상사고,0,0,1,0,차대사람 - 횡단중,보행자보호의무위반,건조,맑음,교차로 - 교차로횡단보도내,승용,여,45세,상해없음,보행자,남,33세,경상
2020091000100101,2020년 9월 10일 09시,목요일,전라남도 장성군 장성읍,경상사고,0,0,2,0,차대차 - 측면충돌,안전운전불이행,건조,흐림,단일로 - 기타,화물,남,76세,상해없음,승용,여,60세,경상
2020091000100130,2020년 9월 10일 10시,목요일,전라남도 여수시 여서동,경상사고,0,0,1,0,차대차 - 추돌,안전운전불이행,건조,맑음,교차로 - 교차로부근,승용,남,30세,상해없음,승용,여,60세,경상
2020091000100131,2020년 9월 10일 10시,목요일,전라남도 여수시 여천동,경상사고,0,0,1,0,차대차 - 추돌,안전거리미확보,건조,맑음,단일로 - 기타,건설기계,남,33세,상해없음,승용,남,63세,경상
2020091000100132,2020년 9월 10일 10시,목요일,전라남도 순천시 월등면,경상사고,0,0,1,0,차대차 - 측면충돌,안전운전불이행,건조,맑음,단일로 - 기타,화물,남,59세,상해없음,승용,여,57세,경상
2020091000100166,2020년 9월 10일 11시,목요일,전라남도 여수시 국동,경상사고,0,0,1,0,차대차 - 측면충돌,신호위반,건조,맑음,교차로 - 교차로안,승용,남,56세,상해없음,승용,여,44세,경상
2020091000100167,2020년 9월 10일 11시,목요일,전라남도 해남군 산이면,경상사고,0,0,1,0,차대사람 - 기타,불법유턴,건조,맑음,기타 - 기타,화물,남,58세,상해없음,보행자,남,47세,경상
2020091000100204,2020년 9월 10일 12시,목요일,전라남도 목포시 용당동,중상사고,0,1,0,0,차대사람 - 횡단중,보행자보호의무위반,건조,맑음,교차로 - 교차로횡단보도내,화물,남,29세,상해없음,보행자,남,49세,중상
2020091000100205,2020년 9월 10일 12시,목요일,전라남도 여수시 율촌면,중상사고,0,1,0,0,차대차 - 측면충돌,교차로운행방법위반,건조,맑음,교차로 - 교차로안,이륜,남,68세,중상,승용,남,34세,상해없음
2020091000100206,2020년 9월 10일 12시,목요일,전라남도 여수시 신기동,중상사고,0,1,0,0,차대차 - 기타,중앙선침범,건조,맑음,단일로 - 기타,승용,여,38세,상해없음,이륜,남,53세,중상
2020091000100207,2020년 9월 10일 12시,목요일,전라남도 장성군 황룡면,중상사고,0,1,1,0,차대차 - 기타,안전운전불이행,건조,맑음,교차로 - 교차로안,승용,남,81세,경상,화물,남,57세,상해없음
2020091000100208,2020년 9월 10일 12시,목요일,전라남도 완도군 완도읍,경상사고,0,0,2,0,차대차 - 측면충돌,안전운전불이행,건조,맑음,단일로 - 기타,농기계,남,78세,경상,승용,여,49세,경상
2020091000100209,2020년 9월 10일 12시,목요일,전라남도 구례군 토지면,경상사고,0,0,1,0,차량단독 - 전도전복 - 전도,안전운전불이행,건조,맑음,기타 - 기타,농기계,남,70세,경상,,,,
2020091000100242,2020년 9월 10일 13시,목요일,전라남도 목포시 용당동,경상사고,0,0,2,0,차대차 - 측면충돌,교차로운행방법위반,건조,맑음,교차로 - 교차로안,승용,여,48세,경상,승용,남,43세,기타불명
2020091000100243,2020년 9월 10일 13시,목요일,전라남도 해남군 현산면,경상사고,0,0,1,0,차대차 - 측면충돌,안전운전불이행,건조,맑음,단일로 - 기타,승용,여,56세,상해없음,사륜오토바이(ATV),남,73세,경상
2020091000100265,2020년 9월 10일 14시,목요일,전라남도 완도군 신지면,중상사고,0,1,0,0,차대사람 - 기타,안전운전불이행,건조,맑음,단일로 - 기타,화물,남,81세,상해없음,보행자,여,49세,중상
2020091000100298,2020년 9월 10일 15시,목요일,전라남도 무안군 무안읍,경상사고,0,0,1,0,차대차 - 기타,안전운전불이행,건조,맑음,교차로 - 교차로안,승용,여,70세,상해없음,승합,남,40세,경상
2020091000100335,2020년 9월 10일 16시,목요일,전라남도 광양시 도이동,경상사고,0,0,2,0,차대차 - 측면충돌,직진우회전진행방해,건조,맑음,교차로 - 교차로안,승용,남,46세,경상,화물,남,60세,경상
2020091000100380,2020년 9월 10일 17시,목요일,전라남도 목포시 남교동,경상사고,0,0,2,0,차대차 - 기타,직진우회전진행방해,건조,맑음,교차로 - 교차로안,이륜,남,77세,경상,승용,남,58세,경상
2020091000100381,2020년 9월 10일 17시,목요일,전라남도 순천시 왕지동,경상사고,0,0,1,0,차대사람 - 차도통행중,안전운전불이행,건조,맑음,단일로 - 기타,승용,여,52세,상해없음,보행자,남,48세,경상
2020091000100382,2020년 9월 10일 17시,목요일,전라남도 나주시 이창동,경상사고,0,0,1,0,차대사람 - 기타,안전운전불이행,건조,맑음,단일로 - 기타,화물,여,50세,상해없음,보행자,남,52세,경상
2020091000100383,2020년 9월 10일 17시,목요일,전라남도 영암군 삼호읍,경상사고,0,0,2,0,차대차 - 측면충돌,안전거리미확보,건조,맑음,단일로 - 기타,건설기계,남,62세,상해없음,승용,여,53세,경상
2020091000100438,2020년 9월 10일 18시,목요일,전라남도 목포시 산정동,경상사고,0,0,1,0,차대차 - 측면충돌,안전운전불이행,건조,맑음,교차로 - 교차로부근,승용,남,26세,상해없음,화물,여,54세,경상
2020091000100481,2020년 9월 10일 19시,목요일,전라남도 해남군 해남읍,경상사고,0,0,1,0,차대차 - 기타,직진우회전진행방해,건조,맑음,교차로 - 교차로안,이륜,여,40세,경상,승용,남,49세,상해없음
2020091000100482,2020년 9월 10일 19시,목요일,전라남도 보성군 벌교읍,중상사고,0,1,0,0,차량단독 - 도로외이탈 - 기타,안전운전불이행,건조,맑음,단일로 - 기타,이륜,남,70세,중상,,,,
2020091000100564,2020년 9월 10일 22시,목요일,전라남도 순천시 서면,경상사고,0,0,1,0,차대차 - 측면충돌,신호위반,건조,맑음,교차로 - 교차로안,이륜,남,17세,경상,특수,남,55세,상해없음
2020091100100018,2020년 9월 11일 02시,금요일,전라남도 목포시 산정동,경상사고,0,0,2,0,차대차 - 기타,안전운전불이행,건조,맑음,교차로 - 교차로부근,승용,남,57세,상해없음,승용,남,25세,경상
2020091100100019,2020년 9월 11일 02시,금요일,전라남도 고흥군 봉래면,경상사고,0,0,1,0,차량단독 - 기타,안전운전불이행,건조,맑음,기타 - 기타,승용,남,52세,경상,,,,
2020091100100050,2020년 9월 11일 06시,금요일,전라남도 나주시 남평읍,경상사고,0,0,3,0,차대차 - 측면충돌,안전운전불이행,건조,맑음,단일로 - 기타,승용,여,62세,경상,승용,남,63세,경상