사고번호,사고일시,요일,시군구,사고내용,사망자수,중상자수,경상자수,부상신고자수,사고유형,법규위반,노면상태,기상상태,도로형태,가해운전자 차종,가해운전자 성별,가해운전자 연령,가해운전자 상해정도,피해운전자 차종,피해운전자 성별,피해운전자 연령,피해운전자 상해정도
2020091100100073,2020년 9월 11일 07시,금요일,전라남도 여수시 신기동,경상사고,0,0,1,0,차대차 - 측면충돌,신호위반,젖음/습기,비,교차로 - 교차로안,승용,남,52세,상해없음,승용,남,26세,경상
2020091100100074,2020년 9월 11일 07시,금요일,전라남도 순천시 동외동,경상사고,0,0,1,0,차대차 - 측면충돌,안전운전불이행,젖음/습기,흐림,교차로 - 교차로부근,승용,남,41세,상해없음,승용,여,53세,경상
2020091100100099,2020년 9월 11일 08시,금요일,전라남도 목포시 옥암동,경상사고,0,0,1,0,차대차 - 정면충돌,안전운전불이행,건조,맑음,기타 - 기타,승용,여,41세,기타불명,승용,여,27세,경상
2020091100100100,2020년 9월 11일 08시,금요일,전라남도 보성군 조성면,경상사고,0,0,1,0,차대차 - 측면충돌,직진우회전진행방해,젖음/습기,비,교차로 - 교차로안,승용,여,49세,상해없음,화물,남,54세,경상
2020091100100153,2020년 9월 11일 10시,금요일,전라남도 목포시 대안동,중상사고,0,1,0,0,차대차 - 측면충돌,교차로운행방법위반,건조,맑음,교차로 - 교차로안,화물,남,43세,상해없음,승용,여,30세,중상
2020091100100154,2020년 9월 11일 10시,금요일,전라남도 장흥군 장흥읍,경상사고,0,0,2,0,차대차 - 추돌,기타,건조,맑음,단일로 - 기타,승용,남,66세,상해없음,승용,남,78세,경상
2020091100100155,2020년 9월 11일 10시,금요일,전라남도 장흥군 장흥읍,경상사고,0,0,1,0,차량단독 - 공작물충돌,안전운전불이행,젖음/습기,비,교차로 - 교차로안,화물,남,82세,경상,,,,
2020091100100183,2020년 9월 11일 11시,금요일,전라남도 목포시 용당동,경상사고,0,0,7,0,차대차 - 측면충돌,교차로운행방법위반,젖음/습기,맑음,교차로 - 교차로안,승용,남,57세,경상,승합,남,32세,경상
2020091100100184,2020년 9월 11일 11시,금요일,전라남도 목포시 용해동,경상사고,0,0,1,0,차대차 - 측면충돌,안전운전불이행,건조,맑음,기타 - 기타,화물,남,46세,상해없음,승용,남,53세,경상
2020091100100185,2020년 9월 11일 11시,금요일,전라남도 무안군 삼향읍,경상사고,0,0,2,0,차대차 - 측면충돌,안전운전불이행,건조,맑음,교차로 - 교차로부근,승용,여,61세,상해없음,승용,여,36세,경상
2020091100100207,2020년 9월 11일 12시,금요일,전라남도 고흥군 도양읍,경상사고,0,0,1,0,차대사람 - 차도통행중,안전운전불이행,젖음/습기,비,단일로 - 기타,화물,남,44세,상해없음,보행자,남,75세,경상
2020091100100237,2020년 9월 11일 13시,금요일,전라남도 함평군 함평읍,경상사고,0,0,1,1,차대차 - 측면충돌,직진우회전진행방해,건조,맑음,교차로 - 교차로안,특수,남,25세,부상신고,승용,남,68세,경상
2020091100100238,2020년 9월 11일 13시,금요일,전라남도 강진군 도암면,경상사고,0,0,1,0,차량단독 - 도로외이탈 - 추락,안전운전불이행,젖음/습기,비,단일로 - 기타,승용,여,63세,경상,,,,
2020091100100263,2020년 9월 11일 14시,금요일,전라남도 해남군 해남읍,경상사고,0,0,1,0,차대차 - 측면충돌,중앙선침범,건조,맑음,단일로 - 기타,승용,남,59세,상해없음,승용,남,46세,경상
2020091100100264,2020년 9월 11일 14시,금요일,전라남도 광양시 광양읍,중상사고,0,1,0,0,차대차 - 측면충돌,안전거리미확보,젖음/습기,흐림,교차로 - 교차로부근,화물,여,48세,상해없음,이륜,남,44세,중상
2020091100100325,2020년 9월 11일 16시,금요일,전라남도 목포시 옥암동,중상사고,0,1,1,0,차대차 - 기타,차로위반,젖음/습기,비,단일로 - 기타,승용,여,58세,상해없음,승합,남,47세,경상
2020091100100326,2020년 9월 11일 16시,금요일,전라남도 순천시 서면,경상사고,0,0,2,0,차대차 - 추돌,안전운전불이행,젖음/습기,비,단일로 - 기타,화물,남,59세,상해없음,승용,여,38세,경상
2020091100100327,2020년 9월 11일 16시,금요일,전라남도 화순군 화순읍,경상사고,0,0,3,0,차대차 - 추돌,안전운전불이행,젖음/습기,비,교차로 - 교차로부근,승용,남,58세,상해없음,승용,남,56세,경상
2020091100100373,2020년 9월 11일 17시,금요일,전라남도 목포시 옥암동,경상사고,0,0,1,0,차대차 - 기타,안전운전불이행,젖음/습기,비,교차로 - 교차로부근,이륜,남,24세,상해없음,승용,여,49세,상해없음
2020091100100374,2020년 9월 11일 17시,금요일,전라남도 순천시 조례동,경상사고,0,0,1,0,차대사람 - 횡단중,안전운전불이행,젖음/습기,비,교차로 - 교차로안,승용,여,30세,상해없음,보행자,남,57세,경상
2020091100100375,2020년 9월 11일 17시,금요일,전라남도 영암군 신북면,경상사고,0,0,2,0,차대차 - 추돌,안전운전불이행,젖음/습기,비,단일로 - 기타,승용,여,34세,상해없음,승용,남,27세,경상
2020091100100376,2020년 9월 11일 17시,금요일,전라남도 영암군 신북면,경상사고,0,0,1,0,차대차 - 추돌,안전운전불이행,젖음/습기,비,단일로 - 기타,화물,남,36세,상해없음,승용,여,34세,경상
2020091100100377,2020년 9월 11일 17시,금요일,전라남도 영암군 신북면,경상사고,0,0,1,0,차대차 - 추돌,안전운전불이행,젖음/습기,비,단일로 - 기타,승용,남,41세,상해없음,화물,남,36세,상해없음
2020091100100432,2020년 9월 11일 18시,금요일,전라남도 목포시 옥암동,중상사고,0,1,0,0,차대차 - 측면충돌,교차로운행방법위반,젖음/습기,비,교차로 - 교차로안,승용,여,50세,상해없음,이륜,남,25세,중상
2020091100100433,2020년 9월 11일 18시,금요일,전라남도 화순군 춘양면,경상사고,0,0,2,0,차대차 - 측면충돌,안전운전불이행,젖음/습기,비,단일로 - 기타,승용,남,53세,경상,화물,남,36세,경상
2020091100100489,2020년 9월 11일 19시,금요일,전라남도 목포시 상동,경상사고,0,0,2,0,차대차 - 기타,안전운전불이행,건조,맑음,단일로 - 기타,원동기,남,40세,상해없음,승용,여,23세,경상
2020091100100490,2020년 9월 11일 19시,금요일,전라남도 순천시 덕월동,경상사고,0,0,2,0,차대차 - 기타,신호위반,젖음/습기,비,교차로 - 교차로안,승용,여,29세,상해없음,승용,여,59세,경상
2020091100100491,2020년 9월 11일 19시,금요일,전라남도 나주시 삼도동,경상사고,0,0,3,0,차대차 - 측면충돌,신호위반,젖음/습기,비,교차로 - 교차로안,화물,남,24세,상해없음,화물,남,42세,경상
2020091100100557,2020년 9월 11일 20시,금요일,전라남도 여수시 돌산읍,중상사고,0,1,1,0,차대차 - 정면충돌,안전운전불이행,젖음/습기,비,교차로 - 교차로안,승용,남,38세,경상,승용,남,67세,중상
2020091100100649,2020년 9월 11일 22시,금요일,전라남도 여수시 돌산읍,경상사고,0,0,1,0,차대차 - 측면충돌,안전운전불이행,건조,맑음,단일로 - 기타,승용,남,25세,상해없음,승용,여,25세,상해없음
2020091200100009,2020년 9월 12일 00시,토요일,전라남도 목포시 옥암동,중상사고,0,1,0,0,차대사람 - 횡단중,안전운전불이행,젖음/습기,비,단일로 - 기타,승용,남,44세,상해없음,보행자,여,38세,중상
2020091200100010,2020년 9월 12일 00시,토요일,전라남도 순천시 풍덕동,경상사고,0,0,1,0,차대차 - 기타,안전운전불이행,건조,맑음,주차장 - 주차장,승용,여,60세,상해없음,승용,여,30세,경상
2020091200100011,2020년 9월 12일 00시,토요일,전라남도 화순군 화순읍,중상사고,0,1,0,0,차대사람 - 기타,안전운전불이행,젖음/습기,비,단일로 - 기타,이륜,남,28세,상해없음,보행자,남,22세,중상
2020091200100035,2020년 9월 12일 01시,토요일,전라남도 여수시 중앙동,경상사고,0,0,1,0,차대사람 - 차도통행중,안전운전불이행,젖음/습기,흐림,단일로 - 기타,승용,여,52세,상해없음,보행자,남,46세,경상
2020091200100059,2020년 9월 12일 03시,토요일,전라남도 순천시 남정동,경상사고,0,0,1,0,차대차 - 추돌,교차로운행방법위반,젖음/습기,비,교차로 - 교차로안,승용,남,45세,상해없음,승용,남,68세,경상
2020091200100092,2020년 9월 12일 06시,토요일,전라남도 목포시 달동,경상사고,0,0,2,0,차대차 - 추돌,안전운전불이행,건조,맑음,교차로 - 교차로안,화물,남,58세,상해없음,승용,남,55세,경상
2020091200100116,2020년 9월 12일 08시,토요일,전라남도 목포시 상동,경상사고,0,0,3,0,차대차 - 측면충돌,교차로운행방법위반,건조,맑음,교차로 - 교차로안,승용,여,65세,경상,승용,남,47세,경상
2020091200100117,2020년 9월 12일 08시,토요일,전라남도 목포시 옥암동,경상사고,0,0,2,0,차대차 - 후진중충돌,안전운전불이행,건조,맑음,교차로 - 교차로부근,승용,남,59세,상해없음,승용,남,61세,경상
2020091200100136,2020년 9월 12일 09시,토요일,전라남도 순천시 남정동,중상사고,0,1,4,0,차대차 - 추돌,안전운전불이행,건조,맑음,단일로 - 기타,화물,남,46세,중상,승합,여,61세,경상
2020091200100166,2020년 9월 12일 10시,토요일,전라남도 해남군 해남읍,중상사고,0,1,0,0,차대차 - 측면충돌,직진우회전진행방해,건조,맑음,교차로 - 교차로안,승용,여,46세,기타불명,승용,남,71세,중상
2020091200100201,2020년 9월 12일 11시,토요일,전라남도 순천시 석현동,중상사고,0,1,0,0,차대차 - 기타,안전운전불이행,건조,맑음,기타 - 기타,기타불명,기타불명,미분류,기타불명,자전거,남,49세,중상
2020091200100202,2020년 9월 12일 11시,토요일,전라남도 담양군 담양읍,경상사고,0,0,1,0,차대차 - 기타,안전운전불이행,건조,맑음,단일로 - 기타,이륜,남,49세,경상,승용,남,46세,상해없음
2020091200100203,2020년 9월 12일 11시,토요일,전라남도 구례군 구례읍,경상사고,0,0,1,0,차대사람 - 차도통행중,안전운전불이행,건조,맑음,단일로 - 기타,승용,여,49세,상해없음,보행자,여,77세,경상
2020091200100238,2020년 9월 12일 12시,토요일,전라남도 목포시 옥암동,경상사고,0,0,1,0,차대사람 - 길가장자리구역통행중,안전운전불이행,건조,맑음,단일로 - 기타,승용,남,65세,상해없음,보행자,여,57세,경상
2020091200100239,2020년 9월 12일 12시,토요일,전라남도 영암군 삼호읍,경상사고,0,0,1,0,차량단독 - 전도전복 - 전도,안전운전불이행,건조,맑음,교차로 - 교차로부근,이륜,남,32세,경상,,,,
2020091200100240,2020년 9월 12일 12시,토요일,전라남도 담양군 봉산면,중상사고,0,1,2,0,차대차 - 기타,안전운전불이행,건조,맑음,교차로 - 교차로부근,이륜,남,39세,중상,승용,여,35세,경상
2020091200100241,2020년 9월 12일 12시,토요일,전라남도 구례군 토지면,중상사고,0,1,1,0,차대차 - 측면충돌,중앙선침범,건조,맑음,단일로 - 기타,화물,남,53세,상해없음,화물,남,48세,중상
2020091200100281,2020년 9월 12일 13시,토요일,전라남도 여수시 신기동,경상사고,0,0,2,0,차대차 - 측면충돌,안전운전불이행,건조,맑음,단일로 - 기타,승용,남,64세,경상,화물,여,53세,경상
2020091200100362,2020년 9월 12일 15시,토요일,전라남도 목포시 용해동,경상사고,0,0,1,0,차대차 - 기타,안전운전불이행,건조,맑음,단일로 - 기타,승용,남,55세,상해없음,이륜,남,19세,경상
2020091200100363,2020년 9월 12일 15시,토요일,전라남도 목포시 상동,경상사고,0,0,1,0,차대사람 - 기타,안전운전불이행,건조,맑음,단일로 - 기타,자전거,여,11세,상해없음,보행자,남,22세,경상
2020091200100364,2020년 9월 12일 15시,토요일,전라남도 영암군 학산면,부상신고사고,0,0,0,1,차대사람 - 기타,안전운전불이행,건조,맑음,교차로 - 교차로부근,기타불명,기타불명,미분류,기타불명,보행자,남,31세,부상신고
2020091200100365,2020년 9월 12일 15시,토요일,전라남도 곡성군 겸면,경상사고,0,0,1,0,차대차 - 추돌,안전운전불이행,건조,맑음,단일로 - 기타,승용,여,75세,상해없음,특수,남,51세,경상
2020091200100437,2020년 9월 12일 17시,토요일,전라남도 장흥군 용산면,경상사고,0,0,2,0,차대차 - 측면충돌,안전운전불이행,건조,맑음,단일로 - 기타,화물,남,71세,상해없음,승용,남,57세,경상
2020091200100503,2020년 9월 12일 19시,토요일,전라남도 여수시 선원동,경상사고,0,0,2,0,차대차 - 기타,신호위반,건조,맑음,교차로 - 교차로안,원동기,남,24세,기타불명,승용,여,41세,경상
2020091200100504,2020년 9월 12일 19시,토요일,전라남도 장성군 장성읍,사망사고,1,1,4,0,차대차 - 기타,안전운전불이행,건조,맑음,기타 - 기타,승용,남,72세,상해없음,승용,남,40세,경상
2020091200100536,2020년 9월 12일 20시,토요일,전라남도 여수시 학동,경상사고,0,0,1,0,차대차 - 측면충돌,교차로운행방법위반,건조,맑음,교차로 - 교차로안,승용,여,61세,상해없음,승용,남,28세,경상
2020091200100537,2020년 9월 12일 20시,토요일,전라남도 여수시 웅천동,경상사고,0,0,3,0,차대사람 - 횡단중,안전운전불이행,건조,맑음,교차로 - 교차로안,승용,남,49세,상해없음,보행자,남,13세,경상
2020091200100538,2020년 9월 12일 20시,토요일,전라남도 진도군 진도읍,경상사고,0,0,1,0,차대차 - 기타,안전운전불이행,건조,맑음,단일로 - 기타,화물,남,64세,상해없음,승용,여,38세,경상
2020091200100566,2020년 9월 12일 21시,토요일,전라남도 여수시 봉산동,중상사고,0,1,0,0,차대차 - 측면충돌,차로위반,건조,맑음,단일로 - 기타,승용,남,51세,상해없음,원동기,남,42세,중상
2020091200100567,2020년 9월 12일 21시,토요일,전라남도 무안군 삼향읍,경상사고,0,0,2,0,차대사람 - 횡단중,신호위반,건조,기타,교차로 - 교차로횡단보도내,승용,여,29세,상해없음,보행자,여,17세,경상
2020091200100582,2020년 9월 12일 22시,토요일,전라남도 신안군 압해읍,중상사고,0,1,0,0,차대차 - 기타,직진우회전진행방해,건조,맑음,교차로 - 교차로안,자전거,남,63세,중상,승용,여,47세,상해없음
2020091200100583,2020년 9월 12일 22시,토요일,전라남도 무안군 청계면,경상사고,0,0,1,0,차대차 - 추돌,안전운전불이행,건조,맑음,교차로 - 교차로부근,화물,남,53세,상해없음,승용,남,72세,경상
2020091200100584,2020년 9월 12일 22시,토요일,전라남도 광양시 중동,경상사고,0,0,1,0,차대차 - 측면충돌,신호위반,건조,맑음,교차로 - 교차로안,승합,여,53세,상해없음,승용,남,50세,경상
2020091200100602,2020년 9월 12일 23시,토요일,전라남도 목포시 상동,경상사고,0,0,2,0,차대차 - 추돌,안전운전불이행,건조,맑음,단일로 - 기타,화물,남,61세,상해없음,승용,남,29세,경상
2020091200100603,2020년 9월 12일 23시,토요일,전라남도 순천시 조례동,경상사고,0,0,2,0,차대차 - 추돌,안전운전불이행,건조,맑음,교차로 - 교차로부근,승용,남,38세,상해없음,승용,남,33세,경상
2020091300100015,2020년 9월 13일 01시,일요일,전라남도 영광군 영광읍,경상사고,0,0,4,0,차대차 - 후진중충돌,안전운전불이행,건조,맑음,단일로 - 기타,승용,남,41세,상해없음,승용,남,18세,경상
2020091300100030,2020년 9월 13일 03시,일요일,전라남도 순천시 연향동,경상사고,0,0,2,0,차대차 - 추돌,안전운전불이행,건조,맑음,단일로 - 기타,승용,남,29세,상해없음,승용,여,29세,경상
2020091300100052,2020년 9월 13일 06시,일요일,전라남도 영광군 영광읍,경상사고,0,0,1,1,차대차 - 측면충돌,직진우회전진행방해,건조,맑음,교차로 - 교차로안,화물,남,65세,부상신고,화물,남,70세,경상
2020091300100057,2020년 9월 13일 07시,일요일,전라남도 고흥군 점암면,중상사고,0,3,0,0,차대차 - 정면충돌,안전운전불이행,건조,맑음,단일로 - 기타,화물,남,68세,중상,화물,남,69세,중상
2020091300100058,2020년 9월 13일 07시,일요일,전라남도 강진군 강진읍,경상사고,0,0,1,0,차대차 - 정면충돌,중앙선침범,젖음/습기,흐림,단일로 - 기타,화물,남,69세,상해없음,승용,남,43세,경상
2020091300100059,2020년 9월 13일 07시,일요일,전라남도 구례군 구례읍,경상사고,0,0,1,0,차대사람 - 기타,안전운전불이행,건조,맑음,단일로 - 기타,승용,남,49세,상해없음,보행자,여,63세,경상
2020091300100060,2020년 9월 13일 07시,일요일,전라남도 보성군 벌교읍,중상사고,0,1,1,0,차대차 - 추돌,안전운전불이행,젖음/습기,흐림,기타 - 기타,승용,남,21세,상해없음,화물,남,56세,경상
2020091300100070,2020년 9월 13일 08시,일요일,전라남도 해남군 해남읍,중상사고,0,1,1,0,차량단독 - 공작물충돌,안전운전불이행,건조,맑음,단일로 - 기타,승용,남,17세,기타불명,,,,
2020091300100085,2020년 9월 13일 09시,일요일,전라남도 장성군 장성읍,중상사고,0,2,0,0,차대차 - 기타,안전운전불이행,젖음/습기,흐림,교차로 - 교차로안,화물,남,79세,상해없음,승용,남,39세,중상
2020091300100169,2020년 9월 13일 12시,일요일,전라남도 목포시 산정동,중상사고,0,1,1,0,차대차 - 기타,안전운전불이행,건조,맑음,단일로 - 기타,이륜,남,47세,중상,승용,남,38세,경상
2020091300100170,2020년 9월 13일 12시,일요일,전라남도 보성군 보성읍,중상사고,0,1,1,0,차량단독 - 공작물충돌,안전운전불이행,젖음/습기,맑음,교차로 - 교차로부근,화물,남,77세,경상,,,,
2020091300100206,2020년 9월 13일 13시,일요일,전라남도 보성군 벌교읍,경상사고,0,0,1,0,차대차 - 측면충돌,신호위반,건조,맑음,교차로 - 교차로안,승용,여,45세,상해없음,승용,여,29세,경상
2020091300100242,2020년 9월 13일 14시,일요일,전라남도 순천시 별량면,경상사고,0,0,1,0,차대차 - 추돌,안전거리미확보,건조,맑음,단일로 - 기타,화물,남,58세,상해없음,승용,남,24세,경상
2020091300100243,2020년 9월 13일 14시,일요일,전라남도 나주시 중앙동,중상사고,0,1,0,0,차대차 - 측면충돌,안전운전불이행,건조,맑음,교차로 - 교차로부근,승용,남,29세,상해없음,자전거,남,71세,중상
2020091300100244,2020년 9월 13일 14시,일요일,전라남도 영암군 신북면,중상사고,0,1,7,0,차대차 - 추돌,안전운전불이행,건조,맑음,단일로 - 기타,승용,남,48세,상해없음,승용,남,49세,경상
2020091300100245,2020년 9월 13일 14시,일요일,전라남도 무안군 현경면,중상사고,0,1,0,0,차대사람 - 기타,안전운전불이행,건조,맑음,단일로 - 기타,승용,남,46세,상해없음,보행자,남,53세,중상
2020091300100274,2020년 9월 13일 15시,일요일,전라남도 순천시 인제동,부상신고사고,0,0,0,1,차대차 - 기타,안전운전불이행,건조,맑음,단일로 - 기타,기타불명,기타불명,미분류,기타불명,원동기,남,19세,부상신고
2020091300100275,2020년 9월 13일 15시,일요일,전라남도 해남군 산이면,경상사고,0,0,3,0,차대차 - 기타,안전거리미확보,젖음/습기,비,교차로 - 교차로부근,건설기계,남,56세,상해없음,승용,남,41세,경상
2020091300100276,2020년 9월 13일 15시,일요일,전라남도 담양군 담양읍,경상사고,0,0,1,0,차대차 - 추돌,안전운전불이행,건조,맑음,단일로 - 기타,승용,남,50세,상해없음,승용,여,60세,경상
2020091300100277,2020년 9월 13일 15시,일요일,전라남도 구례군 구례읍,경상사고,0,0,1,0,차대차 - 추돌,안전운전불이행,건조,맑음,교차로 - 교차로안,승용,남,34세,상해없음,승용,남,46세,경상
2020091300100314,2020년 9월 13일 16시,일요일,전라남도 광양시 광양읍,중상사고,0,1,0,0,차대차 - 후진중충돌,안전운전불이행,건조,흐림,단일로 - 기타,승용,남,43세,상해없음,이륜,남,49세,중상
2020091300100390,2020년 9월 13일 18시,일요일,전라남도 목포시 용당동,경상사고,0,0,1,0,차대차 - 측면충돌,안전운전불이행,건조,맑음,교차로 - 교차로안,승용,남,59세,상해없음,이륜,남,65세,경상
2020091300100485,2020년 9월 13일 23시,일요일,전라남도 목포시 상동,사망사고,3,4,0,0,차대차 - 정면충돌,중앙선침범,젖음/습기,비,단일로 - 기타,승용,남,17세,중상,승용,남,39세,중상
2020091400100004,2020년 9월 14일 00시,월요일,전라남도 여수시 학동,경상사고,0,0,1,0,차대사람 - 횡단중,안전운전불이행,건조,맑음,교차로 - 교차로횡단보도내,승용,여,52세,상해없음,보행자,남,36세,경상
2020091400100049,2020년 9월 14일 06시,월요일,전라남도 여수시 교동,경상사고,0,0,1,0,차대차 - 측면충돌,중앙선침범,건조,맑음,단일로 - 기타,화물,남,71세,기타불명,승용,남,42세,경상
2020091400100079,2020년 9월 14일 07시,월요일,전라남도 해남군 산이면,중상사고,0,1,0,0,차대차 - 측면충돌,차로위반,건조,맑음,단일로 - 기타,화물,남,47세,기타불명,승용,남,45세,중상
2020091400100118,2020년 9월 14일 08시,월요일,전라남도 목포시 용당동,경상사고,0,0,1,0,차대사람 - 횡단중,보행자보호의무위반,건조,맑음,교차로 - 교차로부근,승용,여,26세,상해없음,보행자,남,7세,경상
2020091400100119,2020년 9월 14일 08시,월요일,전라남도 여수시 여서동,중상사고,0,1,0,0,차대차 - 측면충돌,교차로운행방법위반,건조,맑음,교차로 - 교차로부근,승용,남,25세,상해없음,이륜,남,72세,중상
2020091400100120,2020년 9월 14일 08시,월요일,전라남도 화순군 춘양면,중상사고,0,1,0,0,차량단독 - 기타,안전운전불이행,건조,맑음,단일로 - 기타,승용,남,46세,중상,,,,
2020091400100121,2020년 9월 14일 08시,월요일,전라남도 완도군 고금면,경상사고,0,0,1,0,차대차 - 정면충돌,안전운전불이행,건조,맑음,단일로 - 기타,승용,여,61세,상해없음,승용,여,46세,경상
2020091400100155,2020년 9월 14일 09시,월요일,전라남도 여수시 광무동,경상사고,0,0,1,0,차대차 - 추돌,안전거리미확보,건조,맑음,교차로 - 교차로부근,승용,남,24세,상해없음,승용,남,38세,경상
2020091400100156,2020년 9월 14일 09시,월요일,전라남도 해남군 해남읍,중상사고,0,1,1,0,차대차 - 측면충돌,교차로운행방법위반,건조,맑음,교차로 - 교차로안,화물,남,43세,경상,승용,남,66세,중상
2020091400100157,2020년 9월 14일 09시,월요일,전라남도 진도군 진도읍,중상사고,0,1,0,0,차대차 - 추돌,안전운전불이행,건조,맑음,기타 - 기타,승용,여,46세,상해없음,농기계,남,71세,중상
2020091400100193,2020년 9월 14일 10시,월요일,전라남도 여수시 오림동,중상사고,0,1,0,1,차대차 - 기타,안전운전불이행,건조,맑음,단일로 - 기타,자전거,남,63세,부상신고,자전거,여,20세,중상
2020091400100195,2020년 9월 14일 10시,월요일,전라남도 장흥군 장흥읍,경상사고,0,0,1,0,차대차 - 추돌,안전운전불이행,건조,맑음,단일로 - 기타,승용,남,55세,상해없음,승용,여,56세,경상
2020091400100230,2020년 9월 14일 11시,월요일,전라남도 순천시 조례동,경상사고,0,0,1,0,차대차 - 측면충돌,교차로운행방법위반,건조,맑음,교차로 - 교차로부근,화물,남,57세,상해없음,승용,남,32세,경상
2020091400100231,2020년 9월 14일 11시,월요일,전라남도 담양군 담양읍,경상사고,0,0,2,0,차대차 - 측면충돌,안전운전불이행,건조,맑음,교차로 - 교차로안,화물,남,79세,경상,건설기계,남,59세,경상
2020091400100258,2020년 9월 14일 12시,월요일,전라남도 순천시 덕암동,경상사고,0,0,1,0,차대차 - 추돌,안전거리미확보,건조,맑음,교차로 - 교차로부근,화물,남,28세,상해없음,승용,남,45세,경상
2020091400100259,2020년 9월 14일 12시,월요일,전라남도 고흥군 영남면,경상사고,0,0,1,0,차대차 - 추돌,안전운전불이행,건조,맑음,교차로 - 교차로안,화물,여,50세,상해없음,승용,남,60세,경상
2020091400100330,2020년 9월 14일 14시,월요일,전라남도 영암군 미암면,중상사고,0,1,0,0,차대차 - 측면충돌,안전운전불이행,건조,맑음,교차로 - 교차로안,이륜,남,61세,중상,승용,남,64세,상해없음
2020091400100359,2020년 9월 14일 15시,월요일,전라남도 목포시 산정동,경상사고,0,0,1,0,차대차 - 측면충돌,교차로운행방법위반,건조,맑음,교차로 - 교차로안,승용,여,69세,기타불명,승용,남,39세,경상
2020091400100360,2020년 9월 14일 15시,월요일,전라남도 여수시 만흥동,경상사고,0,0,1,0,차대차 - 후진중충돌,안전운전불이행,건조,맑음,기타 - 기타,승용,남,25세,상해없음,승용,남,66세,경상
2020091400100361,2020년 9월 14일 15시,월요일,전라남도 장흥군 안양면,경상사고,0,0,1,0,차량단독 - 도로외이탈 - 추락,안전운전불이행,건조,맑음,단일로 - 기타,개인형이동수단(PM),여,75세,경상,,,,
2020091400100405,2020년 9월 14일 16시,월요일,전라남도 목포시 죽교동,경상사고,0,0,1,0,차대차 - 기타,안전운전불이행,건조,맑음,단일로 - 기타,승용,여,64세,기타불명,승용,남,42세,경상
2020091400100406,2020년 9월 14일 16시,월요일,전라남도 신안군 자은면,경상사고,0,0,3,0,차대차 - 기타,안전운전불이행,건조,맑음,교차로 - 교차로안,사륜오토바이(ATV),남,85세,경상,승용,여,48세,경상
2020091400100448,2020년 9월 14일 17시,월요일,전라남도 목포시 용해동,중상사고,0,1,0,0,차대차 - 측면충돌,교차로운행방법위반,건조,맑음,교차로 - 교차로안,승합,여,49세,상해없음,자전거,남,8세,중상
2020091400100449,2020년 9월 14일 17시,월요일,전라남도 목포시 옥암동,경상사고,0,0,1,0,차대사람 - 기타,안전운전불이행,건조,맑음,단일로 - 기타,승용,여,40세,기타불명,보행자,남,36세,경상
2020091400100450,2020년 9월 14일 17시,월요일,전라남도 목포시 석현동,경상사고,0,0,1,0,차대차 - 측면충돌,안전운전불이행,건조,맑음,교차로 - 교차로부근,승용,여,32세,기타불명,승용,남,27세,경상
2020091400100451,2020년 9월 14일 17시,월요일,전라남도 영광군 영광읍,경상사고,0,0,1,0,차대사람 - 횡단중,보행자보호의무위반,건조,흐림,교차로 - 교차로횡단보도내,화물,남,54세,상해없음,보행자,남,7세,경상
2020091400100493,2020년 9월 14일 18시,월요일,전라남도 순천시 동외동,경상사고,0,0,1,0,차대차 - 추돌,안전거리미확보,건조,맑음,단일로 - 기타,승용,남,47세,상해없음,승용,남,25세,경상
2020091400100530,2020년 9월 14일 19시,월요일,전라남도 여수시 동산동,중상사고,0,1,0,0,차대사람 - 차도통행중,안전운전불이행,건조,맑음,단일로 - 기타,승용,남,28세,상해없음,보행자,남,77세,중상
2020091400100568,2020년 9월 14일 20시,월요일,전라남도 목포시 옥암동,경상사고,0,0,2,0,차대차 - 측면충돌,안전운전불이행,건조,맑음,교차로 - 교차로부근,승용,여,51세,경상,화물,남,46세,경상
2020091500100053,2020년 9월 15일 06시,화요일,전라남도 여수시 화장동,중상사고,0,1,0,0,차대차 - 기타,안전운전불이행,건조,맑음,교차로 - 교차로부근,자전거,남,70세,중상,승합,남,77세,상해없음
2020091500100069,2020년 9월 15일 07시,화요일,전라남도 나주시 평산동,경상사고,0,0,3,0,차대차 - 추돌,안전거리미확보,건조,기타,단일로 - 기타,승용,남,49세,상해없음,승용,남,29세,경상
2020091500100097,2020년 9월 15일 08시,화요일,전라남도 여수시 웅천동,경상사고,0,0,1,0,차대차 - 추돌,안전운전불이행,건조,맑음,단일로 - 기타,승용,남,47세,경상,화물,남,65세,기타불명
2020091500100098,2020년 9월 15일 08시,화요일,전라남도 광양시 중동,경상사고,0,0,1,0,차대차 - 측면충돌,교차로운행방법위반,건조,맑음,교차로 - 교차로안,승용,남,28세,상해없음,승용,여,41세,경상
2020091500100132,2020년 9월 15일 09시,화요일,전라남도 목포시 용당동,경상사고,0,0,2,0,차대차 - 측면충돌,직진우회전진행방해,건조,맑음,교차로 - 교차로안,화물,남,41세,경상,화물,남,72세,경상
2020091500100133,2020년 9월 15일 09시,화요일,전라남도 목포시 상동,경상사고,0,0,1,0,차대차 - 기타,안전운전불이행,건조,맑음,교차로 - 교차로부근,승용,남,27세,상해없음,승용,남,36세,경상