사고번호,사고일시,요일,시군구,사고내용,사망자수,중상자수,경상자수,부상신고자수,사고유형,법규위반,노면상태,기상상태,도로형태,가해운전자 차종,가해운전자 성별,가해운전자 연령,가해운전자 상해정도,피해운전자 차종,피해운전자 성별,피해운전자 연령,피해운전자 상해정도
2020091500100151,2020년 9월 15일 10시,화요일,전라남도 영암군 덕진면,경상사고,0,0,4,0,차대차 - 측면충돌,안전운전불이행,건조,맑음,교차로 - 교차로안,화물,남,56세,상해없음,승용,남,60세,경상
2020091500100185,2020년 9월 15일 11시,화요일,전라남도 광양시 광양읍,부상신고사고,0,0,0,1,차대차 - 측면충돌,차로위반,건조,맑음,교차로 - 교차로안,화물,남,61세,부상신고,승합,남,43세,상해없음
2020091500100228,2020년 9월 15일 12시,화요일,전라남도 나주시 이창동,경상사고,0,0,1,0,차대사람 - 기타,안전운전불이행,건조,맑음,교차로 - 교차로안,화물,남,51세,상해없음,보행자,남,76세,경상
2020091500100258,2020년 9월 15일 13시,화요일,전라남도 목포시 옥암동,중상사고,0,1,1,0,차대차 - 측면충돌,안전운전불이행,건조,맑음,단일로 - 기타,건설기계,남,36세,기타불명,승용,여,47세,중상
2020091500100259,2020년 9월 15일 13시,화요일,전라남도 순천시 덕암동,경상사고,0,0,1,0,차대차 - 측면충돌,안전운전불이행,건조,맑음,교차로 - 교차로안,화물,남,53세,상해없음,이륜,남,51세,경상
2020091500100260,2020년 9월 15일 13시,화요일,전라남도 순천시 연향동,경상사고,0,0,1,0,차대차 - 측면충돌,교차로운행방법위반,건조,맑음,교차로 - 교차로안,이륜,남,30세,경상,승용,남,57세,상해없음
2020091500100261,2020년 9월 15일 13시,화요일,전라남도 무안군 해제면,경상사고,0,0,4,0,차대차 - 추돌,안전운전불이행,건조,맑음,단일로 - 기타,승용,여,29세,경상,승합,남,29세,상해없음
2020091500100336,2020년 9월 15일 15시,화요일,전라남도 보성군 득량면,중상사고,0,1,0,0,차량단독 - 전도전복 - 전도,안전운전불이행,건조,맑음,단일로 - 기타,이륜,남,65세,중상,,,,
2020091500100376,2020년 9월 15일 16시,화요일,전라남도 목포시 용해동,경상사고,0,0,2,0,차대차 - 측면충돌,신호위반,건조,맑음,교차로 - 교차로안,승용,여,57세,상해없음,승용,남,26세,경상
2020091500100377,2020년 9월 15일 16시,화요일,전라남도 담양군 담양읍,경상사고,0,0,2,0,차대차 - 기타,신호위반,건조,맑음,교차로 - 교차로안,이륜,남,72세,경상,승용,여,59세,경상
2020091500100412,2020년 9월 15일 17시,화요일,전라남도 목포시 산정동,중상사고,0,1,0,0,차대사람 - 기타,안전운전불이행,건조,맑음,단일로 - 기타,승용,여,27세,상해없음,보행자,여,73세,중상
2020091500100413,2020년 9월 15일 17시,화요일,전라남도 목포시 용해동,경상사고,0,0,1,0,차대차 - 기타,안전운전불이행,건조,맑음,단일로 - 기타,승용,여,63세,상해없음,승용,남,45세,경상
2020091500100414,2020년 9월 15일 17시,화요일,전라남도 여수시 문수동,경상사고,0,0,1,0,차대사람 - 횡단중,안전운전불이행,건조,맑음,단일로 - 기타,승합,남,61세,상해없음,보행자,여,13세,경상
2020091500100415,2020년 9월 15일 17시,화요일,전라남도 나주시 문평면,경상사고,0,0,1,0,차대차 - 기타,중앙선침범,건조,맑음,교차로 - 교차로부근,농기계,남,62세,상해없음,승용,남,60세,경상
2020091500100416,2020년 9월 15일 17시,화요일,전라남도 함평군 월야면,경상사고,0,0,1,2,차대차 - 추돌,안전운전불이행,젖음/습기,비,교차로 - 교차로부근,승합,여,32세,상해없음,승용,여,55세,경상
2020091500100417,2020년 9월 15일 17시,화요일,전라남도 장성군 남면,경상사고,0,0,1,0,차대차 - 측면충돌,안전운전불이행,건조,맑음,기타 - 기타,승용,남,71세,상해없음,승용,여,52세,경상
2020091500100418,2020년 9월 15일 17시,화요일,전라남도 광양시 중동,경상사고,0,0,1,0,차대차 - 측면충돌,교차로운행방법위반,건조,맑음,교차로 - 교차로부근,승용,남,34세,상해없음,화물,남,70세,경상
2020091500100453,2020년 9월 15일 18시,화요일,전라남도 무안군 삼향읍,경상사고,0,0,1,0,차대차 - 측면충돌,신호위반,건조,맑음,교차로 - 교차로안,특수,남,40세,상해없음,이륜,여,45세,경상
2020091500100490,2020년 9월 15일 19시,화요일,전라남도 여수시 충무동,경상사고,0,0,1,0,차대사람 - 횡단중,보행자보호의무위반,건조,맑음,교차로 - 교차로횡단보도내,승용,남,54세,상해없음,보행자,남,74세,경상
2020091500100491,2020년 9월 15일 19시,화요일,전라남도 순천시 연향동,경상사고,0,0,1,0,차대사람 - 기타,안전운전불이행,건조,기타,단일로 - 기타,승용,여,49세,상해없음,보행자,남,47세,경상
2020091500100562,2020년 9월 15일 22시,화요일,전라남도 목포시 옥암동,경상사고,0,0,3,0,차대차 - 측면충돌,신호위반,건조,맑음,교차로 - 교차로안,승용,여,49세,경상,승용,남,26세,경상
2020091600100022,2020년 9월 16일 02시,수요일,전라남도 광양시 중동,중상사고,0,1,0,0,차대사람 - 횡단중,안전운전불이행,건조,맑음,기타 - 기타,승용,남,60세,상해없음,보행자,남,43세,중상
2020091600100031,2020년 9월 16일 04시,수요일,전라남도 광양시 태인동,중상사고,0,1,0,0,차대차 - 측면충돌,안전운전불이행,젖음/습기,비,단일로 - 기타,건설기계,남,51세,상해없음,승용,남,49세,중상
2020091600100091,2020년 9월 16일 08시,수요일,전라남도 여수시 주삼동,경상사고,0,0,5,0,차대차 - 기타,신호위반,건조,맑음,교차로 - 교차로안,승용,남,64세,상해없음,화물,남,27세,경상
2020091600100092,2020년 9월 16일 08시,수요일,전라남도 여수시 둔덕동,경상사고,0,0,1,0,차대차 - 측면충돌,안전운전불이행,젖음/습기,비,교차로 - 교차로안,승용,남,29세,기타불명,승용,남,21세,경상
2020091600100093,2020년 9월 16일 08시,수요일,전라남도 순천시 서면,부상신고사고,0,0,0,1,차량단독 - 기타,안전운전불이행,건조,맑음,단일로 - 기타,승용,여,26세,부상신고,,,,
2020091600100094,2020년 9월 16일 08시,수요일,전라남도 고흥군 도덕면,경상사고,0,0,1,0,차대차 - 기타,안전운전불이행,젖음/습기,비,교차로 - 교차로부근,이륜,남,77세,경상,승합,남,45세,기타불명
2020091600100095,2020년 9월 16일 08시,수요일,전라남도 화순군 이양면,경상사고,0,0,3,0,차대차 - 기타,기타,건조,맑음,단일로 - 기타,화물,남,54세,상해없음,승용,남,32세,경상
2020091600100131,2020년 9월 16일 09시,수요일,전라남도 목포시 석현동,경상사고,0,0,1,0,차대차 - 기타,안전운전불이행,건조,맑음,교차로 - 교차로안,승용,남,42세,경상,승용,남,38세,기타불명
2020091600100132,2020년 9월 16일 09시,수요일,전라남도 고흥군 도덕면,중상사고,0,1,0,0,차대차 - 측면충돌,교차로운행방법위반,젖음/습기,비,교차로 - 교차로안,이륜,남,78세,중상,화물,남,58세,상해없음
2020091600100133,2020년 9월 16일 09시,수요일,전라남도 영광군 영광읍,경상사고,0,0,3,0,차대차 - 정면충돌,안전운전불이행,건조,흐림,교차로 - 교차로안,승용,여,62세,경상,승용,남,60세,경상
2020091600100134,2020년 9월 16일 09시,수요일,전라남도 화순군 화순읍,경상사고,0,0,2,0,차대차 - 측면충돌,안전운전불이행,건조,맑음,단일로 - 기타,승용,남,67세,상해없음,승용,여,45세,경상
2020091600100135,2020년 9월 16일 09시,수요일,전라남도 함평군 월야면,경상사고,0,0,2,0,차대차 - 측면충돌,교차로운행방법위반,건조,맑음,교차로 - 교차로안,화물,남,46세,경상,승용,남,60세,경상
2020091600100168,2020년 9월 16일 10시,수요일,전라남도 나주시 다도면,경상사고,0,0,2,0,차대차 - 측면충돌,안전운전불이행,건조,맑음,단일로 - 기타,화물,남,49세,경상,화물,남,54세,경상
2020091600100197,2020년 9월 16일 11시,수요일,전라남도 여수시 학동,경상사고,0,0,1,1,차대차 - 측면충돌,안전운전불이행,건조,맑음,단일로 - 기타,화물,남,73세,상해없음,승용,여,33세,상해없음
2020091600100198,2020년 9월 16일 11시,수요일,전라남도 고흥군 포두면,경상사고,0,0,1,0,차대차 - 측면충돌,안전운전불이행,젖음/습기,비,단일로 - 기타,화물,남,62세,상해없음,이륜,남,72세,경상
2020091600100228,2020년 9월 16일 12시,수요일,전라남도 목포시 용당동,부상신고사고,0,0,0,1,차대차 - 기타,안전운전불이행,건조,맑음,단일로 - 기타,승용,남,71세,상해없음,이륜,남,72세,부상신고
2020091600100229,2020년 9월 16일 12시,수요일,전라남도 여수시 평여동,경상사고,0,0,1,0,차대차 - 측면충돌,중앙선침범,젖음/습기,비,교차로 - 교차로부근,화물,남,43세,상해없음,화물,남,43세,경상
2020091600100230,2020년 9월 16일 12시,수요일,전라남도 해남군 해남읍,경상사고,0,0,1,0,차대차 - 측면충돌,안전운전불이행,건조,맑음,단일로 - 기타,승용,남,51세,기타불명,자전거,남,60세,경상
2020091600100252,2020년 9월 16일 13시,수요일,전라남도 무안군 삼향읍,경상사고,0,0,1,0,차대차 - 기타,안전운전불이행,건조,맑음,교차로 - 교차로안,승용,여,55세,상해없음,이륜,남,37세,경상
2020091600100277,2020년 9월 16일 14시,수요일,전라남도 완도군 노화읍,사망사고,1,0,0,0,차대사람 - 기타,안전운전불이행,젖음/습기,비,단일로 - 기타,화물,남,71세,상해없음,보행자,남,82세,사망
2020091600100304,2020년 9월 16일 15시,수요일,전라남도 목포시 용해동,경상사고,0,0,3,0,차대차 - 측면충돌,차로위반,건조,맑음,단일로 - 기타,화물,남,63세,경상,승용,여,38세,경상
2020091600100305,2020년 9월 16일 15시,수요일,전라남도 나주시 금천면,경상사고,0,0,1,0,차대차 - 기타,안전운전불이행,건조,맑음,단일로 - 기타,승용,남,75세,상해없음,승용,여,42세,경상
2020091600100423,2020년 9월 16일 18시,수요일,전라남도 장성군 황룡면,경상사고,0,0,1,0,차대차 - 측면충돌,중앙선침범,건조,맑음,교차로 - 교차로부근,화물,남,57세,상해없음,화물,남,76세,상해없음
2020091600100424,2020년 9월 16일 18시,수요일,전라남도 완도군 고금면,경상사고,0,0,2,0,차량단독 - 기타,안전운전불이행,젖음/습기,비,단일로 - 기타,승용,여,32세,경상,,,,
2020091600100425,2020년 9월 16일 18시,수요일,전라남도 진도군 진도읍,경상사고,0,0,1,0,차대차 - 측면충돌,안전운전불이행,건조,맑음,교차로 - 교차로부근,이륜,남,20세,경상,승용,남,33세,상해없음
2020091600100472,2020년 9월 16일 19시,수요일,전라남도 순천시 왕지동,경상사고,0,0,1,0,차대차 - 측면충돌,직진우회전진행방해,건조,맑음,교차로 - 교차로안,승용,여,57세,상해없음,승용,여,29세,경상
2020091600100473,2020년 9월 16일 19시,수요일,전라남도 순천시 석현동,경상사고,0,0,1,0,차대차 - 측면충돌,안전운전불이행,건조,맑음,교차로 - 교차로안,승용,남,59세,상해없음,승용,남,35세,경상
2020091600100507,2020년 9월 16일 20시,수요일,전라남도 고흥군 고흥읍,경상사고,0,0,2,0,차대차 - 측면충돌,안전운전불이행,건조,맑음,단일로 - 기타,화물,남,52세,상해없음,이륜,남,42세,경상
2020091600100532,2020년 9월 16일 21시,수요일,전라남도 순천시 별량면,사망사고,1,1,1,0,차대차 - 기타,안전운전불이행,건조,맑음,단일로 - 기타,화물,남,65세,사망,승용,남,57세,경상
2020091600100533,2020년 9월 16일 21시,수요일,전라남도 순천시 연향동,경상사고,0,0,2,0,차대차 - 추돌,안전운전불이행,건조,맑음,교차로 - 교차로안,승용,남,24세,상해없음,승용,여,34세,경상
2020091600100549,2020년 9월 16일 22시,수요일,전라남도 목포시 상동,경상사고,0,0,2,0,차대차 - 기타,교차로운행방법위반,건조,맑음,교차로 - 교차로안,승용,남,46세,상해없음,승용,남,53세,경상
2020091600100570,2020년 9월 16일 23시,수요일,전라남도 나주시 왕곡면,경상사고,0,0,1,0,차대차 - 추돌,안전운전불이행,건조,맑음,단일로 - 기타,화물,남,58세,상해없음,승용,여,48세,경상
2020091700100004,2020년 9월 17일 00시,목요일,전라남도 무안군 삼향읍,경상사고,0,0,2,0,차대차 - 추돌,안전운전불이행,건조,맑음,단일로 - 기타,승용,남,35세,상해없음,승용,여,26세,경상
2020091700100071,2020년 9월 17일 07시,목요일,전라남도 무안군 해제면,경상사고,0,0,3,0,차대차 - 측면충돌,안전운전불이행,건조,흐림,교차로 - 교차로안,화물,남,66세,경상,화물,남,67세,상해없음
2020091700100104,2020년 9월 17일 08시,목요일,전라남도 목포시 축복동2가,경상사고,0,0,2,0,차대차 - 기타,직진우회전진행방해,건조,맑음,교차로 - 교차로안,승용,여,28세,경상,승용,남,62세,경상
2020091700100105,2020년 9월 17일 08시,목요일,전라남도 영광군 영광읍,경상사고,0,0,1,0,차대사람 - 횡단중,안전운전불이행,젖음/습기,비,교차로 - 교차로부근,승용,여,37세,상해없음,보행자,여,83세,경상
2020091700100106,2020년 9월 17일 08시,목요일,전라남도 화순군 화순읍,경상사고,0,0,1,0,차대사람 - 횡단중,보행자보호의무위반,젖음/습기,비,교차로 - 교차로횡단보도내,승용,남,59세,상해없음,보행자,여,47세,경상
2020091700100133,2020년 9월 17일 09시,목요일,전라남도 순천시 조례동,경상사고,0,0,1,0,차대차 - 기타,안전운전불이행,건조,맑음,단일로 - 기타,승용,남,43세,상해없음,자전거,남,29세,경상
2020091700100166,2020년 9월 17일 10시,목요일,전라남도 목포시 상락동1가,경상사고,0,0,3,0,차대차 - 기타,안전운전불이행,건조,맑음,단일로 - 기타,승용,남,41세,경상,승용,남,52세,경상
2020091700100190,2020년 9월 17일 11시,목요일,전라남도 순천시 풍덕동,경상사고,0,0,1,0,차대사람 - 횡단중,안전운전불이행,건조,흐림,교차로 - 교차로부근,승용,남,33세,상해없음,보행자,여,74세,경상
2020091700100191,2020년 9월 17일 11시,목요일,전라남도 장흥군 장흥읍,경상사고,0,0,3,0,차대차 - 측면충돌,불법유턴,건조,맑음,교차로 - 교차로부근,승용,남,31세,경상,승용,여,57세,경상
2020091700100218,2020년 9월 17일 12시,목요일,전라남도 강진군 칠량면,중상사고,0,1,0,0,차대차 - 측면충돌,중앙선침범,젖음/습기,비,단일로 - 기타,승용,여,55세,상해없음,승용,남,66세,상해없음
2020091700100252,2020년 9월 17일 13시,목요일,전라남도 나주시 금천면,경상사고,0,0,1,0,차대차 - 측면충돌,안전운전불이행,건조,맑음,교차로 - 교차로부근,화물,남,52세,상해없음,자전거,남,79세,경상
2020091700100253,2020년 9월 17일 13시,목요일,전라남도 영암군 학산면,중상사고,0,1,0,0,차량단독 - 전도전복 - 전도,안전운전불이행,젖음/습기,비,단일로 - 기타,이륜,남,84세,중상,,,,
2020091700100313,2020년 9월 17일 15시,목요일,전라남도 목포시 산정동,경상사고,0,0,2,0,차대차 - 측면충돌,신호위반,젖음/습기,비,교차로 - 교차로부근,승용,남,67세,경상,승용,여,38세,경상
2020091700100314,2020년 9월 17일 15시,목요일,전라남도 완도군 완도읍,경상사고,0,0,1,0,차대차 - 추돌,안전운전불이행,건조,맑음,단일로 - 기타,승용,남,57세,상해없음,이륜,여,42세,경상
2020091700100391,2020년 9월 17일 17시,목요일,전라남도 목포시 용해동,경상사고,0,0,1,0,차대차 - 후진중충돌,안전운전불이행,건조,맑음,단일로 - 기타,승용,남,59세,상해없음,승용,남,54세,경상
2020091700100392,2020년 9월 17일 17시,목요일,전라남도 여수시 화양면,중상사고,0,1,0,0,차대차 - 측면충돌,차로위반,젖음/습기,비,교차로 - 교차로부근,승용,여,45세,상해없음,화물,남,51세,중상
2020091700100393,2020년 9월 17일 17시,목요일,전라남도 담양군 담양읍,중상사고,0,1,0,0,차대차 - 기타,안전운전불이행,건조,맑음,교차로 - 교차로안,화물,남,63세,상해없음,이륜,여,70세,중상
2020091700100433,2020년 9월 17일 18시,목요일,전라남도 완도군 완도읍,중상사고,0,1,0,0,차대사람 - 기타,안전운전불이행,젖음/습기,비,단일로 - 기타,승용,남,63세,상해없음,보행자,여,59세,중상
2020091700100474,2020년 9월 17일 19시,목요일,전라남도 여수시 문수동,부상신고사고,0,0,0,1,차대차 - 후진중충돌,안전운전불이행,젖음/습기,비,단일로 - 기타,승용,여,61세,상해없음,승용,남,40세,부상신고
2020091700100475,2020년 9월 17일 19시,목요일,전라남도 광양시 중동,경상사고,0,0,1,0,차대차 - 측면충돌,안전거리미확보,젖음/습기,비,단일로 - 기타,승용,남,36세,상해없음,이륜,남,19세,경상
2020091700100511,2020년 9월 17일 20시,목요일,전라남도 여수시 안산동,경상사고,0,0,1,0,차대차 - 기타,안전운전불이행,젖음/습기,비,교차로 - 교차로부근,승용,남,41세,상해없음,승용,여,32세,경상
2020091700100512,2020년 9월 17일 20시,목요일,전라남도 순천시 연향동,경상사고,0,0,1,0,차대차 - 추돌,안전운전불이행,건조,맑음,교차로 - 교차로부근,승용,여,44세,상해없음,승용,여,49세,경상
2020091700100513,2020년 9월 17일 20시,목요일,전라남도 순천시 조례동,경상사고,0,0,1,0,차대차 - 추돌,안전운전불이행,건조,맑음,단일로 - 기타,승용,남,19세,상해없음,이륜,남,21세,경상
2020091700100576,2020년 9월 17일 22시,목요일,전라남도 여수시 학동,경상사고,0,0,1,0,차대차 - 추돌,안전운전불이행,젖음/습기,비,단일로 - 기타,승용,여,26세,기타불명,승용,남,67세,경상
2020091700100593,2020년 9월 17일 23시,목요일,전라남도 목포시 상동,중상사고,0,2,1,0,차대차 - 측면충돌,신호위반,젖음/습기,비,교차로 - 교차로안,승용,남,54세,경상,사륜오토바이(ATV),남,18세,중상
2020091800100048,2020년 9월 18일 05시,금요일,전라남도 순천시 덕월동,경상사고,0,0,1,0,차대차 - 측면충돌,안전운전불이행,젖음/습기,비,단일로 - 기타,승용,남,51세,상해없음,이륜,남,21세,경상
2020091800100073,2020년 9월 18일 07시,금요일,전라남도 장흥군 용산면,경상사고,0,0,1,0,차량단독 - 공작물충돌,안전운전불이행,젖음/습기,흐림,교차로 - 교차로부근,승용,여,43세,경상,,,,
2020091800100074,2020년 9월 18일 07시,금요일,전라남도 강진군 강진읍,경상사고,0,0,1,0,차대차 - 측면충돌,교차로운행방법위반,젖음/습기,비,교차로 - 교차로안,원동기,남,47세,경상,화물,남,68세,상해없음
2020091800100075,2020년 9월 18일 07시,금요일,전라남도 광양시 도이동,경상사고,0,0,1,0,차대차 - 측면충돌,교차로운행방법위반,건조,맑음,교차로 - 교차로안,승용,남,44세,상해없음,승용,남,63세,경상
2020091800100109,2020년 9월 18일 08시,금요일,전라남도 목포시 용당동,경상사고,0,0,1,0,차대차 - 기타,안전운전불이행,건조,맑음,단일로 - 기타,자전거,남,60세,경상,승용,남,59세,상해없음
2020091800100110,2020년 9월 18일 08시,금요일,전라남도 영암군 영암읍,경상사고,0,0,2,0,차대차 - 추돌,안전운전불이행,건조,맑음,교차로 - 교차로부근,화물,남,62세,상해없음,승용,여,48세,경상
2020091800100146,2020년 9월 18일 09시,금요일,전라남도 목포시 상동,경상사고,0,0,1,0,차대차 - 기타,안전운전불이행,건조,맑음,교차로 - 교차로부근,승용,여,41세,경상,승용,남,45세,기타불명
2020091800100147,2020년 9월 18일 09시,금요일,전라남도 구례군 토지면,경상사고,0,0,1,0,차대차 - 측면충돌,기타,건조,맑음,교차로 - 교차로안,승용,여,53세,상해없음,화물,남,55세,경상
2020091800100148,2020년 9월 18일 09시,금요일,전라남도 장성군 남면,경상사고,0,0,1,0,차대차 - 측면충돌,안전운전불이행,건조,맑음,단일로 - 기타,특수,남,52세,상해없음,승용,남,32세,경상
2020091800100181,2020년 9월 18일 10시,금요일,전라남도 장흥군 장동면,경상사고,0,0,1,0,차대차 - 측면충돌,안전운전불이행,건조,맑음,단일로 - 기타,승용,남,51세,경상,화물,남,48세,상해없음
2020091800100214,2020년 9월 18일 11시,금요일,전라남도 장흥군 관산읍,경상사고,0,0,2,0,차대차 - 추돌,기타,건조,맑음,교차로 - 교차로부근,승합,남,55세,상해없음,승용,여,54세,경상
2020091800100215,2020년 9월 18일 11시,금요일,전라남도 함평군 함평읍,경상사고,0,0,1,0,차대차 - 측면충돌,교차로운행방법위반,건조,맑음,교차로 - 교차로안,승용,여,49세,경상,화물,남,49세,상해없음
2020091800100249,2020년 9월 18일 12시,금요일,전라남도 장성군 황룡면,부상신고사고,0,0,0,1,차대사람 - 기타,안전운전불이행,건조,맑음,단일로 - 기타,화물,남,44세,상해없음,보행자,남,84세,상해없음
2020091800100250,2020년 9월 18일 12시,금요일,전라남도 강진군 칠량면,경상사고,0,0,1,0,차대차 - 측면충돌,안전운전불이행,건조,맑음,교차로 - 교차로부근,화물,남,50세,상해없음,승용,남,53세,경상
2020091800100286,2020년 9월 18일 13시,금요일,전라남도 신안군 지도읍,경상사고,0,0,2,0,차대차 - 기타,기타,건조,맑음,교차로 - 교차로안,승용,남,61세,기타불명,이륜,남,73세,경상
2020091800100329,2020년 9월 18일 14시,금요일,전라남도 목포시 상동,경상사고,0,0,3,0,차대차 - 기타,교차로운행방법위반,건조,맑음,교차로 - 교차로안,승용,여,61세,경상,화물,남,69세,경상
2020091800100330,2020년 9월 18일 14시,금요일,전라남도 목포시 옥암동,경상사고,0,0,1,0,차대차 - 기타,안전운전불이행,건조,맑음,기타 - 기타,승용,여,28세,상해없음,승용,남,42세,경상
2020091800100331,2020년 9월 18일 14시,금요일,전라남도 완도군 보길면,중상사고,0,1,0,0,차대사람 - 기타,안전운전불이행,건조,맑음,단일로 - 기타,화물,남,37세,상해없음,보행자,남,79세,중상
2020091800100371,2020년 9월 18일 15시,금요일,전라남도 영광군 염산면,경상사고,0,0,3,0,차대차 - 정면충돌,중앙선침범,건조,맑음,단일로 - 기타,승용,여,63세,경상,화물,남,60세,경상
2020091800100432,2020년 9월 18일 16시,금요일,전라남도 순천시 조례동,경상사고,0,0,1,0,차대차 - 기타,안전운전불이행,건조,맑음,단일로 - 기타,이륜,남,31세,경상,승용,여,58세,기타불명
2020091800100433,2020년 9월 18일 16시,금요일,전라남도 나주시 대호동,경상사고,0,0,2,0,차대차 - 추돌,안전거리미확보,건조,맑음,단일로 - 기타,화물,남,30세,상해없음,승용,여,63세,경상
2020091800100535,2020년 9월 18일 18시,금요일,전라남도 여수시 웅천동,경상사고,0,0,1,0,차대차 - 측면충돌,안전운전불이행,건조,맑음,단일로 - 기타,승용,여,49세,상해없음,승용,여,44세,경상
2020091800100595,2020년 9월 18일 19시,금요일,전라남도 목포시 용해동,경상사고,0,0,1,0,차대차 - 정면충돌,안전운전불이행,건조,맑음,교차로 - 교차로안,승용,남,44세,상해없음,승용,여,59세,경상
2020091800100596,2020년 9월 18일 19시,금요일,전라남도 목포시 상동,경상사고,0,0,3,0,차대차 - 측면충돌,안전운전불이행,건조,맑음,교차로 - 교차로부근,승용,남,26세,경상,승용,남,46세,경상
2020091800100597,2020년 9월 18일 19시,금요일,전라남도 여수시 웅천동,경상사고,0,0,1,0,차대차 - 추돌,안전운전불이행,건조,맑음,단일로 - 기타,승용,남,51세,상해없음,이륜,남,32세,경상
2020091800100598,2020년 9월 18일 19시,금요일,전라남도 순천시 서면,경상사고,0,0,1,0,차대차 - 측면충돌,안전운전불이행,건조,맑음,단일로 - 기타,승용,남,45세,상해없음,승용,남,62세,상해없음
2020091800100599,2020년 9월 18일 19시,금요일,전라남도 나주시 대호동,중상사고,0,1,1,0,차대차 - 측면충돌,신호위반,건조,맑음,교차로 - 교차로안,이륜,남,23세,중상,승용,여,57세,경상
2020091800100600,2020년 9월 18일 19시,금요일,전라남도 무안군 삼향읍,경상사고,0,0,1,0,차대차 - 기타,안전운전불이행,건조,맑음,단일로 - 기타,승용,여,38세,상해없음,승용,남,50세,경상
2020091800100670,2020년 9월 18일 21시,금요일,전라남도 여수시 여천동,경상사고,0,0,6,0,차대차 - 추돌,안전운전불이행,건조,맑음,교차로 - 교차로부근,승용,남,42세,경상,화물,남,44세,경상
2020091900100010,2020년 9월 19일 00시,토요일,전라남도 목포시 상동,경상사고,0,0,3,0,차대차 - 추돌,안전운전불이행,건조,맑음,교차로 - 교차로부근,이륜,남,34세,기타불명,승용,남,63세,경상
2020091900100011,2020년 9월 19일 00시,토요일,전라남도 순천시 연향동,경상사고,0,0,1,0,차대차 - 측면충돌,직진우회전진행방해,건조,맑음,교차로 - 교차로안,승용,남,24세,상해없음,원동기,남,18세,경상
2020091900100036,2020년 9월 19일 02시,토요일,전라남도 목포시 대양동,중상사고,0,1,0,0,차량단독 - 공작물충돌,안전운전불이행,건조,맑음,단일로 - 기타,승용,남,55세,상해없음,,,,
2020091900100051,2020년 9월 19일 04시,토요일,전라남도 목포시 상동,경상사고,0,0,1,0,차대사람 - 횡단중,보행자보호의무위반,건조,맑음,단일로 - 기타,승용,여,44세,상해없음,보행자,남,80세,경상
2020091900100065,2020년 9월 19일 05시,토요일,전라남도 무안군 삼향읍,중상사고,0,2,2,0,차대차 - 기타,중앙선침범,건조,맑음,교차로 - 교차로부근,화물,남,68세,상해없음,승용,남,70세,경상
2020091900100087,2020년 9월 19일 06시,토요일,전라남도 강진군 작천면,중상사고,0,2,0,0,차량단독 - 공작물충돌,안전운전불이행,건조,맑음,단일로 - 기타,승용,남,54세,상해없음,,,,
2020091900100103,2020년 9월 19일 07시,토요일,전라남도 영광군 불갑면,중상사고,0,1,1,0,차대차 - 측면충돌,교차로운행방법위반,건조,맑음,교차로 - 교차로안,승용,남,48세,중상,승용,남,64세,경상
2020091900100104,2020년 9월 19일 07시,토요일,전라남도 곡성군 오산면,중상사고,0,1,1,0,차대차 - 추돌,안전운전불이행,건조,맑음,교차로 - 교차로안,화물,여,63세,상해없음,이륜,남,84세,중상
2020091900100122,2020년 9월 19일 08시,토요일,전라남도 순천시 조례동,중상사고,0,1,0,0,차대사람 - 보도통행중,보행자보호의무위반,건조,맑음,교차로 - 교차로안,화물,남,62세,상해없음,보행자,남,59세,중상
2020091900100123,2020년 9월 19일 08시,토요일,전라남도 장성군 삼계면,경상사고,0,0,1,1,차대차 - 측면충돌,안전운전불이행,건조,맑음,교차로 - 교차로안,승용,여,32세,부상신고,승용,남,54세,경상
2020091900100158,2020년 9월 19일 09시,토요일,전라남도 여수시 미평동,경상사고,0,0,1,0,차대차 - 기타,안전운전불이행,건조,맑음,단일로 - 기타,승용,남,62세,상해없음,승용,여,56세,경상
2020091900100159,2020년 9월 19일 09시,토요일,전라남도 영암군 학산면,중상사고,0,1,0,0,차대차 - 측면충돌,중앙선침범,건조,맑음,단일로 - 기타,화물,남,78세,상해없음,이륜,남,86세,중상
2020091900100160,2020년 9월 19일 09시,토요일,전라남도 강진군 강진읍,부상신고사고,0,0,0,2,차대차 - 측면충돌,교차로운행방법위반,건조,맑음,교차로 - 교차로안,승용,남,74세,상해없음,승용,남,62세,부상신고
2020091900100161,2020년 9월 19일 09시,토요일,전라남도 곡성군 삼기면,경상사고,0,0,2,0,차대차 - 추돌,안전거리미확보,건조,맑음,단일로 - 기타,이륜,남,71세,경상,승용,남,64세,경상
2020091900100193,2020년 9월 19일 10시,토요일,전라남도 목포시 대양동,경상사고,0,0,5,0,차대차 - 측면충돌,교차로운행방법위반,건조,맑음,교차로 - 교차로안,승용,여,39세,경상,화물,남,49세,경상
2020091900100194,2020년 9월 19일 10시,토요일,전라남도 장성군 삼서면,경상사고,0,0,1,0,차대차 - 측면충돌,안전운전불이행,건조,맑음,단일로 - 기타,건설기계,남,67세,상해없음,농기계,남,75세,경상
2020091900100238,2020년 9월 19일 11시,토요일,전라남도 목포시 호남동,중상사고,0,1,0,0,차대차 - 측면충돌,직진우회전진행방해,건조,맑음,교차로 - 교차로안,승용,남,29세,상해없음,이륜,남,69세,중상