사고번호,사고일시,요일,시군구,사고내용,사망자수,중상자수,경상자수,부상신고자수,사고유형,법규위반,노면상태,기상상태,도로형태,가해운전자 차종,가해운전자 성별,가해운전자 연령,가해운전자 상해정도,피해운전자 차종,피해운전자 성별,피해운전자 연령,피해운전자 상해정도
2020091900100239,2020년 9월 19일 11시,토요일,전라남도 여수시 화장동,경상사고,0,0,1,0,차대차 - 추돌,안전운전불이행,건조,맑음,교차로 - 교차로부근,승용,남,24세,상해없음,승용,여,40세,경상
2020091900100240,2020년 9월 19일 11시,토요일,전라남도 함평군 학교면,경상사고,0,0,5,1,차대차 - 측면충돌,직진우회전진행방해,건조,맑음,교차로 - 교차로안,승용,남,77세,부상신고,화물,남,21세,경상
2020091900100241,2020년 9월 19일 11시,토요일,전라남도 완도군 약산면,경상사고,0,0,1,0,차대차 - 기타,안전운전불이행,건조,맑음,기타 - 기타,화물,남,60세,상해없음,이륜,여,74세,경상
2020091900100242,2020년 9월 19일 11시,토요일,전라남도 무안군 몽탄면,경상사고,0,0,1,0,차대차 - 기타,신호위반,건조,맑음,교차로 - 교차로안,이륜,남,47세,상해없음,승용,여,54세,경상
2020091900100243,2020년 9월 19일 11시,토요일,전라남도 진도군 진도읍,경상사고,0,0,2,0,차대차 - 추돌,안전운전불이행,건조,맑음,기타 - 기타,화물,남,38세,상해없음,승용,남,81세,경상
2020091900100291,2020년 9월 19일 12시,토요일,전라남도 목포시 죽동,경상사고,0,0,1,0,차대차 - 측면충돌,안전운전불이행,건조,맑음,단일로 - 기타,이륜,남,54세,경상,승용,여,60세,상해없음
2020091900100292,2020년 9월 19일 12시,토요일,전라남도 목포시 상동,경상사고,0,0,2,0,차대차 - 기타,안전운전불이행,건조,맑음,교차로 - 교차로안,화물,남,25세,상해없음,승용,남,49세,경상
2020091900100293,2020년 9월 19일 12시,토요일,전라남도 순천시 조례동,중상사고,0,1,0,0,차대사람 - 보도통행중,보행자보호의무위반,건조,맑음,기타 - 기타,승용,여,45세,상해없음,보행자,여,24세,중상
2020091900100294,2020년 9월 19일 12시,토요일,전라남도 순천시 해룡면,경상사고,0,0,4,0,차대차 - 기타,안전운전불이행,건조,맑음,교차로 - 교차로부근,승용,여,39세,상해없음,승용,남,26세,경상
2020091900100295,2020년 9월 19일 12시,토요일,전라남도 담양군 가사문학면,중상사고,0,2,1,0,차대차 - 측면충돌,중앙선침범,건조,맑음,단일로 - 기타,승용,여,65세,상해없음,승용,남,43세,경상
2020091900100296,2020년 9월 19일 12시,토요일,전라남도 광양시 광양읍,경상사고,0,0,1,0,차대차 - 측면충돌,교차로운행방법위반,건조,맑음,교차로 - 교차로안,사륜오토바이(ATV),남,82세,상해없음,승용,여,27세,경상
2020091900100386,2020년 9월 19일 14시,토요일,전라남도 신안군 비금면,중상사고,0,1,0,0,차대차 - 기타,안전운전불이행,건조,맑음,단일로 - 기타,자전거,남,69세,중상,농기계,남,44세,상해없음
2020091900100387,2020년 9월 19일 14시,토요일,전라남도 고흥군 동일면,경상사고,0,0,3,0,차량단독 - 도로외이탈 - 추락,안전운전불이행,건조,맑음,단일로 - 기타,승용,남,54세,경상,,,,
2020091900100388,2020년 9월 19일 14시,토요일,전라남도 영광군 영광읍,경상사고,0,0,5,0,차대차 - 추돌,안전거리미확보,건조,맑음,단일로 - 기타,화물,남,56세,상해없음,승용,남,41세,경상
2020091900100434,2020년 9월 19일 15시,토요일,전라남도 무안군 삼향읍,경상사고,0,0,1,0,차대사람 - 기타,신호위반,건조,맑음,교차로 - 교차로횡단보도내,승용,남,36세,상해없음,보행자,여,15세,경상
2020091900100482,2020년 9월 19일 16시,토요일,전라남도 해남군 해남읍,경상사고,0,0,1,0,차대차 - 기타,기타,건조,맑음,교차로 - 교차로안,승용,남,21세,상해없음,승용,여,42세,상해없음
2020091900100525,2020년 9월 19일 17시,토요일,전라남도 순천시 용당동,경상사고,0,0,1,0,차대차 - 기타,차로위반,건조,맑음,단일로 - 기타,승용,남,50세,경상,승용,남,65세,상해없음
2020091900100565,2020년 9월 19일 18시,토요일,전라남도 함평군 대동면,중상사고,0,1,0,0,차대사람 - 기타,안전운전불이행,건조,맑음,기타 - 기타,건설기계,남,52세,상해없음,보행자,남,52세,중상
2020091900100566,2020년 9월 19일 18시,토요일,전라남도 광양시 진월면,경상사고,0,0,3,0,차대차 - 측면충돌,교차로운행방법위반,건조,맑음,교차로 - 교차로안,승용,남,35세,경상,승용,남,64세,경상
2020091900100610,2020년 9월 19일 19시,토요일,전라남도 목포시 죽교동,경상사고,0,0,1,0,차대차 - 기타,안전운전불이행,건조,맑음,교차로 - 교차로부근,승용,남,50세,상해없음,이륜,남,35세,경상
2020091900100611,2020년 9월 19일 19시,토요일,전라남도 순천시 가곡동,경상사고,0,0,1,0,차대차 - 측면충돌,교차로운행방법위반,건조,맑음,교차로 - 교차로안,승용,남,62세,상해없음,화물,남,48세,경상
2020091900100642,2020년 9월 19일 20시,토요일,전라남도 여수시 여서동,경상사고,0,0,1,0,차량단독 - 기타,안전운전불이행,건조,맑음,단일로 - 기타,원동기,남,41세,경상,,,,
2020091900100690,2020년 9월 19일 22시,토요일,전라남도 고흥군 동일면,중상사고,0,3,0,0,차량단독 - 도로외이탈 - 기타,안전운전불이행,건조,맑음,단일로 - 기타,승용,여,65세,중상,,,,
2020091900100692,2020년 9월 19일 22시,토요일,전라남도 광양시 금호동,경상사고,0,0,1,0,차대차 - 추돌,안전운전불이행,건조,맑음,단일로 - 기타,승용,남,46세,상해없음,승용,남,56세,경상
2020091900100707,2020년 9월 19일 23시,토요일,전라남도 순천시 매곡동,경상사고,0,0,1,0,차대차 - 측면충돌,안전운전불이행,건조,맑음,교차로 - 교차로안,승용,남,38세,경상,승용,남,22세,상해없음
2020092000100012,2020년 9월 20일 00시,일요일,전라남도 여수시 문수동,경상사고,0,0,1,0,차대사람 - 길가장자리구역통행중,안전운전불이행,건조,맑음,단일로 - 기타,승용,남,25세,상해없음,보행자,남,29세,경상
2020092000100068,2020년 9월 20일 05시,일요일,전라남도 보성군 조성면,사망사고,1,0,0,0,차량단독 - 도로외이탈 - 추락,안전운전불이행,건조,맑음,단일로 - 기타,화물,남,28세,사망,,,,
2020092000100069,2020년 9월 20일 05시,일요일,전라남도 광양시 광양읍,중상사고,0,1,1,0,차대차 - 추돌,안전운전불이행,건조,맑음,교차로 - 교차로부근,승용,남,64세,상해없음,이륜,남,28세,경상
2020092000100100,2020년 9월 20일 08시,일요일,전라남도 순천시 주암면,사망사고,1,0,1,0,차대차 - 측면충돌,안전운전불이행,젖음/습기,안개,단일로 - 기타,화물,남,63세,사망,승용,남,54세,상해없음
2020092000100131,2020년 9월 20일 10시,일요일,전라남도 강진군 신전면,중상사고,0,1,0,0,차대차 - 측면충돌,신호위반,건조,맑음,교차로 - 교차로안,자전거,남,78세,중상,승용,남,64세,상해없음
2020092000100155,2020년 9월 20일 11시,일요일,전라남도 순천시 조례동,경상사고,0,0,1,0,차대차 - 기타,안전운전불이행,건조,맑음,교차로 - 교차로부근,승용,여,32세,상해없음,이륜,남,27세,경상
2020092000100191,2020년 9월 20일 12시,일요일,전라남도 순천시 조례동,경상사고,0,0,1,0,차대차 - 기타,안전운전불이행,건조,맑음,단일로 - 기타,승용,여,48세,상해없음,승용,여,55세,경상
2020092000100192,2020년 9월 20일 12시,일요일,전라남도 영암군 영암읍,경상사고,0,0,5,0,차대차 - 정면충돌,안전운전불이행,건조,맑음,교차로 - 교차로안,승용,남,64세,상해없음,승용,남,70세,경상
2020092000100229,2020년 9월 20일 13시,일요일,전라남도 목포시 상동,경상사고,0,0,1,0,차대차 - 측면충돌,신호위반,건조,맑음,교차로 - 교차로안,승용,남,48세,상해없음,승용,남,26세,경상
2020092000100230,2020년 9월 20일 13시,일요일,전라남도 광양시 중동,중상사고,0,1,0,0,차대차 - 측면충돌,신호위반,건조,맑음,교차로 - 교차로안,이륜,남,33세,중상,승용,남,56세,상해없음
2020092000100269,2020년 9월 20일 14시,일요일,전라남도 순천시 상사면,중상사고,0,1,0,0,차대차 - 기타,안전운전불이행,건조,맑음,단일로 - 기타,승합,남,52세,상해없음,자전거,남,66세,중상
2020092000100307,2020년 9월 20일 15시,일요일,전라남도 목포시 죽교동,경상사고,0,0,1,0,차대차 - 기타,안전운전불이행,건조,맑음,단일로 - 기타,승용,남,47세,상해없음,자전거,남,53세,경상
2020092000100308,2020년 9월 20일 15시,일요일,전라남도 영암군 삼호읍,경상사고,0,0,2,0,차대차 - 추돌,안전운전불이행,건조,맑음,교차로 - 교차로부근,승용,여,44세,상해없음,승용,여,68세,경상
2020092000100309,2020년 9월 20일 15시,일요일,전라남도 영암군 삼호읍,중상사고,0,1,1,0,차대차 - 측면충돌,안전운전불이행,건조,맑음,기타 - 기타,승용,여,57세,경상,승용,남,49세,중상
2020092000100310,2020년 9월 20일 15시,일요일,전라남도 장성군 북일면,중상사고,0,1,0,0,차량단독 - 기타,안전운전불이행,건조,맑음,단일로 - 기타,이륜,남,37세,중상,,,,
2020092000100339,2020년 9월 20일 16시,일요일,전라남도 목포시 금동2가,경상사고,0,0,1,0,차대차 - 기타,안전운전불이행,건조,맑음,교차로 - 교차로안,승용,남,48세,상해없음,승용,남,29세,상해없음
2020092000100340,2020년 9월 20일 16시,일요일,전라남도 여수시 중흥동,중상사고,0,2,1,0,차대차 - 측면충돌,신호위반,건조,맑음,교차로 - 교차로안,승용,남,51세,상해없음,승용,남,56세,중상
2020092000100341,2020년 9월 20일 16시,일요일,전라남도 순천시 조례동,경상사고,0,0,4,0,차대차 - 측면충돌,안전운전불이행,건조,맑음,교차로 - 교차로부근,승합,남,41세,상해없음,승용,여,40세,경상
2020092000100342,2020년 9월 20일 16시,일요일,전라남도 함평군 함평읍,경상사고,0,0,1,0,차대차 - 측면충돌,중앙선침범,건조,맑음,단일로 - 기타,승용,남,52세,상해없음,이륜,남,74세,경상
2020092000100384,2020년 9월 20일 17시,일요일,전라남도 여수시 미평동,중상사고,0,1,0,0,차대차 - 기타,안전운전불이행,건조,맑음,기타 - 기타,자전거,남,5세,상해없음,자전거,남,55세,중상
2020092000100439,2020년 9월 20일 19시,일요일,전라남도 고흥군 풍양면,경상사고,0,0,1,0,차대차 - 기타,안전운전불이행,건조,맑음,단일로 - 기타,화물,남,65세,상해없음,승용,여,29세,경상
2020092000100440,2020년 9월 20일 19시,일요일,전라남도 무안군 청계면,중상사고,0,1,1,0,차대사람 - 기타,안전운전불이행,건조,맑음,단일로 - 교량,승합,여,55세,경상,보행자,남,55세,중상
2020092000100476,2020년 9월 20일 20시,일요일,전라남도 목포시 산정동,경상사고,0,0,1,0,차대사람 - 기타,안전운전불이행,건조,맑음,기타 - 기타,승용,남,44세,상해없음,보행자,여,55세,경상
2020092000100499,2020년 9월 20일 21시,일요일,전라남도 무안군 무안읍,경상사고,0,0,4,0,차대차 - 기타,직진우회전진행방해,건조,맑음,교차로 - 교차로안,승용,남,25세,경상,승용,여,37세,경상
2020092100100008,2020년 9월 21일 00시,월요일,전라남도 순천시 연향동,경상사고,0,0,1,0,차대차 - 추돌,안전거리미확보,건조,맑음,단일로 - 기타,화물,남,58세,상해없음,승용,남,24세,경상
2020092100100074,2020년 9월 21일 07시,월요일,전라남도 장성군 삼계면,부상신고사고,0,0,0,1,차대차 - 측면충돌,안전운전불이행,건조,맑음,교차로 - 교차로부근,승용,여,57세,상해없음,승용,남,68세,부상신고
2020092100100112,2020년 9월 21일 08시,월요일,전라남도 목포시 용해동,중상사고,0,1,2,0,차대차 - 기타,신호위반,건조,맑음,교차로 - 교차로안,화물,남,68세,상해없음,승합,남,56세,경상
2020092100100113,2020년 9월 21일 08시,월요일,전라남도 순천시 서면,경상사고,0,0,1,0,차대차 - 측면충돌,안전운전불이행,건조,맑음,단일로 - 기타,승용,여,52세,상해없음,승용,남,39세,경상
2020092100100114,2020년 9월 21일 08시,월요일,전라남도 함평군 나산면,중상사고,0,2,0,0,차대차 - 측면충돌,교차로운행방법위반,건조,맑음,교차로 - 교차로안,화물,남,71세,중상,화물,남,46세,상해없음
2020092100100159,2020년 9월 21일 09시,월요일,전라남도 순천시 조례동,경상사고,0,0,1,0,차대차 - 기타,교차로운행방법위반,건조,맑음,교차로 - 교차로안,승용,여,50세,상해없음,화물,남,25세,경상
2020092100100160,2020년 9월 21일 09시,월요일,전라남도 해남군 해남읍,중상사고,0,1,0,0,차대차 - 기타,신호위반,건조,맑음,교차로 - 교차로안,이륜,남,71세,중상,승용,여,62세,상해없음
2020092100100202,2020년 9월 21일 10시,월요일,전라남도 순천시 조곡동,경상사고,0,0,1,0,차대차 - 추돌,안전운전불이행,건조,맑음,교차로 - 교차로부근,화물,남,55세,상해없음,승용,여,29세,경상
2020092100100203,2020년 9월 21일 10시,월요일,전라남도 해남군 해남읍,경상사고,0,0,1,0,차대사람 - 기타,안전운전불이행,건조,맑음,기타 - 기타,승용,여,34세,상해없음,보행자,남,74세,경상
2020092100100234,2020년 9월 21일 11시,월요일,전라남도 목포시 상동,경상사고,0,0,1,0,차대차 - 기타,안전운전불이행,건조,맑음,교차로 - 교차로부근,승용,여,52세,상해없음,이륜,남,66세,경상
2020092100100235,2020년 9월 21일 11시,월요일,전라남도 영광군 영광읍,경상사고,0,0,1,0,차대차 - 측면충돌,안전운전불이행,건조,맑음,단일로 - 기타,승용,여,70세,경상,화물,남,82세,상해없음
2020092100100236,2020년 9월 21일 11시,월요일,전라남도 완도군 고금면,경상사고,0,0,1,0,차대차 - 측면충돌,안전운전불이행,건조,맑음,교차로 - 교차로안,이륜,남,78세,경상,화물,남,55세,상해없음
2020092100100281,2020년 9월 21일 12시,월요일,전라남도 광양시 광양읍,경상사고,0,0,1,0,차대차 - 측면충돌,안전거리미확보,건조,맑음,교차로 - 교차로안,승용,여,47세,상해없음,화물,남,54세,상해없음
2020092100100311,2020년 9월 21일 13시,월요일,전라남도 장흥군 장흥읍,경상사고,0,0,3,0,차대차 - 후진중충돌,안전운전불이행,건조,맑음,단일로 - 기타,승용,여,51세,경상,승용,여,54세,경상
2020092100100312,2020년 9월 21일 13시,월요일,전라남도 화순군 화순읍,경상사고,0,0,1,0,차대차 - 측면충돌,기타,건조,맑음,단일로 - 기타,이륜,남,42세,경상,승용,여,48세,상해없음
2020092100100362,2020년 9월 21일 14시,월요일,전라남도 장흥군 장흥읍,경상사고,0,0,1,0,차대사람 - 기타,안전운전불이행,건조,맑음,단일로 - 기타,승용,남,63세,상해없음,보행자,여,55세,경상
2020092100100406,2020년 9월 21일 15시,월요일,전라남도 함평군 함평읍,경상사고,0,0,1,0,차대차 - 추돌,안전운전불이행,건조,맑음,단일로 - 기타,화물,남,47세,상해없음,승합,남,56세,경상
2020092100100455,2020년 9월 21일 16시,월요일,전라남도 순천시 행동,경상사고,0,0,1,0,차대차 - 측면충돌,안전거리미확보,건조,맑음,단일로 - 기타,이륜,남,63세,경상,승합,남,67세,상해없음
2020092100100456,2020년 9월 21일 16시,월요일,전라남도 나주시 교동,경상사고,0,0,4,0,차량단독 - 공작물충돌,안전운전불이행,건조,맑음,단일로 - 교량,승합,남,65세,경상,,,,
2020092100100457,2020년 9월 21일 16시,월요일,전라남도 장성군 장성읍,경상사고,0,0,1,0,차대차 - 측면충돌,안전운전불이행,건조,맑음,교차로 - 교차로안,화물,남,47세,상해없음,승용,남,68세,상해없음
2020092100100458,2020년 9월 21일 16시,월요일,전라남도 담양군 고서면,경상사고,0,0,2,0,차대차 - 측면충돌,안전운전불이행,건조,맑음,교차로 - 교차로안,승용,여,63세,경상,승용,남,62세,경상
2020092100100511,2020년 9월 21일 17시,월요일,전라남도 목포시 상동,경상사고,0,0,1,0,차대차 - 정면충돌,안전운전불이행,건조,맑음,기타 - 기타,승용,여,31세,상해없음,승용,여,51세,경상
2020092100100512,2020년 9월 21일 17시,월요일,전라남도 여수시 중흥동,경상사고,0,0,1,0,차량단독 - 공작물충돌,안전운전불이행,건조,맑음,단일로 - 기타,승용,남,45세,경상,,,,
2020092100100513,2020년 9월 21일 17시,월요일,전라남도 순천시 조례동,중상사고,0,1,0,0,차대차 - 측면충돌,안전운전불이행,건조,맑음,단일로 - 기타,승용,남,25세,상해없음,이륜,남,62세,중상
2020092100100556,2020년 9월 21일 18시,월요일,전라남도 목포시 연산동,중상사고,0,1,0,0,차대사람 - 횡단중,보행자보호의무위반,건조,맑음,교차로 - 교차로횡단보도내,승용,남,28세,상해없음,보행자,남,6세,중상
2020092100100685,2020년 9월 21일 21시,월요일,전라남도 순천시 해룡면,중상사고,0,1,0,0,차대차 - 측면충돌,안전거리미확보,건조,맑음,단일로 - 기타,특수,남,55세,상해없음,승용,남,44세,중상
2020092200100059,2020년 9월 22일 06시,화요일,전라남도 여수시 해산동,경상사고,0,0,2,0,차대차 - 측면충돌,안전운전불이행,건조,맑음,기타 - 기타,승용,남,73세,기타불명,승용,남,30세,경상
2020092200100060,2020년 9월 22일 06시,화요일,전라남도 순천시 해룡면,중상사고,0,1,9,0,차대차 - 측면충돌,안전운전불이행,건조,맑음,교차로 - 교차로안,승합,남,62세,경상,승용,남,25세,경상
2020092200100061,2020년 9월 22일 06시,화요일,전라남도 순천시 조례동,경상사고,0,0,1,0,차대차 - 측면충돌,안전거리미확보,건조,맑음,단일로 - 기타,승용,여,55세,상해없음,승용,남,25세,경상
2020092200100083,2020년 9월 22일 07시,화요일,전라남도 여수시 미평동,경상사고,0,0,4,0,차대차 - 기타,교차로운행방법위반,건조,맑음,교차로 - 교차로안,이륜,남,76세,기타불명,승합,남,70세,상해없음
2020092200100084,2020년 9월 22일 07시,화요일,전라남도 함평군 엄다면,경상사고,0,0,5,0,차대차 - 측면충돌,교차로운행방법위반,건조,맑음,교차로 - 교차로안,승합,남,47세,상해없음,승용,남,75세,경상
2020092200100124,2020년 9월 22일 08시,화요일,전라남도 순천시 저전동,경상사고,0,0,1,0,차대차 - 측면충돌,안전운전불이행,건조,맑음,교차로 - 교차로안,승용,여,32세,상해없음,승용,여,55세,경상
2020092200100125,2020년 9월 22일 08시,화요일,전라남도 나주시 빛가람동,중상사고,0,1,0,0,차대차 - 측면충돌,신호위반,건조,맑음,교차로 - 교차로안,승용,남,73세,상해없음,자전거,남,13세,중상
2020092200100126,2020년 9월 22일 08시,화요일,전라남도 광양시 중동,경상사고,0,0,1,0,차대차 - 기타,안전거리미확보,건조,맑음,단일로 - 기타,승용,여,21세,상해없음,승용,남,25세,경상
2020092200100165,2020년 9월 22일 09시,화요일,전라남도 화순군 화순읍,경상사고,0,0,2,2,차대차 - 측면충돌,중앙선침범,건조,맑음,단일로 - 기타,승용,남,70세,경상,승용,남,63세,경상
2020092200100166,2020년 9월 22일 09시,화요일,전라남도 화순군 춘양면,중상사고,0,1,0,0,차량단독 - 기타,안전운전불이행,건조,맑음,단일로 - 기타,승합,남,61세,상해없음,,,,
2020092200100167,2020년 9월 22일 09시,화요일,전라남도 완도군 노화읍,경상사고,0,0,2,0,차대차 - 측면충돌,교차로운행방법위반,건조,맑음,교차로 - 교차로안,화물,여,49세,경상,화물,남,64세,경상
2020092200100168,2020년 9월 22일 09시,화요일,전라남도 무안군 일로읍,경상사고,0,0,1,0,차대차 - 기타,안전운전불이행,건조,맑음,주차장 - 주차장,승용,남,74세,경상,화물,남,77세,상해없음
2020092200100199,2020년 9월 22일 10시,화요일,전라남도 목포시 산정동,경상사고,0,0,2,0,차대차 - 측면충돌,안전운전불이행,건조,맑음,교차로 - 교차로안,승용,남,64세,경상,승용,여,49세,경상
2020092200100200,2020년 9월 22일 10시,화요일,전라남도 여수시 여천동,경상사고,0,0,2,0,차대차 - 추돌,안전운전불이행,건조,맑음,교차로 - 교차로부근,화물,남,65세,경상,승용,여,61세,경상
2020092200100201,2020년 9월 22일 10시,화요일,전라남도 여수시 여천동,경상사고,0,0,2,0,차대차 - 추돌,안전거리미확보,건조,맑음,교차로 - 교차로부근,화물,남,25세,경상,화물,남,65세,경상
2020092200100202,2020년 9월 22일 10시,화요일,전라남도 해남군 마산면,경상사고,0,0,1,0,차대차 - 측면충돌,직진우회전진행방해,건조,맑음,교차로 - 교차로안,승용,남,73세,상해없음,승용,남,54세,경상
2020092200100203,2020년 9월 22일 10시,화요일,전라남도 무안군 해제면,경상사고,0,0,1,0,차대차 - 기타,중앙선침범,건조,맑음,단일로 - 기타,화물,여,51세,상해없음,화물,남,43세,경상
2020092200100204,2020년 9월 22일 10시,화요일,전라남도 광양시 광양읍,경상사고,0,0,1,0,차대차 - 측면충돌,중앙선침범,건조,흐림,교차로 - 교차로부근,승용,여,48세,상해없음,원동기,남,56세,경상
2020092200100241,2020년 9월 22일 11시,화요일,전라남도 장성군 삼서면,경상사고,0,0,1,0,차대차 - 측면충돌,안전운전불이행,건조,맑음,단일로 - 기타,이륜,남,75세,경상,화물,남,52세,상해없음
2020092200100242,2020년 9월 22일 11시,화요일,전라남도 완도군 고금면,경상사고,0,0,2,0,차대차 - 기타,안전운전불이행,건조,맑음,단일로 - 기타,승용,남,31세,상해없음,이륜,남,80세,경상
2020092200100283,2020년 9월 22일 12시,화요일,전라남도 여수시 미평동,경상사고,0,0,1,0,차대차 - 측면충돌,안전운전불이행,건조,맑음,단일로 - 기타,승용,남,67세,상해없음,이륜,남,33세,경상
2020092200100320,2020년 9월 22일 13시,화요일,전라남도 목포시 산정동,경상사고,0,0,2,0,차대차 - 기타,교차로운행방법위반,건조,맑음,교차로 - 교차로안,승용,여,51세,경상,승용,여,37세,경상
2020092200100321,2020년 9월 22일 13시,화요일,전라남도 목포시 상동,중상사고,0,1,1,0,차대차 - 기타,안전운전불이행,건조,맑음,단일로 - 기타,승용,여,54세,경상,이륜,남,17세,중상
2020092200100322,2020년 9월 22일 13시,화요일,전라남도 담양군 담양읍,경상사고,0,0,1,0,차대차 - 기타,중앙선침범,건조,맑음,단일로 - 기타,승용,여,60세,상해없음,이륜,남,48세,경상
2020092200100355,2020년 9월 22일 14시,화요일,전라남도 해남군 북평면,경상사고,0,0,1,0,차대차 - 기타,안전운전불이행,기타,기타,기타 - 기타,화물,남,73세,기타불명,승용,여,52세,경상
2020092200100405,2020년 9월 22일 15시,화요일,전라남도 여수시 남산동,경상사고,0,0,1,0,차대사람 - 길가장자리구역통행중,안전운전불이행,건조,맑음,교차로 - 교차로안,승용,남,62세,상해없음,보행자,여,71세,경상
2020092200100406,2020년 9월 22일 15시,화요일,전라남도 여수시 서교동,중상사고,0,1,0,0,차량단독 - 기타,안전운전불이행,건조,맑음,단일로 - 기타,승합,남,43세,상해없음,,,,
2020092200100407,2020년 9월 22일 15시,화요일,전라남도 순천시 조례동,경상사고,0,0,4,0,차대차 - 후진중충돌,안전운전불이행,건조,맑음,교차로 - 교차로부근,승용,여,37세,경상,승용,남,62세,경상
2020092200100408,2020년 9월 22일 15시,화요일,전라남도 해남군 화산면,경상사고,0,0,1,0,차대차 - 측면충돌,안전운전불이행,건조,맑음,교차로 - 교차로안,이륜,남,80세,경상,화물,여,50세,상해없음
2020092200100461,2020년 9월 22일 16시,화요일,전라남도 목포시 옥암동,경상사고,0,0,5,0,차대차 - 측면충돌,안전운전불이행,건조,맑음,교차로 - 교차로안,승합,여,53세,상해없음,승용,남,62세,경상
2020092200100462,2020년 9월 22일 16시,화요일,전라남도 목포시 연산동,경상사고,0,0,2,0,차대차 - 기타,안전운전불이행,건조,맑음,단일로 - 기타,승용,남,64세,경상,건설기계,남,39세,경상
2020092200100463,2020년 9월 22일 16시,화요일,전라남도 순천시 해룡면,경상사고,0,0,1,0,차대사람 - 차도통행중,안전운전불이행,건조,맑음,교차로 - 교차로안,화물,남,46세,상해없음,보행자,여,77세,경상
2020092200100464,2020년 9월 22일 16시,화요일,전라남도 순천시 석현동,경상사고,0,0,2,0,차대차 - 측면충돌,교차로운행방법위반,건조,맑음,단일로 - 기타,승용,남,55세,상해없음,승용,여,33세,경상
2020092200100465,2020년 9월 22일 16시,화요일,전라남도 영암군 시종면,중상사고,0,1,2,0,차대차 - 측면충돌,안전운전불이행,건조,맑음,교차로 - 교차로안,승용,남,66세,중상,화물,남,62세,경상
2020092200100516,2020년 9월 22일 17시,화요일,전라남도 목포시 상동,경상사고,0,0,1,0,차대사람 - 기타,안전운전불이행,건조,맑음,단일로 - 기타,승합,여,44세,상해없음,보행자,여,72세,경상
2020092200100517,2020년 9월 22일 17시,화요일,전라남도 여수시 공화동,경상사고,0,0,5,0,차대차 - 기타,교차로운행방법위반,건조,맑음,교차로 - 교차로안,승용,여,41세,경상,승용,남,32세,경상
2020092200100518,2020년 9월 22일 17시,화요일,전라남도 순천시 풍덕동,경상사고,0,0,1,0,차대차 - 추돌,안전거리미확보,건조,맑음,단일로 - 기타,승용,남,28세,상해없음,승용,남,43세,경상
2020092200100519,2020년 9월 22일 17시,화요일,전라남도 영암군 덕진면,중상사고,0,1,0,0,차대차 - 측면충돌,안전운전불이행,건조,맑음,단일로 - 기타,승용,남,63세,상해없음,원동기,남,83세,중상
2020092200100573,2020년 9월 22일 18시,화요일,전라남도 순천시 덕암동,경상사고,0,0,2,0,차대차 - 기타,차로위반,건조,맑음,단일로 - 기타,승용,남,67세,경상,승합,남,43세,경상
2020092200100574,2020년 9월 22일 18시,화요일,전라남도 장흥군 회진면,중상사고,0,1,0,0,차대차 - 측면충돌,안전운전불이행,건조,맑음,단일로 - 기타,화물,남,68세,상해없음,이륜,남,38세,중상
2020092200100575,2020년 9월 22일 18시,화요일,전라남도 무안군 삼향읍,중상사고,0,1,0,0,차대사람 - 횡단중,보행자보호의무위반,건조,맑음,교차로 - 교차로횡단보도내,승용,여,39세,상해없음,보행자,남,9세,중상
2020092200100710,2020년 9월 22일 22시,화요일,전라남도 여수시 신기동,경상사고,0,0,1,0,차대차 - 측면충돌,신호위반,건조,맑음,교차로 - 교차로안,승용,여,40세,상해없음,승용,남,23세,경상
2020092200100733,2020년 9월 22일 23시,화요일,전라남도 장성군 북하면,중상사고,0,2,1,0,차량단독 - 공작물충돌,안전운전불이행,건조,흐림,단일로 - 기타,승용,남,24세,중상,,,,
2020092300100043,2020년 9월 23일 05시,수요일,전라남도 목포시 산정동,경상사고,0,0,1,0,차대차 - 추돌,안전운전불이행,건조,맑음,교차로 - 교차로부근,승용,남,46세,상해없음,승용,남,42세,경상
2020092300100053,2020년 9월 23일 06시,수요일,전라남도 순천시 연향동,경상사고,0,0,1,0,차대차 - 기타,직진우회전진행방해,건조,맑음,교차로 - 교차로안,승용,남,49세,상해없음,화물,남,47세,경상
2020092300100075,2020년 9월 23일 07시,수요일,전라남도 영암군 삼호읍,경상사고,0,0,1,0,차대차 - 측면충돌,안전운전불이행,건조,맑음,단일로 - 기타,자전거,남,33세,경상,승용,남,31세,상해없음
2020092300100114,2020년 9월 23일 08시,수요일,전라남도 여수시 군자동,중상사고,0,1,0,0,차대사람 - 횡단중,보행자보호의무위반,건조,맑음,단일로 - 기타,승용,여,46세,상해없음,보행자,여,68세,중상
2020092300100115,2020년 9월 23일 08시,수요일,전라남도 영암군 영암읍,경상사고,0,0,2,0,차대차 - 측면충돌,교차로운행방법위반,건조,맑음,교차로 - 교차로안,승용,남,50세,경상,승용,남,28세,경상
2020092300100152,2020년 9월 23일 09시,수요일,전라남도 영암군 삼호읍,중상사고,0,1,1,0,차대차 - 측면충돌,신호위반,건조,맑음,교차로 - 교차로안,승용,남,60세,경상,특수,남,46세,중상
2020092300100181,2020년 9월 23일 10시,수요일,전라남도 나주시 빛가람동,중상사고,0,1,0,0,차량단독 - 기타,안전운전불이행,건조,맑음,교차로 - 교차로부근,승합,남,54세,상해없음,,,,