사고번호,사고일시,요일,시군구,사고내용,사망자수,중상자수,경상자수,부상신고자수,사고유형,법규위반,노면상태,기상상태,도로형태,가해운전자 차종,가해운전자 성별,가해운전자 연령,가해운전자 상해정도,피해운전자 차종,피해운전자 성별,피해운전자 연령,피해운전자 상해정도
2020092300100182,2020년 9월 23일 10시,수요일,전라남도 화순군 화순읍,경상사고,0,0,1,0,차대차 - 후진중충돌,안전운전불이행,건조,맑음,주차장 - 주차장,승용,남,70세,상해없음,승용,여,42세,경상
2020092300100221,2020년 9월 23일 11시,수요일,전라남도 여수시 소라면,경상사고,0,0,1,0,차대차 - 추돌,안전운전불이행,건조,맑음,단일로 - 기타,승합,남,39세,상해없음,농기계,남,73세,경상
2020092300100248,2020년 9월 23일 12시,수요일,전라남도 순천시 연향동,경상사고,0,0,3,0,차대차 - 기타,안전운전불이행,건조,맑음,주차장 - 주차장,승용,여,42세,상해없음,승용,여,48세,경상
2020092300100279,2020년 9월 23일 13시,수요일,전라남도 순천시 동외동,중상사고,0,1,0,0,차대사람 - 기타,안전운전불이행,건조,맑음,단일로 - 기타,승용,남,77세,상해없음,보행자,여,45세,중상
2020092300100320,2020년 9월 23일 14시,수요일,전라남도 여수시 학동,경상사고,0,0,2,1,차대차 - 측면충돌,안전운전불이행,건조,맑음,교차로 - 교차로안,승용,남,58세,상해없음,승용,남,40세,경상
2020092300100322,2020년 9월 23일 14시,수요일,전라남도 강진군 작천면,중상사고,0,1,0,0,차대사람 - 기타,안전운전불이행,건조,맑음,기타 - 기타,승용,남,79세,상해없음,보행자,여,79세,중상
2020092300100357,2020년 9월 23일 15시,수요일,전라남도 장성군 삼계면,중상사고,0,1,1,0,차량단독 - 전도전복 - 전복,안전운전불이행,건조,맑음,단일로 - 기타,승용,남,57세,경상,,,,
2020092300100401,2020년 9월 23일 16시,수요일,전라남도 무안군 무안읍,경상사고,0,0,1,0,차대차 - 기타,안전운전불이행,건조,맑음,단일로 - 기타,이륜,남,80세,경상,화물,남,56세,상해없음
2020092300100442,2020년 9월 23일 17시,수요일,전라남도 목포시 상동,경상사고,0,0,1,0,차대차 - 기타,안전운전불이행,건조,맑음,교차로 - 교차로부근,화물,남,65세,상해없음,승용,남,78세,경상
2020092300100443,2020년 9월 23일 17시,수요일,전라남도 광양시 금호동,경상사고,0,0,2,0,차대차 - 측면충돌,안전운전불이행,건조,맑음,교차로 - 교차로안,승용,남,31세,경상,특수,남,39세,경상
2020092300100546,2020년 9월 23일 19시,수요일,전라남도 목포시 옥암동,경상사고,0,0,1,0,차대차 - 측면충돌,중앙선침범,건조,맑음,단일로 - 기타,승용,남,58세,상해없음,이륜,남,21세,경상
2020092300100547,2020년 9월 23일 19시,수요일,전라남도 목포시 옥암동,경상사고,0,0,1,0,차대차 - 기타,직진우회전진행방해,건조,맑음,교차로 - 교차로안,승용,남,44세,상해없음,승용,남,19세,경상
2020092300100548,2020년 9월 23일 19시,수요일,전라남도 순천시 서면,경상사고,0,0,3,0,차대차 - 측면충돌,신호위반,건조,맑음,교차로 - 교차로안,승용,남,54세,경상,승용,남,35세,경상
2020092300100549,2020년 9월 23일 19시,수요일,전라남도 광양시 광양읍,경상사고,0,0,1,0,차대차 - 측면충돌,안전운전불이행,건조,맑음,교차로 - 교차로안,승용,남,25세,상해없음,승용,남,63세,경상
2020092300100587,2020년 9월 23일 20시,수요일,전라남도 순천시 해룡면,중상사고,0,1,1,0,차대차 - 기타,중앙선침범,건조,맑음,단일로 - 기타,이륜,남,33세,중상,이륜,남,48세,경상
2020092300100606,2020년 9월 23일 21시,수요일,전라남도 광양시 마동,경상사고,0,0,1,0,차대차 - 후진중충돌,안전운전불이행,건조,맑음,단일로 - 기타,승용,남,42세,상해없음,승용,여,52세,경상
2020092300100641,2020년 9월 23일 23시,수요일,전라남도 화순군 화순읍,경상사고,0,0,1,1,차대차 - 측면충돌,신호위반,건조,맑음,교차로 - 교차로안,승용,여,29세,부상신고,승용,여,30세,경상
2020092400100008,2020년 9월 24일 00시,목요일,전라남도 목포시 용당동,경상사고,0,0,1,0,차대차 - 추돌,안전운전불이행,건조,맑음,단일로 - 기타,승용,남,27세,상해없음,승용,남,64세,경상
2020092400100009,2020년 9월 24일 00시,목요일,전라남도 순천시 연향동,경상사고,0,0,1,0,차대차 - 추돌,안전운전불이행,건조,맑음,단일로 - 기타,승용,남,59세,상해없음,화물,남,64세,경상
2020092400100091,2020년 9월 24일 07시,목요일,전라남도 해남군 화원면,경상사고,0,0,1,0,차대차 - 기타,차로위반,건조,맑음,교차로 - 교차로부근,승용,남,52세,상해없음,승용,남,32세,경상
2020092400100092,2020년 9월 24일 07시,목요일,전라남도 담양군 봉산면,경상사고,0,0,1,0,차대차 - 측면충돌,교차로운행방법위반,건조,맑음,교차로 - 교차로안,화물,남,66세,상해없음,자전거,남,75세,경상
2020092400100131,2020년 9월 24일 08시,목요일,전라남도 순천시 조례동,경상사고,0,0,1,0,차대차 - 기타,안전거리미확보,건조,맑음,교차로 - 교차로부근,승용,남,64세,상해없음,승용,여,55세,경상
2020092400100132,2020년 9월 24일 08시,목요일,전라남도 장성군 서삼면,경상사고,0,0,1,0,차량단독 - 공작물충돌,안전운전불이행,건조,맑음,단일로 - 기타,승용,남,56세,상해없음,,,,
2020092400100171,2020년 9월 24일 09시,목요일,전라남도 광양시 진상면,중상사고,0,1,0,0,차대사람 - 기타,보행자보호의무위반,건조,기타,기타 - 기타,기타불명,여,79세,상해없음,보행자,남,88세,중상
2020092400100196,2020년 9월 24일 10시,목요일,전라남도 신안군 압해읍,중상사고,0,1,2,0,차대차 - 기타,안전운전불이행,건조,맑음,단일로 - 기타,승용,여,33세,중상,승용,여,54세,경상
2020092400100229,2020년 9월 24일 11시,목요일,전라남도 고흥군 고흥읍,경상사고,0,0,1,0,차대사람 - 기타,안전운전불이행,건조,맑음,단일로 - 기타,승용,여,58세,상해없음,보행자,여,75세,경상
2020092400100230,2020년 9월 24일 11시,목요일,전라남도 화순군 화순읍,중상사고,0,1,0,0,차대사람 - 보도통행중,안전운전불이행,건조,맑음,교차로 - 교차로안,화물,남,56세,상해없음,보행자,남,75세,중상
2020092400100259,2020년 9월 24일 12시,목요일,전라남도 여수시 학동,경상사고,0,0,1,0,차대사람 - 기타,안전운전불이행,건조,맑음,교차로 - 교차로안,기타불명,기타불명,미분류,기타불명,보행자,여,24세,경상
2020092400100260,2020년 9월 24일 12시,목요일,전라남도 보성군 벌교읍,경상사고,0,0,2,0,차대차 - 추돌,안전거리미확보,건조,맑음,교차로 - 교차로부근,승용,남,53세,상해없음,승용,여,64세,경상
2020092400100261,2020년 9월 24일 12시,목요일,전라남도 담양군 고서면,경상사고,0,0,3,0,차대차 - 후진중충돌,안전운전불이행,건조,맑음,기타 - 기타,승용,남,63세,상해없음,승용,남,40세,경상
2020092400100332,2020년 9월 24일 14시,목요일,전라남도 목포시 옥암동,경상사고,0,0,2,0,차대차 - 측면충돌,안전운전불이행,건조,맑음,교차로 - 교차로부근,승용,여,58세,경상,승용,남,36세,경상
2020092400100369,2020년 9월 24일 15시,목요일,전라남도 순천시 상사면,중상사고,0,1,0,0,차량단독 - 공작물충돌,안전운전불이행,건조,맑음,단일로 - 기타,승용,남,41세,중상,,,,
2020092400100370,2020년 9월 24일 15시,목요일,전라남도 영암군 시종면,중상사고,0,1,0,0,차량단독 - 공작물충돌,안전운전불이행,건조,맑음,단일로 - 기타,화물,남,60세,중상,,,,
2020092400100400,2020년 9월 24일 16시,목요일,전라남도 목포시 옥암동,경상사고,0,0,1,0,차대차 - 기타,안전운전불이행,건조,맑음,기타 - 기타,기타불명,기타불명,미분류,기타불명,자전거,여,9세,경상
2020092400100401,2020년 9월 24일 16시,목요일,전라남도 여수시 돌산읍,경상사고,0,0,2,0,차대차 - 정면충돌,중앙선침범,건조,맑음,단일로 - 기타,화물,여,60세,경상,화물,남,59세,경상
2020092400100402,2020년 9월 24일 16시,목요일,전라남도 무안군 해제면,중상사고,0,1,0,0,차대사람 - 횡단중,안전운전불이행,건조,맑음,단일로 - 기타,화물,남,59세,기타불명,보행자,남,79세,중상
2020092400100449,2020년 9월 24일 17시,목요일,전라남도 여수시 호명동,경상사고,0,0,1,0,차대차 - 기타,안전거리미확보,건조,맑음,단일로 - 기타,승용,남,57세,기타불명,승용,남,29세,경상
2020092400100450,2020년 9월 24일 17시,목요일,전라남도 무안군 삼향읍,경상사고,0,0,1,0,차량단독 - 전도전복 - 전도,안전운전불이행,건조,맑음,단일로 - 기타,이륜,남,58세,경상,,,,
2020092400100504,2020년 9월 24일 18시,목요일,전라남도 나주시 빛가람동,경상사고,0,0,1,0,차대차 - 측면충돌,안전운전불이행,건조,맑음,교차로 - 교차로안,화물,남,38세,상해없음,승용,여,42세,경상
2020092400100505,2020년 9월 24일 18시,목요일,전라남도 해남군 북평면,부상신고사고,0,0,0,1,차량단독 - 기타,안전운전불이행,건조,맑음,단일로 - 교량,승용,남,61세,부상신고,,,,
2020092400100549,2020년 9월 24일 19시,목요일,전라남도 순천시 조례동,경상사고,0,0,1,0,차대사람 - 기타,안전운전불이행,건조,맑음,교차로 - 교차로안,화물,남,38세,상해없음,보행자,남,29세,경상
2020092400100597,2020년 9월 24일 20시,목요일,전라남도 장흥군 안양면,경상사고,0,0,1,0,차대차 - 측면충돌,중앙선침범,건조,맑음,단일로 - 기타,승용,여,62세,상해없음,승용,여,34세,경상
2020092400100629,2020년 9월 24일 21시,목요일,전라남도 목포시 옥암동,경상사고,0,0,1,0,차대차 - 측면충돌,신호위반,건조,맑음,교차로 - 교차로안,승용,여,42세,상해없음,승용,여,58세,경상
2020092400100671,2020년 9월 24일 23시,목요일,전라남도 목포시 상동,중상사고,0,1,0,0,차대사람 - 기타,안전운전불이행,건조,기타,기타 - 기타,승용,남,42세,상해없음,보행자,남,41세,중상
2020092500100071,2020년 9월 25일 06시,금요일,전라남도 신안군 지도읍,중상사고,0,1,0,0,차대차 - 기타,안전운전불이행,기타,맑음,단일로 - 기타,화물,남,46세,상해없음,농기계,남,69세,중상
2020092500100093,2020년 9월 25일 07시,금요일,전라남도 여수시 문수동,중상사고,0,1,0,0,차대사람 - 횡단중,신호위반,건조,맑음,교차로 - 교차로횡단보도내,승용,여,54세,상해없음,보행자,남,24세,중상
2020092500100094,2020년 9월 25일 07시,금요일,전라남도 해남군 해남읍,중상사고,0,1,1,0,차대차 - 정면충돌,중앙선침범,건조,맑음,단일로 - 기타,화물,남,61세,중상,특수,남,47세,경상
2020092500100095,2020년 9월 25일 07시,금요일,전라남도 광양시 성황동,경상사고,0,0,1,0,차량단독 - 도로외이탈 - 기타,안전운전불이행,건조,맑음,단일로 - 기타,이륜,남,28세,경상,,,,
2020092500100125,2020년 9월 25일 08시,금요일,전라남도 장성군 삼계면,중상사고,0,1,0,0,차대차 - 정면충돌,안전운전불이행,건조,맑음,교차로 - 교차로안,승용,여,27세,상해없음,이륜,남,74세,중상
2020092500100126,2020년 9월 25일 08시,금요일,전라남도 무안군 운남면,중상사고,0,1,0,0,차대차 - 측면충돌,신호위반,건조,맑음,교차로 - 교차로안,화물,남,38세,상해없음,이륜,남,77세,중상
2020092500100181,2020년 9월 25일 10시,금요일,전라남도 목포시 용해동,중상사고,0,1,1,0,차대차 - 기타,신호위반,건조,맑음,교차로 - 교차로안,이륜,남,51세,중상,승용,여,57세,경상
2020092500100182,2020년 9월 25일 10시,금요일,전라남도 순천시 연향동,경상사고,0,0,1,0,차대차 - 추돌,안전운전불이행,건조,맑음,교차로 - 교차로부근,승용,남,56세,상해없음,승용,남,27세,경상
2020092500100183,2020년 9월 25일 10시,금요일,전라남도 해남군 옥천면,경상사고,0,0,3,0,차대차 - 측면충돌,기타,건조,맑음,교차로 - 교차로안,화물,남,62세,경상,승용,여,62세,경상
2020092500100214,2020년 9월 25일 11시,금요일,전라남도 여수시 봉산동,경상사고,0,0,2,0,차대차 - 측면충돌,안전운전불이행,건조,맑음,교차로 - 교차로안,승용,남,32세,경상,화물,남,28세,경상
2020092500100215,2020년 9월 25일 11시,금요일,전라남도 순천시 조례동,경상사고,0,0,3,0,차대차 - 측면충돌,안전운전불이행,건조,맑음,단일로 - 기타,이륜,남,46세,경상,승용,남,42세,경상
2020092500100216,2020년 9월 25일 11시,금요일,전라남도 담양군 봉산면,사망사고,1,1,0,0,차대차 - 추돌,안전운전불이행,건조,맑음,단일로 - 기타,승용,남,37세,상해없음,농기계,남,74세,중상
2020092500100250,2020년 9월 25일 12시,금요일,전라남도 목포시 석현동,경상사고,0,0,1,0,차대차 - 기타,안전거리미확보,건조,맑음,단일로 - 기타,승합,남,65세,상해없음,승용,남,39세,경상
2020092500100251,2020년 9월 25일 12시,금요일,전라남도 나주시 왕곡면,중상사고,0,1,0,0,차대차 - 추돌,안전운전불이행,건조,맑음,단일로 - 기타,화물,남,57세,상해없음,승용,여,58세,중상
2020092500100284,2020년 9월 25일 13시,금요일,전라남도 장성군 남면,경상사고,0,0,1,0,차대차 - 추돌,안전거리미확보,건조,맑음,단일로 - 기타,승합,남,31세,상해없음,화물,남,50세,경상
2020092500100340,2020년 9월 25일 14시,금요일,전라남도 나주시 봉황면,사망사고,2,0,1,0,차대차 - 정면충돌,중앙선침범,건조,맑음,단일로 - 기타,승용,여,62세,사망,건설기계,남,46세,경상
2020092500100380,2020년 9월 25일 15시,금요일,전라남도 목포시 옥암동,경상사고,0,0,3,0,차대차 - 기타,안전운전불이행,건조,맑음,단일로 - 기타,승용,여,58세,경상,화물,남,24세,경상
2020092500100381,2020년 9월 25일 15시,금요일,전라남도 여수시 학동,경상사고,0,0,1,0,차대차 - 측면충돌,안전운전불이행,건조,맑음,교차로 - 교차로부근,승용,남,65세,상해없음,승용,여,63세,경상
2020092500100429,2020년 9월 25일 16시,금요일,전라남도 목포시 상동,경상사고,0,0,1,0,차대사람 - 기타,안전운전불이행,건조,맑음,단일로 - 기타,승용,여,73세,상해없음,보행자,여,71세,경상
2020092500100430,2020년 9월 25일 16시,금요일,전라남도 여수시 여서동,경상사고,0,0,2,0,차대차 - 기타,안전운전불이행,건조,맑음,단일로 - 기타,승용,남,69세,상해없음,승용,여,39세,경상
2020092500100431,2020년 9월 25일 16시,금요일,전라남도 보성군 벌교읍,경상사고,0,0,1,0,차대차 - 기타,안전운전불이행,건조,맑음,단일로 - 기타,화물,남,52세,상해없음,원동기,남,76세,상해없음
2020092500100432,2020년 9월 25일 16시,금요일,전라남도 화순군 화순읍,경상사고,0,0,1,0,차대차 - 측면충돌,교차로운행방법위반,건조,맑음,교차로 - 교차로안,승용,남,55세,상해없음,승용,여,34세,경상
2020092500100560,2020년 9월 25일 18시,금요일,전라남도 여수시 학동,경상사고,0,0,1,0,차대차 - 후진중충돌,안전운전불이행,건조,맑음,단일로 - 기타,화물,남,63세,상해없음,이륜,남,25세,경상
2020092500100561,2020년 9월 25일 18시,금요일,전라남도 순천시 매곡동,경상사고,0,0,1,0,차대차 - 기타,안전운전불이행,건조,맑음,단일로 - 기타,승용,남,57세,상해없음,자전거,남,77세,경상
2020092500100621,2020년 9월 25일 19시,금요일,전라남도 목포시 산정동,경상사고,0,0,2,0,차대차 - 기타,안전운전불이행,건조,맑음,교차로 - 교차로안,화물,남,47세,상해없음,승용,남,38세,경상
2020092500100622,2020년 9월 25일 19시,금요일,전라남도 영암군 삼호읍,경상사고,0,0,1,0,차대사람 - 차도통행중,안전운전불이행,건조,맑음,기타 - 기타,승용,여,26세,상해없음,보행자,남,34세,경상
2020092500100623,2020년 9월 25일 19시,금요일,전라남도 무안군 무안읍,중상사고,0,1,0,0,차대차 - 측면충돌,안전운전불이행,건조,기타,기타 - 기타,승용,남,54세,상해없음,자전거,남,50세,중상
2020092500100729,2020년 9월 25일 22시,금요일,전라남도 여수시 광무동,경상사고,0,0,1,0,차대차 - 기타,안전운전불이행,건조,맑음,교차로 - 교차로부근,기타불명,기타불명,미분류,기타불명,승합,남,61세,상해없음
2020092600100044,2020년 9월 26일 03시,토요일,전라남도 여수시 여서동,경상사고,0,0,2,0,차대차 - 추돌,안전운전불이행,건조,맑음,단일로 - 기타,승용,남,36세,상해없음,승용,남,64세,경상
2020092600100045,2020년 9월 26일 03시,토요일,전라남도 여수시 학동,경상사고,0,0,1,0,차대차 - 측면충돌,안전운전불이행,건조,맑음,교차로 - 교차로안,승용,남,24세,상해없음,승용,여,29세,경상
2020092600100056,2020년 9월 26일 04시,토요일,전라남도 무안군 무안읍,중상사고,0,1,1,0,차대차 - 기타,안전운전불이행,건조,맑음,교차로 - 교차로안,승용,여,52세,경상,승용,남,48세,상해없음
2020092600100096,2020년 9월 26일 07시,토요일,전라남도 여수시 주삼동,중상사고,0,1,0,0,차대차 - 기타,교차로운행방법위반,건조,맑음,기타 - 기타,승용,남,43세,상해없음,이륜,남,47세,중상
2020092600100097,2020년 9월 26일 07시,토요일,전라남도 곡성군 옥과면,부상신고사고,0,0,0,1,차대차 - 추돌,안전거리미확보,건조,맑음,단일로 - 기타,화물,남,56세,상해없음,승용,남,60세,부상신고
2020092600100123,2020년 9월 26일 08시,토요일,전라남도 목포시 산정동,경상사고,0,0,1,0,차대차 - 측면충돌,안전운전불이행,건조,맑음,단일로 - 기타,승용,여,58세,상해없음,화물,남,26세,경상
2020092600100124,2020년 9월 26일 08시,토요일,전라남도 목포시 상동,경상사고,0,0,1,0,차대사람 - 기타,안전운전불이행,건조,맑음,교차로 - 교차로안,승용,남,22세,상해없음,보행자,남,40세,경상
2020092600100125,2020년 9월 26일 08시,토요일,전라남도 광양시 광양읍,경상사고,0,0,6,0,차대차 - 측면충돌,직진우회전진행방해,건조,맑음,교차로 - 교차로안,승용,여,54세,경상,승합,남,26세,경상
2020092600100184,2020년 9월 26일 10시,토요일,전라남도 여수시 문수동,경상사고,0,0,1,0,차대차 - 추돌,안전거리미확보,건조,맑음,교차로 - 교차로부근,화물,남,28세,상해없음,승용,여,27세,경상
2020092600100185,2020년 9월 26일 10시,토요일,전라남도 순천시 장천동,경상사고,0,0,1,0,차대사람 - 차도통행중,안전운전불이행,건조,맑음,단일로 - 기타,화물,남,60세,상해없음,보행자,남,54세,경상
2020092600100186,2020년 9월 26일 10시,토요일,전라남도 순천시 연향동,중상사고,0,1,1,0,차대차 - 측면충돌,직진우회전진행방해,건조,맑음,교차로 - 교차로안,이륜,남,75세,중상,승용,여,27세,경상
2020092600100187,2020년 9월 26일 10시,토요일,전라남도 진도군 진도읍,경상사고,0,0,1,0,차대차 - 기타,안전운전불이행,건조,맑음,기타 - 기타,화물,남,36세,상해없음,승용,여,45세,경상
2020092600100239,2020년 9월 26일 11시,토요일,전라남도 목포시 산정동,중상사고,0,1,0,0,차대차 - 측면충돌,안전운전불이행,건조,맑음,단일로 - 기타,화물,남,63세,상해없음,승용,여,58세,중상
2020092600100240,2020년 9월 26일 11시,토요일,전라남도 순천시 풍덕동,경상사고,0,0,1,0,차대차 - 기타,교차로운행방법위반,건조,맑음,기타 - 기타,승용,남,74세,상해없음,승용,남,65세,상해없음
2020092600100241,2020년 9월 26일 11시,토요일,전라남도 광양시 중동,경상사고,0,0,1,0,차대차 - 측면충돌,안전운전불이행,건조,맑음,단일로 - 기타,승용,남,46세,상해없음,이륜,남,38세,경상
2020092600100282,2020년 9월 26일 12시,토요일,전라남도 목포시 상락동2가,경상사고,0,0,1,0,차대차 - 기타,안전운전불이행,건조,맑음,단일로 - 기타,승합,남,60세,상해없음,승용,여,59세,경상
2020092600100373,2020년 9월 26일 14시,토요일,전라남도 목포시 상동,경상사고,0,0,2,0,차대차 - 측면충돌,안전운전불이행,건조,맑음,단일로 - 기타,승용,남,28세,상해없음,승용,남,36세,상해없음
2020092600100417,2020년 9월 26일 15시,토요일,전라남도 함평군 함평읍,경상사고,0,0,1,0,차대차 - 추돌,안전운전불이행,건조,맑음,단일로 - 기타,화물,남,58세,상해없음,승용,남,34세,경상
2020092600100418,2020년 9월 26일 15시,토요일,전라남도 순천시 풍덕동,중상사고,0,1,0,0,차대사람 - 보도통행중,교차로운행방법위반,건조,맑음,교차로 - 교차로안,승용,남,24세,상해없음,보행자,남,76세,중상
2020092600100464,2020년 9월 26일 16시,토요일,전라남도 여수시 여서동,경상사고,0,0,3,0,차대차 - 측면충돌,안전운전불이행,건조,맑음,단일로 - 기타,승용,남,66세,경상,승용,남,31세,경상
2020092600100466,2020년 9월 26일 16시,토요일,전라남도 순천시 연향동,경상사고,0,0,1,0,차대사람 - 기타,안전운전불이행,건조,맑음,기타 - 기타,화물,남,31세,상해없음,보행자,남,6세,경상
2020092600100467,2020년 9월 26일 16시,토요일,전라남도 나주시 안창동,중상사고,0,2,2,0,차대차 - 측면충돌,직진우회전진행방해,건조,맑음,교차로 - 교차로안,승용,여,51세,경상,승용,남,72세,중상
2020092600100508,2020년 9월 26일 17시,토요일,전라남도 목포시 용해동,경상사고,0,0,1,0,차대차 - 기타,안전운전불이행,건조,맑음,교차로 - 교차로부근,승용,남,70세,상해없음,승용,여,43세,경상
2020092600100509,2020년 9월 26일 17시,토요일,전라남도 목포시 용당동,경상사고,0,0,4,0,차대차 - 기타,직진우회전진행방해,건조,맑음,교차로 - 교차로안,승용,여,46세,경상,승용,여,51세,경상
2020092600100549,2020년 9월 26일 18시,토요일,전라남도 여수시 둔덕동,경상사고,0,0,1,0,차대차 - 측면충돌,안전거리미확보,건조,맑음,단일로 - 기타,원동기,남,55세,상해없음,승용,남,36세,경상
2020092600100634,2020년 9월 26일 20시,토요일,전라남도 여수시 신월동,경상사고,0,0,2,0,차대차 - 측면충돌,안전운전불이행,건조,맑음,단일로 - 기타,승용,여,37세,상해없음,승용,남,60세,경상
2020092600100658,2020년 9월 26일 21시,토요일,전라남도 여수시 선원동,중상사고,0,1,0,0,차대사람 - 기타,안전운전불이행,젖음/습기,비,교차로 - 교차로부근,승용,남,44세,상해없음,보행자,남,54세,중상
2020092600100698,2020년 9월 26일 23시,토요일,전라남도 순천시 인월동,경상사고,0,0,1,0,차대차 - 측면충돌,안전운전불이행,건조,맑음,교차로 - 교차로부근,화물,남,54세,경상,승용,남,49세,기타불명
2020092700100010,2020년 9월 27일 00시,일요일,전라남도 여수시 국동,경상사고,0,0,1,0,차대차 - 추돌,안전운전불이행,건조,맑음,교차로 - 교차로부근,화물,남,60세,상해없음,승용,남,66세,경상
2020092700100033,2020년 9월 27일 01시,일요일,전라남도 여수시 소호동,경상사고,0,0,1,0,차대차 - 측면충돌,안전운전불이행,건조,맑음,단일로 - 기타,승용,남,41세,상해없음,이륜,남,60세,경상
2020092700100053,2020년 9월 27일 03시,일요일,전라남도 목포시 산정동,경상사고,0,0,4,0,차대차 - 기타,교차로운행방법위반,건조,맑음,교차로 - 교차로안,승용,여,30세,경상,승용,남,45세,경상
2020092700100060,2020년 9월 27일 04시,일요일,전라남도 여수시 만흥동,중상사고,0,1,0,0,차량단독 - 공작물충돌,안전운전불이행,건조,맑음,교차로 - 교차로안,승용,남,40세,상해없음,,,,
2020092700100081,2020년 9월 27일 06시,일요일,전라남도 해남군 황산면,사망사고,1,0,0,0,차대차 - 기타,기타,건조,맑음,단일로 - 기타,이륜,남,60세,사망,화물,남,55세,기타불명
2020092700100095,2020년 9월 27일 07시,일요일,전라남도 여수시 교동,중상사고,0,1,0,0,차대사람 - 횡단중,안전운전불이행,건조,맑음,단일로 - 기타,이륜,남,66세,상해없음,보행자,여,68세,중상
2020092700100109,2020년 9월 27일 08시,일요일,전라남도 순천시 조곡동,경상사고,0,0,1,0,차대차 - 기타,안전운전불이행,건조,맑음,교차로 - 교차로횡단보도내,화물,남,63세,상해없음,이륜,남,30세,경상
2020092700100202,2020년 9월 27일 12시,일요일,전라남도 영암군 미암면,경상사고,0,0,1,0,차량단독 - 기타,안전운전불이행,건조,맑음,교차로 - 교차로안,화물,남,41세,경상,,,,
2020092700100277,2020년 9월 27일 14시,일요일,전라남도 여수시 화정면,경상사고,0,0,1,0,차대차 - 측면충돌,안전운전불이행,건조,맑음,단일로 - 기타,화물,남,44세,경상,승용,남,52세,기타불명
2020092700100278,2020년 9월 27일 14시,일요일,전라남도 화순군 화순읍,경상사고,0,0,3,0,차대차 - 측면충돌,교차로운행방법위반,건조,맑음,교차로 - 교차로안,승용,남,82세,경상,승용,남,68세,경상
2020092700100314,2020년 9월 27일 15시,일요일,전라남도 보성군 벌교읍,경상사고,0,0,2,0,차대차 - 측면충돌,중앙선침범,건조,맑음,단일로 - 기타,이륜,남,49세,상해없음,이륜,남,47세,경상
2020092700100355,2020년 9월 27일 16시,일요일,전라남도 무안군 삼향읍,중상사고,0,2,0,0,차대차 - 추돌,안전운전불이행,건조,맑음,기타 - 기타,승용,남,62세,상해없음,승용,남,43세,상해없음
2020092700100431,2020년 9월 27일 18시,일요일,전라남도 여수시 돌산읍,사망사고,1,0,0,0,차대사람 - 횡단중,과속,건조,맑음,단일로 - 기타,승용,남,60세,상해없음,보행자,남,77세,사망
2020092700100432,2020년 9월 27일 18시,일요일,전라남도 순천시 해룡면,경상사고,0,0,4,0,차대차 - 측면충돌,안전거리미확보,건조,맑음,단일로 - 기타,승용,남,65세,상해없음,승용,남,48세,경상
2020092700100460,2020년 9월 27일 19시,일요일,전라남도 함평군 월야면,부상신고사고,0,0,0,1,차량단독 - 기타,안전운전불이행,건조,맑음,단일로 - 기타,이륜,남,60세,부상신고,,,,
2020092700100461,2020년 9월 27일 19시,일요일,전라남도 광양시 중동,경상사고,0,0,1,0,차대사람 - 횡단중,신호위반,건조,맑음,교차로 - 교차로안,이륜,남,23세,상해없음,보행자,여,34세,경상
2020092800100006,2020년 9월 28일 00시,월요일,전라남도 목포시 용당동,사망사고,1,0,0,0,차대사람 - 횡단중,안전운전불이행,건조,맑음,교차로 - 교차로부근,승용,남,68세,상해없음,보행자,남,41세,사망
2020092800100011,2020년 9월 28일 01시,월요일,전라남도 목포시 석현동,중상사고,0,1,2,0,차대차 - 기타,신호위반,건조,맑음,교차로 - 교차로안,승용,남,20세,상해없음,승용,남,19세,경상
2020092800100034,2020년 9월 28일 05시,월요일,전라남도 완도군 고금면,사망사고,1,0,0,0,차대사람 - 횡단중,안전운전불이행,건조,맑음,단일로 - 기타,승용,여,50세,상해없음,보행자,여,81세,사망
2020092800100106,2020년 9월 28일 08시,월요일,전라남도 여수시 율촌면,경상사고,0,0,4,0,차대차 - 추돌,안전운전불이행,건조,맑음,단일로 - 터널,화물,남,31세,상해없음,승용,남,50세,경상
2020092800100107,2020년 9월 28일 08시,월요일,전라남도 순천시 가곡동,경상사고,0,0,1,0,차대차 - 측면충돌,차로위반,건조,맑음,단일로 - 기타,승용,남,53세,상해없음,승용,여,30세,경상
2020092800100108,2020년 9월 28일 08시,월요일,전라남도 나주시 금천면,경상사고,0,0,2,0,차대차 - 측면충돌,신호위반,건조,맑음,교차로 - 교차로안,화물,남,64세,경상,건설기계,남,49세,경상
2020092800100109,2020년 9월 28일 08시,월요일,전라남도 완도군 고금면,중상사고,0,1,1,0,차대차 - 추돌,안전거리미확보,건조,맑음,단일로 - 기타,화물,남,72세,상해없음,승용,남,49세,경상
2020092800100110,2020년 9월 28일 08시,월요일,전라남도 강진군 병영면,중상사고,0,1,0,0,차대사람 - 횡단중,안전운전불이행,건조,맑음,단일로 - 기타,승용,여,64세,상해없음,보행자,남,87세,중상
2020092800100111,2020년 9월 28일 08시,월요일,전라남도 무안군 운남면,경상사고,0,0,1,0,차대차 - 정면충돌,중앙선침범,건조,맑음,기타 - 기타,이륜,남,57세,경상,승용,여,39세,상해없음