사고번호,사고일시,요일,시군구,사고내용,사망자수,중상자수,경상자수,부상신고자수,사고유형,법규위반,노면상태,기상상태,도로형태,가해운전자 차종,가해운전자 성별,가해운전자 연령,가해운전자 상해정도,피해운전자 차종,피해운전자 성별,피해운전자 연령,피해운전자 상해정도
2020092800100154,2020년 9월 28일 09시,월요일,전라남도 여수시 봉계동,중상사고,0,1,0,0,차량단독 - 전도전복 - 전복,안전운전불이행,건조,맑음,단일로 - 기타,승용,여,55세,중상,,,,
2020092800100155,2020년 9월 28일 09시,월요일,전라남도 장흥군 관산읍,경상사고,0,0,2,0,차대사람 - 기타,안전운전불이행,건조,맑음,단일로 - 기타,이륜,남,79세,경상,보행자,여,78세,경상
2020092800100188,2020년 9월 28일 10시,월요일,전라남도 화순군 화순읍,경상사고,0,0,2,0,차대차 - 측면충돌,직진우회전진행방해,건조,맑음,교차로 - 교차로안,승용,여,72세,경상,승용,남,76세,상해없음
2020092800100233,2020년 9월 28일 11시,월요일,전라남도 목포시 죽교동,경상사고,0,0,1,0,차대차 - 기타,안전운전불이행,건조,맑음,교차로 - 교차로안,이륜,남,73세,경상,승용,남,46세,상해없음
2020092800100234,2020년 9월 28일 11시,월요일,전라남도 영광군 백수읍,중상사고,0,1,2,0,차대차 - 측면충돌,중앙선침범,건조,맑음,단일로 - 기타,화물,남,71세,경상,화물,남,51세,중상
2020092800100287,2020년 9월 28일 12시,월요일,전라남도 순천시 장천동,경상사고,0,0,2,0,차대차 - 추돌,안전운전불이행,건조,맑음,교차로 - 교차로부근,승용,남,89세,상해없음,승용,남,73세,경상
2020092800100338,2020년 9월 28일 13시,월요일,전라남도 목포시 용해동,경상사고,0,0,1,0,차대사람 - 기타,신호위반,건조,맑음,교차로 - 교차로안,승용,여,66세,상해없음,보행자,여,24세,경상
2020092800100339,2020년 9월 28일 13시,월요일,전라남도 보성군 보성읍,경상사고,0,0,3,0,차대차 - 측면충돌,직진우회전진행방해,건조,맑음,교차로 - 교차로안,승용,남,26세,상해없음,승용,남,46세,경상
2020092800100389,2020년 9월 28일 14시,월요일,전라남도 무안군 삼향읍,경상사고,0,0,2,0,차대차 - 측면충돌,직진우회전진행방해,건조,맑음,교차로 - 교차로안,승용,여,47세,경상,승용,남,53세,경상
2020092800100443,2020년 9월 28일 15시,월요일,전라남도 담양군 담양읍,경상사고,0,0,2,0,차대차 - 측면충돌,직진우회전진행방해,건조,맑음,교차로 - 교차로부근,승용,여,32세,상해없음,승용,남,67세,경상
2020092800100444,2020년 9월 28일 15시,월요일,전라남도 구례군 구례읍,경상사고,0,0,1,0,차대차 - 추돌,교차로운행방법위반,건조,맑음,교차로 - 교차로안,승용,남,57세,상해없음,화물,남,55세,경상
2020092800100499,2020년 9월 28일 16시,월요일,전라남도 여수시 국동,경상사고,0,0,1,0,차대차 - 기타,교차로운행방법위반,건조,맑음,교차로 - 교차로안,승용,남,61세,상해없음,승용,여,40세,경상
2020092800100500,2020년 9월 28일 16시,월요일,전라남도 여수시 돌산읍,경상사고,0,0,2,0,차대차 - 기타,직진우회전진행방해,건조,맑음,교차로 - 교차로안,승용,남,39세,상해없음,승용,남,57세,경상
2020092800100501,2020년 9월 28일 16시,월요일,전라남도 해남군 화산면,사망사고,1,1,0,0,차량단독 - 공작물충돌,안전운전불이행,건조,맑음,단일로 - 기타,승용,여,59세,중상,,,,
2020092800100502,2020년 9월 28일 16시,월요일,전라남도 영광군 영광읍,중상사고,0,1,0,0,차대사람 - 기타,안전운전불이행,건조,맑음,기타 - 기타,승용,여,54세,상해없음,보행자,남,82세,중상
2020092800100503,2020년 9월 28일 16시,월요일,전라남도 장성군 황룡면,경상사고,0,0,1,0,차대차 - 추돌,안전운전불이행,건조,맑음,단일로 - 기타,승합,남,64세,상해없음,승용,여,74세,경상
2020092800100567,2020년 9월 28일 17시,월요일,전라남도 목포시 산정동,중상사고,0,1,0,0,차대차 - 기타,안전운전불이행,건조,맑음,교차로 - 교차로부근,자전거,남,39세,중상,승합,남,55세,상해없음
2020092800100568,2020년 9월 28일 17시,월요일,전라남도 목포시 산정동,경상사고,0,0,1,0,차대사람 - 횡단중,안전운전불이행,건조,맑음,단일로 - 기타,승용,남,41세,상해없음,보행자,남,36세,경상
2020092800100569,2020년 9월 28일 17시,월요일,전라남도 목포시 산정동,중상사고,0,1,0,0,차대차 - 기타,안전운전불이행,건조,맑음,단일로 - 기타,건설기계,남,61세,중상,승용,여,73세,기타불명
2020092800100570,2020년 9월 28일 17시,월요일,전라남도 신안군 압해읍,경상사고,0,0,1,0,차대차 - 기타,안전운전불이행,건조,맑음,단일로 - 기타,화물,남,43세,상해없음,승용,여,60세,경상
2020092800100571,2020년 9월 28일 17시,월요일,전라남도 여수시 소호동,경상사고,0,0,1,0,차대차 - 측면충돌,교차로운행방법위반,건조,맑음,교차로 - 교차로안,이륜,남,49세,상해없음,승용,남,46세,경상
2020092800100572,2020년 9월 28일 17시,월요일,전라남도 순천시 해룡면,중상사고,0,1,0,0,차대차 - 추돌,안전운전불이행,건조,맑음,단일로 - 기타,승용,여,22세,상해없음,승합,남,53세,중상
2020092800100573,2020년 9월 28일 17시,월요일,전라남도 광양시 중동,중상사고,0,1,1,0,차대사람 - 횡단중,보행자보호의무위반,건조,맑음,단일로 - 기타,승용,남,38세,상해없음,보행자,여,43세,중상
2020092800100632,2020년 9월 28일 18시,월요일,전라남도 순천시 조례동,중상사고,0,1,0,0,차대사람 - 기타,안전운전불이행,건조,맑음,단일로 - 기타,승용,남,54세,상해없음,보행자,여,17세,중상
2020092800100699,2020년 9월 28일 19시,월요일,전라남도 순천시 해룡면,경상사고,0,0,1,0,차량단독 - 기타,안전운전불이행,건조,맑음,단일로 - 기타,이륜,남,58세,경상,,,,
2020092800100700,2020년 9월 28일 19시,월요일,전라남도 광양시 황길동,경상사고,0,0,1,0,차대차 - 후진중충돌,안전운전불이행,건조,맑음,교차로 - 교차로부근,특수,남,59세,상해없음,특수,남,52세,경상
2020092800100729,2020년 9월 28일 20시,월요일,전라남도 영광군 영광읍,중상사고,0,1,0,0,차대사람 - 횡단중,안전운전불이행,건조,맑음,단일로 - 기타,승용,남,58세,상해없음,보행자,여,61세,중상
2020092900100014,2020년 9월 29일 00시,화요일,전라남도 광양시 중동,중상사고,0,1,0,0,차대차 - 측면충돌,안전운전불이행,건조,맑음,교차로 - 교차로안,승용,남,18세,상해없음,이륜,남,55세,중상
2020092900100035,2020년 9월 29일 03시,화요일,전라남도 강진군 강진읍,중상사고,0,1,0,0,차대사람 - 기타,안전운전불이행,건조,맑음,주차장 - 주차장,승용,남,18세,상해없음,보행자,남,17세,중상
2020092900100044,2020년 9월 29일 04시,화요일,전라남도 순천시 조례동,경상사고,0,0,2,0,차대차 - 기타,직진우회전진행방해,건조,맑음,교차로 - 교차로안,승용,남,49세,상해없음,승용,여,56세,상해없음
2020092900100064,2020년 9월 29일 06시,화요일,전라남도 여수시 학동,경상사고,0,0,1,0,차대차 - 측면충돌,안전운전불이행,건조,맑음,단일로 - 기타,승용,남,64세,상해없음,승용,남,24세,경상
2020092900100065,2020년 9월 29일 06시,화요일,전라남도 무안군 운남면,경상사고,0,0,1,0,차대차 - 추돌,안전운전불이행,건조,기타,단일로 - 기타,승용,남,34세,상해없음,농기계,남,59세,경상
2020092900100111,2020년 9월 29일 08시,화요일,전라남도 여수시 여서동,중상사고,0,1,0,0,차대사람 - 횡단중,보행자보호의무위반,건조,맑음,교차로 - 교차로횡단보도내,승용,남,43세,상해없음,보행자,여,61세,중상
2020092900100152,2020년 9월 29일 09시,화요일,전라남도 장흥군 용산면,중상사고,0,1,1,0,차량단독 - 공작물충돌,안전운전불이행,건조,맑음,단일로 - 기타,화물,남,68세,경상,,,,
2020092900100153,2020년 9월 29일 09시,화요일,전라남도 해남군 황산면,경상사고,0,0,1,0,차대사람 - 횡단중,안전운전불이행,건조,맑음,교차로 - 교차로부근,승용,남,72세,기타불명,보행자,여,9세,경상
2020092900100154,2020년 9월 29일 09시,화요일,전라남도 영암군 학산면,중상사고,0,1,0,0,차대차 - 측면충돌,안전운전불이행,건조,맑음,단일로 - 기타,화물,남,68세,상해없음,이륜,남,69세,중상
2020092900100155,2020년 9월 29일 09시,화요일,전라남도 영암군 학산면,경상사고,0,0,2,0,차대차 - 측면충돌,안전운전불이행,건조,맑음,교차로 - 교차로안,승용,남,70세,상해없음,화물,남,71세,경상
2020092900100193,2020년 9월 29일 10시,화요일,전라남도 목포시 상동,경상사고,0,0,1,0,차대사람 - 횡단중,안전운전불이행,건조,맑음,단일로 - 기타,승용,여,38세,상해없음,보행자,여,64세,경상
2020092900100194,2020년 9월 29일 10시,화요일,전라남도 목포시 산정동,중상사고,0,2,0,0,차대차 - 측면충돌,안전운전불이행,건조,맑음,단일로 - 기타,화물,남,62세,상해없음,이륜,남,66세,중상
2020092900100195,2020년 9월 29일 10시,화요일,전라남도 장흥군 장평면,경상사고,0,0,4,0,차대차 - 측면충돌,직진우회전진행방해,건조,맑음,교차로 - 교차로안,승용,여,62세,경상,이륜,남,78세,경상
2020092900100196,2020년 9월 29일 10시,화요일,전라남도 고흥군 도양읍,경상사고,0,0,2,0,차대차 - 정면충돌,중앙선침범,건조,맑음,단일로 - 기타,화물,남,65세,경상,승용,남,24세,경상
2020092900100276,2020년 9월 29일 12시,화요일,전라남도 보성군 미력면,경상사고,0,0,1,0,차대차 - 정면충돌,중앙선침범,건조,맑음,교차로 - 교차로부근,자전거,남,69세,경상,이륜,남,33세,상해없음
2020092900100277,2020년 9월 29일 12시,화요일,전라남도 영암군 신북면,경상사고,0,0,3,0,차대차 - 추돌,안전운전불이행,건조,맑음,교차로 - 교차로부근,승용,남,61세,상해없음,승용,여,51세,경상
2020092900100325,2020년 9월 29일 13시,화요일,전라남도 나주시 송월동,경상사고,0,0,1,0,차대차 - 기타,교차로운행방법위반,건조,맑음,교차로 - 교차로안,승용,남,25세,상해없음,이륜,남,53세,경상
2020092900100383,2020년 9월 29일 14시,화요일,전라남도 목포시 용당동,경상사고,0,0,1,0,차대차 - 측면충돌,중앙선침범,건조,맑음,단일로 - 기타,화물,남,59세,상해없음,이륜,남,35세,경상
2020092900100384,2020년 9월 29일 14시,화요일,전라남도 목포시 동명동,중상사고,0,1,1,0,차대차 - 기타,안전운전불이행,건조,맑음,단일로 - 기타,승용,여,67세,중상,승용,여,52세,경상
2020092900100385,2020년 9월 29일 14시,화요일,전라남도 목포시 옥암동,경상사고,0,0,1,0,차대차 - 추돌,안전운전불이행,건조,맑음,단일로 - 지하차도(도로)내,승용,남,51세,상해없음,화물,남,52세,경상
2020092900100386,2020년 9월 29일 14시,화요일,전라남도 여수시 광무동,경상사고,0,0,1,0,차대차 - 기타,안전운전불이행,건조,맑음,단일로 - 기타,승용,남,56세,상해없음,이륜,남,19세,경상
2020092900100387,2020년 9월 29일 14시,화요일,전라남도 광양시 광양읍,경상사고,0,0,1,0,차대차 - 추돌,안전운전불이행,건조,맑음,교차로 - 교차로부근,승용,남,55세,상해없음,승용,여,50세,경상
2020092900100443,2020년 9월 29일 15시,화요일,전라남도 여수시 신기동,경상사고,0,0,1,0,차대차 - 기타,중앙선침범,건조,맑음,단일로 - 기타,승용,남,76세,상해없음,승용,남,29세,경상
2020092900100444,2020년 9월 29일 15시,화요일,전라남도 나주시 빛가람동,중상사고,0,1,1,0,차대차 - 정면충돌,신호위반,건조,맑음,교차로 - 교차로안,승용,여,45세,경상,승용,남,39세,중상
2020092900100445,2020년 9월 29일 15시,화요일,전라남도 장성군 장성읍,경상사고,0,0,1,0,차대차 - 측면충돌,안전운전불이행,건조,맑음,교차로 - 교차로안,화물,남,52세,상해없음,자전거,여,57세,경상
2020092900100501,2020년 9월 29일 16시,화요일,전라남도 여수시 돌산읍,경상사고,0,0,2,0,차대차 - 측면충돌,안전운전불이행,건조,맑음,교차로 - 교차로안,승용,남,77세,경상,승용,남,45세,경상
2020092900100502,2020년 9월 29일 16시,화요일,전라남도 화순군 동면,경상사고,0,0,2,0,차대차 - 추돌,안전운전불이행,건조,맑음,단일로 - 기타,승용,남,61세,상해없음,승용,남,27세,경상
2020092900100503,2020년 9월 29일 16시,화요일,전라남도 함평군 함평읍,경상사고,0,0,1,0,차대차 - 후진중충돌,안전운전불이행,건조,맑음,단일로 - 기타,승용,남,77세,상해없음,승용,남,38세,경상
2020092900100504,2020년 9월 29일 16시,화요일,전라남도 광양시 태인동,경상사고,0,0,2,0,차대차 - 측면충돌,교차로운행방법위반,건조,맑음,교차로 - 교차로안,승용,남,67세,경상,건설기계,남,52세,경상
2020092900100618,2020년 9월 29일 18시,화요일,전라남도 목포시 옥암동,경상사고,0,0,1,0,차대차 - 측면충돌,교차로운행방법위반,건조,맑음,교차로 - 교차로안,이륜,남,19세,기타불명,승용,여,25세,경상
2020092900100619,2020년 9월 29일 18시,화요일,전라남도 여수시 둔덕동,경상사고,0,0,1,0,차대차 - 측면충돌,교차로운행방법위반,건조,맑음,단일로 - 기타,승용,남,46세,상해없음,승용,남,44세,경상
2020092900100620,2020년 9월 29일 18시,화요일,전라남도 장흥군 장흥읍,경상사고,0,0,1,0,차대차 - 측면충돌,안전운전불이행,건조,맑음,주차장 - 주차장,화물,남,44세,상해없음,승용,여,21세,경상
2020092900100621,2020년 9월 29일 18시,화요일,전라남도 영광군 영광읍,중상사고,0,2,0,0,차대차 - 측면충돌,직진우회전진행방해,건조,맑음,교차로 - 교차로안,승용,여,60세,중상,승용,여,41세,중상
2020092900100622,2020년 9월 29일 18시,화요일,전라남도 완도군 완도읍,사망사고,1,0,0,0,차대사람 - 기타,안전운전불이행,건조,맑음,단일로 - 기타,화물,남,38세,상해없음,보행자,남,73세,사망
2020092900100623,2020년 9월 29일 18시,화요일,전라남도 완도군 완도읍,경상사고,0,0,2,0,차대차 - 추돌,안전운전불이행,건조,맑음,단일로 - 기타,화물,남,74세,상해없음,승용,남,66세,경상
2020092900100679,2020년 9월 29일 19시,화요일,전라남도 목포시 상동,부상신고사고,0,0,0,1,차대차 - 기타,신호위반,건조,흐림,교차로 - 교차로안,원동기,남,60세,부상신고,승용,여,45세,상해없음
2020092900100680,2020년 9월 29일 19시,화요일,전라남도 순천시 연향동,경상사고,0,0,1,0,차대차 - 측면충돌,신호위반,건조,맑음,교차로 - 교차로횡단보도내,승용,여,27세,상해없음,자전거,여,23세,경상
2020092900100681,2020년 9월 29일 19시,화요일,전라남도 순천시 해룡면,경상사고,0,0,1,0,차대차 - 정면충돌,교차로운행방법위반,건조,맑음,교차로 - 교차로안,승용,남,45세,상해없음,승용,여,66세,경상
2020092900100732,2020년 9월 29일 20시,화요일,전라남도 목포시 상동,경상사고,0,0,2,0,차대차 - 측면충돌,안전운전불이행,건조,맑음,교차로 - 교차로안,승용,남,71세,상해없음,승용,여,43세,경상
2020092900100733,2020년 9월 29일 20시,화요일,전라남도 완도군 완도읍,경상사고,0,0,4,0,차대차 - 측면충돌,신호위반,건조,맑음,교차로 - 교차로부근,승용,남,27세,상해없음,승용,남,41세,경상
2020092900100780,2020년 9월 29일 21시,화요일,전라남도 여수시 여서동,경상사고,0,0,1,0,차대차 - 기타,교차로운행방법위반,건조,맑음,교차로 - 교차로안,승용,여,27세,상해없음,이륜,남,19세,경상
2020092900100781,2020년 9월 29일 21시,화요일,전라남도 순천시 연향동,경상사고,0,0,1,0,차대차 - 기타,안전운전불이행,건조,맑음,단일로 - 기타,승용,남,35세,상해없음,승용,남,38세,경상
2020092900100803,2020년 9월 29일 22시,화요일,전라남도 목포시 용해동,경상사고,0,0,1,0,차대차 - 추돌,안전운전불이행,건조,맑음,교차로 - 교차로부근,승용,남,64세,상해없음,승용,남,56세,경상
2020092900100804,2020년 9월 29일 22시,화요일,전라남도 순천시 조례동,경상사고,0,0,1,0,차대사람 - 기타,안전운전불이행,건조,맑음,기타 - 기타,기타불명,기타불명,미분류,기타불명,보행자,남,45세,경상
2020093000100074,2020년 9월 30일 05시,수요일,전라남도 순천시 조례동,경상사고,0,0,1,1,차대차 - 측면충돌,교차로운행방법위반,건조,맑음,교차로 - 교차로부근,승용,남,24세,경상,승용,남,21세,부상신고
2020093000100083,2020년 9월 30일 06시,수요일,전라남도 광양시 옥곡면,경상사고,0,0,2,0,차대차 - 추돌,신호위반,건조,맑음,교차로 - 교차로안,승용,남,70세,경상,승용,남,40세,경상
2020093000100111,2020년 9월 30일 08시,수요일,전라남도 여수시 교동,경상사고,0,0,1,0,차대차 - 기타,차로위반,건조,맑음,단일로 - 기타,승용,여,47세,상해없음,화물,여,37세,경상
2020093000100134,2020년 9월 30일 09시,수요일,전라남도 완도군 완도읍,경상사고,0,0,1,0,차대차 - 기타,안전운전불이행,건조,맑음,교차로 - 교차로안,승용,남,71세,상해없음,승용,여,52세,경상
2020093000100155,2020년 9월 30일 10시,수요일,전라남도 목포시 옥암동,경상사고,0,0,1,0,차대차 - 측면충돌,안전운전불이행,건조,맑음,단일로 - 기타,승용,남,57세,상해없음,승용,여,56세,경상
2020093000100156,2020년 9월 30일 10시,수요일,전라남도 순천시 해룡면,경상사고,0,0,1,0,차대차 - 추돌,안전운전불이행,건조,맑음,교차로 - 교차로부근,승용,남,46세,상해없음,승용,남,27세,경상
2020093000100157,2020년 9월 30일 10시,수요일,전라남도 장흥군 관산읍,경상사고,0,0,4,0,차대차 - 측면충돌,안전운전불이행,건조,맑음,단일로 - 기타,승용,남,71세,경상,승용,여,59세,경상
2020093000100158,2020년 9월 30일 10시,수요일,전라남도 영암군 영암읍,경상사고,0,0,1,0,차대사람 - 기타,안전운전불이행,건조,맑음,주차장 - 주차장,승용,남,46세,상해없음,보행자,남,33세,경상
2020093000100159,2020년 9월 30일 10시,수요일,전라남도 담양군 고서면,경상사고,0,0,2,0,차대차 - 추돌,안전운전불이행,건조,맑음,교차로 - 교차로부근,승용,남,63세,상해없음,승용,여,69세,경상
2020093000100214,2020년 9월 30일 12시,수요일,전라남도 여수시 낙포동,경상사고,0,0,1,0,차대차 - 측면충돌,안전운전불이행,건조,맑음,단일로 - 기타,승용,남,62세,상해없음,승용,남,55세,경상
2020093000100215,2020년 9월 30일 12시,수요일,전라남도 영암군 신북면,중상사고,0,1,1,0,차대차 - 추돌,안전운전불이행,건조,맑음,교차로 - 교차로부근,승용,남,41세,경상,화물,여,66세,기타불명
2020093000100216,2020년 9월 30일 12시,수요일,전라남도 영암군 신북면,경상사고,0,0,1,0,차대차 - 추돌,안전운전불이행,건조,맑음,교차로 - 교차로부근,화물,여,66세,상해없음,승용,남,28세,경상
2020093000100217,2020년 9월 30일 12시,수요일,전라남도 무안군 운남면,중상사고,0,3,2,0,차대차 - 기타,안전운전불이행,건조,맑음,교차로 - 교차로안,승용,남,53세,경상,승용,남,32세,경상
2020093000100218,2020년 9월 30일 12시,수요일,전라남도 나주시 노안면,경상사고,0,0,3,0,차대차 - 측면충돌,안전운전불이행,건조,맑음,단일로 - 기타,승용,남,27세,상해없음,승용,남,49세,경상
2020093000100279,2020년 9월 30일 14시,수요일,전라남도 순천시 덕암동,경상사고,0,0,1,0,차대차 - 후진중충돌,안전운전불이행,건조,맑음,기타 - 기타,승용,남,64세,기타불명,승용,남,31세,경상
2020093000100319,2020년 9월 30일 15시,수요일,전라남도 목포시 상동,경상사고,0,0,6,0,차대차 - 추돌,안전운전불이행,건조,맑음,단일로 - 기타,승용,여,43세,경상,승용,남,75세,경상
2020093000100320,2020년 9월 30일 15시,수요일,전라남도 여수시 학동,경상사고,0,0,3,0,차대차 - 측면충돌,차로위반,건조,맑음,교차로 - 교차로안,승용,남,66세,상해없음,승용,남,54세,경상
2020093000100321,2020년 9월 30일 15시,수요일,전라남도 고흥군 포두면,중상사고,0,1,0,0,차량단독 - 도로외이탈 - 추락,안전운전불이행,건조,맑음,기타 - 기타,농기계,여,72세,중상,,,,
2020093000100322,2020년 9월 30일 15시,수요일,전라남도 담양군 고서면,경상사고,0,0,4,0,차대차 - 기타,안전운전불이행,건조,맑음,단일로 - 기타,승합,남,68세,상해없음,승용,남,48세,경상
2020093000100347,2020년 9월 30일 16시,수요일,전라남도 여수시 선원동,경상사고,0,0,5,0,차대차 - 측면충돌,교차로운행방법위반,건조,맑음,교차로 - 교차로안,승용,남,39세,경상,승용,남,38세,경상
2020093000100348,2020년 9월 30일 16시,수요일,전라남도 영암군 삼호읍,경상사고,0,0,1,0,차대차 - 측면충돌,안전운전불이행,건조,맑음,교차로 - 교차로안,승용,남,30세,상해없음,이륜,남,57세,경상
2020093000100403,2020년 9월 30일 18시,수요일,전라남도 영광군 영광읍,경상사고,0,0,4,0,차대차 - 추돌,안전운전불이행,건조,맑음,단일로 - 기타,승용,남,27세,경상,화물,남,48세,상해없음
2020093000100438,2020년 9월 30일 19시,수요일,전라남도 여수시 둔덕동,경상사고,0,0,3,0,차대차 - 추돌,안전운전불이행,건조,맑음,교차로 - 교차로부근,승용,여,28세,경상,화물,남,25세,경상
2020093000100439,2020년 9월 30일 19시,수요일,전라남도 나주시 남평읍,경상사고,0,0,1,0,차대사람 - 기타,안전운전불이행,건조,맑음,단일로 - 기타,승용,남,45세,상해없음,보행자,남,73세,경상
2020093000100462,2020년 9월 30일 20시,수요일,전라남도 목포시 대성동,경상사고,0,0,4,0,차대차 - 정면충돌,안전운전불이행,건조,맑음,교차로 - 교차로안,승용,남,65세,상해없음,승용,여,42세,경상
2020093000100506,2020년 9월 30일 22시,수요일,전라남도 여수시 연등동,경상사고,0,0,1,0,차대차 - 정면충돌,안전운전불이행,건조,맑음,단일로 - 기타,승용,남,63세,상해없음,승용,남,26세,경상
2020093000100519,2020년 9월 30일 23시,수요일,전라남도 목포시 용당동,경상사고,0,0,1,0,차대차 - 기타,중앙선침범,건조,맑음,기타 - 기타,자전거,남,64세,경상,승용,남,20세,상해없음
2020100100100007,2020년 10월 1일 00시,목요일,전라남도 여수시 학동,경상사고,0,0,1,0,차대사람 - 횡단중,안전운전불이행,건조,맑음,단일로 - 기타,승용,남,31세,상해없음,보행자,여,24세,경상
2020100100100026,2020년 10월 1일 02시,목요일,전라남도 순천시 연향동,경상사고,0,0,1,0,차대사람 - 기타,안전운전불이행,건조,맑음,교차로 - 교차로안,승용,남,21세,상해없음,보행자,남,24세,경상
2020100100100039,2020년 10월 1일 05시,목요일,전라남도 완도군 노화읍,경상사고,0,0,1,0,차대차 - 기타,안전운전불이행,건조,맑음,단일로 - 기타,승용,여,41세,상해없음,이륜,남,68세,경상
2020100100100063,2020년 10월 1일 09시,목요일,전라남도 장흥군 안양면,중상사고,0,1,4,0,차대차 - 기타,기타,건조,맑음,단일로 - 기타,승용,여,48세,경상,승합,남,28세,경상
2020100100100074,2020년 10월 1일 10시,목요일,전라남도 여수시 충무동,경상사고,0,0,1,0,차대사람 - 보도통행중,안전운전불이행,건조,맑음,기타 - 기타,승용,남,36세,상해없음,보행자,여,34세,경상
2020100100100104,2020년 10월 1일 12시,목요일,전라남도 목포시 산정동,경상사고,0,0,1,0,차대차 - 측면충돌,안전운전불이행,건조,맑음,단일로 - 기타,자전거,남,63세,경상,승용,남,37세,상해없음
2020100100100105,2020년 10월 1일 12시,목요일,전라남도 목포시 호남동,경상사고,0,0,1,0,차대차 - 기타,안전거리미확보,건조,맑음,단일로 - 기타,승용,남,36세,상해없음,승용,남,52세,경상
2020100100100106,2020년 10월 1일 12시,목요일,전라남도 나주시 봉황면,경상사고,0,0,1,6,차대차 - 추돌,안전운전불이행,건조,맑음,교차로 - 교차로부근,승용,남,37세,경상,승용,남,62세,부상신고
2020100100100107,2020년 10월 1일 12시,목요일,전라남도 영암군 신북면,경상사고,0,0,3,0,차대차 - 측면충돌,안전운전불이행,건조,맑음,교차로 - 교차로안,승용,남,48세,경상,승용,남,28세,경상
2020100100100139,2020년 10월 1일 13시,목요일,전라남도 해남군 옥천면,중상사고,0,1,3,0,차대차 - 측면충돌,기타,건조,맑음,단일로 - 기타,승용,남,44세,기타불명,승용,남,58세,경상
2020100100100140,2020년 10월 1일 13시,목요일,전라남도 함평군 엄다면,경상사고,0,0,2,0,차대차 - 정면충돌,직진우회전진행방해,건조,맑음,교차로 - 교차로안,화물,여,19세,상해없음,승용,남,71세,경상
2020100100100141,2020년 10월 1일 13시,목요일,전라남도 광양시 금호동,중상사고,0,2,2,0,차대차 - 정면충돌,교차로운행방법위반,건조,맑음,교차로 - 교차로안,승용,여,46세,중상,승용,남,47세,경상
2020100100100161,2020년 10월 1일 14시,목요일,전라남도 해남군 문내면,중상사고,0,1,0,0,차대사람 - 횡단중,안전운전불이행,건조,맑음,단일로 - 기타,승용,남,53세,상해없음,보행자,여,3세,중상
2020100100100189,2020년 10월 1일 15시,목요일,전라남도 여수시 화정면,경상사고,0,0,1,0,차대차 - 정면충돌,중앙선침범,건조,맑음,단일로 - 기타,승합,남,24세,상해없음,승용,남,55세,경상
2020100100100216,2020년 10월 1일 16시,목요일,전라남도 화순군 화순읍,경상사고,0,0,5,0,차대차 - 측면충돌,신호위반,건조,맑음,교차로 - 교차로안,승용,남,54세,상해없음,승용,여,25세,경상
2020100100100270,2020년 10월 1일 19시,목요일,전라남도 목포시 상동,중상사고,0,1,0,0,차대사람 - 기타,안전운전불이행,건조,맑음,단일로 - 기타,승용,남,51세,상해없음,보행자,여,65세,중상
2020100100100302,2020년 10월 1일 21시,목요일,전라남도 목포시 산정동,경상사고,0,0,2,1,차대차 - 추돌,안전운전불이행,건조,맑음,교차로 - 교차로부근,승용,남,36세,부상신고,승용,남,37세,경상
2020100100100332,2020년 10월 1일 23시,목요일,전라남도 목포시 용당동,경상사고,0,0,2,0,차대차 - 측면충돌,신호위반,건조,맑음,교차로 - 교차로안,원동기,남,28세,경상,승용,여,49세,경상
2020100100100333,2020년 10월 1일 23시,목요일,전라남도 화순군 화순읍,사망사고,1,0,0,0,차대사람 - 횡단중,과속,건조,맑음,교차로 - 교차로횡단보도내,승용,남,17세,상해없음,보행자,여,21세,사망
2020100200100018,2020년 10월 2일 01시,금요일,전라남도 목포시 용해동,경상사고,0,0,4,0,차대차 - 정면충돌,교차로운행방법위반,건조,맑음,교차로 - 교차로안,승용,남,24세,기타불명,승용,여,37세,경상
2020100200100033,2020년 10월 2일 04시,금요일,전라남도 구례군 마산면,경상사고,0,0,1,0,차량단독 - 공작물충돌,안전운전불이행,건조,맑음,단일로 - 기타,이륜,남,25세,상해없음,,,,
2020100200100039,2020년 10월 2일 05시,금요일,전라남도 여수시 둔덕동,경상사고,0,0,1,0,차대차 - 추돌,안전운전불이행,건조,맑음,교차로 - 교차로안,승용,여,27세,상해없음,승용,여,63세,경상
2020100200100051,2020년 10월 2일 08시,금요일,전라남도 보성군 벌교읍,경상사고,0,0,1,0,차대차 - 추돌,안전운전불이행,건조,맑음,단일로 - 기타,승용,남,31세,상해없음,승용,남,51세,경상
2020100200100063,2020년 10월 2일 09시,금요일,전라남도 순천시 서면,중상사고,0,1,1,0,차대차 - 기타,교차로운행방법위반,건조,맑음,교차로 - 교차로안,승용,남,61세,경상,이륜,남,40세,중상
2020100200100097,2020년 10월 2일 11시,금요일,전라남도 신안군 신의면,경상사고,0,0,2,0,차대차 - 기타,신호위반,건조,맑음,기타 - 기타,화물,남,54세,상해없음,승용,남,49세,경상
2020100200100119,2020년 10월 2일 12시,금요일,전라남도 여수시 국동,경상사고,0,0,1,0,차대차 - 측면충돌,안전운전불이행,건조,맑음,단일로 - 기타,승용,남,44세,상해없음,화물,남,60세,경상
2020100200100143,2020년 10월 2일 13시,금요일,전라남도 보성군 회천면,경상사고,0,0,2,0,차대차 - 정면충돌,중앙선침범,건조,맑음,단일로 - 기타,화물,남,65세,경상,승합,남,44세,경상