사고번호,사고일시,요일,시군구,사고내용,사망자수,중상자수,경상자수,부상신고자수,사고유형,법규위반,노면상태,기상상태,도로형태,가해운전자 차종,가해운전자 성별,가해운전자 연령,가해운전자 상해정도,피해운전자 차종,피해운전자 성별,피해운전자 연령,피해운전자 상해정도
2020100200100144,2020년 10월 2일 13시,금요일,전라남도 완도군 완도읍,경상사고,0,0,3,0,차대차 - 측면충돌,안전운전불이행,건조,맑음,주차장 - 주차장,승용,남,60세,상해없음,승용,남,42세,경상
2020100200100170,2020년 10월 2일 14시,금요일,전라남도 여수시 돌산읍,중상사고,0,1,0,0,차량단독 - 기타,안전운전불이행,건조,맑음,기타 - 기타,승합,남,65세,상해없음,,,,
2020100200100171,2020년 10월 2일 14시,금요일,전라남도 순천시 조례동,중상사고,0,1,0,0,차대차 - 측면충돌,중앙선침범,건조,맑음,단일로 - 기타,화물,남,49세,상해없음,이륜,남,24세,중상
2020100200100194,2020년 10월 2일 15시,금요일,전라남도 목포시 석현동,경상사고,0,0,1,0,차대차 - 기타,신호위반,건조,맑음,교차로 - 교차로안,승용,남,45세,상해없음,화물,여,58세,경상
2020100200100195,2020년 10월 2일 15시,금요일,전라남도 여수시 돌산읍,경상사고,0,0,1,0,차대차 - 기타,교차로운행방법위반,건조,맑음,교차로 - 교차로안,승용,여,52세,상해없음,승용,남,54세,상해없음
2020100200100196,2020년 10월 2일 15시,금요일,전라남도 장흥군 안양면,경상사고,0,0,4,0,차대차 - 정면충돌,직진우회전진행방해,건조,맑음,교차로 - 교차로안,승합,남,68세,상해없음,승용,여,39세,경상
2020100200100197,2020년 10월 2일 15시,금요일,전라남도 광양시 마동,경상사고,0,0,2,0,차대차 - 추돌,안전운전불이행,건조,맑음,교차로 - 교차로부근,승용,남,54세,상해없음,승용,남,30세,경상
2020100200100222,2020년 10월 2일 16시,금요일,전라남도 여수시 공화동,중상사고,0,1,2,0,차대차 - 측면충돌,교차로운행방법위반,건조,맑음,교차로 - 교차로안,승용,남,28세,상해없음,승용,남,30세,경상
2020100200100223,2020년 10월 2일 16시,금요일,전라남도 여수시 돌산읍,경상사고,0,0,4,0,차대차 - 추돌,안전운전불이행,건조,맑음,교차로 - 교차로부근,승용,남,57세,상해없음,승용,남,24세,경상
2020100200100224,2020년 10월 2일 16시,금요일,전라남도 나주시 빛가람동,경상사고,0,0,5,0,차대차 - 측면충돌,안전운전불이행,건조,맑음,교차로 - 교차로안,승용,남,29세,경상,승용,남,59세,경상
2020100200100225,2020년 10월 2일 16시,금요일,전라남도 구례군 마산면,경상사고,0,0,1,0,차대차 - 추돌,안전운전불이행,건조,맑음,기타 - 기타,승용,여,61세,경상,승용,남,61세,상해없음
2020100200100249,2020년 10월 2일 17시,금요일,전라남도 여수시 율촌면,중상사고,0,1,0,0,차대차 - 기타,중앙선침범,건조,맑음,단일로 - 기타,자전거,남,50세,상해없음,기타불명,남,80세,중상
2020100200100278,2020년 10월 2일 18시,금요일,전라남도 목포시 용당동,경상사고,0,0,3,0,차대차 - 기타,직진우회전진행방해,건조,맑음,교차로 - 교차로안,이륜,남,79세,상해없음,승용,남,53세,경상
2020100200100279,2020년 10월 2일 18시,금요일,전라남도 화순군 동복면,경상사고,0,0,1,0,차량단독 - 기타,안전운전불이행,건조,맑음,단일로 - 기타,이륜,남,68세,경상,,,,
2020100200100319,2020년 10월 2일 19시,금요일,전라남도 여수시 화정면,경상사고,0,0,1,0,차대차 - 기타,안전운전불이행,건조,맑음,기타 - 기타,승용,남,44세,상해없음,화물,여,36세,기타불명
2020100200100320,2020년 10월 2일 19시,금요일,전라남도 순천시 해룡면,경상사고,0,0,4,0,차대차 - 추돌,안전운전불이행,건조,맑음,단일로 - 기타,승용,남,51세,상해없음,승용,남,38세,경상
2020100200100321,2020년 10월 2일 19시,금요일,전라남도 해남군 산이면,경상사고,0,0,4,0,차대차 - 추돌,안전운전불이행,건조,맑음,단일로 - 기타,화물,남,55세,상해없음,승용,여,53세,경상
2020100200100350,2020년 10월 2일 20시,금요일,전라남도 순천시 용당동,중상사고,0,1,0,0,차대사람 - 횡단중,보행자보호의무위반,건조,맑음,교차로 - 교차로횡단보도내,승용,여,61세,상해없음,보행자,여,50세,중상
2020100200100373,2020년 10월 2일 21시,금요일,전라남도 진도군 군내면,경상사고,0,0,2,0,차대차 - 측면충돌,차로위반,건조,맑음,기타 - 기타,승용,남,53세,상해없음,승용,남,33세,경상
2020100200100410,2020년 10월 2일 23시,금요일,전라남도 목포시 상동,중상사고,0,1,2,0,차대차 - 기타,안전운전불이행,건조,맑음,교차로 - 교차로안,승용,남,66세,상해없음,승용,남,22세,중상
2020100300100061,2020년 10월 3일 06시,토요일,전라남도 여수시 신기동,경상사고,0,0,1,0,차대차 - 기타,신호위반,건조,맑음,교차로 - 교차로안,원동기,남,16세,기타불명,승용,남,38세,경상
2020100300100062,2020년 10월 3일 06시,토요일,전라남도 함평군 나산면,경상사고,0,0,1,2,차량단독 - 공작물충돌,안전운전불이행,젖음/습기,비,단일로 - 기타,승용,여,48세,상해없음,,,,
2020100300100066,2020년 10월 3일 07시,토요일,전라남도 여수시 소호동,경상사고,0,0,1,0,차대차 - 측면충돌,교차로운행방법위반,건조,맑음,교차로 - 교차로안,승용,남,41세,상해없음,승용,여,34세,경상
2020100300100073,2020년 10월 3일 08시,토요일,전라남도 목포시 상동,경상사고,0,0,1,0,차대차 - 기타,교차로운행방법위반,건조,맑음,교차로 - 교차로안,승용,남,29세,상해없음,승용,여,57세,경상
2020100300100074,2020년 10월 3일 08시,토요일,전라남도 순천시 대룡동,중상사고,0,1,1,0,차대차 - 추돌,안전운전불이행,건조,맑음,교차로 - 교차로부근,화물,남,37세,경상,화물,남,68세,중상
2020100300100107,2020년 10월 3일 10시,토요일,전라남도 목포시 상동,경상사고,0,0,2,0,차대차 - 기타,신호위반,건조,맑음,교차로 - 교차로안,화물,남,67세,경상,승용,남,33세,경상
2020100300100108,2020년 10월 3일 10시,토요일,전라남도 강진군 도암면,경상사고,0,0,1,0,차대차 - 측면충돌,기타,건조,맑음,교차로 - 교차로안,화물,남,55세,상해없음,승용,남,77세,경상
2020100300100119,2020년 10월 3일 11시,토요일,전라남도 함평군 함평읍,경상사고,0,0,4,0,차대차 - 추돌,안전운전불이행,건조,맑음,단일로 - 기타,화물,남,65세,상해없음,승용,여,52세,경상
2020100300100120,2020년 10월 3일 11시,토요일,전라남도 진도군 군내면,경상사고,0,0,4,0,차대차 - 측면충돌,교차로운행방법위반,건조,맑음,교차로 - 교차로안,승용,여,56세,경상,승용,남,43세,경상
2020100300100152,2020년 10월 3일 12시,토요일,전라남도 나주시 산포면,경상사고,0,0,2,0,차대차 - 후진중충돌,안전운전불이행,건조,맑음,단일로 - 기타,승용,여,62세,경상,승합,남,47세,경상
2020100300100179,2020년 10월 3일 13시,토요일,전라남도 목포시 상동,경상사고,0,0,1,0,차대차 - 측면충돌,안전운전불이행,건조,맑음,교차로 - 교차로부근,승용,남,26세,경상,승용,남,35세,상해없음
2020100300100180,2020년 10월 3일 13시,토요일,전라남도 여수시 봉계동,경상사고,0,0,1,0,차대차 - 측면충돌,교차로운행방법위반,건조,맑음,교차로 - 교차로안,화물,여,45세,상해없음,이륜,남,66세,경상
2020100300100181,2020년 10월 3일 13시,토요일,전라남도 고흥군 고흥읍,중상사고,0,1,1,0,차대차 - 정면충돌,안전운전불이행,건조,맑음,기타 - 기타,승용,여,48세,중상,승용,남,24세,경상
2020100300100212,2020년 10월 3일 14시,토요일,전라남도 순천시 인제동,중상사고,0,1,0,0,차대차 - 기타,안전운전불이행,건조,맑음,단일로 - 기타,기타불명,기타불명,미분류,기타불명,자전거,남,18세,중상
2020100300100213,2020년 10월 3일 14시,토요일,전라남도 고흥군 봉래면,경상사고,0,0,1,0,차대차 - 기타,안전운전불이행,건조,맑음,단일로 - 기타,승용,남,43세,상해없음,자전거,남,8세,경상
2020100300100214,2020년 10월 3일 14시,토요일,전라남도 담양군 담양읍,경상사고,0,0,2,0,차대사람 - 기타,안전운전불이행,건조,맑음,단일로 - 기타,원동기,남,27세,상해없음,보행자,남,56세,경상
2020100300100245,2020년 10월 3일 15시,토요일,전라남도 신안군 암태면,경상사고,0,0,3,0,차대차 - 추돌,안전운전불이행,건조,맑음,단일로 - 기타,승용,남,39세,상해없음,승용,남,46세,경상
2020100300100246,2020년 10월 3일 15시,토요일,전라남도 순천시 연향동,경상사고,0,0,1,0,차대차 - 측면충돌,안전운전불이행,건조,맑음,단일로 - 기타,승용,남,61세,상해없음,승용,남,50세,경상
2020100300100247,2020년 10월 3일 15시,토요일,전라남도 나주시 노안면,경상사고,0,0,4,1,차대차 - 측면충돌,신호위반,건조,맑음,교차로 - 교차로안,승용,남,48세,경상,승용,여,50세,경상
2020100300100248,2020년 10월 3일 15시,토요일,전라남도 해남군 해남읍,경상사고,0,0,1,0,차대차 - 기타,안전운전불이행,건조,맑음,단일로 - 기타,승용,여,65세,상해없음,승용,남,37세,경상
2020100300100300,2020년 10월 3일 17시,토요일,전라남도 순천시 생목동,경상사고,0,0,4,0,차대차 - 측면충돌,안전운전불이행,건조,맑음,단일로 - 기타,승용,남,69세,상해없음,승용,여,64세,기타불명
2020100300100331,2020년 10월 3일 18시,토요일,전라남도 목포시 죽교동,경상사고,0,0,2,0,차대차 - 측면충돌,직진우회전진행방해,건조,맑음,교차로 - 교차로안,승용,여,37세,상해없음,승용,여,61세,경상
2020100300100332,2020년 10월 3일 18시,토요일,전라남도 무안군 삼향읍,경상사고,0,0,3,0,차대차 - 기타,안전운전불이행,건조,맑음,단일로 - 기타,승용,남,54세,상해없음,승용,남,62세,경상
2020100300100364,2020년 10월 3일 19시,토요일,전라남도 강진군 도암면,경상사고,0,0,2,0,차대차 - 정면충돌,직진우회전진행방해,건조,맑음,교차로 - 교차로안,승용,남,57세,상해없음,승용,여,40세,경상
2020100300100395,2020년 10월 3일 20시,토요일,전라남도 목포시 산정동,경상사고,0,0,1,0,차대사람 - 차도통행중,안전운전불이행,건조,맑음,단일로 - 지하차도(도로)내,이륜,남,22세,경상,보행자,남,66세,상해없음
2020100300100396,2020년 10월 3일 20시,토요일,전라남도 순천시 연향동,경상사고,0,0,1,0,차대사람 - 횡단중,기타,건조,맑음,교차로 - 교차로횡단보도내,기타불명,기타불명,미분류,기타불명,보행자,남,58세,경상
2020100300100397,2020년 10월 3일 20시,토요일,전라남도 순천시 조례동,중상사고,0,3,0,0,차대사람 - 횡단중,안전운전불이행,건조,맑음,단일로 - 기타,이륜,남,23세,상해없음,보행자,여,43세,중상
2020100300100398,2020년 10월 3일 20시,토요일,전라남도 고흥군 고흥읍,경상사고,0,0,1,0,차대차 - 측면충돌,기타,건조,맑음,단일로 - 기타,승용,남,78세,상해없음,자전거,여,22세,경상
2020100300100399,2020년 10월 3일 20시,토요일,전라남도 장성군 장성읍,경상사고,0,0,1,0,차대사람 - 기타,안전운전불이행,건조,기타,단일로 - 기타,승용,남,66세,상해없음,보행자,여,42세,경상
2020100300100412,2020년 10월 3일 21시,토요일,전라남도 여수시 남면,경상사고,0,0,1,0,차대차 - 추돌,안전운전불이행,건조,맑음,주차장 - 주차장,화물,남,72세,상해없음,승용,남,28세,기타불명
2020100300100429,2020년 10월 3일 22시,토요일,전라남도 순천시 연향동,경상사고,0,0,1,0,차대차 - 측면충돌,안전운전불이행,건조,맑음,교차로 - 교차로안,승용,남,49세,상해없음,승용,남,47세,경상
2020100300100430,2020년 10월 3일 22시,토요일,전라남도 해남군 송지면,경상사고,0,0,1,0,차대사람 - 기타,안전운전불이행,건조,맑음,기타 - 기타,승용,남,60세,상해없음,보행자,남,58세,경상
2020100300100444,2020년 10월 3일 23시,토요일,전라남도 목포시 상동,경상사고,0,0,3,0,차대차 - 측면충돌,안전운전불이행,건조,맑음,교차로 - 교차로안,승용,남,18세,상해없음,승용,남,57세,경상
2020100300100445,2020년 10월 3일 23시,토요일,전라남도 목포시 용당동,경상사고,0,0,1,0,차대차 - 기타,교차로운행방법위반,건조,흐림,교차로 - 교차로안,승용,여,35세,상해없음,승용,남,49세,상해없음
2020100300100446,2020년 10월 3일 23시,토요일,전라남도 순천시 풍덕동,경상사고,0,0,2,0,차대차 - 측면충돌,안전운전불이행,젖음/습기,비,교차로 - 교차로안,화물,남,58세,상해없음,승용,여,27세,경상
2020100300100447,2020년 10월 3일 23시,토요일,전라남도 장흥군 부산면,경상사고,0,0,2,0,차량단독 - 기타,안전운전불이행,젖음/습기,흐림,단일로 - 기타,승용,여,58세,경상,,,,
2020100400100011,2020년 10월 4일 00시,일요일,전라남도 무안군 삼향읍,경상사고,0,0,1,0,차대차 - 정면충돌,중앙선침범,건조,맑음,단일로 - 기타,승용,남,41세,상해없음,이륜,남,19세,경상
2020100400100066,2020년 10월 4일 06시,일요일,전라남도 보성군 벌교읍,경상사고,0,0,1,0,차대사람 - 횡단중,보행자보호의무위반,젖음/습기,흐림,교차로 - 교차로횡단보도내,승용,남,46세,상해없음,보행자,남,67세,경상
2020100400100074,2020년 10월 4일 07시,일요일,전라남도 해남군 화원면,중상사고,0,1,1,0,차량단독 - 전도전복 - 전복,안전운전불이행,젖음/습기,맑음,기타 - 기타,화물,남,47세,상해없음,,,,
2020100400100092,2020년 10월 4일 09시,일요일,전라남도 목포시 달동,경상사고,0,0,1,0,차대차 - 기타,안전운전불이행,건조,맑음,단일로 - 기타,승용,여,42세,상해없음,승용,남,60세,경상
2020100400100106,2020년 10월 4일 10시,일요일,전라남도 목포시 산정동,경상사고,0,0,2,0,차대차 - 정면충돌,안전운전불이행,건조,맑음,기타 - 기타,승용,남,38세,기타불명,승용,여,36세,경상
2020100400100125,2020년 10월 4일 11시,일요일,전라남도 영암군 삼호읍,경상사고,0,0,2,0,차대차 - 정면충돌,신호위반,건조,맑음,단일로 - 기타,승용,남,19세,기타불명,승용,남,42세,경상
2020100400100140,2020년 10월 4일 12시,일요일,전라남도 목포시 옥암동,중상사고,0,1,2,0,차대차 - 측면충돌,안전운전불이행,건조,맑음,교차로 - 교차로안,이륜,남,43세,중상,승용,여,32세,경상
2020100400100141,2020년 10월 4일 12시,일요일,전라남도 고흥군 도양읍,경상사고,0,0,2,0,차대차 - 기타,중앙선침범,건조,맑음,단일로 - 기타,승용,남,72세,상해없음,화물,남,53세,경상
2020100400100168,2020년 10월 4일 13시,일요일,전라남도 여수시 수정동,경상사고,0,0,2,0,차대차 - 추돌,안전운전불이행,건조,맑음,단일로 - 기타,승용,남,22세,상해없음,승용,남,35세,경상
2020100400100169,2020년 10월 4일 13시,일요일,전라남도 여수시 돌산읍,경상사고,0,0,1,0,차대차 - 측면충돌,신호위반,건조,맑음,교차로 - 교차로안,승용,여,61세,상해없음,승용,남,41세,경상
2020100400100170,2020년 10월 4일 13시,일요일,전라남도 완도군 완도읍,경상사고,0,0,1,0,차대차 - 기타,교차로운행방법위반,건조,맑음,교차로 - 교차로안,승용,남,47세,상해없음,이륜,남,34세,경상
2020100400100226,2020년 10월 4일 15시,일요일,전라남도 화순군 화순읍,경상사고,0,0,4,0,차대차 - 추돌,안전거리미확보,젖음/습기,비,교차로 - 교차로안,화물,남,64세,상해없음,승용,남,38세,경상
2020100400100252,2020년 10월 4일 16시,일요일,전라남도 해남군 화원면,경상사고,0,0,4,0,차대차 - 추돌,안전운전불이행,건조,맑음,교차로 - 교차로안,승용,남,44세,상해없음,승용,남,38세,경상
2020100400100253,2020년 10월 4일 16시,일요일,전라남도 화순군 화순읍,부상신고사고,0,0,0,1,차대차 - 기타,안전운전불이행,젖음/습기,맑음,교차로 - 교차로안,원동기,남,22세,부상신고,승용,남,48세,상해없음
2020100400100254,2020년 10월 4일 16시,일요일,전라남도 영암군 삼호읍,경상사고,0,0,1,0,차량단독 - 공작물충돌,안전운전불이행,건조,흐림,단일로 - 기타,화물,여,59세,경상,,,,
2020100400100341,2020년 10월 4일 19시,일요일,전라남도 광양시 광양읍,중상사고,0,1,0,0,차대차 - 추돌,안전운전불이행,건조,맑음,교차로 - 교차로부근,승용,남,53세,상해없음,승용,여,22세,중상
2020100400100361,2020년 10월 4일 20시,일요일,전라남도 목포시 용해동,경상사고,0,0,2,0,차대차 - 기타,안전운전불이행,건조,맑음,단일로 - 기타,승용,남,69세,경상,승용,남,24세,경상
2020100400100362,2020년 10월 4일 20시,일요일,전라남도 목포시 해안동1가,중상사고,0,1,2,0,차대차 - 기타,직진우회전진행방해,건조,맑음,교차로 - 교차로안,승용,여,25세,경상,승용,남,48세,경상
2020100400100363,2020년 10월 4일 20시,일요일,전라남도 강진군 강진읍,경상사고,0,0,2,0,차대차 - 측면충돌,직진우회전진행방해,건조,흐림,교차로 - 교차로안,승용,남,63세,상해없음,승용,여,32세,경상
2020100400100382,2020년 10월 4일 21시,일요일,전라남도 여수시 여서동,경상사고,0,0,1,0,차대차 - 측면충돌,안전운전불이행,건조,맑음,단일로 - 기타,승용,남,22세,상해없음,이륜,남,56세,경상
2020100400100394,2020년 10월 4일 22시,일요일,전라남도 여수시 여서동,경상사고,0,0,2,0,차대차 - 후진중충돌,안전운전불이행,건조,맑음,단일로 - 기타,화물,남,45세,상해없음,승용,여,48세,경상
2020100400100395,2020년 10월 4일 22시,일요일,전라남도 장흥군 안양면,경상사고,0,0,1,0,차대차 - 측면충돌,중앙선침범,건조,맑음,단일로 - 기타,승용,남,68세,상해없음,화물,남,64세,경상
2020100500100063,2020년 10월 5일 07시,월요일,전라남도 목포시 상동,경상사고,0,0,1,0,차대차 - 기타,안전운전불이행,건조,맑음,단일로 - 기타,화물,남,54세,상해없음,승용,남,21세,경상
2020100500100104,2020년 10월 5일 08시,월요일,전라남도 여수시 문수동,경상사고,0,0,1,0,차대차 - 측면충돌,교차로운행방법위반,건조,맑음,단일로 - 기타,화물,남,38세,상해없음,승용,여,54세,경상
2020100500100105,2020년 10월 5일 08시,월요일,전라남도 순천시 별량면,경상사고,0,0,2,0,차량단독 - 전도전복 - 전도,안전운전불이행,건조,맑음,단일로 - 기타,화물,남,66세,상해없음,,,,
2020100500100106,2020년 10월 5일 08시,월요일,전라남도 순천시 조례동,경상사고,0,0,2,0,차대차 - 기타,차로위반,건조,맑음,단일로 - 기타,승용,여,34세,경상,승용,여,28세,경상
2020100500100107,2020년 10월 5일 08시,월요일,전라남도 순천시 연향동,경상사고,0,0,1,0,차대차 - 기타,직진우회전진행방해,건조,맑음,교차로 - 교차로안,승용,여,73세,상해없음,자전거,남,36세,경상
2020100500100108,2020년 10월 5일 08시,월요일,전라남도 고흥군 도양읍,경상사고,0,0,2,6,차대차 - 기타,기타,건조,맑음,교차로 - 교차로안,승용,남,75세,경상,승합,남,35세,부상신고
2020100500100109,2020년 10월 5일 08시,월요일,전라남도 무안군 삼향읍,경상사고,0,0,1,0,차대차 - 기타,안전운전불이행,건조,맑음,교차로 - 교차로안,승용,여,34세,경상,승용,남,39세,상해없음
2020100500100150,2020년 10월 5일 09시,월요일,전라남도 장흥군 장흥읍,중상사고,0,1,0,0,차대차 - 측면충돌,안전운전불이행,건조,맑음,단일로 - 기타,승용,여,69세,상해없음,이륜,남,71세,중상
2020100500100151,2020년 10월 5일 09시,월요일,전라남도 해남군 해남읍,사망사고,1,0,0,0,차대차 - 측면충돌,안전운전불이행,건조,맑음,단일로 - 기타,화물,남,63세,상해없음,이륜,남,81세,사망
2020100500100152,2020년 10월 5일 09시,월요일,전라남도 화순군 동면,경상사고,0,0,1,0,차대차 - 측면충돌,안전운전불이행,건조,맑음,단일로 - 기타,승합,남,68세,상해없음,승용,여,64세,경상
2020100500100153,2020년 10월 5일 09시,월요일,전라남도 무안군 청계면,경상사고,0,0,2,0,차대차 - 측면충돌,안전운전불이행,건조,맑음,교차로 - 교차로안,화물,여,60세,경상,승용,남,29세,경상
2020100500100256,2020년 10월 5일 12시,월요일,전라남도 여수시 소라면,중상사고,0,2,11,0,차대차 - 추돌,안전운전불이행,건조,맑음,단일로 - 터널,화물,남,43세,상해없음,승용,남,41세,경상
2020100500100350,2020년 10월 5일 14시,월요일,전라남도 목포시 상동,경상사고,0,0,2,0,차대차 - 측면충돌,안전운전불이행,건조,맑음,교차로 - 교차로안,화물,남,61세,경상,승용,남,40세,경상
2020100500100351,2020년 10월 5일 14시,월요일,전라남도 여수시 신기동,경상사고,0,0,2,0,차대차 - 정면충돌,안전운전불이행,건조,맑음,교차로 - 교차로안,건설기계,남,54세,상해없음,승용,남,27세,상해없음
2020100500100353,2020년 10월 5일 14시,월요일,전라남도 강진군 강진읍,중상사고,0,2,0,0,차대차 - 측면충돌,교차로운행방법위반,건조,맑음,교차로 - 교차로안,화물,남,54세,상해없음,화물,여,66세,중상
2020100500100393,2020년 10월 5일 15시,월요일,전라남도 고흥군 대서면,경상사고,0,0,1,0,차대차 - 기타,안전운전불이행,건조,맑음,단일로 - 기타,승용,남,64세,상해없음,화물,남,38세,상해없음
2020100500100483,2020년 10월 5일 17시,월요일,전라남도 광양시 중동,경상사고,0,0,1,0,차대사람 - 기타,안전운전불이행,건조,맑음,기타 - 기타,승용,남,31세,상해없음,보행자,남,6세,경상
2020100500100528,2020년 10월 5일 18시,월요일,전라남도 여수시 해산동,경상사고,0,0,1,0,차대차 - 측면충돌,안전거리미확보,건조,맑음,단일로 - 기타,화물,남,56세,상해없음,승용,남,57세,경상
2020100500100570,2020년 10월 5일 19시,월요일,전라남도 순천시 조례동,경상사고,0,0,1,0,차대차 - 기타,차로위반,건조,맑음,단일로 - 기타,기타불명,기타불명,미분류,기타불명,승합,남,52세,상해없음
2020100500100599,2020년 10월 5일 20시,월요일,전라남도 순천시 가곡동,경상사고,0,0,2,0,차대차 - 기타,신호위반,건조,맑음,교차로 - 교차로안,승용,남,52세,경상,이륜,남,21세,경상
2020100500100637,2020년 10월 5일 22시,월요일,전라남도 여수시 문수동,경상사고,0,0,2,0,차대차 - 추돌,안전운전불이행,건조,맑음,단일로 - 기타,승용,남,51세,기타불명,승용,남,54세,상해없음
2020100500100653,2020년 10월 5일 23시,월요일,전라남도 여수시 봉산동,경상사고,0,0,1,0,차대차 - 측면충돌,안전운전불이행,건조,맑음,교차로 - 교차로부근,화물,남,45세,상해없음,승용,남,63세,경상
2020100600100073,2020년 10월 6일 07시,화요일,전라남도 곡성군 입면,경상사고,0,0,3,0,차대차 - 측면충돌,교차로운행방법위반,건조,맑음,교차로 - 교차로안,승용,여,59세,경상,승용,남,55세,경상
2020100600100107,2020년 10월 6일 08시,화요일,전라남도 순천시 연향동,경상사고,0,0,1,0,차대차 - 추돌,안전운전불이행,건조,맑음,단일로 - 기타,승용,여,50세,상해없음,승용,남,60세,상해없음
2020100600100141,2020년 10월 6일 09시,화요일,전라남도 강진군 강진읍,경상사고,0,0,1,0,차대차 - 측면충돌,직진우회전진행방해,건조,맑음,교차로 - 교차로안,화물,남,70세,상해없음,승용,여,59세,경상
2020100600100142,2020년 10월 6일 09시,화요일,전라남도 진도군 진도읍,경상사고,0,0,2,0,차대차 - 추돌,안전운전불이행,건조,맑음,교차로 - 교차로부근,화물,남,51세,상해없음,승용,남,67세,경상
2020100600100177,2020년 10월 6일 10시,화요일,전라남도 순천시 조례동,경상사고,0,0,1,0,차대차 - 측면충돌,신호위반,건조,맑음,교차로 - 교차로안,화물,남,39세,상해없음,승용,남,31세,경상
2020100600100178,2020년 10월 6일 10시,화요일,전라남도 나주시 금천면,경상사고,0,0,1,0,차대사람 - 기타,안전운전불이행,건조,맑음,교차로 - 교차로안,승합,남,49세,상해없음,보행자,여,53세,경상
2020100600100281,2020년 10월 6일 13시,화요일,전라남도 화순군 화순읍,중상사고,0,1,1,0,차량단독 - 기타,안전운전불이행,건조,맑음,단일로 - 기타,승용,여,51세,경상,,,,
2020100600100282,2020년 10월 6일 13시,화요일,전라남도 곡성군 목사동면,경상사고,0,0,1,0,차량단독 - 전도전복 - 전도,안전운전불이행,건조,맑음,단일로 - 기타,이륜,남,74세,경상,,,,
2020100600100329,2020년 10월 6일 14시,화요일,전라남도 고흥군 포두면,중상사고,0,1,1,0,차대차 - 측면충돌,교차로운행방법위반,건조,맑음,교차로 - 교차로안,이륜,남,81세,중상,화물,여,53세,경상
2020100600100330,2020년 10월 6일 14시,화요일,전라남도 영광군 홍농읍,중상사고,0,1,1,0,차대차 - 측면충돌,직진우회전진행방해,건조,맑음,교차로 - 교차로안,승용,남,49세,경상,이륜,남,70세,중상
2020100600100378,2020년 10월 6일 15시,화요일,전라남도 목포시 용당동,경상사고,0,0,2,0,차대차 - 측면충돌,안전운전불이행,건조,맑음,단일로 - 기타,승용,여,49세,경상,승용,남,55세,경상
2020100600100379,2020년 10월 6일 15시,화요일,전라남도 순천시 해룡면,경상사고,0,0,1,0,차대사람 - 기타,기타,건조,맑음,단일로 - 기타,승합,남,51세,상해없음,보행자,여,56세,경상
2020100600100380,2020년 10월 6일 15시,화요일,전라남도 장흥군 장흥읍,경상사고,0,0,2,0,차대차 - 측면충돌,교차로운행방법위반,건조,맑음,교차로 - 교차로안,화물,남,44세,경상,승용,여,47세,경상
2020100600100381,2020년 10월 6일 15시,화요일,전라남도 장성군 장성읍,부상신고사고,0,0,0,1,차대차 - 추돌,안전운전불이행,건조,맑음,단일로 - 기타,승용,여,69세,상해없음,승용,남,34세,부상신고
2020100600100459,2020년 10월 6일 17시,화요일,전라남도 목포시 대양동,경상사고,0,0,3,0,차대차 - 기타,안전운전불이행,건조,맑음,단일로 - 지하차도(도로)내,승용,남,70세,경상,화물,여,58세,경상
2020100600100460,2020년 10월 6일 17시,화요일,전라남도 순천시 서면,경상사고,0,0,2,0,차대차 - 측면충돌,직진우회전진행방해,건조,맑음,단일로 - 기타,승용,남,31세,경상,승용,여,57세,경상
2020100600100461,2020년 10월 6일 17시,화요일,전라남도 나주시 공산면,경상사고,0,0,1,0,차대차 - 측면충돌,기타,건조,맑음,교차로 - 교차로안,화물,남,47세,경상,농기계,남,40세,상해없음
2020100600100462,2020년 10월 6일 17시,화요일,전라남도 곡성군 목사동면,경상사고,0,0,1,0,차대사람 - 기타,안전운전불이행,건조,맑음,단일로 - 기타,승용,남,55세,상해없음,보행자,여,85세,경상
2020100600100506,2020년 10월 6일 18시,화요일,전라남도 해남군 화산면,중상사고,0,1,1,0,차대차 - 측면충돌,안전운전불이행,건조,맑음,단일로 - 기타,승용,여,53세,경상,승용,여,62세,중상
2020100600100507,2020년 10월 6일 18시,화요일,전라남도 보성군 율어면,중상사고,0,1,0,0,차량단독 - 공작물충돌,안전운전불이행,건조,맑음,기타 - 기타,승용,여,22세,중상,,,,
2020100600100508,2020년 10월 6일 18시,화요일,전라남도 강진군 강진읍,경상사고,0,0,1,0,차대차 - 측면충돌,직진우회전진행방해,건조,맑음,교차로 - 교차로안,승용,남,47세,상해없음,승용,남,27세,경상
2020100600100509,2020년 10월 6일 18시,화요일,전라남도 광양시 도이동,중상사고,0,1,0,0,차대차 - 측면충돌,과속,건조,맑음,단일로 - 기타,승용,여,28세,중상,특수,남,52세,상해없음
2020100600100591,2020년 10월 6일 20시,화요일,전라남도 여수시 둔덕동,중상사고,0,1,0,0,차대차 - 측면충돌,신호위반,건조,맑음,단일로 - 기타,화물,남,52세,상해없음,원동기,남,49세,중상
2020100600100593,2020년 10월 6일 20시,화요일,전라남도 화순군 화순읍,중상사고,0,1,0,0,차대사람 - 횡단중,안전운전불이행,건조,맑음,교차로 - 교차로부근,승용,여,57세,상해없음,보행자,여,61세,중상
2020100700100009,2020년 10월 7일 00시,수요일,전라남도 나주시 삼영동,경상사고,0,0,1,0,차량단독 - 전도전복 - 전도,안전운전불이행,건조,맑음,단일로 - 기타,개인형이동수단(PM),남,54세,경상,,,,