사고번호,사고일시,요일,시군구,사고내용,사망자수,중상자수,경상자수,부상신고자수,사고유형,법규위반,노면상태,기상상태,도로형태,가해운전자 차종,가해운전자 성별,가해운전자 연령,가해운전자 상해정도,피해운전자 차종,피해운전자 성별,피해운전자 연령,피해운전자 상해정도
2020101500100184,2020년 10월 15일 10시,목요일,전라남도 신안군 압해읍,경상사고,0,0,1,0,차대차 - 기타,안전운전불이행,건조,맑음,단일로 - 기타,화물,남,67세,상해없음,이륜,남,77세,경상
2020101500100185,2020년 10월 15일 10시,목요일,전라남도 목포시 용당동,경상사고,0,0,4,0,차대차 - 추돌,안전거리미확보,건조,맑음,교차로 - 교차로안,승용,남,40세,기타불명,승용,여,51세,경상
2020101500100186,2020년 10월 15일 10시,목요일,전라남도 여수시 둔덕동,중상사고,0,1,1,0,차대차 - 추돌,안전거리미확보,건조,맑음,교차로 - 교차로안,승용,여,60세,중상,승용,여,43세,경상
2020101500100187,2020년 10월 15일 10시,목요일,전라남도 강진군 성전면,경상사고,0,0,1,0,차대차 - 측면충돌,안전운전불이행,건조,맑음,교차로 - 교차로안,화물,여,49세,경상,화물,남,45세,상해없음
2020101500100257,2020년 10월 15일 12시,목요일,전라남도 여수시 수정동,경상사고,0,0,1,0,차대차 - 측면충돌,교차로운행방법위반,건조,맑음,교차로 - 교차로안,승용,남,45세,상해없음,화물,남,33세,경상
2020101500100258,2020년 10월 15일 12시,목요일,전라남도 고흥군 금산면,사망사고,1,0,0,0,차량단독 - 공작물충돌,안전운전불이행,건조,맑음,단일로 - 기타,이륜,남,72세,사망,,,,
2020101500100259,2020년 10월 15일 12시,목요일,전라남도 광양시 광양읍,경상사고,0,0,1,0,차대차 - 기타,안전거리미확보,건조,맑음,단일로 - 기타,승용,남,70세,상해없음,승용,여,24세,경상
2020101500100302,2020년 10월 15일 13시,목요일,전라남도 여수시 학동,경상사고,0,0,2,0,차대차 - 측면충돌,교차로운행방법위반,건조,맑음,교차로 - 교차로안,승합,남,45세,상해없음,승용,남,30세,경상
2020101500100303,2020년 10월 15일 13시,목요일,전라남도 순천시 연향동,경상사고,0,0,2,0,차대차 - 기타,안전운전불이행,건조,맑음,단일로 - 기타,이륜,남,24세,경상,승용,남,59세,경상
2020101500100334,2020년 10월 15일 14시,목요일,전라남도 목포시 동명동,경상사고,0,0,1,0,차대차 - 기타,안전운전불이행,건조,맑음,교차로 - 교차로부근,자전거,남,82세,경상,승용,여,60세,상해없음
2020101500100335,2020년 10월 15일 14시,목요일,전라남도 여수시 중흥동,중상사고,0,1,1,0,차대차 - 측면충돌,신호위반,건조,맑음,교차로 - 교차로안,특수,남,59세,경상,승용,남,42세,중상
2020101500100336,2020년 10월 15일 14시,목요일,전라남도 순천시 덕암동,중상사고,0,1,1,0,차대차 - 정면충돌,교차로운행방법위반,건조,맑음,교차로 - 교차로안,화물,남,60세,상해없음,승용,남,68세,경상
2020101500100337,2020년 10월 15일 14시,목요일,전라남도 영암군 삼호읍,경상사고,0,0,3,0,차대차 - 측면충돌,안전운전불이행,건조,맑음,기타 - 기타,화물,남,50세,상해없음,승용,남,36세,경상
2020101500100338,2020년 10월 15일 14시,목요일,전라남도 담양군 담양읍,경상사고,0,0,1,0,차대차 - 기타,안전거리미확보,건조,맑음,단일로 - 기타,화물,남,26세,상해없음,승용,여,57세,경상
2020101500100378,2020년 10월 15일 15시,목요일,전라남도 강진군 도암면,중상사고,0,1,0,0,차대사람 - 기타,안전운전불이행,건조,맑음,단일로 - 교량,승용,남,61세,상해없음,보행자,여,61세,중상
2020101500100379,2020년 10월 15일 15시,목요일,전라남도 곡성군 삼기면,경상사고,0,0,2,0,차대차 - 측면충돌,안전운전불이행,건조,맑음,단일로 - 기타,승용,남,55세,상해없음,승용,남,65세,경상
2020101500100421,2020년 10월 15일 16시,목요일,전라남도 광양시 광양읍,중상사고,0,1,0,0,차대차 - 측면충돌,안전운전불이행,건조,맑음,교차로 - 교차로안,이륜,남,77세,중상,승용,남,48세,상해없음
2020101500100469,2020년 10월 15일 17시,목요일,전라남도 여수시 문수동,경상사고,0,0,1,0,차대차 - 기타,안전운전불이행,건조,맑음,기타 - 기타,화물,남,38세,상해없음,이륜,남,64세,경상
2020101500100470,2020년 10월 15일 17시,목요일,전라남도 순천시 해룡면,중상사고,0,1,0,0,차대차 - 측면충돌,안전운전불이행,건조,맑음,교차로 - 교차로안,승용,여,53세,상해없음,이륜,남,71세,중상
2020101500100471,2020년 10월 15일 17시,목요일,전라남도 순천시 조례동,경상사고,0,0,1,0,차대차 - 측면충돌,안전운전불이행,건조,맑음,교차로 - 교차로안,승용,남,74세,상해없음,승용,여,25세,경상
2020101500100472,2020년 10월 15일 17시,목요일,전라남도 해남군 송지면,경상사고,0,0,1,0,차대차 - 후진중충돌,안전운전불이행,건조,맑음,기타 - 기타,화물,남,64세,상해없음,자전거,남,76세,경상
2020101500100538,2020년 10월 15일 18시,목요일,전라남도 목포시 용당동,중상사고,0,1,0,0,차대사람 - 기타,안전운전불이행,건조,맑음,단일로 - 기타,승용,여,52세,상해없음,보행자,남,55세,중상
2020101500100539,2020년 10월 15일 18시,목요일,전라남도 여수시 선원동,경상사고,0,0,1,0,차대차 - 측면충돌,신호위반,건조,맑음,교차로 - 교차로안,승용,남,27세,상해없음,승용,여,48세,경상
2020101500100540,2020년 10월 15일 18시,목요일,전라남도 순천시 별량면,경상사고,0,0,2,0,차대차 - 측면충돌,신호위반,건조,맑음,교차로 - 교차로안,화물,여,74세,경상,승용,남,47세,경상
2020101500100541,2020년 10월 15일 18시,목요일,전라남도 순천시 해룡면,경상사고,0,0,1,0,차대차 - 기타,안전운전불이행,건조,맑음,단일로 - 기타,승용,여,35세,상해없음,승용,남,46세,경상
2020101500100542,2020년 10월 15일 18시,목요일,전라남도 순천시 해룡면,중상사고,0,1,2,0,차대차 - 추돌,안전운전불이행,건조,맑음,단일로 - 기타,원동기,남,19세,상해없음,원동기,남,41세,경상
2020101500100543,2020년 10월 15일 18시,목요일,전라남도 무안군 삼향읍,경상사고,0,0,1,0,차대차 - 측면충돌,안전운전불이행,건조,맑음,교차로 - 교차로안,승용,남,61세,상해없음,승합,여,49세,경상
2020101500100544,2020년 10월 15일 18시,목요일,전라남도 광양시 광양읍,경상사고,0,0,2,0,차대차 - 정면충돌,안전운전불이행,건조,맑음,기타 - 기타,승용,남,23세,상해없음,승용,남,27세,경상
2020101500100639,2020년 10월 15일 20시,목요일,전라남도 목포시 대안동,중상사고,0,1,2,0,차대사람 - 기타,안전운전불이행,건조,맑음,단일로 - 기타,이륜,남,74세,경상,보행자,여,69세,중상
2020101500100698,2020년 10월 15일 23시,목요일,전라남도 목포시 옥암동,경상사고,0,0,1,0,차대차 - 측면충돌,안전운전불이행,건조,맑음,교차로 - 교차로안,승용,남,26세,상해없음,승용,남,48세,경상
2020101600100007,2020년 10월 16일 00시,금요일,전라남도 목포시 상동,경상사고,0,0,4,0,차대차 - 기타,직진우회전진행방해,건조,맑음,교차로 - 교차로안,승용,남,20세,경상,승용,남,28세,상해없음
2020101600100008,2020년 10월 16일 00시,금요일,전라남도 순천시 연향동,경상사고,0,0,1,0,차대차 - 측면충돌,안전운전불이행,건조,맑음,단일로 - 기타,승용,남,22세,상해없음,이륜,남,35세,경상
2020101600100019,2020년 10월 16일 01시,금요일,전라남도 광양시 마동,부상신고사고,0,0,0,2,차량단독 - 도로외이탈 - 기타,안전운전불이행,건조,기타,단일로 - 기타,승용,남,52세,부상신고,,,,
2020101600100024,2020년 10월 16일 02시,금요일,전라남도 화순군 동면,부상신고사고,0,0,0,1,차량단독 - 전도전복 - 전도,안전운전불이행,건조,맑음,단일로 - 터널,승용,남,65세,부상신고,,,,
2020101600100069,2020년 10월 16일 07시,금요일,전라남도 목포시 산정동,경상사고,0,0,3,0,차대차 - 기타,신호위반,건조,맑음,교차로 - 교차로안,승용,여,51세,경상,승용,남,61세,경상
2020101600100103,2020년 10월 16일 08시,금요일,전라남도 목포시 석현동,경상사고,0,0,2,0,차대차 - 기타,신호위반,건조,맑음,교차로 - 교차로안,사륜오토바이(ATV),남,83세,경상,승용,여,51세,경상
2020101600100104,2020년 10월 16일 08시,금요일,전라남도 강진군 강진읍,경상사고,0,0,1,0,차대차 - 기타,교차로운행방법위반,건조,맑음,교차로 - 교차로안,승용,남,61세,상해없음,승용,남,79세,경상
2020101600100130,2020년 10월 16일 09시,금요일,전라남도 구례군 구례읍,부상신고사고,0,0,0,1,차량단독 - 공작물충돌,안전운전불이행,건조,맑음,교차로 - 교차로안,자전거,남,45세,부상신고,,,,
2020101600100131,2020년 10월 16일 09시,금요일,전라남도 구례군 구례읍,경상사고,0,0,4,0,차대차 - 측면충돌,교차로운행방법위반,건조,맑음,교차로 - 교차로안,승용,여,29세,경상,승합,여,41세,경상
2020101600100157,2020년 10월 16일 10시,금요일,전라남도 광양시 중동,경상사고,0,0,1,0,차대차 - 추돌,안전운전불이행,건조,맑음,교차로 - 교차로안,승용,남,63세,상해없음,승용,여,58세,경상
2020101600100190,2020년 10월 16일 11시,금요일,전라남도 순천시 송광면,중상사고,0,1,0,0,차대차 - 측면충돌,중앙선침범,건조,맑음,교차로 - 교차로부근,화물,남,70세,상해없음,이륜,남,33세,중상
2020101600100258,2020년 10월 16일 13시,금요일,전라남도 목포시 용해동,경상사고,0,0,1,0,차대차 - 추돌,안전운전불이행,건조,맑음,단일로 - 기타,화물,남,39세,상해없음,이륜,남,75세,경상
2020101600100259,2020년 10월 16일 13시,금요일,전라남도 완도군 군외면,경상사고,0,0,1,0,차대차 - 기타,안전운전불이행,건조,맑음,교차로 - 교차로안,승용,남,48세,기타불명,승합,남,40세,경상
2020101600100292,2020년 10월 16일 14시,금요일,전라남도 목포시 산정동,경상사고,0,0,1,0,차대사람 - 차도통행중,안전운전불이행,건조,맑음,단일로 - 기타,승용,남,52세,상해없음,보행자,남,68세,경상
2020101600100293,2020년 10월 16일 14시,금요일,전라남도 구례군 구례읍,경상사고,0,0,2,0,차대차 - 측면충돌,직진우회전진행방해,건조,맑음,교차로 - 교차로안,화물,남,70세,경상,승용,남,71세,경상
2020101600100326,2020년 10월 16일 15시,금요일,전라남도 강진군 강진읍,경상사고,0,0,1,0,차대차 - 측면충돌,안전운전불이행,건조,맑음,단일로 - 기타,자전거,남,78세,경상,승용,여,45세,상해없음
2020101600100327,2020년 10월 16일 15시,금요일,전라남도 진도군 지산면,경상사고,0,0,1,0,차대차 - 측면충돌,중앙선침범,건조,맑음,단일로 - 기타,화물,남,59세,상해없음,승용,여,54세,경상
2020101600100365,2020년 10월 16일 16시,금요일,전라남도 영광군 홍농읍,경상사고,0,0,4,0,차대차 - 추돌,안전운전불이행,건조,맑음,단일로 - 기타,화물,남,74세,경상,화물,남,48세,경상
2020101600100366,2020년 10월 16일 16시,금요일,전라남도 영암군 삼호읍,경상사고,0,0,1,0,차대차 - 측면충돌,안전운전불이행,건조,맑음,단일로 - 기타,승용,남,32세,기타불명,승용,남,25세,경상
2020101600100367,2020년 10월 16일 16시,금요일,전라남도 구례군 문척면,중상사고,0,1,0,0,차대사람 - 기타,안전운전불이행,건조,맑음,단일로 - 기타,화물,남,50세,상해없음,보행자,남,82세,상해없음
2020101600100415,2020년 10월 16일 17시,금요일,전라남도 무안군 무안읍,중상사고,0,1,0,0,차대차 - 측면충돌,기타,건조,맑음,단일로 - 기타,승용,여,55세,상해없음,화물,남,32세,중상
2020101600100416,2020년 10월 16일 17시,금요일,전라남도 나주시 중앙동,경상사고,0,0,1,0,차대사람 - 횡단중,안전운전불이행,건조,맑음,교차로 - 교차로부근,승용,여,74세,상해없음,보행자,여,87세,경상
2020101600100484,2020년 10월 16일 18시,금요일,전라남도 목포시 용해동,경상사고,0,0,2,0,차대차 - 측면충돌,안전운전불이행,건조,맑음,단일로 - 기타,기타불명,기타불명,미분류,기타불명,승용,남,50세,경상
2020101600100485,2020년 10월 16일 18시,금요일,전라남도 여수시 덕충동,경상사고,0,0,4,0,차대차 - 추돌,안전운전불이행,건조,맑음,단일로 - 터널,승용,남,50세,상해없음,승용,남,47세,경상
2020101600100486,2020년 10월 16일 18시,금요일,전라남도 순천시 조례동,중상사고,0,1,0,0,차대차 - 기타,안전거리미확보,건조,맑음,단일로 - 기타,승합,남,66세,상해없음,이륜,남,38세,중상
2020101600100487,2020년 10월 16일 18시,금요일,전라남도 나주시 금천면,중상사고,0,1,5,0,차대차 - 추돌,안전거리미확보,건조,맑음,단일로 - 기타,승용,남,52세,경상,승용,남,66세,상해없음
2020101600100488,2020년 10월 16일 18시,금요일,전라남도 해남군 해남읍,중상사고,0,1,0,0,차대사람 - 기타,안전운전불이행,건조,맑음,단일로 - 기타,승용,여,52세,상해없음,보행자,남,90세,중상
2020101600100489,2020년 10월 16일 18시,금요일,전라남도 보성군 보성읍,중상사고,0,1,0,0,차대사람 - 길가장자리구역통행중,중앙선침범,건조,흐림,단일로 - 기타,화물,남,68세,상해없음,보행자,여,69세,중상
2020101600100490,2020년 10월 16일 18시,금요일,전라남도 영암군 삼호읍,경상사고,0,0,2,0,차대차 - 추돌,안전운전불이행,건조,맑음,단일로 - 기타,승용,남,54세,상해없음,승합,남,54세,상해없음
2020101600100552,2020년 10월 16일 19시,금요일,전라남도 목포시 상동,경상사고,0,0,1,0,차대차 - 기타,기타,건조,맑음,교차로 - 교차로안,이륜,남,37세,상해없음,화물,남,34세,경상
2020101600100588,2020년 10월 16일 20시,금요일,전라남도 목포시 산정동,경상사고,0,0,2,0,차대차 - 측면충돌,교차로운행방법위반,건조,맑음,교차로 - 교차로안,이륜,남,46세,경상,승합,남,26세,경상
2020101600100589,2020년 10월 16일 20시,금요일,전라남도 나주시 과원동,경상사고,0,0,1,0,차대차 - 측면충돌,안전운전불이행,건조,맑음,주차장 - 주차장,화물,남,56세,상해없음,승용,여,54세,경상
2020101600100617,2020년 10월 16일 21시,금요일,전라남도 목포시 대양동,경상사고,0,0,1,0,차대사람 - 기타,안전운전불이행,건조,맑음,단일로 - 기타,승용,남,41세,상해없음,보행자,남,50세,경상
2020101600100654,2020년 10월 16일 22시,금요일,전라남도 목포시 연산동,경상사고,0,0,1,0,차대차 - 추돌,안전운전불이행,건조,맑음,교차로 - 교차로부근,승용,남,35세,상해없음,승용,여,30세,경상
2020101600100676,2020년 10월 16일 23시,금요일,전라남도 무안군 삼향읍,경상사고,0,0,1,0,차대차 - 기타,안전운전불이행,건조,맑음,교차로 - 교차로안,승용,남,39세,상해없음,이륜,남,19세,경상
2020101700100018,2020년 10월 17일 00시,토요일,전라남도 목포시 상동,경상사고,0,0,2,0,차대차 - 추돌,안전운전불이행,건조,맑음,교차로 - 교차로부근,승용,남,38세,상해없음,승합,남,41세,경상
2020101700100019,2020년 10월 17일 00시,토요일,전라남도 진도군 임회면,중상사고,0,1,2,0,차대차 - 측면충돌,중앙선침범,건조,맑음,기타 - 기타,승용,여,44세,경상,승용,여,62세,경상
2020101700100096,2020년 10월 17일 07시,토요일,전라남도 여수시 남산동,중상사고,0,1,0,0,차대차 - 측면충돌,안전운전불이행,건조,맑음,교차로 - 교차로안,승용,남,67세,상해없음,자전거,남,46세,중상
2020101700100116,2020년 10월 17일 08시,토요일,전라남도 순천시 서면,중상사고,0,1,0,0,차대차 - 기타,신호위반,건조,맑음,교차로 - 교차로부근,건설기계,남,51세,상해없음,이륜,남,47세,중상
2020101700100142,2020년 10월 17일 09시,토요일,전라남도 목포시 상동,중상사고,0,1,3,0,차대차 - 측면충돌,직진우회전진행방해,건조,맑음,교차로 - 교차로안,승용,여,26세,경상,승용,남,63세,경상
2020101700100143,2020년 10월 17일 09시,토요일,전라남도 담양군 대전면,중상사고,0,1,1,0,차대차 - 측면충돌,직진우회전진행방해,건조,맑음,교차로 - 교차로안,승합,여,56세,중상,화물,남,66세,경상
2020101700100181,2020년 10월 17일 10시,토요일,전라남도 보성군 미력면,경상사고,0,0,2,0,차대차 - 추돌,안전거리미확보,건조,맑음,단일로 - 기타,화물,남,32세,상해없음,승용,여,51세,경상
2020101700100182,2020년 10월 17일 10시,토요일,전라남도 무안군 삼향읍,경상사고,0,0,2,0,차대차 - 측면충돌,안전운전불이행,건조,맑음,기타 - 기타,승용,남,65세,상해없음,승용,남,57세,경상
2020101700100208,2020년 10월 17일 11시,토요일,전라남도 보성군 벌교읍,중상사고,0,1,1,0,차대차 - 추돌,안전거리미확보,건조,맑음,단일로 - 기타,이륜,남,51세,중상,이륜,남,60세,경상
2020101700100209,2020년 10월 17일 11시,토요일,전라남도 영암군 삼호읍,중상사고,0,1,0,0,차대차 - 측면충돌,안전운전불이행,건조,맑음,교차로 - 교차로안,화물,남,50세,상해없음,이륜,남,61세,중상
2020101700100260,2020년 10월 17일 12시,토요일,전라남도 장흥군 장흥읍,사망사고,1,0,0,0,차대차 - 측면충돌,직진우회전진행방해,건조,맑음,교차로 - 교차로안,화물,여,66세,상해없음,이륜,남,82세,사망
2020101700100261,2020년 10월 17일 12시,토요일,전라남도 영암군 삼호읍,경상사고,0,0,2,0,차대차 - 측면충돌,안전운전불이행,건조,맑음,교차로 - 교차로안,승합,남,24세,경상,승용,여,58세,경상
2020101700100309,2020년 10월 17일 13시,토요일,전라남도 목포시 상동,경상사고,0,0,3,0,차대차 - 측면충돌,안전거리미확보,건조,맑음,단일로 - 기타,승용,여,36세,경상,승용,여,63세,경상
2020101700100310,2020년 10월 17일 13시,토요일,전라남도 여수시 화양면,경상사고,0,0,1,0,차대차 - 기타,신호위반,건조,맑음,교차로 - 교차로안,특수,남,36세,상해없음,승합,남,49세,경상
2020101700100311,2020년 10월 17일 13시,토요일,전라남도 여수시 화정면,중상사고,0,1,0,0,차대차 - 기타,안전운전불이행,건조,맑음,단일로 - 기타,기타불명,기타불명,미분류,기타불명,자전거,여,49세,중상
2020101700100312,2020년 10월 17일 13시,토요일,전라남도 순천시 조례동,경상사고,0,0,1,0,차대차 - 추돌,안전운전불이행,건조,맑음,교차로 - 교차로부근,승용,남,77세,상해없음,승용,남,20세,경상
2020101700100356,2020년 10월 17일 14시,토요일,전라남도 여수시 여서동,경상사고,0,0,4,0,차대차 - 추돌,안전운전불이행,건조,맑음,교차로 - 교차로안,승용,남,64세,상해없음,승용,남,49세,경상
2020101700100357,2020년 10월 17일 14시,토요일,전라남도 여수시 돌산읍,경상사고,0,0,2,0,차대차 - 측면충돌,교차로운행방법위반,건조,맑음,교차로 - 교차로안,이륜,남,72세,경상,화물,남,61세,경상
2020101700100399,2020년 10월 17일 15시,토요일,전라남도 진도군 고군면,중상사고,0,1,0,0,차대차 - 측면충돌,교차로운행방법위반,건조,맑음,교차로 - 교차로안,사륜오토바이(ATV),남,61세,중상,승용,여,30세,상해없음
2020101700100448,2020년 10월 17일 16시,토요일,전라남도 목포시 죽동,경상사고,0,0,1,0,차대차 - 기타,안전운전불이행,건조,맑음,단일로 - 기타,승용,여,50세,상해없음,승용,남,76세,경상
2020101700100449,2020년 10월 17일 16시,토요일,전라남도 나주시 동강면,경상사고,0,0,2,0,차대차 - 기타,교차로운행방법위반,건조,맑음,교차로 - 교차로안,화물,남,77세,상해없음,승용,남,74세,경상
2020101700100450,2020년 10월 17일 16시,토요일,전라남도 고흥군 과역면,경상사고,0,0,1,0,차대차 - 측면충돌,중앙선침범,건조,맑음,단일로 - 기타,화물,남,42세,상해없음,농기계,남,69세,경상
2020101700100544,2020년 10월 17일 18시,토요일,전라남도 나주시 빛가람동,중상사고,0,1,0,0,차대사람 - 횡단중,안전운전불이행,건조,맑음,교차로 - 교차로안,화물,남,48세,상해없음,보행자,남,59세,중상
2020101700100545,2020년 10월 17일 18시,토요일,전라남도 구례군 산동면,경상사고,0,0,1,0,차대차 - 추돌,안전운전불이행,건조,맑음,단일로 - 기타,이륜,남,54세,경상,화물,남,44세,상해없음
2020101700100608,2020년 10월 17일 19시,토요일,전라남도 영암군 삼호읍,경상사고,0,0,1,0,차대차 - 추돌,안전운전불이행,건조,맑음,교차로 - 교차로안,승용,남,42세,상해없음,승용,남,42세,경상
2020101700100609,2020년 10월 17일 19시,토요일,전라남도 담양군 대덕면,중상사고,0,1,0,0,차대사람 - 횡단중,안전운전불이행,건조,맑음,단일로 - 기타,승용,남,50세,상해없음,보행자,여,77세,중상
2020101700100679,2020년 10월 17일 21시,토요일,전라남도 여수시 봉산동,중상사고,0,1,0,0,차대사람 - 기타,안전운전불이행,건조,맑음,단일로 - 기타,승합,여,46세,상해없음,보행자,남,39세,중상
2020101700100703,2020년 10월 17일 22시,토요일,전라남도 여수시 신기동,경상사고,0,0,1,0,차대차 - 측면충돌,교차로운행방법위반,건조,맑음,교차로 - 교차로안,이륜,남,48세,상해없음,승용,여,48세,경상
2020101800100010,2020년 10월 18일 00시,일요일,전라남도 영광군 영광읍,중상사고,0,2,0,0,차량단독 - 공작물충돌,안전운전불이행,건조,맑음,교차로 - 교차로부근,승용,여,57세,중상,,,,
2020101800100011,2020년 10월 18일 00시,일요일,전라남도 화순군 도곡면,부상신고사고,0,0,0,1,차량단독 - 기타,안전운전불이행,건조,맑음,단일로 - 기타,승용,남,57세,부상신고,,,,
2020101800100024,2020년 10월 18일 01시,일요일,전라남도 여수시 선원동,경상사고,0,0,3,0,차대차 - 측면충돌,신호위반,건조,맑음,교차로 - 교차로안,승용,남,49세,경상,이륜,남,17세,경상
2020101800100072,2020년 10월 18일 06시,일요일,전라남도 여수시 서교동,경상사고,0,0,1,0,차대차 - 측면충돌,안전운전불이행,건조,맑음,교차로 - 교차로안,승용,남,30세,상해없음,승용,남,48세,경상
2020101800100143,2020년 10월 18일 10시,일요일,전라남도 장흥군 장흥읍,경상사고,0,0,1,0,차대차 - 측면충돌,안전운전불이행,건조,맑음,교차로 - 교차로안,화물,남,63세,상해없음,승용,여,53세,경상
2020101800100169,2020년 10월 18일 11시,일요일,전라남도 순천시 해룡면,경상사고,0,0,1,0,차대차 - 기타,안전운전불이행,건조,맑음,교차로 - 교차로부근,승용,남,40세,상해없음,이륜,남,40세,경상
2020101800100225,2020년 10월 18일 13시,일요일,전라남도 구례군 토지면,경상사고,0,0,2,0,차대차 - 측면충돌,교차로운행방법위반,건조,맑음,교차로 - 교차로안,승용,남,68세,기타불명,승용,여,36세,경상
2020101800100253,2020년 10월 18일 14시,일요일,전라남도 목포시 산정동,경상사고,0,0,2,0,차대차 - 기타,직진우회전진행방해,건조,맑음,교차로 - 교차로안,승용,여,67세,경상,원동기,남,74세,경상
2020101800100298,2020년 10월 18일 15시,일요일,전라남도 순천시 해룡면,경상사고,0,0,1,0,차대차 - 기타,교차로운행방법위반,건조,맑음,교차로 - 교차로안,승용,남,69세,상해없음,이륜,남,81세,경상
2020101800100300,2020년 10월 18일 15시,일요일,전라남도 나주시 노안면,경상사고,0,0,1,0,차대차 - 추돌,안전운전불이행,건조,맑음,단일로 - 기타,승용,남,60세,상해없음,승용,남,30세,경상
2020101800100396,2020년 10월 18일 17시,일요일,전라남도 목포시 산정동,중상사고,0,1,0,0,차대사람 - 횡단중,안전운전불이행,건조,맑음,교차로 - 교차로안,승용,여,60세,상해없음,보행자,여,75세,중상
2020101800100397,2020년 10월 18일 17시,일요일,전라남도 순천시 대대동,중상사고,0,1,0,0,차대차 - 측면충돌,안전운전불이행,건조,맑음,단일로 - 기타,자전거,여,30세,중상,승용,남,56세,상해없음
2020101800100398,2020년 10월 18일 17시,일요일,전라남도 영광군 영광읍,중상사고,0,1,1,0,차대차 - 측면충돌,교차로운행방법위반,건조,맑음,교차로 - 교차로안,이륜,남,22세,경상,승용,남,41세,상해없음
2020101800100442,2020년 10월 18일 18시,일요일,전라남도 고흥군 포두면,경상사고,0,0,1,0,차대차 - 추돌,안전운전불이행,건조,맑음,기타 - 기타,화물,남,57세,경상,농기계,남,47세,상해없음
2020101800100483,2020년 10월 18일 19시,일요일,전라남도 영암군 미암면,경상사고,0,0,3,0,차량단독 - 도로외이탈 - 추락,안전운전불이행,건조,맑음,단일로 - 기타,승용,여,20세,상해없음,,,,
2020101800100512,2020년 10월 18일 20시,일요일,전라남도 순천시 송광면,사망사고,1,0,0,0,차대사람 - 기타,안전운전불이행,건조,맑음,단일로 - 고가도로위,승용,남,51세,상해없음,보행자,남,95세,사망
2020101800100531,2020년 10월 18일 21시,일요일,전라남도 여수시 소라면,중상사고,0,1,0,0,차대사람 - 차도통행중,안전운전불이행,건조,맑음,단일로 - 기타,승용,남,44세,상해없음,보행자,여,61세,중상
2020101800100532,2020년 10월 18일 21시,일요일,전라남도 순천시 매곡동,사망사고,1,0,0,0,차대사람 - 횡단중,과속,건조,맑음,단일로 - 기타,화물,남,50세,상해없음,보행자,남,57세,사망
2020101900100049,2020년 10월 19일 06시,월요일,전라남도 목포시 명륜동,경상사고,0,0,1,0,차대사람 - 보도통행중,신호위반,건조,맑음,교차로 - 교차로부근,이륜,남,76세,상해없음,보행자,여,48세,경상
2020101900100050,2020년 10월 19일 06시,월요일,전라남도 강진군 강진읍,경상사고,0,0,1,0,차대차 - 측면충돌,안전거리미확보,건조,맑음,단일로 - 기타,화물,남,60세,상해없음,승용,남,44세,경상
2020101900100081,2020년 10월 19일 07시,월요일,전라남도 순천시 덕암동,중상사고,0,1,0,0,차대차 - 측면충돌,안전운전불이행,건조,맑음,단일로 - 기타,승용,여,67세,상해없음,원동기,남,26세,중상
2020101900100082,2020년 10월 19일 07시,월요일,전라남도 나주시 세지면,사망사고,1,0,0,0,차대차 - 정면충돌,안전운전불이행,건조,맑음,단일로 - 기타,원동기,남,61세,사망,화물,여,55세,상해없음
2020101900100122,2020년 10월 19일 08시,월요일,전라남도 목포시 옥암동,경상사고,0,0,1,0,차대사람 - 횡단중,신호위반,건조,맑음,교차로 - 교차로횡단보도내,화물,남,63세,상해없음,보행자,남,9세,경상
2020101900100123,2020년 10월 19일 08시,월요일,전라남도 나주시 왕곡면,경상사고,0,0,1,0,차대차 - 측면충돌,안전거리미확보,건조,맑음,단일로 - 기타,이륜,남,88세,경상,승용,여,37세,상해없음
2020101900100179,2020년 10월 19일 09시,월요일,전라남도 여수시 여서동,경상사고,0,0,2,0,차대차 - 측면충돌,신호위반,건조,맑음,교차로 - 교차로안,승용,여,51세,상해없음,승용,여,33세,경상
2020101900100180,2020년 10월 19일 09시,월요일,전라남도 곡성군 옥과면,경상사고,0,0,3,0,차대차 - 후진중충돌,안전운전불이행,건조,맑음,주차장 - 주차장,화물,남,53세,상해없음,승용,남,51세,경상
2020101900100222,2020년 10월 19일 10시,월요일,전라남도 목포시 상동,경상사고,0,0,1,1,차대차 - 기타,안전운전불이행,건조,맑음,단일로 - 기타,승용,남,37세,부상신고,승용,남,33세,경상
2020101900100223,2020년 10월 19일 10시,월요일,전라남도 여수시 선원동,중상사고,0,1,0,0,차대사람 - 기타,안전운전불이행,건조,맑음,단일로 - 기타,자전거,남,31세,상해없음,보행자,여,57세,중상
2020101900100224,2020년 10월 19일 10시,월요일,전라남도 나주시 금천면,경상사고,0,0,2,0,차대차 - 추돌,안전운전불이행,건조,맑음,단일로 - 기타,승용,남,46세,상해없음,이륜,남,19세,경상
2020101900100296,2020년 10월 19일 12시,월요일,전라남도 해남군 송지면,중상사고,0,1,1,0,차대차 - 측면충돌,안전운전불이행,건조,맑음,교차로 - 교차로안,화물,남,58세,중상,화물,남,66세,경상
2020101900100297,2020년 10월 19일 12시,월요일,전라남도 무안군 청계면,경상사고,0,0,1,0,차대차 - 기타,기타,건조,맑음,단일로 - 기타,승용,남,31세,상해없음,자전거,여,69세,경상