사고번호,사고일시,요일,시군구,사고내용,사망자수,중상자수,경상자수,부상신고자수,사고유형,법규위반,노면상태,기상상태,도로형태,가해운전자 차종,가해운전자 성별,가해운전자 연령,가해운전자 상해정도,피해운전자 차종,피해운전자 성별,피해운전자 연령,피해운전자 상해정도
2020101900100340,2020년 10월 19일 13시,월요일,전라남도 순천시 매곡동,중상사고,0,1,0,0,차대차 - 기타,안전운전불이행,건조,맑음,교차로 - 교차로안,이륜,남,76세,중상,화물,남,25세,상해없음
2020101900100382,2020년 10월 19일 14시,월요일,전라남도 목포시 항동,경상사고,0,0,2,0,차대차 - 측면충돌,안전운전불이행,건조,맑음,단일로 - 기타,화물,남,56세,경상,승용,남,43세,경상
2020101900100432,2020년 10월 19일 15시,월요일,전라남도 여수시 학동,경상사고,0,0,1,0,차대차 - 측면충돌,신호위반,건조,맑음,교차로 - 교차로부근,승합,남,63세,상해없음,건설기계,남,38세,경상
2020101900100469,2020년 10월 19일 16시,월요일,전라남도 목포시 용해동,경상사고,0,0,1,0,차대차 - 추돌,안전운전불이행,건조,맑음,교차로 - 교차로안,화물,남,63세,경상,승용,남,69세,상해없음
2020101900100470,2020년 10월 19일 16시,월요일,전라남도 광양시 중동,경상사고,0,0,1,0,차대사람 - 횡단중,안전운전불이행,건조,맑음,교차로 - 교차로부근,승용,남,54세,상해없음,보행자,남,7세,경상
2020101900100512,2020년 10월 19일 17시,월요일,전라남도 장성군 황룡면,경상사고,0,0,1,0,차대차 - 기타,안전운전불이행,건조,맑음,교차로 - 교차로안,화물,남,55세,상해없음,승용,여,35세,경상
2020101900100562,2020년 10월 19일 18시,월요일,전라남도 목포시 상동,경상사고,0,0,1,0,차대사람 - 횡단중,신호위반,건조,맑음,단일로 - 기타,이륜,남,36세,상해없음,보행자,여,9세,경상
2020101900100563,2020년 10월 19일 18시,월요일,전라남도 여수시 신기동,경상사고,0,0,2,0,차대차 - 측면충돌,신호위반,건조,맑음,교차로 - 교차로안,승용,남,49세,상해없음,승용,여,47세,경상
2020101900100564,2020년 10월 19일 18시,월요일,전라남도 여수시 종화동,경상사고,0,0,4,0,차대차 - 추돌,안전운전불이행,건조,맑음,단일로 - 기타,승용,남,41세,경상,화물,남,80세,경상
2020101900100565,2020년 10월 19일 18시,월요일,전라남도 여수시 교동,경상사고,0,0,1,0,차대사람 - 횡단중,보행자보호의무위반,건조,맑음,단일로 - 기타,승용,남,63세,상해없음,보행자,여,44세,경상
2020101900100566,2020년 10월 19일 18시,월요일,전라남도 영암군 삼호읍,중상사고,0,1,0,0,차대차 - 기타,신호위반,건조,맑음,교차로 - 교차로안,자전거,남,52세,중상,승용,남,28세,상해없음
2020101900100567,2020년 10월 19일 18시,월요일,전라남도 강진군 작천면,경상사고,0,0,1,0,차대차 - 추돌,안전운전불이행,건조,맑음,단일로 - 기타,승용,여,61세,경상,농기계,남,53세,기타불명
2020101900100629,2020년 10월 19일 19시,월요일,전라남도 신안군 압해읍,경상사고,0,0,1,0,차대차 - 측면충돌,교차로운행방법위반,건조,맑음,교차로 - 교차로안,승용,여,58세,경상,승용,남,32세,상해없음
2020101900100657,2020년 10월 19일 20시,월요일,전라남도 목포시 용당동,사망사고,1,0,0,0,차대사람 - 횡단중,보행자보호의무위반,건조,맑음,단일로 - 기타,승용,남,59세,상해없음,보행자,여,60세,사망
2020101900100702,2020년 10월 19일 22시,월요일,전라남도 목포시 상락동1가,사망사고,1,0,0,0,차대사람 - 차도통행중,안전운전불이행,건조,맑음,교차로 - 교차로부근,승용,남,53세,상해없음,보행자,남,57세,사망
2020101900100703,2020년 10월 19일 22시,월요일,전라남도 함평군 함평읍,경상사고,0,0,4,0,차대차 - 추돌,안전운전불이행,건조,맑음,단일로 - 기타,승용,남,55세,상해없음,승용,남,53세,상해없음
2020102000100068,2020년 10월 20일 07시,화요일,전라남도 보성군 벌교읍,경상사고,0,0,2,0,차대사람 - 기타,중앙선침범,건조,맑음,단일로 - 기타,화물,남,51세,상해없음,보행자,여,76세,경상
2020102000100069,2020년 10월 20일 07시,화요일,전라남도 광양시 중동,경상사고,0,0,1,0,차대차 - 측면충돌,안전운전불이행,건조,맑음,단일로 - 기타,승합,남,62세,상해없음,승용,남,71세,경상
2020102000100106,2020년 10월 20일 08시,화요일,전라남도 여수시 웅천동,경상사고,0,0,2,0,차대차 - 추돌,안전거리미확보,건조,맑음,단일로 - 기타,승용,여,51세,경상,승용,여,25세,경상
2020102000100107,2020년 10월 20일 08시,화요일,전라남도 여수시 웅천동,경상사고,0,0,1,0,차대차 - 추돌,안전운전불이행,건조,맑음,단일로 - 기타,승용,여,44세,상해없음,승용,여,51세,경상
2020102000100108,2020년 10월 20일 08시,화요일,전라남도 장흥군 장흥읍,중상사고,0,1,1,0,차대차 - 측면충돌,직진우회전진행방해,건조,맑음,교차로 - 교차로안,이륜,남,80세,기타불명,화물,남,52세,경상
2020102000100151,2020년 10월 20일 09시,화요일,전라남도 순천시 남내동,중상사고,0,1,0,0,차대차 - 측면충돌,안전운전불이행,건조,맑음,단일로 - 기타,자전거,남,72세,중상,승용,여,45세,상해없음
2020102000100152,2020년 10월 20일 09시,화요일,전라남도 영암군 영암읍,경상사고,0,0,2,0,차대차 - 측면충돌,안전운전불이행,건조,맑음,교차로 - 교차로안,화물,남,59세,상해없음,승용,남,21세,경상
2020102000100181,2020년 10월 20일 10시,화요일,전라남도 함평군 함평읍,부상신고사고,0,0,0,1,차대차 - 측면충돌,안전운전불이행,건조,맑음,단일로 - 기타,이륜,남,83세,부상신고,승용,남,41세,상해없음
2020102000100182,2020년 10월 20일 10시,화요일,전라남도 구례군 구례읍,경상사고,0,0,6,0,차대차 - 추돌,안전운전불이행,건조,맑음,교차로 - 교차로부근,승용,남,38세,경상,승용,남,56세,경상
2020102000100216,2020년 10월 20일 11시,화요일,전라남도 여수시 관문동,중상사고,0,1,0,0,차량단독 - 기타,안전운전불이행,건조,맑음,단일로 - 기타,승합,남,60세,상해없음,,,,
2020102000100217,2020년 10월 20일 11시,화요일,전라남도 여수시 학동,경상사고,0,0,1,0,차대차 - 측면충돌,차로위반,건조,맑음,교차로 - 교차로안,승용,여,35세,상해없음,승용,남,57세,경상
2020102000100218,2020년 10월 20일 11시,화요일,전라남도 곡성군 겸면,사망사고,1,0,0,1,차대차 - 기타,안전거리미확보,건조,맑음,기타 - 기타,화물,남,67세,사망,승용,남,26세,부상신고
2020102000100257,2020년 10월 20일 12시,화요일,전라남도 보성군 벌교읍,중상사고,0,1,0,0,차대사람 - 횡단중,보행자보호의무위반,건조,맑음,교차로 - 교차로횡단보도내,승용,여,62세,상해없음,보행자,여,84세,중상
2020102000100287,2020년 10월 20일 13시,화요일,전라남도 장성군 서삼면,중상사고,0,1,9,0,차대차 - 추돌,과속,건조,맑음,단일로 - 터널,승용,여,37세,경상,승용,남,27세,경상
2020102000100288,2020년 10월 20일 13시,화요일,전라남도 나주시 빛가람동,경상사고,0,0,1,0,차대사람 - 횡단중,안전운전불이행,건조,맑음,교차로 - 교차로안,승용,남,65세,상해없음,보행자,여,66세,경상
2020102000100289,2020년 10월 20일 13시,화요일,전라남도 장성군 삼계면,경상사고,0,0,1,0,차대차 - 추돌,안전운전불이행,건조,맑음,단일로 - 기타,화물,남,57세,상해없음,승용,남,55세,상해없음
2020102000100336,2020년 10월 20일 14시,화요일,전라남도 목포시 상동,경상사고,0,0,2,0,차대차 - 추돌,안전거리미확보,건조,맑음,교차로 - 교차로부근,화물,남,59세,경상,이륜,남,83세,상해없음
2020102000100337,2020년 10월 20일 14시,화요일,전라남도 광양시 도이동,중상사고,0,1,0,0,차대사람 - 기타,안전운전불이행,건조,맑음,단일로 - 기타,승용,여,23세,상해없음,보행자,남,53세,중상
2020102000100388,2020년 10월 20일 15시,화요일,전라남도 목포시 상동,경상사고,0,0,2,0,차대차 - 측면충돌,신호위반,건조,맑음,교차로 - 교차로안,화물,남,67세,기타불명,승용,남,76세,경상
2020102000100389,2020년 10월 20일 15시,화요일,전라남도 여수시 수정동,경상사고,0,0,1,0,차대차 - 기타,교차로운행방법위반,건조,맑음,교차로 - 교차로안,승용,남,62세,상해없음,승용,여,64세,경상
2020102000100390,2020년 10월 20일 15시,화요일,전라남도 화순군 춘양면,중상사고,0,1,2,0,차대차 - 기타,안전운전불이행,건조,맑음,교차로 - 교차로안,승용,남,80세,경상,승합,남,33세,경상
2020102000100391,2020년 10월 20일 15시,화요일,전라남도 무안군 삼향읍,경상사고,0,0,1,0,차대사람 - 횡단중,안전운전불이행,건조,맑음,교차로 - 교차로안,승용,여,54세,상해없음,보행자,여,20세,경상
2020102000100442,2020년 10월 20일 16시,화요일,전라남도 목포시 석현동,경상사고,0,0,1,0,차대차 - 측면충돌,중앙선침범,건조,맑음,단일로 - 기타,승용,남,28세,상해없음,승용,남,48세,경상
2020102000100443,2020년 10월 20일 16시,화요일,전라남도 영광군 영광읍,경상사고,0,0,1,0,차대차 - 측면충돌,직진우회전진행방해,건조,맑음,교차로 - 교차로안,승용,여,63세,상해없음,승용,여,64세,경상
2020102000100488,2020년 10월 20일 17시,화요일,전라남도 영광군 영광읍,사망사고,1,0,0,0,차량단독 - 공작물충돌,안전운전불이행,건조,맑음,단일로 - 기타,승용,남,61세,사망,,,,
2020102000100489,2020년 10월 20일 17시,화요일,전라남도 화순군 한천면,중상사고,0,1,0,0,차대사람 - 기타,안전운전불이행,건조,맑음,단일로 - 기타,화물,남,64세,상해없음,보행자,여,63세,중상
2020102000100549,2020년 10월 20일 18시,화요일,전라남도 여수시 중흥동,경상사고,0,0,1,0,차대차 - 측면충돌,중앙선침범,건조,맑음,단일로 - 기타,승용,남,65세,상해없음,승용,남,37세,경상
2020102000100550,2020년 10월 20일 18시,화요일,전라남도 순천시 조례동,경상사고,0,0,1,0,차대차 - 측면충돌,중앙선침범,건조,맑음,단일로 - 기타,승용,남,51세,상해없음,이륜,남,45세,경상
2020102000100551,2020년 10월 20일 18시,화요일,전라남도 무안군 삼향읍,경상사고,0,0,2,0,차대차 - 기타,안전운전불이행,건조,맑음,단일로 - 기타,승용,여,56세,경상,승용,여,24세,경상
2020102000100616,2020년 10월 20일 19시,화요일,전라남도 순천시 저전동,경상사고,0,0,1,0,차대차 - 기타,안전운전불이행,건조,맑음,단일로 - 기타,자전거,남,84세,경상,승합,남,41세,상해없음
2020102000100617,2020년 10월 20일 19시,화요일,전라남도 화순군 화순읍,경상사고,0,0,1,0,차대차 - 기타,교차로운행방법위반,건조,맑음,교차로 - 교차로안,승용,남,20세,상해없음,자전거,남,54세,경상
2020102000100659,2020년 10월 20일 20시,화요일,전라남도 화순군 화순읍,중상사고,0,1,1,0,차대차 - 기타,안전거리미확보,건조,맑음,단일로 - 기타,승용,남,43세,상해없음,이륜,남,24세,중상
2020102000100687,2020년 10월 20일 21시,화요일,전라남도 여수시 종화동,경상사고,0,0,3,0,차대차 - 측면충돌,안전운전불이행,건조,맑음,교차로 - 교차로안,승용,남,32세,경상,승용,남,26세,경상
2020102000100720,2020년 10월 20일 23시,화요일,전라남도 함평군 신광면,경상사고,0,0,1,0,차량단독 - 기타,안전운전불이행,건조,맑음,기타 - 기타,화물,남,62세,경상,,,,
2020102100100048,2020년 10월 21일 05시,수요일,전라남도 여수시 여서동,경상사고,0,0,2,0,차대차 - 측면충돌,차로위반,건조,맑음,교차로 - 교차로부근,승용,남,24세,상해없음,승용,남,67세,경상
2020102100100066,2020년 10월 21일 06시,수요일,전라남도 여수시 봉산동,경상사고,0,0,2,0,차대차 - 측면충돌,중앙선침범,건조,맑음,단일로 - 기타,승용,남,63세,상해없음,승용,남,72세,상해없음
2020102100100099,2020년 10월 21일 07시,수요일,전라남도 순천시 서면,경상사고,0,0,4,0,차대차 - 추돌,안전운전불이행,건조,맑음,단일로 - 기타,승용,남,30세,경상,승용,남,35세,경상
2020102100100139,2020년 10월 21일 08시,수요일,전라남도 순천시 왕지동,경상사고,0,0,2,0,차대차 - 기타,직진우회전진행방해,건조,맑음,교차로 - 교차로안,승용,남,29세,경상,승용,여,53세,경상
2020102100100140,2020년 10월 21일 08시,수요일,전라남도 영암군 삼호읍,경상사고,0,0,1,0,차대사람 - 기타,안전운전불이행,건조,맑음,기타 - 기타,승용,남,30세,상해없음,보행자,남,61세,경상
2020102100100206,2020년 10월 21일 10시,수요일,전라남도 순천시 별량면,중상사고,0,1,1,0,차대차 - 추돌,안전거리미확보,건조,흐림,단일로 - 기타,화물,남,48세,상해없음,화물,남,77세,경상
2020102100100230,2020년 10월 21일 11시,수요일,전라남도 여수시 광무동,경상사고,0,0,1,0,차대차 - 측면충돌,안전운전불이행,건조,맑음,단일로 - 기타,승용,남,38세,상해없음,승용,여,49세,경상
2020102100100261,2020년 10월 21일 12시,수요일,전라남도 순천시 동외동,중상사고,0,1,0,0,차대사람 - 기타,안전운전불이행,건조,맑음,교차로 - 교차로안,승용,남,61세,상해없음,보행자,여,72세,중상
2020102100100284,2020년 10월 21일 13시,수요일,전라남도 목포시 용해동,경상사고,0,0,5,0,차대차 - 추돌,안전운전불이행,젖음/습기,비,단일로 - 기타,승용,남,41세,경상,승용,여,57세,경상
2020102100100285,2020년 10월 21일 13시,수요일,전라남도 곡성군 죽곡면,경상사고,0,0,2,0,차대차 - 측면충돌,안전운전불이행,건조,맑음,단일로 - 기타,화물,남,90세,상해없음,화물,남,30세,경상
2020102100100304,2020년 10월 21일 14시,수요일,전라남도 여수시 소라면,경상사고,0,0,1,0,차대차 - 측면충돌,안전운전불이행,건조,맑음,단일로 - 기타,승용,남,61세,상해없음,농기계,여,55세,경상
2020102100100305,2020년 10월 21일 14시,수요일,전라남도 장성군 북일면,경상사고,0,0,1,0,차대차 - 기타,안전운전불이행,건조,맑음,교차로 - 교차로부근,승용,여,37세,상해없음,자전거,여,55세,경상
2020102100100306,2020년 10월 21일 14시,수요일,전라남도 담양군 고서면,경상사고,0,0,1,0,차대차 - 측면충돌,안전운전불이행,건조,맑음,교차로 - 교차로부근,승용,남,82세,상해없음,이륜,남,85세,경상
2020102100100343,2020년 10월 21일 15시,수요일,전라남도 고흥군 점암면,중상사고,0,1,0,0,차대사람 - 기타,안전운전불이행,젖음/습기,비,단일로 - 기타,기타불명,기타불명,미분류,기타불명,보행자,여,86세,중상
2020102100100344,2020년 10월 21일 15시,수요일,전라남도 함평군 월야면,경상사고,0,0,3,0,차대차 - 추돌,안전거리미확보,젖음/습기,비,단일로 - 기타,승용,남,59세,상해없음,승용,여,41세,상해없음
2020102100100345,2020년 10월 21일 15시,수요일,전라남도 구례군 토지면,경상사고,0,0,1,0,차대차 - 측면충돌,안전운전불이행,건조,맑음,단일로 - 기타,화물,남,68세,상해없음,화물,남,44세,경상
2020102100100386,2020년 10월 21일 16시,수요일,전라남도 곡성군 오산면,경상사고,0,0,2,0,차대차 - 측면충돌,직진우회전진행방해,젖음/습기,비,교차로 - 교차로안,화물,여,63세,상해없음,화물,남,36세,경상
2020102100100422,2020년 10월 21일 17시,수요일,전라남도 목포시 상동,경상사고,0,0,4,0,차대차 - 측면충돌,신호위반,젖음/습기,비,교차로 - 교차로안,승용,남,28세,경상,건설기계,남,59세,경상
2020102100100423,2020년 10월 21일 17시,수요일,전라남도 담양군 가사문학면,중상사고,0,1,0,0,차대사람 - 차도통행중,안전운전불이행,젖음/습기,비,단일로 - 기타,화물,남,56세,상해없음,보행자,남,53세,중상
2020102100100490,2020년 10월 21일 18시,수요일,전라남도 목포시 상동,경상사고,0,0,1,0,차대차 - 측면충돌,기타,젖음/습기,비,교차로 - 교차로안,이륜,남,18세,기타불명,승용,남,49세,기타불명
2020102100100491,2020년 10월 21일 18시,수요일,전라남도 목포시 죽교동,경상사고,0,0,4,0,차대차 - 측면충돌,중앙선침범,젖음/습기,비,교차로 - 교차로부근,승용,여,35세,상해없음,승용,남,39세,경상
2020102100100493,2020년 10월 21일 18시,수요일,전라남도 여수시 광무동,경상사고,0,0,2,0,차대차 - 측면충돌,안전운전불이행,건조,맑음,단일로 - 기타,승용,남,54세,상해없음,승용,여,50세,경상
2020102100100494,2020년 10월 21일 18시,수요일,전라남도 여수시 선원동,경상사고,0,0,1,0,차대사람 - 횡단중,보행자보호의무위반,건조,맑음,교차로 - 교차로횡단보도내,승용,남,44세,상해없음,보행자,남,68세,경상
2020102100100495,2020년 10월 21일 18시,수요일,전라남도 순천시 연향동,경상사고,0,0,2,0,차대사람 - 기타,안전운전불이행,젖음/습기,비,교차로 - 교차로안,승용,남,31세,상해없음,보행자,남,56세,경상
2020102100100496,2020년 10월 21일 18시,수요일,전라남도 순천시 연향동,경상사고,0,0,1,0,차대차 - 기타,안전운전불이행,건조,맑음,교차로 - 교차로부근,승용,여,27세,상해없음,원동기,남,24세,경상
2020102100100497,2020년 10월 21일 18시,수요일,전라남도 해남군 해남읍,경상사고,0,0,2,0,차대차 - 기타,안전운전불이행,젖음/습기,비,교차로 - 교차로안,승용,여,56세,경상,화물,남,39세,경상
2020102100100498,2020년 10월 21일 18시,수요일,전라남도 강진군 강진읍,경상사고,0,0,1,2,차대차 - 측면충돌,직진우회전진행방해,젖음/습기,비,교차로 - 교차로안,승용,남,48세,경상,화물,여,73세,상해없음
2020102100100499,2020년 10월 21일 18시,수요일,전라남도 광양시 광영동,사망사고,1,0,0,0,차대사람 - 보도통행중,안전운전불이행,젖음/습기,비,교차로 - 교차로안,승용,남,67세,상해없음,보행자,남,58세,사망
2020102100100500,2020년 10월 21일 18시,수요일,전라남도 광양시 중동,경상사고,0,0,1,0,차대차 - 정면충돌,안전운전불이행,젖음/습기,비,단일로 - 기타,화물,남,63세,상해없음,승용,남,28세,경상
2020102100100550,2020년 10월 21일 19시,수요일,전라남도 여수시 연등동,경상사고,0,0,3,0,차대차 - 추돌,안전운전불이행,젖음/습기,비,단일로 - 기타,승용,남,63세,상해없음,승용,남,23세,경상
2020102100100551,2020년 10월 21일 19시,수요일,전라남도 영암군 삼호읍,중상사고,0,1,0,0,차대차 - 측면충돌,안전운전불이행,젖음/습기,비,단일로 - 기타,승용,남,29세,상해없음,이륜,남,37세,중상
2020102100100599,2020년 10월 21일 20시,수요일,전라남도 목포시 상동,중상사고,0,1,0,0,차량단독 - 기타,안전운전불이행,젖음/습기,비,교차로 - 교차로부근,이륜,남,43세,중상,,,,
2020102100100600,2020년 10월 21일 20시,수요일,전라남도 순천시 조례동,중상사고,0,1,0,0,차대차 - 기타,안전운전불이행,건조,맑음,단일로 - 기타,이륜,여,25세,상해없음,이륜,남,35세,중상
2020102100100689,2020년 10월 21일 22시,수요일,전라남도 나주시 빛가람동,경상사고,0,0,1,0,차대차 - 측면충돌,안전운전불이행,건조,맑음,단일로 - 기타,승용,여,47세,상해없음,승용,여,55세,경상
2020102100100690,2020년 10월 21일 22시,수요일,전라남도 영암군 삼호읍,경상사고,0,0,2,0,차대차 - 추돌,안전운전불이행,젖음/습기,비,교차로 - 교차로부근,승용,남,52세,상해없음,승용,남,46세,경상
2020102200100031,2020년 10월 22일 02시,목요일,전라남도 나주시 빛가람동,중상사고,0,1,0,0,차대차 - 측면충돌,안전운전불이행,젖음/습기,비,단일로 - 교량,승용,남,50세,상해없음,자전거,남,68세,중상
2020102200100050,2020년 10월 22일 05시,목요일,전라남도 여수시 여서동,경상사고,0,0,1,0,차대차 - 측면충돌,차로위반,건조,맑음,단일로 - 기타,승용,남,62세,기타불명,승용,남,63세,경상
2020102200100071,2020년 10월 22일 06시,목요일,전라남도 신안군 비금면,경상사고,0,0,1,0,차대차 - 기타,안전운전불이행,젖음/습기,흐림,교차로 - 교차로부근,원동기,남,22세,경상,승용,남,52세,상해없음
2020102200100085,2020년 10월 22일 07시,목요일,전라남도 신안군 장산면,중상사고,0,1,0,0,차대차 - 측면충돌,안전운전불이행,건조,맑음,교차로 - 교차로안,승용,여,33세,상해없음,이륜,남,83세,중상
2020102200100086,2020년 10월 22일 07시,목요일,전라남도 화순군 화순읍,경상사고,0,0,1,0,차대차 - 기타,교차로운행방법위반,건조,맑음,교차로 - 교차로부근,승용,여,58세,상해없음,승용,여,27세,경상
2020102200100122,2020년 10월 22일 08시,목요일,전라남도 목포시 용해동,경상사고,0,0,1,0,차대사람 - 횡단중,안전운전불이행,건조,맑음,기타 - 기타,승용,여,52세,상해없음,보행자,남,13세,경상
2020102200100123,2020년 10월 22일 08시,목요일,전라남도 순천시 인제동,경상사고,0,0,2,0,차대차 - 기타,직진우회전진행방해,건조,맑음,교차로 - 교차로안,승용,여,52세,상해없음,승용,남,56세,경상
2020102200100186,2020년 10월 22일 10시,목요일,전라남도 여수시 율촌면,경상사고,0,0,1,0,차대차 - 기타,직진우회전진행방해,건조,맑음,교차로 - 교차로안,승용,남,30세,상해없음,승용,여,40세,경상
2020102200100187,2020년 10월 22일 10시,목요일,전라남도 순천시 남정동,경상사고,0,0,1,0,차대차 - 기타,안전운전불이행,건조,맑음,단일로 - 기타,자전거,여,27세,경상,승용,여,46세,상해없음
2020102200100188,2020년 10월 22일 10시,목요일,전라남도 영암군 삼호읍,경상사고,0,0,1,0,차대차 - 추돌,안전운전불이행,건조,맑음,단일로 - 기타,승용,남,20세,상해없음,승용,여,30세,경상
2020102200100189,2020년 10월 22일 10시,목요일,전라남도 무안군 삼향읍,경상사고,0,0,2,0,차대차 - 기타,안전운전불이행,건조,맑음,교차로 - 교차로안,승용,여,39세,경상,승용,여,30세,경상
2020102200100215,2020년 10월 22일 11시,목요일,전라남도 완도군 완도읍,경상사고,0,0,1,0,차대사람 - 기타,안전운전불이행,건조,맑음,단일로 - 기타,화물,남,39세,상해없음,보행자,여,86세,경상
2020102200100248,2020년 10월 22일 12시,목요일,전라남도 강진군 강진읍,중상사고,0,1,0,0,차대차 - 측면충돌,기타,건조,맑음,교차로 - 교차로안,원동기,남,17세,중상,화물,남,53세,상해없음
2020102200100249,2020년 10월 22일 12시,목요일,전라남도 곡성군 겸면,경상사고,0,0,3,0,차대차 - 측면충돌,안전운전불이행,건조,맑음,단일로 - 기타,승용,여,70세,상해없음,승용,남,70세,경상
2020102200100349,2020년 10월 22일 15시,목요일,전라남도 순천시 조례동,경상사고,0,0,2,0,차대차 - 측면충돌,신호위반,건조,맑음,교차로 - 교차로안,이륜,남,26세,상해없음,승용,여,39세,경상
2020102200100394,2020년 10월 22일 16시,목요일,전라남도 광양시 중동,경상사고,0,0,1,0,차대사람 - 횡단중,신호위반,건조,맑음,단일로 - 기타,화물,남,66세,상해없음,보행자,남,11세,경상
2020102200100432,2020년 10월 22일 17시,목요일,전라남도 영암군 학산면,경상사고,0,0,1,0,차대차 - 측면충돌,안전운전불이행,건조,맑음,교차로 - 교차로안,화물,남,67세,상해없음,승용,여,30세,경상
2020102200100491,2020년 10월 22일 18시,목요일,전라남도 여수시 국동,경상사고,0,0,2,0,차대차 - 기타,교차로운행방법위반,건조,맑음,단일로 - 기타,승용,남,60세,경상,승용,남,57세,경상
2020102200100492,2020년 10월 22일 18시,목요일,전라남도 곡성군 곡성읍,경상사고,0,0,1,0,차대차 - 측면충돌,안전운전불이행,건조,맑음,단일로 - 기타,농기계,남,59세,상해없음,화물,남,56세,경상
2020102200100493,2020년 10월 22일 18시,목요일,전라남도 광양시 진상면,중상사고,0,1,1,0,차량단독 - 공작물충돌,안전운전불이행,건조,맑음,단일로 - 기타,승용,여,65세,경상,,,,
2020102200100546,2020년 10월 22일 19시,목요일,전라남도 담양군 담양읍,중상사고,0,1,1,0,차대차 - 측면충돌,교차로운행방법위반,건조,맑음,교차로 - 교차로안,승용,남,57세,상해없음,승용,남,46세,중상
2020102200100547,2020년 10월 22일 19시,목요일,전라남도 광양시 진월면,경상사고,0,0,1,0,차대차 - 추돌,안전거리미확보,건조,맑음,단일로 - 기타,승용,남,39세,상해없음,승용,남,43세,경상
2020102200100597,2020년 10월 22일 21시,목요일,전라남도 순천시 덕암동,중상사고,0,1,0,0,차대사람 - 횡단중,안전운전불이행,건조,맑음,단일로 - 기타,승용,여,57세,상해없음,보행자,여,57세,중상
2020102200100598,2020년 10월 22일 21시,목요일,전라남도 곡성군 겸면,경상사고,0,0,1,0,차대차 - 측면충돌,직진우회전진행방해,건조,맑음,교차로 - 교차로안,화물,남,26세,상해없음,승용,남,57세,경상
2020102200100628,2020년 10월 22일 22시,목요일,전라남도 고흥군 남양면,경상사고,0,0,1,0,차대차 - 기타,안전운전불이행,건조,맑음,단일로 - 기타,화물,여,59세,상해없음,화물,남,48세,경상
2020102200100629,2020년 10월 22일 22시,목요일,전라남도 광양시 광양읍,중상사고,0,1,0,0,차량단독 - 공작물충돌,안전운전불이행,건조,맑음,교차로 - 교차로안,승용,남,45세,중상,,,,
2020102200100646,2020년 10월 22일 23시,목요일,전라남도 진도군 진도읍,경상사고,0,0,1,0,차대차 - 추돌,안전운전불이행,건조,맑음,교차로 - 교차로부근,승용,남,32세,상해없음,승용,남,28세,경상
2020102300100008,2020년 10월 23일 00시,금요일,전라남도 광양시 중동,중상사고,0,2,3,0,차대차 - 측면충돌,신호위반,건조,맑음,교차로 - 교차로부근,승용,남,65세,상해없음,승용,여,48세,중상
2020102300100023,2020년 10월 23일 01시,금요일,전라남도 목포시 상동,경상사고,0,0,3,0,차대차 - 기타,안전운전불이행,기타,기타,단일로 - 교량,승용,남,33세,경상,승용,남,55세,경상
2020102300100065,2020년 10월 23일 06시,금요일,전라남도 여수시 봉계동,경상사고,0,0,1,0,차대사람 - 기타,보행자보호의무위반,건조,맑음,교차로 - 교차로부근,승용,남,63세,상해없음,보행자,여,13세,경상
2020102300100141,2020년 10월 23일 08시,금요일,전라남도 화순군 화순읍,경상사고,0,0,1,0,차대차 - 측면충돌,신호위반,건조,맑음,교차로 - 교차로안,건설기계,남,61세,상해없음,승용,남,67세,경상
2020102300100142,2020년 10월 23일 08시,금요일,전라남도 화순군 화순읍,중상사고,0,1,0,0,차대사람 - 횡단중,안전운전불이행,건조,맑음,교차로 - 교차로안,승용,여,67세,상해없음,보행자,여,18세,중상
2020102300100143,2020년 10월 23일 08시,금요일,전라남도 담양군 담양읍,경상사고,0,0,3,0,차대차 - 측면충돌,중앙선침범,건조,맑음,단일로 - 기타,승합,남,70세,상해없음,승용,남,22세,경상
2020102300100180,2020년 10월 23일 09시,금요일,전라남도 순천시 서면,경상사고,0,0,1,0,차대차 - 측면충돌,안전거리미확보,건조,맑음,교차로 - 교차로부근,건설기계,남,66세,상해없음,승용,여,38세,경상
2020102300100181,2020년 10월 23일 09시,금요일,전라남도 영암군 도포면,경상사고,0,0,2,0,차대차 - 측면충돌,안전운전불이행,건조,맑음,교차로 - 교차로안,승용,남,26세,경상,화물,여,61세,경상
2020102300100182,2020년 10월 23일 09시,금요일,전라남도 장성군 장성읍,부상신고사고,0,0,0,1,차대차 - 추돌,안전운전불이행,건조,맑음,단일로 - 기타,이륜,남,75세,부상신고,승용,남,73세,상해없음
2020102300100220,2020년 10월 23일 10시,금요일,전라남도 영광군 영광읍,경상사고,0,0,1,0,차대사람 - 차도통행중,안전운전불이행,건조,맑음,기타 - 기타,승용,남,79세,상해없음,보행자,여,73세,경상
2020102300100257,2020년 10월 23일 11시,금요일,전라남도 장성군 장성읍,경상사고,0,0,1,0,차대차 - 기타,안전운전불이행,건조,맑음,교차로 - 교차로안,승용,남,63세,상해없음,승용,여,34세,경상