사고번호,사고일시,요일,시군구,사고내용,사망자수,중상자수,경상자수,부상신고자수,사고유형,법규위반,노면상태,기상상태,도로형태,가해운전자 차종,가해운전자 성별,가해운전자 연령,가해운전자 상해정도,피해운전자 차종,피해운전자 성별,피해운전자 연령,피해운전자 상해정도
2020102300100258,2020년 10월 23일 11시,금요일,전라남도 구례군 구례읍,경상사고,0,0,1,0,차대차 - 측면충돌,안전운전불이행,건조,맑음,단일로 - 기타,자전거,여,68세,경상,승용,여,56세,상해없음
2020102300100293,2020년 10월 23일 12시,금요일,전라남도 목포시 용해동,경상사고,0,0,1,0,차대차 - 추돌,안전운전불이행,건조,맑음,교차로 - 교차로부근,이륜,남,16세,상해없음,승용,남,54세,경상
2020102300100295,2020년 10월 23일 12시,금요일,전라남도 순천시 연향동,경상사고,0,0,1,0,차대차 - 측면충돌,안전운전불이행,건조,맑음,교차로 - 교차로안,승용,남,51세,상해없음,승용,여,51세,경상
2020102300100326,2020년 10월 23일 13시,금요일,전라남도 여수시 공화동,경상사고,0,0,2,0,차대차 - 기타,교차로운행방법위반,건조,맑음,교차로 - 교차로안,승용,남,78세,상해없음,승용,남,33세,경상
2020102300100421,2020년 10월 23일 15시,금요일,전라남도 순천시 연향동,사망사고,1,0,0,0,차대차 - 추돌,안전운전불이행,건조,맑음,단일로 - 기타,원동기,남,40세,사망,승용,남,70세,상해없음
2020102300100422,2020년 10월 23일 15시,금요일,전라남도 장흥군 회진면,사망사고,1,0,0,0,차량단독 - 기타,안전운전불이행,건조,흐림,단일로 - 기타,이륜,남,80세,사망,,,,
2020102300100423,2020년 10월 23일 15시,금요일,전라남도 고흥군 고흥읍,경상사고,0,0,1,0,차대차 - 측면충돌,안전운전불이행,건조,맑음,기타 - 기타,화물,남,71세,상해없음,승용,남,39세,경상
2020102300100424,2020년 10월 23일 15시,금요일,전라남도 화순군 화순읍,경상사고,0,0,1,0,차대사람 - 횡단중,안전운전불이행,건조,맑음,단일로 - 기타,승용,남,61세,상해없음,보행자,여,24세,경상
2020102300100425,2020년 10월 23일 15시,금요일,전라남도 무안군 삼향읍,경상사고,0,0,1,0,차대차 - 측면충돌,안전운전불이행,건조,맑음,기타 - 기타,화물,남,78세,상해없음,이륜,남,70세,경상
2020102300100426,2020년 10월 23일 15시,금요일,전라남도 무안군 해제면,경상사고,0,0,2,0,차대차 - 측면충돌,안전운전불이행,건조,맑음,단일로 - 기타,승용,여,62세,경상,화물,남,45세,경상
2020102300100473,2020년 10월 23일 16시,금요일,전라남도 나주시 반남면,중상사고,0,2,0,0,차대차 - 기타,안전운전불이행,건조,맑음,단일로 - 기타,이륜,남,78세,중상,이륜,남,82세,중상
2020102300100474,2020년 10월 23일 16시,금요일,전라남도 보성군 회천면,중상사고,0,1,2,0,차대차 - 측면충돌,직진우회전진행방해,건조,맑음,교차로 - 교차로안,승합,여,40세,상해없음,승용,남,26세,경상
2020102300100475,2020년 10월 23일 16시,금요일,전라남도 담양군 대전면,경상사고,0,0,1,0,차대차 - 추돌,안전거리미확보,건조,맑음,단일로 - 기타,승용,남,30세,상해없음,승용,남,46세,경상
2020102300100542,2020년 10월 23일 17시,금요일,전라남도 순천시 조례동,중상사고,0,1,0,0,차대차 - 측면충돌,안전운전불이행,건조,맑음,교차로 - 교차로부근,원동기,남,24세,중상,승용,남,62세,상해없음
2020102300100543,2020년 10월 23일 17시,금요일,전라남도 고흥군 동강면,경상사고,0,0,1,0,차대차 - 기타,안전운전불이행,건조,맑음,단일로 - 기타,이륜,남,70세,경상,화물,남,45세,기타불명
2020102300100544,2020년 10월 23일 17시,금요일,전라남도 보성군 벌교읍,중상사고,0,1,1,0,차대차 - 측면충돌,안전거리미확보,건조,맑음,교차로 - 교차로부근,승용,여,49세,중상,승용,남,57세,경상
2020102300100545,2020년 10월 23일 17시,금요일,전라남도 영광군 영광읍,경상사고,0,0,1,0,차대차 - 측면충돌,교차로운행방법위반,건조,맑음,교차로 - 교차로안,화물,남,62세,상해없음,이륜,남,64세,경상
2020102300100631,2020년 10월 23일 18시,금요일,전라남도 목포시 용당동,경상사고,0,0,1,0,차대차 - 기타,안전운전불이행,건조,흐림,단일로 - 지하차도(도로)내,승용,남,64세,상해없음,이륜,남,47세,경상
2020102300100632,2020년 10월 23일 18시,금요일,전라남도 신안군 지도읍,경상사고,0,0,3,0,차대차 - 기타,중앙선침범,건조,맑음,단일로 - 기타,화물,여,68세,경상,화물,남,28세,경상
2020102300100633,2020년 10월 23일 18시,금요일,전라남도 여수시 국동,경상사고,0,0,1,0,차대차 - 측면충돌,안전거리미확보,건조,맑음,단일로 - 기타,승용,남,33세,상해없음,원동기,남,60세,경상
2020102300100634,2020년 10월 23일 18시,금요일,전라남도 순천시 해룡면,경상사고,0,0,2,0,차대차 - 추돌,안전거리미확보,건조,맑음,단일로 - 기타,승용,남,59세,상해없음,승용,남,37세,경상
2020102300100635,2020년 10월 23일 18시,금요일,전라남도 순천시 조례동,경상사고,0,0,3,0,차대차 - 측면충돌,안전운전불이행,건조,맑음,교차로 - 교차로안,승용,여,43세,경상,승용,여,27세,경상
2020102300100636,2020년 10월 23일 18시,금요일,전라남도 해남군 마산면,중상사고,0,1,0,0,차대차 - 기타,직진우회전진행방해,건조,맑음,교차로 - 교차로안,승용,남,41세,상해없음,이륜,남,52세,중상
2020102300100708,2020년 10월 23일 19시,금요일,전라남도 순천시 연향동,경상사고,0,0,1,0,차대차 - 후진중충돌,안전운전불이행,건조,맑음,단일로 - 기타,승용,여,28세,상해없음,승용,남,25세,경상
2020102300100709,2020년 10월 23일 19시,금요일,전라남도 순천시 승주읍,경상사고,0,0,2,0,차대차 - 기타,기타,건조,맑음,기타 - 기타,화물,남,20세,상해없음,승용,남,28세,상해없음
2020102300100748,2020년 10월 23일 20시,금요일,전라남도 목포시 상동,경상사고,0,0,1,0,차대사람 - 기타,안전운전불이행,건조,흐림,단일로 - 지하차도(도로)내,이륜,남,40세,상해없음,보행자,여,50세,경상
2020102300100749,2020년 10월 23일 20시,금요일,전라남도 고흥군 도덕면,경상사고,0,0,3,0,차대차 - 추돌,안전운전불이행,건조,맑음,단일로 - 기타,화물,남,47세,상해없음,화물,남,38세,경상
2020102300100787,2020년 10월 23일 21시,금요일,전라남도 목포시 연산동,경상사고,0,0,1,0,차대차 - 측면충돌,안전운전불이행,건조,맑음,교차로 - 교차로안,화물,남,40세,상해없음,이륜,남,41세,경상
2020102300100788,2020년 10월 23일 21시,금요일,전라남도 나주시 대기동,경상사고,0,0,1,0,차대차 - 추돌,안전운전불이행,건조,맑음,단일로 - 기타,승용,남,45세,상해없음,승용,남,23세,경상
2020102300100789,2020년 10월 23일 21시,금요일,전라남도 화순군 화순읍,중상사고,0,1,0,0,차대차 - 측면충돌,교차로운행방법위반,건조,맑음,교차로 - 교차로안,승용,여,54세,상해없음,이륜,남,46세,중상
2020102300100816,2020년 10월 23일 22시,금요일,전라남도 순천시 연향동,중상사고,0,1,0,0,차대차 - 측면충돌,교차로운행방법위반,건조,맑음,교차로 - 교차로안,승용,남,50세,상해없음,이륜,남,27세,중상
2020102400100032,2020년 10월 24일 01시,토요일,전라남도 순천시 중앙동,경상사고,0,0,3,0,차대차 - 측면충돌,직진우회전진행방해,건조,맑음,교차로 - 교차로안,승용,남,65세,상해없음,승용,여,27세,경상
2020102400100033,2020년 10월 24일 01시,토요일,전라남도 영광군 묘량면,경상사고,0,0,1,0,차대차 - 추돌,안전운전불이행,건조,맑음,기타 - 기타,승용,남,50세,상해없음,특수,남,55세,경상
2020102400100044,2020년 10월 24일 02시,토요일,전라남도 목포시 연산동,경상사고,0,0,3,0,차대차 - 측면충돌,안전거리미확보,건조,맑음,단일로 - 기타,승용,여,20세,기타불명,승용,남,40세,경상
2020102400100090,2020년 10월 24일 06시,토요일,전라남도 화순군 화순읍,경상사고,0,0,1,0,차대차 - 측면충돌,신호위반,건조,맑음,교차로 - 교차로안,승용,여,46세,상해없음,승용,남,27세,경상
2020102400100122,2020년 10월 24일 08시,토요일,전라남도 화순군 화순읍,경상사고,0,0,2,0,차대차 - 기타,차로위반,건조,맑음,교차로 - 교차로안,승용,남,30세,상해없음,승용,여,67세,경상
2020102400100123,2020년 10월 24일 08시,토요일,전라남도 무안군 청계면,중상사고,0,1,0,0,차대사람 - 기타,안전운전불이행,건조,맑음,주차장 - 주차장,승용,남,49세,상해없음,보행자,여,65세,중상
2020102400100153,2020년 10월 24일 09시,토요일,전라남도 무안군 삼향읍,중상사고,0,1,0,0,차대사람 - 보도통행중,신호위반,건조,맑음,교차로 - 교차로횡단보도내,승용,남,41세,상해없음,보행자,여,25세,중상
2020102400100181,2020년 10월 24일 10시,토요일,전라남도 목포시 산정동,경상사고,0,0,2,0,차대차 - 기타,중앙선침범,건조,맑음,단일로 - 기타,승용,남,24세,상해없음,승용,여,48세,경상
2020102400100214,2020년 10월 24일 11시,토요일,전라남도 여수시 미평동,경상사고,0,0,2,0,차대차 - 측면충돌,차로위반,건조,맑음,단일로 - 기타,승합,남,48세,상해없음,승용,남,69세,경상
2020102400100215,2020년 10월 24일 11시,토요일,전라남도 화순군 도곡면,경상사고,0,0,1,0,차대차 - 추돌,안전운전불이행,건조,맑음,교차로 - 교차로안,농기계,남,60세,상해없음,승용,남,57세,경상
2020102400100216,2020년 10월 24일 11시,토요일,전라남도 강진군 강진읍,경상사고,0,0,2,0,차대차 - 추돌,안전거리미확보,건조,맑음,단일로 - 기타,승용,남,18세,상해없음,승용,남,62세,경상
2020102400100267,2020년 10월 24일 12시,토요일,전라남도 순천시 월등면,중상사고,0,1,1,0,차대차 - 측면충돌,중앙선침범,건조,맑음,단일로 - 기타,승용,남,41세,중상,화물,남,61세,경상
2020102400100308,2020년 10월 24일 13시,토요일,전라남도 순천시 교량동,경상사고,0,0,2,0,차대차 - 추돌,안전거리미확보,건조,맑음,교차로 - 교차로안,승용,남,77세,상해없음,승용,남,47세,경상
2020102400100364,2020년 10월 24일 14시,토요일,전라남도 여수시 신기동,경상사고,0,0,1,0,차대사람 - 기타,안전운전불이행,건조,맑음,단일로 - 기타,승용,남,51세,상해없음,보행자,남,45세,경상
2020102400100365,2020년 10월 24일 14시,토요일,전라남도 나주시 금천면,중상사고,0,2,1,0,차대차 - 추돌,안전거리미확보,건조,맑음,단일로 - 기타,승용,여,46세,상해없음,승용,여,29세,중상
2020102400100366,2020년 10월 24일 14시,토요일,전라남도 화순군 화순읍,경상사고,0,0,2,0,차대차 - 측면충돌,차로위반,건조,맑음,단일로 - 기타,화물,남,66세,경상,화물,남,48세,경상
2020102400100367,2020년 10월 24일 14시,토요일,전라남도 함평군 함평읍,경상사고,0,0,4,0,차대차 - 측면충돌,안전운전불이행,건조,맑음,교차로 - 교차로부근,화물,남,67세,상해없음,승용,남,38세,경상
2020102400100368,2020년 10월 24일 14시,토요일,전라남도 담양군 담양읍,중상사고,0,1,1,0,차대차 - 정면충돌,신호위반,건조,맑음,교차로 - 교차로안,승용,여,68세,상해없음,승용,남,38세,경상
2020102400100421,2020년 10월 24일 15시,토요일,전라남도 목포시 상락동2가,경상사고,0,0,1,0,차대차 - 측면충돌,안전거리미확보,건조,맑음,단일로 - 기타,화물,남,62세,상해없음,승용,남,41세,경상
2020102400100422,2020년 10월 24일 15시,토요일,전라남도 여수시 주삼동,경상사고,0,0,4,0,차대차 - 추돌,안전운전불이행,건조,맑음,단일로 - 기타,화물,남,67세,상해없음,승용,남,28세,경상
2020102400100456,2020년 10월 24일 16시,토요일,전라남도 신안군 안좌면,경상사고,0,0,1,0,차대차 - 기타,안전운전불이행,건조,맑음,단일로 - 기타,승합,여,65세,상해없음,승용,남,32세,상해없음
2020102400100457,2020년 10월 24일 16시,토요일,전라남도 순천시 왕지동,중상사고,0,1,0,0,차대차 - 측면충돌,안전운전불이행,건조,맑음,교차로 - 교차로부근,승용,여,48세,상해없음,이륜,남,79세,중상
2020102400100497,2020년 10월 24일 17시,토요일,전라남도 담양군 담양읍,경상사고,0,0,1,0,차대사람 - 기타,안전운전불이행,건조,흐림,교차로 - 교차로부근,승용,남,68세,상해없음,보행자,남,35세,경상
2020102400100573,2020년 10월 24일 19시,토요일,전라남도 순천시 남정동,중상사고,0,1,0,0,차대차 - 측면충돌,안전거리미확보,건조,맑음,단일로 - 기타,승용,남,24세,상해없음,원동기,남,19세,중상
2020102400100640,2020년 10월 24일 21시,토요일,전라남도 순천시 조례동,중상사고,0,1,0,0,차대차 - 측면충돌,안전운전불이행,건조,맑음,단일로 - 기타,승용,여,25세,상해없음,이륜,남,26세,중상
2020102400100641,2020년 10월 24일 21시,토요일,전라남도 무안군 삼향읍,경상사고,0,0,1,0,차대사람 - 횡단중,안전운전불이행,건조,맑음,기타 - 기타,이륜,남,40세,기타불명,보행자,여,43세,경상
2020102500100009,2020년 10월 25일 00시,일요일,전라남도 목포시 상동,경상사고,0,0,1,0,차대사람 - 기타,중앙선침범,건조,맑음,단일로 - 기타,승용,여,45세,상해없음,보행자,남,26세,경상
2020102500100072,2020년 10월 25일 05시,일요일,전라남도 광양시 중동,경상사고,0,0,1,0,차대차 - 후진중충돌,안전운전불이행,건조,맑음,교차로 - 교차로부근,화물,남,60세,상해없음,승용,남,41세,경상
2020102500100080,2020년 10월 25일 06시,일요일,전라남도 여수시 미평동,중상사고,0,1,0,0,차량단독 - 기타,안전운전불이행,건조,맑음,단일로 - 기타,이륜,남,65세,중상,,,,
2020102500100103,2020년 10월 25일 08시,일요일,전라남도 순천시 해룡면,경상사고,0,0,2,0,차대차 - 기타,신호위반,건조,맑음,교차로 - 교차로안,승용,남,32세,상해없음,승용,남,48세,경상
2020102500100123,2020년 10월 25일 09시,일요일,전라남도 화순군 화순읍,중상사고,0,1,0,0,차대사람 - 횡단중,안전운전불이행,건조,맑음,교차로 - 교차로안,승용,남,50세,상해없음,보행자,여,87세,중상
2020102500100146,2020년 10월 25일 10시,일요일,전라남도 목포시 용당동,경상사고,0,0,1,0,차대사람 - 기타,교차로운행방법위반,건조,맑음,교차로 - 교차로안,화물,남,40세,상해없음,보행자,여,73세,경상
2020102500100147,2020년 10월 25일 10시,일요일,전라남도 여수시 웅천동,경상사고,0,0,2,0,차대차 - 기타,안전운전불이행,건조,맑음,단일로 - 기타,화물,남,72세,상해없음,승용,남,35세,경상
2020102500100148,2020년 10월 25일 10시,일요일,전라남도 순천시 연향동,중상사고,0,1,0,0,차대차 - 측면충돌,안전운전불이행,건조,맑음,교차로 - 교차로안,이륜,남,27세,중상,승용,남,58세,상해없음
2020102500100149,2020년 10월 25일 10시,일요일,전라남도 화순군 화순읍,경상사고,0,0,3,0,차대차 - 기타,직진우회전진행방해,건조,맑음,교차로 - 교차로안,승용,남,77세,상해없음,승용,남,27세,경상
2020102500100196,2020년 10월 25일 12시,일요일,전라남도 해남군 문내면,중상사고,0,1,3,0,차대차 - 측면충돌,차로위반,건조,맑음,단일로 - 기타,화물,남,79세,상해없음,승합,남,55세,중상
2020102500100241,2020년 10월 25일 13시,일요일,전라남도 순천시 해룡면,경상사고,0,0,1,0,차대사람 - 보도통행중,기타,건조,맑음,단일로 - 기타,자전거,기타불명,미분류,기타불명,보행자,남,15세,경상
2020102500100303,2020년 10월 25일 15시,일요일,전라남도 진도군 의신면,경상사고,0,0,1,0,차대차 - 측면충돌,안전운전불이행,건조,맑음,기타 - 기타,승용,여,68세,상해없음,승용,남,38세,경상
2020102500100304,2020년 10월 25일 15시,일요일,전라남도 광양시 중동,경상사고,0,0,1,0,차대차 - 측면충돌,직진우회전진행방해,건조,맑음,교차로 - 교차로안,이륜,남,15세,경상,승용,여,38세,상해없음
2020102500100347,2020년 10월 25일 16시,일요일,전라남도 순천시 풍덕동,경상사고,0,0,3,0,차대차 - 기타,교차로운행방법위반,건조,맑음,교차로 - 교차로안,승용,남,57세,상해없음,승용,남,44세,경상
2020102500100348,2020년 10월 25일 16시,일요일,전라남도 영광군 법성면,중상사고,0,1,0,0,차대차 - 측면충돌,안전운전불이행,건조,맑음,단일로 - 기타,화물,남,69세,상해없음,이륜,여,70세,중상
2020102500100378,2020년 10월 25일 17시,일요일,전라남도 여수시 둔덕동,경상사고,0,0,1,0,차대차 - 측면충돌,안전운전불이행,건조,맑음,교차로 - 교차로안,승용,남,64세,상해없음,승용,남,19세,경상
2020102500100379,2020년 10월 25일 17시,일요일,전라남도 순천시 해룡면,경상사고,0,0,1,0,차대차 - 측면충돌,안전운전불이행,건조,맑음,교차로 - 교차로안,화물,남,50세,상해없음,승용,남,56세,경상
2020102500100380,2020년 10월 25일 17시,일요일,전라남도 강진군 성전면,중상사고,0,1,2,0,차대차 - 측면충돌,신호위반,건조,맑음,교차로 - 교차로부근,승용,남,63세,경상,화물,남,66세,중상
2020102500100435,2020년 10월 25일 18시,일요일,전라남도 목포시 옥암동,경상사고,0,0,2,0,차대차 - 추돌,안전운전불이행,건조,맑음,단일로 - 기타,승용,남,55세,상해없음,승용,남,51세,경상
2020102500100436,2020년 10월 25일 18시,일요일,전라남도 여수시 돌산읍,경상사고,0,0,1,0,차대사람 - 기타,안전운전불이행,건조,맑음,단일로 - 기타,승용,남,60세,상해없음,보행자,남,61세,경상
2020102500100490,2020년 10월 25일 19시,일요일,전라남도 목포시 상동,경상사고,0,0,4,0,차대차 - 측면충돌,교차로운행방법위반,건조,맑음,교차로 - 교차로안,승용,여,21세,경상,승용,여,28세,경상
2020102500100514,2020년 10월 25일 20시,일요일,전라남도 여수시 둔덕동,경상사고,0,0,3,0,차대차 - 추돌,안전운전불이행,건조,맑음,단일로 - 기타,승용,여,31세,경상,승용,남,50세,경상
2020102500100515,2020년 10월 25일 20시,일요일,전라남도 순천시 조곡동,경상사고,0,0,1,0,차량단독 - 기타,안전운전불이행,건조,맑음,단일로 - 기타,승합,남,37세,상해없음,,,,
2020102500100516,2020년 10월 25일 20시,일요일,전라남도 광양시 중동,경상사고,0,0,2,0,차대차 - 측면충돌,교차로운행방법위반,건조,맑음,교차로 - 교차로안,승용,남,59세,경상,승용,남,27세,경상
2020102500100547,2020년 10월 25일 21시,일요일,전라남도 해남군 해남읍,중상사고,0,1,0,0,차대사람 - 기타,중앙선침범,건조,맑음,단일로 - 교량,승용,남,53세,상해없음,보행자,여,78세,중상
2020102500100548,2020년 10월 25일 21시,일요일,전라남도 광양시 태인동,경상사고,0,0,1,0,차량단독 - 공작물충돌,안전운전불이행,건조,맑음,교차로 - 교차로부근,승용,남,52세,경상,,,,
2020102600100020,2020년 10월 26일 03시,월요일,전라남도 담양군 담양읍,경상사고,0,0,1,0,차량단독 - 공작물충돌,안전운전불이행,건조,맑음,교차로 - 교차로안,승용,남,17세,경상,,,,
2020102600100035,2020년 10월 26일 05시,월요일,전라남도 무안군 무안읍,중상사고,0,1,0,0,차대사람 - 기타,안전운전불이행,건조,맑음,교차로 - 교차로부근,승합,여,47세,상해없음,보행자,남,66세,중상
2020102600100117,2020년 10월 26일 08시,월요일,전라남도 목포시 상동,경상사고,0,0,1,0,차대차 - 기타,직진우회전진행방해,건조,맑음,교차로 - 교차로안,승용,여,43세,상해없음,자전거,남,13세,경상
2020102600100118,2020년 10월 26일 08시,월요일,전라남도 담양군 대전면,경상사고,0,0,1,0,차대차 - 기타,신호위반,건조,맑음,교차로 - 교차로안,승용,여,50세,상해없음,승용,남,56세,경상
2020102600100119,2020년 10월 26일 08시,월요일,전라남도 무안군 삼향읍,경상사고,0,0,2,0,차대차 - 기타,안전운전불이행,건조,맑음,기타 - 기타,승용,여,30세,상해없음,승용,여,28세,경상
2020102600100176,2020년 10월 26일 09시,월요일,전라남도 순천시 장천동,중상사고,0,1,0,0,차대차 - 기타,안전운전불이행,건조,맑음,교차로 - 교차로안,승용,남,78세,상해없음,승용,남,73세,중상
2020102600100177,2020년 10월 26일 09시,월요일,전라남도 해남군 화원면,경상사고,0,0,1,0,차대사람 - 보도통행중,안전운전불이행,건조,맑음,단일로 - 기타,화물,남,60세,상해없음,보행자,여,72세,경상
2020102600100214,2020년 10월 26일 10시,월요일,전라남도 목포시 상동,경상사고,0,0,1,0,차대차 - 기타,신호위반,건조,맑음,교차로 - 교차로부근,자전거,남,82세,경상,승용,남,53세,상해없음
2020102600100215,2020년 10월 26일 10시,월요일,전라남도 목포시 대양동,경상사고,0,0,1,0,차대사람 - 보도통행중,안전운전불이행,건조,맑음,기타 - 기타,화물,남,51세,상해없음,보행자,여,71세,경상
2020102600100216,2020년 10월 26일 10시,월요일,전라남도 순천시 오천동,경상사고,0,0,1,0,차량단독 - 기타,안전운전불이행,건조,맑음,단일로 - 기타,화물,남,59세,경상,,,,
2020102600100217,2020년 10월 26일 10시,월요일,전라남도 나주시 금천면,중상사고,0,1,0,0,차대차 - 측면충돌,신호위반,건조,맑음,교차로 - 교차로안,자전거,남,96세,중상,승용,남,62세,상해없음
2020102600100218,2020년 10월 26일 10시,월요일,전라남도 나주시 남평읍,중상사고,0,1,0,0,차대차 - 측면충돌,신호위반,건조,맑음,교차로 - 교차로안,승용,남,73세,상해없음,이륜,여,73세,중상
2020102600100219,2020년 10월 26일 10시,월요일,전라남도 진도군 지산면,중상사고,0,1,0,0,차대사람 - 기타,안전운전불이행,건조,맑음,단일로 - 기타,화물,남,39세,상해없음,보행자,남,72세,중상
2020102600100220,2020년 10월 26일 10시,월요일,전라남도 광양시 옥곡면,경상사고,0,0,1,0,차대차 - 추돌,안전거리미확보,건조,맑음,단일로 - 기타,특수,남,70세,상해없음,특수,남,30세,경상
2020102600100264,2020년 10월 26일 11시,월요일,전라남도 목포시 산정동,경상사고,0,0,4,0,차대차 - 측면충돌,안전운전불이행,건조,맑음,단일로 - 기타,화물,남,70세,경상,승용,남,32세,경상
2020102600100265,2020년 10월 26일 11시,월요일,전라남도 강진군 성전면,경상사고,0,0,1,0,차대차 - 추돌,안전운전불이행,건조,맑음,교차로 - 교차로부근,승용,남,76세,상해없음,승용,남,37세,경상
2020102600100301,2020년 10월 26일 12시,월요일,전라남도 목포시 죽동,경상사고,0,0,1,0,차대사람 - 기타,신호위반,건조,맑음,단일로 - 기타,원동기,남,59세,상해없음,보행자,남,35세,경상
2020102600100302,2020년 10월 26일 12시,월요일,전라남도 순천시 연향동,경상사고,0,0,1,0,차대사람 - 횡단중,보행자보호의무위반,건조,맑음,교차로 - 교차로부근,승용,여,37세,상해없음,보행자,남,64세,경상
2020102600100303,2020년 10월 26일 12시,월요일,전라남도 영암군 신북면,경상사고,0,0,2,0,차대차 - 추돌,안전운전불이행,건조,맑음,단일로 - 기타,화물,남,62세,상해없음,이륜,남,34세,경상
2020102600100370,2020년 10월 26일 14시,월요일,전라남도 목포시 옥암동,경상사고,0,0,1,0,차대사람 - 기타,안전운전불이행,건조,맑음,단일로 - 기타,기타불명,기타불명,미분류,기타불명,보행자,남,24세,경상
2020102600100406,2020년 10월 26일 15시,월요일,전라남도 장성군 진원면,경상사고,0,0,2,0,차대차 - 측면충돌,안전거리미확보,건조,맑음,단일로 - 기타,승합,남,65세,상해없음,승용,여,39세,경상
2020102600100449,2020년 10월 26일 16시,월요일,전라남도 신안군 비금면,사망사고,1,0,0,0,차대사람 - 기타,안전운전불이행,건조,맑음,기타 - 기타,화물,남,84세,상해없음,보행자,여,83세,사망
2020102600100450,2020년 10월 26일 16시,월요일,전라남도 여수시 덕충동,경상사고,0,0,2,0,차대차 - 측면충돌,안전운전불이행,건조,맑음,교차로 - 교차로안,승용,남,59세,상해없음,승용,여,55세,경상
2020102600100452,2020년 10월 26일 16시,월요일,전라남도 여수시 월하동,경상사고,0,0,1,0,차대차 - 기타,교차로운행방법위반,건조,맑음,교차로 - 교차로안,승용,남,47세,상해없음,승용,남,36세,경상
2020102600100453,2020년 10월 26일 16시,월요일,전라남도 화순군 화순읍,경상사고,0,0,1,0,차대차 - 추돌,안전운전불이행,건조,맑음,단일로 - 기타,승용,남,42세,상해없음,승용,남,40세,경상
2020102600100454,2020년 10월 26일 16시,월요일,전라남도 광양시 중동,경상사고,0,0,1,0,차대차 - 측면충돌,중앙선침범,건조,맑음,단일로 - 기타,승용,여,69세,상해없음,이륜,남,21세,경상
2020102600100497,2020년 10월 26일 17시,월요일,전라남도 보성군 보성읍,중상사고,0,1,0,0,차량단독 - 공작물충돌,안전운전불이행,건조,맑음,교차로 - 교차로부근,농기계,남,72세,중상,,,,
2020102600100562,2020년 10월 26일 18시,월요일,전라남도 장성군 황룡면,경상사고,0,0,1,1,차대차 - 측면충돌,안전운전불이행,건조,맑음,단일로 - 기타,화물,남,36세,부상신고,승용,여,53세,경상
2020102600100563,2020년 10월 26일 18시,월요일,전라남도 곡성군 곡성읍,경상사고,0,0,1,0,차대차 - 기타,안전운전불이행,건조,맑음,단일로 - 기타,이륜,남,22세,경상,화물,남,53세,상해없음
2020102600100564,2020년 10월 26일 18시,월요일,전라남도 광양시 광영동,중상사고,0,1,0,0,차대차 - 측면충돌,교차로운행방법위반,건조,맑음,교차로 - 교차로안,승용,남,43세,상해없음,자전거,남,64세,중상
2020102600100608,2020년 10월 26일 19시,월요일,전라남도 여수시 문수동,경상사고,0,0,1,0,차대사람 - 기타,안전운전불이행,건조,맑음,교차로 - 교차로부근,승용,남,56세,상해없음,보행자,여,48세,경상
2020102600100609,2020년 10월 26일 19시,월요일,전라남도 해남군 황산면,중상사고,0,1,0,0,차대사람 - 횡단중,안전운전불이행,건조,맑음,기타 - 기타,화물,남,39세,상해없음,보행자,여,69세,중상
2020102600100610,2020년 10월 26일 19시,월요일,전라남도 무안군 삼향읍,경상사고,0,0,1,0,차대차 - 기타,안전운전불이행,건조,맑음,교차로 - 교차로안,승용,남,51세,상해없음,승용,여,54세,경상
2020102600100645,2020년 10월 26일 20시,월요일,전라남도 여수시 소라면,경상사고,0,0,1,0,차대차 - 측면충돌,신호위반,건조,맑음,단일로 - 기타,승용,남,62세,상해없음,승합,남,39세,경상
2020102600100646,2020년 10월 26일 20시,월요일,전라남도 화순군 이양면,경상사고,0,0,2,0,차대차 - 측면충돌,교차로운행방법위반,건조,맑음,교차로 - 교차로안,화물,남,62세,상해없음,화물,남,54세,경상
2020102600100680,2020년 10월 26일 22시,월요일,전라남도 광양시 광영동,경상사고,0,0,1,0,차대차 - 측면충돌,불법유턴,건조,맑음,교차로 - 교차로안,승용,남,60세,상해없음,원동기,남,35세,경상
2020102700100038,2020년 10월 27일 04시,화요일,전라남도 영광군 법성면,경상사고,0,0,1,0,차량단독 - 공작물충돌,안전운전불이행,건조,맑음,단일로 - 기타,승용,남,32세,경상,,,,
2020102700100150,2020년 10월 27일 09시,화요일,전라남도 순천시 해룡면,경상사고,0,0,3,0,차대차 - 측면충돌,신호위반,건조,맑음,교차로 - 교차로안,화물,남,49세,경상,승용,여,39세,경상
2020102700100151,2020년 10월 27일 09시,화요일,전라남도 보성군 보성읍,중상사고,0,1,0,0,차대차 - 측면충돌,차로위반,건조,맑음,교차로 - 교차로부근,원동기,여,72세,중상,승용,남,62세,상해없음
2020102700100152,2020년 10월 27일 09시,화요일,전라남도 광양시 금호동,경상사고,0,0,1,0,차대차 - 추돌,안전운전불이행,건조,맑음,교차로 - 교차로부근,승용,남,67세,상해없음,승용,여,50세,경상
2020102700100191,2020년 10월 27일 10시,화요일,전라남도 진도군 지산면,경상사고,0,0,1,0,차대차 - 기타,안전운전불이행,건조,맑음,기타 - 기타,승용,남,72세,상해없음,이륜,여,57세,경상