사고번호,사고일시,요일,시군구,사고내용,사망자수,중상자수,경상자수,부상신고자수,사고유형,법규위반,노면상태,기상상태,도로형태,가해운전자 차종,가해운전자 성별,가해운전자 연령,가해운전자 상해정도,피해운전자 차종,피해운전자 성별,피해운전자 연령,피해운전자 상해정도
2020103100100092,2020년 10월 31일 07시,토요일,전라남도 무안군 현경면,사망사고,1,1,0,0,차대차 - 추돌,과속,건조,맑음,기타 - 기타,승용,남,36세,사망,건설기계,남,49세,중상
2020103100100112,2020년 10월 31일 08시,토요일,전라남도 목포시 용당동,경상사고,0,0,3,0,차대차 - 측면충돌,교차로운행방법위반,건조,맑음,교차로 - 교차로안,승용,남,60세,경상,화물,남,59세,경상
2020103100100113,2020년 10월 31일 08시,토요일,전라남도 나주시 성북동,경상사고,0,0,1,0,차대차 - 측면충돌,직진우회전진행방해,건조,맑음,교차로 - 교차로안,승용,남,64세,경상,승용,남,23세,상해없음
2020103100100180,2020년 10월 31일 10시,토요일,전라남도 나주시 이창동,경상사고,0,0,1,0,차대차 - 추돌,안전거리미확보,건조,맑음,단일로 - 기타,승합,여,63세,상해없음,승용,남,51세,경상
2020103100100181,2020년 10월 31일 10시,토요일,전라남도 영광군 영광읍,경상사고,0,0,2,0,차대차 - 측면충돌,직진우회전진행방해,건조,맑음,교차로 - 교차로안,화물,남,46세,경상,화물,남,51세,경상
2020103100100223,2020년 10월 31일 11시,토요일,전라남도 순천시 연향동,중상사고,0,1,3,0,차대차 - 측면충돌,신호위반,건조,맑음,교차로 - 교차로안,이륜,남,22세,중상,승용,여,36세,경상
2020103100100271,2020년 10월 31일 12시,토요일,전라남도 목포시 상동,경상사고,0,0,1,0,차대차 - 기타,안전운전불이행,건조,맑음,교차로 - 교차로부근,승용,여,24세,상해없음,승합,남,51세,경상
2020103100100272,2020년 10월 31일 12시,토요일,전라남도 영암군 삼호읍,중상사고,0,1,0,0,차대차 - 후진중충돌,안전운전불이행,건조,맑음,단일로 - 기타,승용,남,27세,상해없음,원동기,남,17세,중상
2020103100100273,2020년 10월 31일 12시,토요일,전라남도 무안군 몽탄면,중상사고,0,1,1,0,차량단독 - 기타,안전운전불이행,건조,맑음,단일로 - 기타,이륜,남,78세,경상,,,,
2020103100100305,2020년 10월 31일 13시,토요일,전라남도 함평군 월야면,중상사고,0,1,2,0,차대차 - 측면충돌,교차로운행방법위반,건조,맑음,교차로 - 교차로안,승용,남,46세,경상,승용,남,83세,경상
2020103100100306,2020년 10월 31일 13시,토요일,전라남도 장성군 장성읍,경상사고,0,0,3,0,차대차 - 측면충돌,안전운전불이행,건조,맑음,교차로 - 교차로부근,건설기계,남,47세,상해없음,승용,남,48세,경상
2020103100100307,2020년 10월 31일 13시,토요일,전라남도 완도군 보길면,부상신고사고,0,0,0,2,차대차 - 기타,안전운전불이행,건조,맑음,교차로 - 교차로부근,승용,남,52세,상해없음,화물,남,71세,부상신고
2020103100100308,2020년 10월 31일 13시,토요일,전라남도 무안군 청계면,중상사고,0,1,0,0,차대차 - 측면충돌,직진우회전진행방해,건조,맑음,교차로 - 교차로안,승용,남,38세,상해없음,이륜,남,62세,중상
2020103100100309,2020년 10월 31일 13시,토요일,전라남도 순천시 주암면,경상사고,0,0,2,0,차대차 - 추돌,안전운전불이행,건조,맑음,기타 - 기타,승용,남,67세,상해없음,승용,남,31세,경상
2020103100100359,2020년 10월 31일 14시,토요일,전라남도 여수시 학동,경상사고,0,0,1,0,차대차 - 측면충돌,차로위반,건조,맑음,교차로 - 교차로안,승용,남,30세,상해없음,승용,남,36세,경상
2020103100100360,2020년 10월 31일 14시,토요일,전라남도 순천시 별량면,경상사고,0,0,2,0,차대차 - 기타,안전운전불이행,건조,맑음,단일로 - 기타,화물,남,76세,상해없음,승용,남,64세,경상
2020103100100393,2020년 10월 31일 15시,토요일,전라남도 여수시 수정동,경상사고,0,0,1,0,차대차 - 측면충돌,교차로운행방법위반,건조,맑음,교차로 - 교차로안,승용,남,28세,상해없음,승용,여,44세,경상
2020103100100394,2020년 10월 31일 15시,토요일,전라남도 순천시 황전면,중상사고,0,1,1,0,차대차 - 기타,안전운전불이행,건조,맑음,단일로 - 기타,승용,여,55세,상해없음,승용,남,67세,경상
2020103100100427,2020년 10월 31일 16시,토요일,전라남도 목포시 용당동,중상사고,0,1,0,0,차대사람 - 기타,안전운전불이행,건조,맑음,단일로 - 기타,승용,남,68세,상해없음,보행자,남,61세,중상
2020103100100428,2020년 10월 31일 16시,토요일,전라남도 고흥군 금산면,경상사고,0,0,1,0,차량단독 - 공작물충돌,안전운전불이행,건조,맑음,단일로 - 기타,승용,남,70세,경상,,,,
2020103100100465,2020년 10월 31일 17시,토요일,전라남도 영암군 금정면,경상사고,0,0,2,0,차대차 - 후진중충돌,안전운전불이행,건조,맑음,단일로 - 기타,화물,남,60세,상해없음,승용,남,65세,경상
2020103100100521,2020년 10월 31일 18시,토요일,전라남도 순천시 왕지동,중상사고,0,2,0,0,차량단독 - 공작물충돌,안전운전불이행,건조,맑음,단일로 - 기타,승용,남,44세,중상,,,,
2020103100100522,2020년 10월 31일 18시,토요일,전라남도 담양군 창평면,경상사고,0,0,1,0,차대차 - 측면충돌,안전운전불이행,건조,맑음,단일로 - 기타,승용,남,24세,상해없음,승용,남,37세,경상
2020103100100575,2020년 10월 31일 19시,토요일,전라남도 여수시 화장동,중상사고,0,1,0,0,차대차 - 측면충돌,안전거리미확보,건조,맑음,단일로 - 기타,승용,남,27세,상해없음,원동기,남,36세,중상
2020103100100576,2020년 10월 31일 19시,토요일,전라남도 광양시 광양읍,중상사고,0,1,0,0,차대차 - 정면충돌,안전운전불이행,건조,맑음,단일로 - 기타,자전거,남,14세,중상,승용,여,61세,상해없음
2020103100100610,2020년 10월 31일 20시,토요일,전라남도 여수시 문수동,경상사고,0,0,1,0,차대사람 - 횡단중,신호위반,건조,맑음,교차로 - 교차로부근,승용,여,34세,상해없음,보행자,남,53세,경상
2020103100100642,2020년 10월 31일 21시,토요일,전라남도 목포시 용당동,경상사고,0,0,2,0,차대차 - 기타,안전운전불이행,젖음/습기,비,단일로 - 기타,승용,여,40세,상해없음,승용,남,43세,상해없음
2020103100100643,2020년 10월 31일 21시,토요일,전라남도 목포시 죽교동,중상사고,0,1,0,0,차대차 - 기타,안전운전불이행,건조,맑음,단일로 - 기타,승용,남,42세,상해없음,이륜,남,19세,중상
2020103100100674,2020년 10월 31일 22시,토요일,전라남도 곡성군 오산면,부상신고사고,0,0,0,1,차량단독 - 공작물충돌,안전운전불이행,젖음/습기,비,단일로 - 기타,승용,남,58세,부상신고,,,,
2020103100100675,2020년 10월 31일 22시,토요일,전라남도 무안군 삼향읍,경상사고,0,0,1,0,차대사람 - 기타,안전운전불이행,건조,기타,기타 - 기타,자전거,남,23세,상해없음,보행자,여,23세,경상
2020103100100697,2020년 10월 31일 23시,토요일,전라남도 순천시 조례동,경상사고,0,0,1,0,차대차 - 측면충돌,안전운전불이행,건조,맑음,교차로 - 교차로안,승용,남,59세,상해없음,승용,남,64세,경상
2020110100100021,2020년 11월 1일 01시,일요일,전라남도 목포시 연산동,경상사고,0,0,3,0,차대차 - 추돌,안전운전불이행,건조,맑음,교차로 - 교차로부근,승용,남,30세,상해없음,승용,남,43세,경상
2020110100100108,2020년 11월 1일 09시,일요일,전라남도 강진군 대구면,중상사고,0,1,0,0,차대차 - 측면충돌,안전운전불이행,젖음/습기,비,단일로 - 기타,화물,남,35세,상해없음,화물,남,70세,중상
2020110100100109,2020년 11월 1일 09시,일요일,전라남도 광양시 진상면,중상사고,0,1,0,0,차대사람 - 횡단중,교차로운행방법위반,건조,맑음,교차로 - 교차로안,승용,여,37세,상해없음,보행자,남,54세,중상
2020110100100150,2020년 11월 1일 11시,일요일,전라남도 무안군 해제면,경상사고,0,0,3,0,차대차 - 기타,신호위반,건조,맑음,교차로 - 교차로안,화물,남,74세,경상,승용,남,53세,경상
2020110100100185,2020년 11월 1일 12시,일요일,전라남도 강진군 군동면,경상사고,0,0,3,0,차대차 - 측면충돌,안전운전불이행,건조,흐림,교차로 - 교차로안,승용,남,60세,상해없음,승용,남,57세,경상
2020110100100216,2020년 11월 1일 13시,일요일,전라남도 여수시 봉산동,경상사고,0,0,2,0,차대차 - 기타,안전운전불이행,건조,맑음,교차로 - 교차로안,승용,여,47세,상해없음,승용,여,50세,상해없음
2020110100100217,2020년 11월 1일 13시,일요일,전라남도 영광군 영광읍,중상사고,0,1,0,0,차대차 - 측면충돌,직진우회전진행방해,젖음/습기,비,교차로 - 교차로안,승용,여,52세,상해없음,이륜,남,33세,중상
2020110100100286,2020년 11월 1일 15시,일요일,전라남도 순천시 조례동,경상사고,0,0,1,0,차대차 - 후진중충돌,안전운전불이행,건조,맑음,교차로 - 교차로부근,승용,남,53세,상해없음,승용,남,30세,경상
2020110100100314,2020년 11월 1일 16시,일요일,전라남도 고흥군 영남면,경상사고,0,0,2,0,차대차 - 정면충돌,중앙선침범,건조,흐림,단일로 - 기타,승용,남,29세,경상,화물,남,62세,경상
2020110100100354,2020년 11월 1일 17시,일요일,전라남도 목포시 산정동,중상사고,0,1,0,0,차대차 - 기타,안전거리미확보,젖음/습기,비,단일로 - 기타,이륜,남,49세,중상,승용,남,43세,상해없음
2020110100100355,2020년 11월 1일 17시,일요일,전라남도 강진군 강진읍,경상사고,0,0,1,0,차대차 - 측면충돌,안전운전불이행,건조,맑음,교차로 - 교차로안,승용,남,53세,상해없음,이륜,남,20세,경상
2020110100100398,2020년 11월 1일 18시,일요일,전라남도 목포시 석현동,경상사고,0,0,2,0,차대차 - 기타,안전운전불이행,젖음/습기,비,교차로 - 교차로안,승용,남,55세,상해없음,이륜,남,22세,경상
2020110100100438,2020년 11월 1일 19시,일요일,전라남도 장성군 북이면,경상사고,0,0,2,0,차대차 - 추돌,안전운전불이행,건조,맑음,교차로 - 교차로부근,승용,남,61세,상해없음,승용,남,28세,경상
2020110100100464,2020년 11월 1일 20시,일요일,전라남도 나주시 빛가람동,경상사고,0,0,1,0,차대차 - 측면충돌,신호위반,젖음/습기,비,교차로 - 교차로안,승용,남,58세,상해없음,승용,남,50세,경상
2020110100100465,2020년 11월 1일 20시,일요일,전라남도 화순군 화순읍,부상신고사고,0,0,0,1,차대차 - 기타,안전운전불이행,건조,흐림,단일로 - 기타,이륜,남,20세,부상신고,승용,여,44세,상해없음
2020110100100511,2020년 11월 1일 22시,일요일,전라남도 목포시 산정동,경상사고,0,0,1,0,차대사람 - 횡단중,보행자보호의무위반,건조,맑음,교차로 - 교차로횡단보도내,승용,남,46세,상해없음,보행자,남,62세,경상
2020110100100512,2020년 11월 1일 22시,일요일,전라남도 광양시 광양읍,경상사고,0,0,2,0,차대차 - 측면충돌,안전운전불이행,건조,맑음,기타 - 기타,승용,남,44세,상해없음,승용,남,35세,경상
2020110100100526,2020년 11월 1일 23시,일요일,전라남도 화순군 화순읍,경상사고,0,0,1,0,차대차 - 측면충돌,신호위반,젖음/습기,비,교차로 - 교차로안,승용,남,47세,상해없음,이륜,남,28세,경상
2020110200100024,2020년 11월 2일 03시,월요일,전라남도 광양시 광양읍,경상사고,0,0,2,0,차대차 - 후진중충돌,안전운전불이행,건조,맑음,기타 - 기타,화물,남,37세,상해없음,승용,남,39세,경상
2020110200100046,2020년 11월 2일 05시,월요일,전라남도 순천시 석현동,경상사고,0,0,1,0,차대사람 - 횡단중,신호위반,건조,맑음,교차로 - 교차로안,승용,남,63세,상해없음,보행자,남,45세,경상
2020110200100047,2020년 11월 2일 05시,월요일,전라남도 광양시 중동,중상사고,0,1,0,0,차대차 - 측면충돌,신호위반,젖음/습기,비,교차로 - 교차로안,승용,남,72세,상해없음,승용,여,36세,중상
2020110200100065,2020년 11월 2일 06시,월요일,전라남도 강진군 강진읍,중상사고,0,1,0,0,차대사람 - 기타,안전운전불이행,건조,맑음,교차로 - 교차로횡단보도내,승용,남,27세,상해없음,보행자,남,71세,중상
2020110200100086,2020년 11월 2일 07시,월요일,전라남도 목포시 옥암동,경상사고,0,0,2,0,차대차 - 기타,안전운전불이행,건조,맑음,기타 - 기타,화물,남,40세,경상,승용,남,69세,경상
2020110200100087,2020년 11월 2일 07시,월요일,전라남도 순천시 서면,경상사고,0,0,1,0,차대차 - 측면충돌,안전거리미확보,젖음/습기,맑음,기타 - 기타,화물,남,66세,상해없음,승용,여,40세,경상
2020110200100191,2020년 11월 2일 10시,월요일,전라남도 여수시 중흥동,경상사고,0,0,1,0,차대차 - 기타,안전거리미확보,건조,맑음,교차로 - 교차로안,승용,남,54세,상해없음,화물,남,53세,경상
2020110200100192,2020년 11월 2일 10시,월요일,전라남도 여수시 안산동,경상사고,0,0,3,0,차대차 - 측면충돌,신호위반,건조,맑음,교차로 - 교차로부근,승용,남,53세,기타불명,화물,남,44세,경상
2020110200100193,2020년 11월 2일 10시,월요일,전라남도 순천시 해룡면,경상사고,0,0,1,0,차대차 - 기타,신호위반,건조,맑음,교차로 - 교차로안,건설기계,남,60세,상해없음,이륜,남,19세,경상
2020110200100194,2020년 11월 2일 10시,월요일,전라남도 순천시 풍덕동,중상사고,0,1,0,0,차대사람 - 차도통행중,안전운전불이행,건조,맑음,단일로 - 기타,승용,남,83세,상해없음,보행자,여,60세,중상
2020110200100195,2020년 11월 2일 10시,월요일,전라남도 순천시 장천동,경상사고,0,0,1,0,차대차 - 기타,안전운전불이행,건조,맑음,단일로 - 기타,승용,남,84세,상해없음,승합,남,62세,상해없음
2020110200100196,2020년 11월 2일 10시,월요일,전라남도 화순군 이양면,경상사고,0,0,1,0,차대차 - 기타,안전운전불이행,건조,맑음,단일로 - 터널,특수,남,48세,상해없음,자전거,남,50세,경상
2020110200100295,2020년 11월 2일 13시,월요일,전라남도 목포시 상동,경상사고,0,0,1,0,차대차 - 기타,안전운전불이행,건조,맑음,단일로 - 기타,승용,남,69세,상해없음,승용,남,29세,경상
2020110200100296,2020년 11월 2일 13시,월요일,전라남도 목포시 상동,경상사고,0,0,1,0,차대차 - 측면충돌,안전운전불이행,건조,맑음,단일로 - 기타,승용,남,77세,상해없음,승용,여,42세,경상
2020110200100331,2020년 11월 2일 14시,월요일,전라남도 장흥군 장흥읍,경상사고,0,0,1,0,차대차 - 측면충돌,안전운전불이행,건조,맑음,단일로 - 기타,화물,남,71세,상해없음,승용,남,74세,상해없음
2020110200100332,2020년 11월 2일 14시,월요일,전라남도 해남군 해남읍,중상사고,0,1,0,0,차대차 - 측면충돌,교차로운행방법위반,건조,맑음,교차로 - 교차로안,승용,여,36세,상해없음,이륜,남,59세,중상
2020110200100364,2020년 11월 2일 15시,월요일,전라남도 해남군 해남읍,경상사고,0,0,1,0,차대차 - 기타,안전운전불이행,건조,맑음,교차로 - 교차로안,승용,여,65세,상해없음,승용,여,44세,경상
2020110200100450,2020년 11월 2일 17시,월요일,전라남도 장흥군 장평면,사망사고,1,0,0,0,차량단독 - 공작물충돌,안전운전불이행,건조,맑음,단일로 - 기타,화물,남,51세,사망,,,,
2020110200100513,2020년 11월 2일 18시,월요일,전라남도 무안군 청계면,경상사고,0,0,1,0,차대차 - 정면충돌,중앙선침범,건조,맑음,단일로 - 기타,화물,남,60세,상해없음,승용,남,59세,경상
2020110200100514,2020년 11월 2일 18시,월요일,전라남도 나주시 노안면,경상사고,0,0,2,0,차대차 - 추돌,안전운전불이행,건조,맑음,단일로 - 기타,승용,남,47세,상해없음,승용,남,21세,경상
2020110200100568,2020년 11월 2일 19시,월요일,전라남도 진도군 진도읍,사망사고,1,0,0,0,차대사람 - 차도통행중,안전운전불이행,건조,맑음,단일로 - 기타,승합,남,43세,상해없음,보행자,남,63세,사망
2020110200100665,2020년 11월 2일 23시,월요일,전라남도 화순군 화순읍,부상신고사고,0,0,0,1,차량단독 - 기타,안전운전불이행,건조,맑음,단일로 - 기타,승용,여,57세,상해없음,,,,
2020110300100059,2020년 11월 3일 06시,화요일,전라남도 여수시 미평동,경상사고,0,0,1,0,차대차 - 측면충돌,안전운전불이행,건조,맑음,교차로 - 교차로부근,승용,여,58세,상해없음,이륜,남,25세,경상
2020110300100060,2020년 11월 3일 06시,화요일,전라남도 순천시 조례동,중상사고,0,1,1,0,차대차 - 기타,교차로운행방법위반,건조,맑음,교차로 - 교차로안,승용,여,58세,중상,화물,남,48세,경상
2020110300100084,2020년 11월 3일 07시,화요일,전라남도 여수시 신기동,중상사고,0,1,0,0,차대사람 - 횡단중,보행자보호의무위반,건조,맑음,단일로 - 기타,승용,여,59세,상해없음,보행자,여,13세,중상
2020110300100085,2020년 11월 3일 07시,화요일,전라남도 나주시 남평읍,경상사고,0,0,3,0,차대차 - 측면충돌,신호위반,건조,맑음,교차로 - 교차로안,승용,남,69세,상해없음,승용,여,54세,경상
2020110300100121,2020년 11월 3일 08시,화요일,전라남도 광양시 중동,경상사고,0,0,2,0,차대차 - 측면충돌,중앙선침범,건조,맑음,기타 - 기타,승용,여,47세,상해없음,승용,여,43세,상해없음
2020110300100122,2020년 11월 3일 08시,화요일,전라남도 광양시 마동,경상사고,0,0,2,0,차대차 - 측면충돌,신호위반,건조,맑음,교차로 - 교차로안,승용,여,30세,경상,승용,여,36세,경상
2020110300100175,2020년 11월 3일 09시,화요일,전라남도 나주시 금천면,경상사고,0,0,1,0,차대차 - 정면충돌,안전운전불이행,건조,맑음,단일로 - 기타,승용,남,43세,상해없음,승용,남,57세,경상
2020110300100210,2020년 11월 3일 10시,화요일,전라남도 영암군 신북면,중상사고,0,1,0,0,차대차 - 측면충돌,안전운전불이행,건조,맑음,단일로 - 기타,화물,여,60세,상해없음,이륜,남,63세,중상
2020110300100211,2020년 11월 3일 10시,화요일,전라남도 진도군 지산면,경상사고,0,0,1,0,차대사람 - 차도통행중,안전운전불이행,건조,맑음,주차장 - 주차장,화물,남,43세,상해없음,보행자,남,82세,경상
2020110300100245,2020년 11월 3일 11시,화요일,전라남도 목포시 호남동,중상사고,0,1,1,0,차대차 - 기타,안전운전불이행,건조,맑음,교차로 - 교차로부근,승용,여,58세,중상,승용,남,58세,경상
2020110300100246,2020년 11월 3일 11시,화요일,전라남도 여수시 교동,경상사고,0,0,1,0,차대차 - 기타,안전운전불이행,건조,맑음,기타 - 기타,화물,남,33세,상해없음,승용,남,65세,경상
2020110300100247,2020년 11월 3일 11시,화요일,전라남도 화순군 화순읍,사망사고,1,0,0,0,차대차 - 정면충돌,신호위반,건조,맑음,교차로 - 교차로안,승용,남,43세,상해없음,이륜,남,90세,사망
2020110300100274,2020년 11월 3일 12시,화요일,전라남도 여수시 학동,경상사고,0,0,1,0,차대차 - 측면충돌,직진우회전진행방해,건조,맑음,교차로 - 교차로안,승용,남,67세,상해없음,승용,남,32세,경상
2020110300100275,2020년 11월 3일 12시,화요일,전라남도 영암군 삼호읍,중상사고,0,4,1,0,차대차 - 측면충돌,신호위반,건조,맑음,교차로 - 교차로안,승용,남,24세,경상,승용,남,64세,중상
2020110300100313,2020년 11월 3일 13시,화요일,전라남도 장흥군 장흥읍,경상사고,0,0,1,0,차대차 - 추돌,안전운전불이행,건조,흐림,단일로 - 기타,이륜,남,74세,경상,승용,여,52세,상해없음
2020110300100343,2020년 11월 3일 14시,화요일,전라남도 여수시 문수동,경상사고,0,0,1,0,차대차 - 후진중충돌,교차로운행방법위반,건조,맑음,단일로 - 기타,승용,남,54세,상해없음,이륜,남,31세,경상
2020110300100382,2020년 11월 3일 15시,화요일,전라남도 고흥군 고흥읍,중상사고,0,1,1,0,차대차 - 추돌,안전운전불이행,건조,맑음,단일로 - 기타,승용,여,30세,상해없음,승용,남,41세,경상
2020110300100383,2020년 11월 3일 15시,화요일,전라남도 영암군 삼호읍,경상사고,0,0,1,0,차대차 - 추돌,신호위반,건조,맑음,교차로 - 교차로안,승용,남,62세,상해없음,승용,여,48세,경상
2020110300100384,2020년 11월 3일 15시,화요일,전라남도 영암군 도포면,중상사고,0,1,0,0,차대차 - 측면충돌,안전운전불이행,건조,맑음,교차로 - 교차로안,승용,여,48세,상해없음,이륜,남,75세,중상
2020110300100427,2020년 11월 3일 16시,화요일,전라남도 진도군 진도읍,경상사고,0,0,1,0,차대차 - 측면충돌,안전운전불이행,건조,맑음,교차로 - 교차로안,화물,남,44세,상해없음,승용,남,60세,경상
2020110300100475,2020년 11월 3일 17시,화요일,전라남도 목포시 용당동,부상신고사고,0,0,0,1,차대사람 - 기타,안전운전불이행,건조,기타,기타 - 기타,승합,여,52세,상해없음,보행자,남,45세,부상신고
2020110300100532,2020년 11월 3일 18시,화요일,전라남도 목포시 상동,경상사고,0,0,2,0,차대차 - 측면충돌,중앙선침범,건조,맑음,교차로 - 교차로부근,승용,여,57세,상해없음,승용,남,69세,경상
2020110300100533,2020년 11월 3일 18시,화요일,전라남도 보성군 조성면,사망사고,1,0,0,0,차대차 - 추돌,안전운전불이행,건조,맑음,기타 - 기타,승용,남,61세,사망,건설기계,남,49세,상해없음
2020110300100588,2020년 11월 3일 19시,화요일,전라남도 목포시 옥암동,경상사고,0,0,1,0,차대사람 - 횡단중,신호위반,건조,맑음,교차로 - 교차로횡단보도내,승용,여,55세,상해없음,보행자,남,11세,경상
2020110300100589,2020년 11월 3일 19시,화요일,전라남도 목포시 상동,경상사고,0,0,3,0,차대차 - 기타,교차로운행방법위반,건조,맑음,교차로 - 교차로안,이륜,남,28세,경상,승용,남,21세,경상
2020110300100625,2020년 11월 3일 20시,화요일,전라남도 순천시 조례동,부상신고사고,0,0,0,1,차대차 - 기타,안전운전불이행,건조,맑음,교차로 - 교차로안,기타불명,기타불명,미분류,기타불명,승용,남,25세,부상신고
2020110300100642,2020년 11월 3일 21시,화요일,전라남도 강진군 군동면,경상사고,0,0,1,0,차대차 - 추돌,안전운전불이행,건조,맑음,교차로 - 교차로안,승용,남,50세,상해없음,승용,남,24세,경상
2020110300100691,2020년 11월 3일 23시,화요일,전라남도 목포시 대양동,중상사고,0,3,0,0,차대차 - 기타,신호위반,건조,맑음,교차로 - 교차로안,승용,남,37세,중상,승용,남,41세,중상
2020110400100021,2020년 11월 4일 01시,수요일,전라남도 광양시 광양읍,경상사고,0,0,1,0,차량단독 - 공작물충돌,안전운전불이행,건조,맑음,단일로 - 기타,승용,남,47세,경상,,,,
2020110400100032,2020년 11월 4일 03시,수요일,전라남도 여수시 서교동,경상사고,0,0,1,0,차대차 - 측면충돌,안전운전불이행,건조,맑음,단일로 - 기타,승합,남,60세,상해없음,승용,남,68세,경상
2020110400100041,2020년 11월 4일 05시,수요일,전라남도 강진군 칠량면,경상사고,0,0,1,0,차량단독 - 기타,안전운전불이행,건조,맑음,단일로 - 기타,이륜,남,70세,경상,,,,
2020110400100051,2020년 11월 4일 06시,수요일,전라남도 광양시 광양읍,경상사고,0,0,1,0,차대차 - 측면충돌,안전운전불이행,건조,맑음,교차로 - 교차로안,화물,남,69세,상해없음,화물,남,43세,경상
2020110400100065,2020년 11월 4일 07시,수요일,전라남도 담양군 고서면,중상사고,0,1,0,0,차대차 - 정면충돌,중앙선침범,건조,맑음,단일로 - 기타,승용,남,27세,상해없음,승용,여,57세,중상
2020110400100066,2020년 11월 4일 07시,수요일,전라남도 무안군 일로읍,사망사고,1,0,0,0,차대사람 - 기타,안전운전불이행,건조,맑음,기타 - 기타,화물,남,49세,상해없음,보행자,남,59세,사망
2020110400100123,2020년 11월 4일 08시,수요일,전라남도 여수시 신기동,경상사고,0,0,1,0,차대차 - 측면충돌,안전운전불이행,건조,맑음,교차로 - 교차로안,화물,남,39세,상해없음,승용,여,30세,경상
2020110400100124,2020년 11월 4일 08시,수요일,전라남도 순천시 해룡면,중상사고,0,1,1,0,차대차 - 기타,중앙선침범,건조,맑음,단일로 - 기타,승용,남,62세,상해없음,화물,남,45세,중상
2020110400100125,2020년 11월 4일 08시,수요일,전라남도 영광군 군남면,경상사고,0,0,1,0,차대차 - 추돌,안전거리미확보,건조,맑음,단일로 - 기타,화물,남,55세,상해없음,승용,여,60세,경상
2020110400100126,2020년 11월 4일 08시,수요일,전라남도 광양시 중동,경상사고,0,0,1,0,차대차 - 후진중충돌,안전운전불이행,건조,맑음,교차로 - 교차로부근,승용,남,25세,기타불명,승용,여,56세,경상
2020110400100175,2020년 11월 4일 09시,수요일,전라남도 광양시 옥곡면,중상사고,0,1,0,0,차대사람 - 차도통행중,안전운전불이행,건조,맑음,단일로 - 기타,승용,남,48세,상해없음,보행자,여,87세,중상
2020110400100214,2020년 11월 4일 10시,수요일,전라남도 목포시 용당동,경상사고,0,0,3,0,차대차 - 기타,직진우회전진행방해,건조,맑음,교차로 - 교차로안,승용,남,23세,경상,승용,남,24세,경상
2020110400100258,2020년 11월 4일 11시,수요일,전라남도 화순군 도곡면,경상사고,0,0,1,0,차대차 - 기타,교차로운행방법위반,건조,맑음,교차로 - 교차로안,승용,남,22세,상해없음,화물,남,48세,상해없음
2020110400100259,2020년 11월 4일 11시,수요일,전라남도 영암군 삼호읍,중상사고,0,1,0,0,차대사람 - 기타,안전운전불이행,건조,맑음,단일로 - 기타,승용,남,64세,상해없음,보행자,남,53세,중상
2020110400100303,2020년 11월 4일 12시,수요일,전라남도 장성군 북하면,중상사고,0,2,2,1,차대차 - 측면충돌,직진우회전진행방해,건조,맑음,교차로 - 교차로안,승용,여,55세,부상신고,승용,남,72세,중상
2020110400100304,2020년 11월 4일 12시,수요일,전라남도 광양시 금호동,경상사고,0,0,1,0,차대차 - 측면충돌,안전거리미확보,건조,맑음,교차로 - 교차로부근,특수,남,47세,상해없음,승용,남,46세,경상
2020110400100348,2020년 11월 4일 13시,수요일,전라남도 무안군 몽탄면,경상사고,0,0,2,0,차대차 - 정면충돌,중앙선침범,건조,맑음,기타 - 기타,화물,남,31세,경상,화물,남,45세,경상
2020110400100371,2020년 11월 4일 14시,수요일,전라남도 목포시 석현동,경상사고,0,0,3,0,차대차 - 추돌,안전운전불이행,건조,맑음,단일로 - 기타,승용,남,40세,상해없음,화물,남,46세,경상
2020110400100372,2020년 11월 4일 14시,수요일,전라남도 보성군 벌교읍,경상사고,0,0,1,0,차대차 - 측면충돌,교차로운행방법위반,건조,맑음,교차로 - 교차로안,승용,남,29세,상해없음,원동기,남,52세,경상
2020110400100374,2020년 11월 4일 14시,수요일,전라남도 광양시 중동,경상사고,0,0,1,0,차대차 - 기타,차로위반,건조,맑음,교차로 - 교차로부근,승용,남,75세,상해없음,승용,남,42세,경상
2020110400100406,2020년 11월 4일 15시,수요일,전라남도 목포시 상동,경상사고,0,0,2,0,차대차 - 측면충돌,신호위반,건조,맑음,교차로 - 교차로안,화물,남,62세,경상,승용,여,57세,경상
2020110400100407,2020년 11월 4일 15시,수요일,전라남도 담양군 용면,중상사고,0,1,1,0,차대차 - 정면충돌,중앙선침범,건조,맑음,단일로 - 기타,승용,여,65세,상해없음,이륜,남,44세,경상
2020110400100443,2020년 11월 4일 16시,수요일,전라남도 영암군 삼호읍,경상사고,0,0,2,0,차대차 - 추돌,안전운전불이행,건조,맑음,단일로 - 기타,이륜,남,80세,경상,화물,남,42세,경상
2020110400100444,2020년 11월 4일 16시,수요일,전라남도 장성군 북이면,중상사고,0,1,0,0,차대차 - 추돌,안전운전불이행,건조,맑음,단일로 - 기타,화물,남,52세,중상,화물,남,29세,기타불명
2020110400100445,2020년 11월 4일 16시,수요일,전라남도 완도군 약산면,경상사고,0,0,1,0,차대차 - 후진중충돌,안전운전불이행,건조,맑음,기타 - 기타,화물,남,28세,상해없음,화물,남,41세,경상
2020110400100509,2020년 11월 4일 17시,수요일,전라남도 여수시 문수동,경상사고,0,0,1,0,차대차 - 측면충돌,안전거리미확보,건조,맑음,단일로 - 기타,승용,여,59세,상해없음,승용,남,28세,경상