사고번호,사고일시,요일,시군구,사고내용,사망자수,중상자수,경상자수,부상신고자수,사고유형,법규위반,노면상태,기상상태,도로형태,가해운전자 차종,가해운전자 성별,가해운전자 연령,가해운전자 상해정도,피해운전자 차종,피해운전자 성별,피해운전자 연령,피해운전자 상해정도
2020110400100510,2020년 11월 4일 17시,수요일,전라남도 순천시 연향동,중상사고,0,1,0,0,차대차 - 기타,안전운전불이행,건조,맑음,단일로 - 기타,승용,남,51세,상해없음,자전거,남,83세,중상
2020110400100555,2020년 11월 4일 18시,수요일,전라남도 순천시 조례동,중상사고,0,1,1,0,차대차 - 측면충돌,신호위반,건조,맑음,교차로 - 교차로안,원동기,남,44세,경상,원동기,남,24세,중상
2020110400100556,2020년 11월 4일 18시,수요일,전라남도 고흥군 두원면,중상사고,0,1,0,0,차대사람 - 횡단중,안전운전불이행,건조,맑음,단일로 - 기타,승합,남,69세,상해없음,보행자,여,79세,중상
2020110400100557,2020년 11월 4일 18시,수요일,전라남도 광양시 광양읍,경상사고,0,0,1,0,차대차 - 기타,직진우회전진행방해,건조,맑음,교차로 - 교차로안,이륜,남,26세,경상,승용,여,60세,상해없음
2020110400100608,2020년 11월 4일 19시,수요일,전라남도 순천시 장천동,중상사고,0,1,0,0,차대사람 - 차도통행중,안전운전불이행,건조,맑음,교차로 - 교차로안,승용,남,59세,상해없음,보행자,여,69세,중상
2020110400100609,2020년 11월 4일 19시,수요일,전라남도 순천시 조례동,중상사고,0,1,2,0,차대차 - 측면충돌,안전운전불이행,건조,맑음,단일로 - 기타,원동기,남,26세,중상,승용,남,25세,경상
2020110400100610,2020년 11월 4일 19시,수요일,전라남도 광양시 중동,부상신고사고,0,0,0,1,차대차 - 기타,안전운전불이행,건조,맑음,교차로 - 교차로부근,이륜,남,29세,부상신고,승용,남,47세,상해없음
2020110400100649,2020년 11월 4일 20시,수요일,전라남도 목포시 무안동,경상사고,0,0,3,0,차대차 - 기타,안전운전불이행,건조,맑음,교차로 - 교차로안,승용,남,38세,경상,승용,여,22세,경상
2020110400100651,2020년 11월 4일 20시,수요일,전라남도 함평군 학교면,경상사고,0,0,1,0,차량단독 - 공작물충돌,안전운전불이행,건조,맑음,단일로 - 기타,승용,남,20세,경상,,,,
2020110400100652,2020년 11월 4일 20시,수요일,전라남도 무안군 일로읍,중상사고,0,1,0,0,차대차 - 기타,안전운전불이행,건조,맑음,단일로 - 기타,화물,남,56세,중상,화물,남,56세,상해없음
2020110400100678,2020년 11월 4일 21시,수요일,전라남도 목포시 산정동,경상사고,0,0,4,0,차대차 - 기타,안전운전불이행,건조,맑음,단일로 - 지하차도(도로)내,승용,여,40세,상해없음,승용,남,37세,경상
2020110400100679,2020년 11월 4일 21시,수요일,전라남도 여수시 학동,경상사고,0,0,1,0,차대차 - 측면충돌,중앙선침범,건조,맑음,단일로 - 기타,승용,여,54세,상해없음,이륜,남,37세,경상
2020110400100704,2020년 11월 4일 22시,수요일,전라남도 여수시 안산동,경상사고,0,0,1,0,차대차 - 기타,차로위반,건조,맑음,단일로 - 기타,승용,남,56세,상해없음,화물,남,37세,경상
2020110500100034,2020년 11월 5일 02시,목요일,전라남도 목포시 상동,경상사고,0,0,1,0,차대차 - 후진중충돌,안전운전불이행,건조,맑음,교차로 - 교차로안,승용,여,24세,기타불명,승용,남,35세,경상
2020110500100046,2020년 11월 5일 05시,목요일,전라남도 목포시 산정동,경상사고,0,0,1,0,차대차 - 측면충돌,안전운전불이행,건조,맑음,교차로 - 교차로안,승용,여,52세,상해없음,승용,남,52세,경상
2020110500100079,2020년 11월 5일 07시,목요일,전라남도 광양시 광양읍,경상사고,0,0,2,0,차대차 - 측면충돌,안전거리미확보,건조,맑음,교차로 - 교차로안,승용,남,34세,경상,승용,남,37세,경상
2020110500100120,2020년 11월 5일 08시,목요일,전라남도 여수시 돌산읍,중상사고,0,1,1,0,차대차 - 측면충돌,중앙선침범,건조,맑음,단일로 - 기타,화물,남,22세,경상,승용,여,57세,중상
2020110500100121,2020년 11월 5일 08시,목요일,전라남도 여수시 여서동,경상사고,0,0,1,0,차대차 - 측면충돌,안전운전불이행,건조,맑음,교차로 - 교차로안,승합,남,53세,기타불명,승용,여,28세,경상
2020110500100122,2020년 11월 5일 08시,목요일,전라남도 여수시 여서동,경상사고,0,0,1,0,차대사람 - 횡단중,보행자보호의무위반,건조,맑음,교차로 - 교차로횡단보도내,승용,남,35세,상해없음,보행자,여,30세,경상
2020110500100154,2020년 11월 5일 09시,목요일,전라남도 목포시 옥암동,경상사고,0,0,1,0,차대사람 - 차도통행중,안전운전불이행,건조,맑음,교차로 - 교차로부근,화물,남,52세,상해없음,보행자,여,65세,경상
2020110500100155,2020년 11월 5일 09시,목요일,전라남도 고흥군 과역면,경상사고,0,0,1,0,차량단독 - 공작물충돌,안전운전불이행,건조,맑음,단일로 - 기타,승용,남,62세,경상,,,,
2020110500100191,2020년 11월 5일 10시,목요일,전라남도 구례군 구례읍,부상신고사고,0,0,0,1,차대사람 - 차도통행중,안전운전불이행,건조,맑음,교차로 - 교차로부근,승용,남,56세,상해없음,보행자,남,56세,부상신고
2020110500100213,2020년 11월 5일 11시,목요일,전라남도 고흥군 고흥읍,경상사고,0,0,1,0,차대사람 - 길가장자리구역통행중,안전운전불이행,건조,맑음,단일로 - 기타,승합,여,52세,상해없음,보행자,남,86세,경상
2020110500100251,2020년 11월 5일 12시,목요일,전라남도 순천시 매곡동,경상사고,0,0,1,0,차대차 - 측면충돌,안전운전불이행,건조,맑음,교차로 - 교차로안,승용,남,25세,상해없음,자전거,남,66세,경상
2020110500100275,2020년 11월 5일 13시,목요일,전라남도 나주시 빛가람동,경상사고,0,0,1,0,차대차 - 추돌,안전거리미확보,건조,맑음,단일로 - 기타,화물,남,48세,상해없음,승용,여,56세,경상
2020110500100308,2020년 11월 5일 14시,목요일,전라남도 광양시 진상면,중상사고,0,1,1,0,차대차 - 측면충돌,신호위반,건조,맑음,교차로 - 교차로안,화물,남,75세,경상,승용,남,50세,중상
2020110500100341,2020년 11월 5일 15시,목요일,전라남도 목포시 용당동,경상사고,0,0,1,0,차대차 - 기타,안전운전불이행,건조,맑음,단일로 - 기타,승용,여,22세,상해없음,승용,남,28세,경상
2020110500100375,2020년 11월 5일 16시,목요일,전라남도 무안군 삼향읍,중상사고,0,1,1,0,차대차 - 기타,안전운전불이행,건조,맑음,교차로 - 교차로횡단보도내,승용,남,31세,경상,이륜,남,53세,중상
2020110500100413,2020년 11월 5일 17시,목요일,전라남도 목포시 산정동,경상사고,0,0,1,0,차대차 - 기타,안전운전불이행,건조,기타,교차로 - 교차로안,승용,남,62세,상해없음,자전거,남,18세,경상
2020110500100414,2020년 11월 5일 17시,목요일,전라남도 여수시 문수동,경상사고,0,0,1,0,차대사람 - 횡단중,안전운전불이행,건조,맑음,단일로 - 기타,승용,남,48세,상해없음,보행자,남,60세,경상
2020110500100415,2020년 11월 5일 17시,목요일,전라남도 순천시 조곡동,중상사고,0,1,0,0,차대차 - 측면충돌,중앙선침범,건조,맑음,단일로 - 기타,승용,여,47세,상해없음,원동기,남,75세,중상
2020110500100416,2020년 11월 5일 17시,목요일,전라남도 함평군 신광면,경상사고,0,0,2,0,차대차 - 측면충돌,교차로운행방법위반,건조,맑음,교차로 - 교차로안,화물,남,56세,경상,화물,남,24세,경상
2020110500100417,2020년 11월 5일 17시,목요일,전라남도 담양군 수북면,경상사고,0,0,2,0,차대차 - 측면충돌,안전운전불이행,건조,맑음,교차로 - 교차로안,화물,남,75세,상해없음,화물,남,78세,경상
2020110500100418,2020년 11월 5일 17시,목요일,전라남도 순천시 주암면,경상사고,0,0,3,0,차대차 - 추돌,안전운전불이행,건조,맑음,단일로 - 기타,화물,남,39세,경상,승용,여,34세,경상
2020110500100483,2020년 11월 5일 18시,목요일,전라남도 목포시 상동,경상사고,0,0,2,0,차대차 - 측면충돌,안전운전불이행,건조,맑음,단일로 - 기타,승용,남,29세,경상,이륜,남,21세,경상
2020110500100484,2020년 11월 5일 18시,목요일,전라남도 순천시 조례동,경상사고,0,0,1,0,차대차 - 기타,신호위반,건조,맑음,교차로 - 교차로안,승용,여,45세,기타불명,이륜,남,36세,경상
2020110500100485,2020년 11월 5일 18시,목요일,전라남도 순천시 조례동,경상사고,0,0,2,0,차대차 - 추돌,안전거리미확보,건조,맑음,단일로 - 기타,승용,남,53세,경상,승용,남,32세,경상
2020110500100486,2020년 11월 5일 18시,목요일,전라남도 강진군 칠량면,중상사고,0,2,0,0,차대차 - 기타,직진우회전진행방해,건조,맑음,단일로 - 교량,승용,여,59세,상해없음,승용,여,34세,중상
2020110500100487,2020년 11월 5일 18시,목요일,전라남도 강진군 군동면,경상사고,0,0,2,0,차대차 - 기타,안전운전불이행,건조,맑음,교차로 - 교차로부근,승용,남,29세,상해없음,승용,남,42세,경상
2020110500100537,2020년 11월 5일 19시,목요일,전라남도 목포시 산정동,중상사고,0,1,0,0,차량단독 - 기타,안전운전불이행,건조,맑음,교차로 - 교차로안,이륜,남,33세,중상,,,,
2020110500100642,2020년 11월 5일 22시,목요일,전라남도 화순군 화순읍,중상사고,0,1,0,0,차대차 - 측면충돌,교차로운행방법위반,건조,맑음,교차로 - 교차로안,승용,남,18세,상해없음,자전거,남,54세,중상
2020110600100008,2020년 11월 6일 00시,금요일,전라남도 강진군 군동면,중상사고,0,1,0,0,차대사람 - 기타,중앙선침범,건조,맑음,단일로 - 기타,승용,남,28세,상해없음,보행자,남,26세,중상
2020110600100024,2020년 11월 6일 01시,금요일,전라남도 목포시 상동,경상사고,0,0,3,0,차대차 - 기타,직진우회전진행방해,건조,맑음,교차로 - 교차로안,승용,여,27세,경상,승용,남,48세,경상
2020110600100110,2020년 11월 6일 08시,금요일,전라남도 여수시 둔덕동,경상사고,0,0,1,0,차대차 - 추돌,안전운전불이행,건조,맑음,단일로 - 기타,이륜,남,16세,경상,승합,남,56세,상해없음
2020110600100111,2020년 11월 6일 08시,금요일,전라남도 순천시 연향동,경상사고,0,0,1,0,차대차 - 기타,교차로운행방법위반,건조,맑음,교차로 - 교차로안,승용,여,51세,상해없음,승용,남,62세,경상
2020110600100112,2020년 11월 6일 08시,금요일,전라남도 영암군 삼호읍,경상사고,0,0,1,0,차대차 - 측면충돌,안전운전불이행,건조,맑음,교차로 - 교차로안,승용,남,27세,상해없음,승용,여,65세,경상
2020110600100140,2020년 11월 6일 09시,금요일,전라남도 순천시 생목동,경상사고,0,0,1,0,차대차 - 기타,안전운전불이행,건조,맑음,교차로 - 교차로부근,승용,남,53세,상해없음,승용,남,64세,경상
2020110600100141,2020년 11월 6일 09시,금요일,전라남도 강진군 도암면,경상사고,0,0,3,0,차대차 - 정면충돌,중앙선침범,건조,맑음,단일로 - 기타,승용,남,28세,상해없음,승용,여,67세,경상
2020110600100142,2020년 11월 6일 09시,금요일,전라남도 광양시 옥곡면,경상사고,0,0,2,0,차대차 - 측면충돌,교차로운행방법위반,건조,맑음,교차로 - 교차로안,화물,남,46세,경상,화물,남,60세,경상
2020110600100143,2020년 11월 6일 09시,금요일,전라남도 광양시 중동,경상사고,0,0,1,0,차대차 - 추돌,안전운전불이행,건조,맑음,교차로 - 교차로부근,승용,남,59세,상해없음,승용,여,34세,경상
2020110600100168,2020년 11월 6일 10시,금요일,전라남도 순천시 덕암동,중상사고,0,1,0,0,차대사람 - 차도통행중,안전운전불이행,건조,맑음,단일로 - 기타,화물,남,33세,상해없음,보행자,남,75세,중상
2020110600100169,2020년 11월 6일 10시,금요일,전라남도 영광군 영광읍,중상사고,0,1,0,0,차대차 - 기타,기타,건조,맑음,단일로 - 기타,화물,남,78세,상해없음,이륜,남,81세,중상
2020110600100218,2020년 11월 6일 12시,금요일,전라남도 무안군 청계면,경상사고,0,0,1,0,차대차 - 측면충돌,안전운전불이행,건조,맑음,기타 - 기타,화물,남,65세,기타불명,화물,여,42세,경상
2020110600100219,2020년 11월 6일 12시,금요일,전라남도 장성군 장성읍,중상사고,0,2,1,0,차대차 - 추돌,안전운전불이행,건조,맑음,단일로 - 기타,화물,남,37세,경상,승용,남,40세,중상
2020110600100251,2020년 11월 6일 13시,금요일,전라남도 목포시 상동,경상사고,0,0,1,0,차대차 - 추돌,기타,건조,맑음,단일로 - 기타,승용,남,53세,상해없음,승용,남,33세,상해없음
2020110600100312,2020년 11월 6일 15시,금요일,전라남도 목포시 산정동,경상사고,0,0,1,0,차대차 - 측면충돌,안전운전불이행,건조,맑음,교차로 - 교차로안,승용,남,61세,기타불명,특수,남,38세,경상
2020110600100313,2020년 11월 6일 15시,금요일,전라남도 순천시 풍덕동,중상사고,0,1,0,0,차대차 - 기타,기타,건조,맑음,교차로 - 교차로부근,승용,여,75세,상해없음,자전거,남,76세,중상
2020110600100351,2020년 11월 6일 16시,금요일,전라남도 순천시 해룡면,경상사고,0,0,3,0,차대차 - 측면충돌,안전운전불이행,건조,맑음,단일로 - 기타,승용,남,78세,경상,승용,남,28세,경상
2020110600100352,2020년 11월 6일 16시,금요일,전라남도 장성군 북이면,경상사고,0,0,1,0,차대차 - 측면충돌,기타,건조,맑음,단일로 - 기타,화물,남,53세,상해없음,승용,남,21세,경상
2020110600100392,2020년 11월 6일 17시,금요일,전라남도 목포시 산정동,경상사고,0,0,2,0,차대차 - 후진중충돌,안전운전불이행,건조,맑음,단일로 - 기타,승용,여,65세,상해없음,승용,남,46세,경상
2020110600100449,2020년 11월 6일 18시,금요일,전라남도 목포시 산정동,경상사고,0,0,1,0,차대차 - 측면충돌,중앙선침범,건조,맑음,기타 - 기타,화물,남,46세,기타불명,이륜,남,74세,경상
2020110600100450,2020년 11월 6일 18시,금요일,전라남도 여수시 신기동,경상사고,0,0,1,0,차대사람 - 길가장자리구역통행중,안전운전불이행,건조,맑음,단일로 - 기타,승용,여,47세,상해없음,보행자,여,40세,경상
2020110600100451,2020년 11월 6일 18시,금요일,전라남도 순천시 조례동,중상사고,0,1,0,0,차대차 - 기타,안전운전불이행,건조,맑음,교차로 - 교차로부근,승용,여,58세,상해없음,이륜,남,26세,중상
2020110600100452,2020년 11월 6일 18시,금요일,전라남도 영암군 삼호읍,중상사고,0,2,0,0,차대차 - 정면충돌,안전운전불이행,건조,맑음,단일로 - 기타,승용,남,47세,상해없음,승용,남,40세,중상
2020110600100453,2020년 11월 6일 18시,금요일,전라남도 무안군 삼향읍,경상사고,0,0,1,0,차대사람 - 횡단중,신호위반,건조,맑음,교차로 - 교차로안,승합,남,43세,상해없음,보행자,여,50세,경상
2020110600100518,2020년 11월 6일 19시,금요일,전라남도 영암군 삼호읍,경상사고,0,0,1,0,차대차 - 기타,안전운전불이행,건조,맑음,단일로 - 기타,화물,여,50세,상해없음,승합,남,66세,상해없음
2020110600100519,2020년 11월 6일 19시,금요일,전라남도 광양시 광양읍,경상사고,0,0,2,0,차대차 - 기타,안전운전불이행,건조,맑음,단일로 - 기타,승용,남,64세,경상,승용,여,54세,경상
2020110600100550,2020년 11월 6일 20시,금요일,전라남도 목포시 상동,사망사고,1,0,0,0,차대사람 - 기타,안전운전불이행,건조,맑음,단일로 - 기타,승합,남,42세,상해없음,보행자,여,65세,사망
2020110600100551,2020년 11월 6일 20시,금요일,전라남도 목포시 용해동,부상신고사고,0,0,0,2,차대차 - 측면충돌,신호위반,건조,맑음,교차로 - 교차로안,승용,남,39세,상해없음,승용,남,46세,부상신고
2020110600100552,2020년 11월 6일 20시,금요일,전라남도 목포시 옥암동,경상사고,0,0,4,0,차대차 - 기타,안전운전불이행,건조,맑음,교차로 - 교차로안,승용,남,59세,상해없음,승용,남,38세,경상
2020110600100554,2020년 11월 6일 20시,금요일,전라남도 광양시 광영동,경상사고,0,0,1,0,차대차 - 정면충돌,중앙선침범,건조,맑음,단일로 - 기타,승용,남,53세,경상,화물,남,52세,상해없음
2020110600100588,2020년 11월 6일 21시,금요일,전라남도 순천시 풍덕동,경상사고,0,0,1,0,차대사람 - 횡단중,안전운전불이행,건조,맑음,교차로 - 교차로안,승용,남,57세,상해없음,보행자,여,57세,경상
2020110600100613,2020년 11월 6일 22시,금요일,전라남도 여수시 학동,경상사고,0,0,1,0,차대차 - 정면충돌,중앙선침범,건조,맑음,기타 - 기타,승용,남,53세,상해없음,승용,남,46세,경상
2020110600100614,2020년 11월 6일 22시,금요일,전라남도 화순군 화순읍,중상사고,0,1,0,0,차대차 - 기타,안전거리미확보,건조,맑음,단일로 - 기타,승용,남,22세,상해없음,이륜,남,22세,중상
2020110600100642,2020년 11월 6일 23시,금요일,전라남도 목포시 상동,경상사고,0,0,3,0,차대차 - 추돌,안전운전불이행,건조,맑음,교차로 - 교차로부근,이륜,남,22세,상해없음,승합,남,30세,경상
2020110700100019,2020년 11월 7일 00시,토요일,전라남도 나주시 석현동,경상사고,0,0,1,0,차량단독 - 공작물충돌,안전운전불이행,건조,맑음,단일로 - 기타,승용,남,32세,경상,,,,
2020110700100056,2020년 11월 7일 03시,토요일,전라남도 목포시 산정동,중상사고,0,1,0,0,차대사람 - 횡단중,안전운전불이행,건조,기타,교차로 - 교차로안,화물,남,62세,기타불명,보행자,남,50세,중상
2020110700100063,2020년 11월 7일 05시,토요일,전라남도 무안군 청계면,경상사고,0,0,1,0,차대차 - 추돌,안전운전불이행,건조,맑음,단일로 - 기타,승용,남,34세,상해없음,승용,여,56세,경상
2020110700100104,2020년 11월 7일 08시,토요일,전라남도 목포시 죽교동,경상사고,0,0,2,0,차대차 - 측면충돌,안전운전불이행,건조,맑음,교차로 - 교차로안,화물,남,64세,상해없음,화물,남,59세,경상
2020110700100105,2020년 11월 7일 08시,토요일,전라남도 해남군 문내면,경상사고,0,0,1,0,차대차 - 기타,교차로운행방법위반,건조,맑음,교차로 - 교차로안,농기계,남,78세,상해없음,이륜,남,50세,경상
2020110700100106,2020년 11월 7일 08시,토요일,전라남도 함평군 월야면,경상사고,0,0,1,0,차대차 - 측면충돌,직진우회전진행방해,건조,맑음,교차로 - 교차로안,승용,남,46세,상해없음,승합,남,57세,상해없음
2020110700100159,2020년 11월 7일 10시,토요일,전라남도 광양시 금호동,중상사고,0,1,0,0,차대차 - 측면충돌,중앙선침범,건조,맑음,단일로 - 기타,승용,남,23세,상해없음,승용,여,34세,중상
2020110700100200,2020년 11월 7일 11시,토요일,전라남도 장성군 남면,경상사고,0,0,1,0,차대차 - 기타,안전운전불이행,건조,맑음,교차로 - 교차로안,승용,여,50세,상해없음,화물,남,34세,경상
2020110700100253,2020년 11월 7일 12시,토요일,전라남도 순천시 오천동,경상사고,0,0,1,0,차대차 - 기타,안전운전불이행,건조,맑음,교차로 - 교차로부근,자전거,남,80세,경상,화물,남,36세,상해없음
2020110700100283,2020년 11월 7일 13시,토요일,전라남도 화순군 화순읍,경상사고,0,0,1,0,차대차 - 측면충돌,안전운전불이행,건조,맑음,교차로 - 교차로안,승용,남,76세,상해없음,승용,여,56세,경상
2020110700100321,2020년 11월 7일 14시,토요일,전라남도 보성군 벌교읍,중상사고,0,1,0,0,차대차 - 추돌,안전거리미확보,건조,맑음,단일로 - 기타,이륜,남,50세,중상,승용,여,46세,상해없음
2020110700100322,2020년 11월 7일 14시,토요일,전라남도 강진군 도암면,경상사고,0,0,2,0,차대차 - 추돌,안전운전불이행,건조,맑음,교차로 - 교차로부근,화물,남,49세,상해없음,승용,남,56세,경상
2020110700100375,2020년 11월 7일 15시,토요일,전라남도 여수시 중앙동,중상사고,0,1,1,0,차대차 - 측면충돌,안전거리미확보,건조,맑음,교차로 - 교차로안,승용,남,70세,상해없음,승용,남,30세,경상
2020110700100376,2020년 11월 7일 15시,토요일,전라남도 영암군 학산면,경상사고,0,0,1,0,차대차 - 측면충돌,안전운전불이행,건조,맑음,교차로 - 교차로부근,화물,남,66세,상해없음,승용,남,47세,경상
2020110700100462,2020년 11월 7일 17시,토요일,전라남도 목포시 옥암동,경상사고,0,0,3,0,차대차 - 기타,교차로운행방법위반,건조,맑음,교차로 - 교차로안,승용,여,60세,상해없음,승용,남,37세,경상
2020110700100463,2020년 11월 7일 17시,토요일,전라남도 담양군 담양읍,부상신고사고,0,0,0,1,차대차 - 측면충돌,안전거리미확보,건조,흐림,기타 - 기타,승용,남,73세,상해없음,승용,남,54세,부상신고
2020110700100521,2020년 11월 7일 18시,토요일,전라남도 영암군 신북면,경상사고,0,0,2,0,차대차 - 측면충돌,안전운전불이행,건조,맑음,교차로 - 교차로부근,화물,남,45세,경상,화물,남,62세,경상
2020110700100522,2020년 11월 7일 18시,토요일,전라남도 담양군 대전면,경상사고,0,0,5,1,차대차 - 정면충돌,안전운전불이행,건조,맑음,교차로 - 교차로안,승용,남,41세,부상신고,승용,남,28세,경상
2020110700100571,2020년 11월 7일 19시,토요일,전라남도 진도군 지산면,경상사고,0,0,1,0,차대차 - 추돌,안전운전불이행,건조,맑음,단일로 - 기타,승용,남,47세,상해없음,화물,남,73세,경상
2020110700100603,2020년 11월 7일 20시,토요일,전라남도 여수시 문수동,경상사고,0,0,1,0,차량단독 - 기타,안전운전불이행,건조,맑음,교차로 - 교차로부근,승용,남,41세,상해없음,,,,
2020110700100604,2020년 11월 7일 20시,토요일,전라남도 순천시 별량면,사망사고,1,0,0,0,차대사람 - 횡단중,안전운전불이행,건조,맑음,교차로 - 교차로부근,승용,남,38세,상해없음,보행자,남,81세,사망
2020110800100018,2020년 11월 8일 00시,일요일,전라남도 나주시 금천면,경상사고,0,0,1,0,차대사람 - 길가장자리구역통행중,안전운전불이행,젖음/습기,안개,단일로 - 기타,승용,남,25세,상해없음,보행자,남,16세,경상
2020110800100033,2020년 11월 8일 01시,일요일,전라남도 여수시 돌산읍,경상사고,0,0,1,0,차대차 - 측면충돌,교차로운행방법위반,건조,맑음,교차로 - 교차로안,승용,남,21세,상해없음,승용,남,48세,경상
2020110800100034,2020년 11월 8일 01시,일요일,전라남도 광양시 중동,경상사고,0,0,1,0,차량단독 - 공작물충돌,안전운전불이행,건조,맑음,교차로 - 교차로안,승용,여,38세,경상,,,,
2020110800100062,2020년 11월 8일 04시,일요일,전라남도 목포시 산정동,부상신고사고,0,0,0,1,차량단독 - 공작물충돌,안전운전불이행,건조,맑음,교차로 - 교차로안,승용,남,28세,부상신고,,,,
2020110800100076,2020년 11월 8일 06시,일요일,전라남도 순천시 연향동,경상사고,0,0,1,1,차대차 - 측면충돌,교차로운행방법위반,건조,맑음,교차로 - 교차로안,승용,여,61세,부상신고,승용,여,65세,경상
2020110800100156,2020년 11월 8일 11시,일요일,전라남도 담양군 담양읍,중상사고,0,1,1,0,차대차 - 측면충돌,직진우회전진행방해,건조,맑음,교차로 - 교차로부근,원동기,남,86세,경상,승합,남,58세,상해없음
2020110800100188,2020년 11월 8일 12시,일요일,전라남도 강진군 마량면,경상사고,0,0,2,0,차대사람 - 횡단중,불법유턴,건조,맑음,단일로 - 기타,승용,남,48세,상해없음,보행자,남,62세,경상
2020110800100189,2020년 11월 8일 12시,일요일,전라남도 강진군 강진읍,중상사고,0,1,3,0,차대차 - 측면충돌,기타,건조,맑음,교차로 - 교차로안,승용,남,50세,경상,승용,남,63세,중상
2020110800100221,2020년 11월 8일 13시,일요일,전라남도 목포시 산정동,경상사고,0,0,2,0,차대차 - 측면충돌,중앙선침범,건조,맑음,단일로 - 기타,이륜,남,36세,경상,이륜,남,36세,경상
2020110800100222,2020년 11월 8일 13시,일요일,전라남도 구례군 산동면,중상사고,0,1,0,0,차대사람 - 기타,안전운전불이행,건조,맑음,단일로 - 기타,승용,여,38세,상해없음,보행자,여,42세,중상
2020110800100271,2020년 11월 8일 14시,일요일,전라남도 목포시 산정동,경상사고,0,0,4,0,차대차 - 측면충돌,안전운전불이행,건조,맑음,기타 - 기타,승용,남,34세,경상,승용,여,42세,경상
2020110800100272,2020년 11월 8일 14시,일요일,전라남도 해남군 송지면,부상신고사고,0,0,0,1,차대사람 - 기타,안전운전불이행,건조,맑음,단일로 - 기타,화물,남,73세,기타불명,보행자,남,82세,부상신고
2020110800100273,2020년 11월 8일 14시,일요일,전라남도 영암군 삼호읍,경상사고,0,0,1,0,차대차 - 측면충돌,안전운전불이행,건조,맑음,교차로 - 교차로안,승용,남,43세,상해없음,승용,남,64세,경상
2020110800100388,2020년 11월 8일 17시,일요일,전라남도 해남군 옥천면,중상사고,0,1,6,0,차대차 - 추돌,안전운전불이행,건조,맑음,단일로 - 기타,승용,남,75세,경상,승용,남,38세,경상
2020110800100389,2020년 11월 8일 17시,일요일,전라남도 영광군 영광읍,경상사고,0,0,1,0,차대차 - 추돌,안전운전불이행,건조,맑음,단일로 - 기타,승합,남,56세,상해없음,승용,여,65세,경상
2020110800100433,2020년 11월 8일 18시,일요일,전라남도 해남군 옥천면,경상사고,0,0,2,0,차대차 - 측면충돌,안전운전불이행,건조,맑음,단일로 - 기타,승용,여,42세,기타불명,승용,남,61세,경상
2020110800100434,2020년 11월 8일 18시,일요일,전라남도 광양시 옥곡면,경상사고,0,0,1,0,차대차 - 추돌,안전운전불이행,건조,기타,단일로 - 기타,승용,여,52세,상해없음,농기계,남,76세,경상
2020110800100485,2020년 11월 8일 19시,일요일,전라남도 여수시 웅천동,중상사고,0,1,1,0,차대차 - 정면충돌,중앙선침범,건조,맑음,교차로 - 교차로안,이륜,남,25세,중상,원동기,남,19세,경상
2020110800100487,2020년 11월 8일 19시,일요일,전라남도 강진군 성전면,사망사고,1,0,0,0,차량단독 - 전도전복 - 전도,안전운전불이행,건조,맑음,단일로 - 기타,농기계,남,69세,사망,,,,
2020110800100488,2020년 11월 8일 19시,일요일,전라남도 구례군 구례읍,중상사고,0,1,0,0,차대사람 - 횡단중,안전운전불이행,건조,맑음,단일로 - 기타,승용,남,35세,상해없음,보행자,남,51세,중상
2020110800100526,2020년 11월 8일 21시,일요일,전라남도 강진군 신전면,경상사고,0,0,1,0,차대차 - 추돌,안전운전불이행,건조,맑음,교차로 - 교차로안,화물,남,58세,상해없음,화물,남,60세,경상
2020110900100074,2020년 11월 9일 07시,월요일,전라남도 목포시 산정동,중상사고,0,2,1,0,차대차 - 기타,안전운전불이행,건조,맑음,교차로 - 교차로안,승용,남,44세,중상,승용,남,43세,경상
2020110900100109,2020년 11월 9일 08시,월요일,전라남도 신안군 암태면,경상사고,0,0,1,0,차대사람 - 기타,보행자보호의무위반,건조,맑음,단일로 - 기타,승용,여,65세,상해없음,보행자,여,64세,경상
2020110900100110,2020년 11월 9일 08시,월요일,전라남도 여수시 학동,경상사고,0,0,2,0,차대차 - 기타,안전운전불이행,건조,맑음,교차로 - 교차로안,승용,남,76세,상해없음,승용,남,27세,경상
2020110900100111,2020년 11월 9일 08시,월요일,전라남도 순천시 왕지동,경상사고,0,0,2,0,차대차 - 기타,직진우회전진행방해,건조,맑음,교차로 - 교차로안,승용,여,35세,상해없음,승용,여,44세,경상
2020110900100112,2020년 11월 9일 08시,월요일,전라남도 무안군 삼향읍,경상사고,0,0,1,0,차대차 - 기타,안전운전불이행,건조,맑음,기타 - 기타,승용,여,60세,상해없음,승용,여,45세,경상
2020110900100161,2020년 11월 9일 09시,월요일,전라남도 목포시 석현동,경상사고,0,0,1,0,차대차 - 기타,안전운전불이행,건조,맑음,단일로 - 기타,화물,남,42세,상해없음,승용,여,36세,경상
2020110900100203,2020년 11월 9일 10시,월요일,전라남도 목포시 석현동,경상사고,0,0,1,0,차대사람 - 기타,안전운전불이행,건조,맑음,단일로 - 기타,승합,남,55세,상해없음,보행자,여,54세,경상