사고번호,사고일시,요일,시군구,사고내용,사망자수,중상자수,경상자수,부상신고자수,사고유형,법규위반,노면상태,기상상태,도로형태,가해운전자 차종,가해운전자 성별,가해운전자 연령,가해운전자 상해정도,피해운전자 차종,피해운전자 성별,피해운전자 연령,피해운전자 상해정도
2020111300100034,2020년 11월 13일 03시,금요일,전라남도 신안군 압해읍,경상사고,0,0,1,0,차대차 - 기타,안전운전불이행,건조,맑음,단일로 - 기타,화물,남,61세,상해없음,건설기계,남,50세,경상
2020111300100081,2020년 11월 13일 07시,금요일,전라남도 여수시 덕충동,경상사고,0,0,3,0,차대차 - 측면충돌,교차로운행방법위반,건조,맑음,단일로 - 기타,승용,남,64세,상해없음,승용,여,31세,경상
2020111300100082,2020년 11월 13일 07시,금요일,전라남도 여수시 신기동,경상사고,0,0,1,0,차대차 - 측면충돌,교차로운행방법위반,건조,맑음,교차로 - 교차로안,승용,남,50세,상해없음,승용,여,65세,경상
2020111300100083,2020년 11월 13일 07시,금요일,전라남도 나주시 왕곡면,중상사고,0,1,1,0,차대차 - 측면충돌,신호위반,건조,맑음,교차로 - 교차로안,승합,남,34세,경상,승용,남,21세,중상
2020111300100118,2020년 11월 13일 08시,금요일,전라남도 함평군 월야면,중상사고,0,1,0,0,차대사람 - 기타,안전운전불이행,건조,맑음,단일로 - 기타,화물,남,58세,상해없음,보행자,남,76세,중상
2020111300100159,2020년 11월 13일 09시,금요일,전라남도 여수시 소라면,경상사고,0,0,2,0,차대차 - 추돌,안전운전불이행,건조,맑음,단일로 - 기타,승용,남,61세,기타불명,승용,남,47세,경상
2020111300100190,2020년 11월 13일 10시,금요일,전라남도 여수시 주삼동,중상사고,0,1,0,0,차대차 - 기타,안전거리미확보,건조,맑음,교차로 - 교차로안,화물,남,63세,중상,화물,남,28세,상해없음
2020111300100191,2020년 11월 13일 10시,금요일,전라남도 진도군 임회면,경상사고,0,0,1,0,차대사람 - 기타,안전운전불이행,건조,맑음,단일로 - 기타,화물,남,43세,상해없음,보행자,남,65세,경상
2020111300100250,2020년 11월 13일 12시,금요일,전라남도 순천시 연향동,경상사고,0,0,1,0,차대차 - 측면충돌,차로위반,건조,맑음,교차로 - 교차로부근,승용,남,38세,경상,화물,남,49세,상해없음
2020111300100343,2020년 11월 13일 15시,금요일,전라남도 목포시 용당동,경상사고,0,0,1,0,차대사람 - 기타,안전운전불이행,건조,맑음,단일로 - 기타,승용,남,77세,상해없음,보행자,남,83세,경상
2020111300100344,2020년 11월 13일 15시,금요일,전라남도 광양시 중동,경상사고,0,0,1,0,차대차 - 추돌,안전운전불이행,건조,맑음,단일로 - 기타,승용,남,46세,경상,화물,남,63세,상해없음
2020111300100384,2020년 11월 13일 16시,금요일,전라남도 목포시 석현동,중상사고,0,1,0,0,차대사람 - 보도통행중,보행자보호의무위반,건조,맑음,기타 - 기타,승용,남,27세,상해없음,보행자,여,42세,중상
2020111300100385,2020년 11월 13일 16시,금요일,전라남도 순천시 서면,경상사고,0,0,1,0,차대차 - 측면충돌,차로위반,건조,맑음,단일로 - 기타,건설기계,남,55세,상해없음,승용,여,53세,경상
2020111300100386,2020년 11월 13일 16시,금요일,전라남도 고흥군 과역면,중상사고,0,1,0,0,차대차 - 추돌,안전운전불이행,건조,맑음,교차로 - 교차로안,이륜,여,61세,상해없음,자전거,여,70세,중상
2020111300100387,2020년 11월 13일 16시,금요일,전라남도 담양군 대전면,경상사고,0,0,2,0,차대차 - 추돌,안전운전불이행,건조,맑음,단일로 - 기타,승용,여,45세,경상,화물,남,72세,상해없음
2020111300100431,2020년 11월 13일 17시,금요일,전라남도 무안군 삼향읍,경상사고,0,0,1,0,차대차 - 기타,안전운전불이행,건조,맑음,기타 - 기타,승용,남,48세,상해없음,승용,남,34세,경상
2020111300100498,2020년 11월 13일 18시,금요일,전라남도 목포시 옥암동,경상사고,0,0,1,0,차대차 - 후진중충돌,안전운전불이행,건조,맑음,교차로 - 교차로안,승용,남,49세,상해없음,승용,여,46세,경상
2020111300100499,2020년 11월 13일 18시,금요일,전라남도 장성군 남면,경상사고,0,0,1,0,차대차 - 측면충돌,안전운전불이행,건조,맑음,단일로 - 기타,화물,남,55세,상해없음,승용,남,27세,경상
2020111300100557,2020년 11월 13일 19시,금요일,전라남도 여수시 주삼동,경상사고,0,0,1,0,차대차 - 측면충돌,신호위반,건조,맑음,교차로 - 교차로안,승용,남,60세,상해없음,화물,남,40세,경상
2020111300100592,2020년 11월 13일 20시,금요일,전라남도 여수시 문수동,경상사고,0,0,1,0,차대사람 - 길가장자리구역통행중,안전운전불이행,건조,맑음,단일로 - 기타,승용,여,62세,상해없음,보행자,남,21세,경상
2020111300100634,2020년 11월 13일 21시,금요일,전라남도 목포시 상동,경상사고,0,0,3,0,차대차 - 측면충돌,안전운전불이행,건조,맑음,단일로 - 기타,화물,남,63세,상해없음,승용,남,52세,경상
2020111300100677,2020년 11월 13일 23시,금요일,전라남도 여수시 학동,중상사고,0,1,0,0,차대사람 - 횡단중,안전운전불이행,건조,맑음,단일로 - 기타,승용,여,61세,상해없음,보행자,남,28세,중상
2020111400100033,2020년 11월 14일 01시,토요일,전라남도 장흥군 장평면,경상사고,0,0,1,0,차량단독 - 공작물충돌,안전운전불이행,건조,맑음,단일로 - 기타,화물,남,47세,경상,,,,
2020111400100112,2020년 11월 14일 07시,토요일,전라남도 함평군 월야면,중상사고,0,1,1,0,차대차 - 측면충돌,교차로운행방법위반,젖음/습기,안개,교차로 - 교차로안,건설기계,남,53세,중상,화물,남,54세,경상
2020111400100125,2020년 11월 14일 08시,토요일,전라남도 목포시 용당동,중상사고,0,1,1,0,차대차 - 측면충돌,안전운전불이행,건조,맑음,단일로 - 기타,승용,남,25세,기타불명,이륜,남,63세,중상
2020111400100126,2020년 11월 14일 08시,토요일,전라남도 해남군 해남읍,중상사고,0,1,0,0,차대차 - 측면충돌,안전운전불이행,건조,맑음,교차로 - 교차로안,화물,남,69세,상해없음,승용,여,57세,중상
2020111400100149,2020년 11월 14일 09시,토요일,전라남도 목포시 옥암동,경상사고,0,0,3,0,차대차 - 측면충돌,안전거리미확보,기타,맑음,단일로 - 터널,화물,남,67세,경상,승용,남,38세,경상
2020111400100183,2020년 11월 14일 10시,토요일,전라남도 무안군 일로읍,중상사고,0,2,0,0,차대차 - 정면충돌,중앙선침범,건조,맑음,단일로 - 기타,자전거,여,43세,중상,이륜,남,79세,중상
2020111400100220,2020년 11월 14일 11시,토요일,전라남도 장성군 장성읍,경상사고,0,0,1,0,차대차 - 기타,안전운전불이행,건조,맑음,단일로 - 기타,승용,여,54세,상해없음,자전거,남,7세,경상
2020111400100221,2020년 11월 14일 11시,토요일,전라남도 강진군 신전면,경상사고,0,0,1,0,차대차 - 측면충돌,직진우회전진행방해,건조,맑음,교차로 - 교차로부근,이륜,남,80세,경상,화물,남,59세,상해없음
2020111400100222,2020년 11월 14일 11시,토요일,전라남도 무안군 무안읍,경상사고,0,0,4,0,차대차 - 기타,안전운전불이행,건조,맑음,기타 - 기타,승용,남,68세,상해없음,승용,남,46세,경상
2020111400100262,2020년 11월 14일 12시,토요일,전라남도 순천시 해룡면,경상사고,0,0,1,0,차대차 - 측면충돌,신호위반,건조,맑음,교차로 - 교차로안,승용,여,43세,상해없음,승용,남,29세,경상
2020111400100263,2020년 11월 14일 12시,토요일,전라남도 나주시 봉황면,경상사고,0,0,2,0,차대차 - 측면충돌,직진우회전진행방해,건조,맑음,교차로 - 교차로안,승용,여,54세,경상,승용,남,68세,경상
2020111400100264,2020년 11월 14일 12시,토요일,전라남도 구례군 구례읍,경상사고,0,0,2,0,차대차 - 측면충돌,안전운전불이행,건조,맑음,기타 - 기타,승용,여,49세,상해없음,승용,여,52세,경상
2020111400100299,2020년 11월 14일 13시,토요일,전라남도 화순군 화순읍,경상사고,0,0,2,0,차대차 - 측면충돌,교차로운행방법위반,건조,맑음,교차로 - 교차로부근,승용,남,36세,상해없음,승용,여,57세,경상
2020111400100300,2020년 11월 14일 13시,토요일,전라남도 담양군 담양읍,경상사고,0,0,1,0,차대차 - 기타,신호위반,건조,맑음,교차로 - 교차로안,자전거,남,40세,경상,승용,여,31세,상해없음
2020111400100301,2020년 11월 14일 13시,토요일,전라남도 광양시 도이동,중상사고,0,1,1,0,차대차 - 측면충돌,과속,건조,맑음,단일로 - 기타,승용,남,35세,경상,화물,남,54세,중상
2020111400100334,2020년 11월 14일 14시,토요일,전라남도 목포시 용당동,경상사고,0,0,1,0,차대차 - 추돌,안전운전불이행,건조,맑음,교차로 - 교차로횡단보도내,기타불명,기타불명,미분류,기타불명,승용,여,49세,경상
2020111400100335,2020년 11월 14일 14시,토요일,전라남도 무안군 삼향읍,경상사고,0,0,1,0,차대차 - 기타,안전운전불이행,건조,맑음,기타 - 기타,승용,여,57세,상해없음,승용,남,28세,경상
2020111400100336,2020년 11월 14일 14시,토요일,전라남도 무안군 운남면,중상사고,0,1,0,0,차대차 - 측면충돌,직진우회전진행방해,건조,맑음,교차로 - 교차로안,화물,남,54세,상해없음,이륜,여,73세,중상
2020111400100421,2020년 11월 14일 16시,토요일,전라남도 여수시 수정동,경상사고,0,0,1,0,차대차 - 측면충돌,안전거리미확보,건조,맑음,단일로 - 기타,이륜,남,47세,상해없음,승용,남,33세,경상
2020111400100422,2020년 11월 14일 16시,토요일,전라남도 장흥군 장흥읍,경상사고,0,0,2,0,차대차 - 측면충돌,교차로운행방법위반,건조,맑음,교차로 - 교차로부근,자전거,남,10세,경상,자전거,남,19세,경상
2020111400100462,2020년 11월 14일 17시,토요일,전라남도 여수시 공화동,중상사고,0,1,0,0,차대사람 - 횡단중,보행자보호의무위반,건조,맑음,단일로 - 기타,승용,남,45세,상해없음,보행자,여,56세,중상
2020111400100463,2020년 11월 14일 17시,토요일,전라남도 여수시 광무동,중상사고,0,1,0,0,차대사람 - 횡단중,신호위반,건조,맑음,교차로 - 교차로횡단보도내,화물,남,36세,상해없음,보행자,여,74세,중상
2020111400100464,2020년 11월 14일 17시,토요일,전라남도 고흥군 도양읍,경상사고,0,0,3,0,차대차 - 추돌,안전운전불이행,건조,맑음,교차로 - 교차로부근,승용,남,31세,상해없음,승용,남,37세,경상
2020111400100465,2020년 11월 14일 17시,토요일,전라남도 장성군 남면,경상사고,0,0,5,0,차대차 - 추돌,안전운전불이행,건조,맑음,단일로 - 기타,승용,남,64세,경상,승용,남,56세,경상
2020111400100512,2020년 11월 14일 18시,토요일,전라남도 무안군 삼향읍,경상사고,0,0,1,0,차대차 - 측면충돌,안전운전불이행,건조,맑음,기타 - 기타,화물,남,59세,기타불명,승용,남,30세,경상
2020111400100552,2020년 11월 14일 19시,토요일,전라남도 목포시 상동,경상사고,0,0,5,0,차대차 - 측면충돌,신호위반,건조,맑음,교차로 - 교차로안,승용,남,24세,경상,승용,여,45세,경상
2020111400100553,2020년 11월 14일 19시,토요일,전라남도 순천시 조례동,경상사고,0,0,1,0,차대사람 - 기타,안전운전불이행,건조,맑음,단일로 - 기타,승용,여,59세,상해없음,보행자,남,60세,경상
2020111400100554,2020년 11월 14일 19시,토요일,전라남도 담양군 담양읍,경상사고,0,0,1,0,차대차 - 후진중충돌,안전운전불이행,건조,맑음,교차로 - 교차로부근,승용,남,63세,상해없음,승용,남,52세,경상
2020111400100606,2020년 11월 14일 21시,토요일,전라남도 여수시 돌산읍,경상사고,0,0,1,0,차대차 - 기타,안전운전불이행,건조,맑음,기타 - 기타,승용,남,53세,기타불명,승용,남,66세,경상
2020111400100619,2020년 11월 14일 22시,토요일,전라남도 여수시 웅천동,중상사고,0,1,8,0,차대차 - 측면충돌,신호위반,건조,맑음,교차로 - 교차로안,승용,여,25세,경상,승용,남,56세,경상
2020111500100038,2020년 11월 15일 05시,일요일,전라남도 보성군 벌교읍,경상사고,0,0,2,0,차량단독 - 공작물충돌,안전운전불이행,건조,맑음,단일로 - 기타,승용,남,26세,경상,,,,
2020111500100046,2020년 11월 15일 06시,일요일,전라남도 여수시 웅천동,중상사고,0,1,0,0,차대차 - 기타,안전운전불이행,건조,맑음,단일로 - 기타,승용,남,54세,상해없음,자전거,남,68세,중상
2020111500100059,2020년 11월 15일 08시,일요일,전라남도 고흥군 고흥읍,경상사고,0,0,1,0,차대차 - 측면충돌,중앙선침범,건조,맑음,단일로 - 기타,승용,여,46세,상해없음,승용,여,37세,경상
2020111500100060,2020년 11월 15일 08시,일요일,전라남도 보성군 조성면,중상사고,0,1,0,0,차대차 - 측면충돌,안전거리미확보,건조,맑음,교차로 - 교차로안,이륜,남,78세,중상,화물,남,73세,상해없음
2020111500100077,2020년 11월 15일 09시,일요일,전라남도 목포시 산정동,경상사고,0,0,1,0,차대차 - 추돌,안전운전불이행,건조,맑음,교차로 - 교차로안,승용,남,53세,상해없음,승용,남,75세,경상
2020111500100078,2020년 11월 15일 09시,일요일,전라남도 여수시 미평동,경상사고,0,0,1,0,차대차 - 측면충돌,교차로운행방법위반,건조,맑음,교차로 - 교차로안,화물,남,63세,상해없음,승용,남,68세,경상
2020111500100079,2020년 11월 15일 09시,일요일,전라남도 함평군 신광면,경상사고,0,0,1,0,차대차 - 추돌,과속,건조,맑음,단일로 - 기타,승용,남,47세,상해없음,화물,남,60세,경상
2020111500100099,2020년 11월 15일 10시,일요일,전라남도 장흥군 회진면,경상사고,0,0,2,0,차대차 - 측면충돌,교차로운행방법위반,건조,맑음,교차로 - 교차로안,화물,남,63세,상해없음,승용,남,32세,경상
2020111500100118,2020년 11월 15일 11시,일요일,전라남도 여수시 고소동,경상사고,0,0,1,0,차대차 - 측면충돌,안전운전불이행,건조,맑음,교차로 - 교차로안,승용,남,22세,상해없음,원동기,남,21세,경상
2020111500100120,2020년 11월 15일 11시,일요일,전라남도 나주시 이창동,경상사고,0,0,2,0,차대차 - 측면충돌,안전거리미확보,건조,맑음,단일로 - 기타,승용,남,84세,상해없음,화물,남,71세,경상
2020111500100211,2020년 11월 15일 14시,일요일,전라남도 여수시 미평동,경상사고,0,0,1,0,차대차 - 후진중충돌,안전운전불이행,건조,맑음,단일로 - 기타,승용,남,72세,상해없음,승용,남,26세,상해없음
2020111500100212,2020년 11월 15일 14시,일요일,전라남도 완도군 노화읍,경상사고,0,0,1,0,차대차 - 추돌,안전운전불이행,건조,맑음,단일로 - 기타,화물,남,55세,상해없음,승용,여,30세,경상
2020111500100280,2020년 11월 15일 16시,일요일,전라남도 장성군 장성읍,중상사고,0,1,0,0,차대사람 - 횡단중,보행자보호의무위반,건조,맑음,교차로 - 교차로횡단보도내,승용,남,48세,상해없음,보행자,남,7세,중상
2020111500100301,2020년 11월 15일 17시,일요일,전라남도 고흥군 도양읍,중상사고,0,1,0,0,차대사람 - 횡단중,안전운전불이행,건조,맑음,단일로 - 기타,승용,남,62세,상해없음,보행자,남,4세,중상
2020111500100302,2020년 11월 15일 17시,일요일,전라남도 고흥군 도화면,경상사고,0,0,1,0,차량단독 - 공작물충돌,안전운전불이행,건조,맑음,단일로 - 기타,사륜오토바이(ATV),남,76세,상해없음,,,,
2020111500100344,2020년 11월 15일 18시,일요일,전라남도 목포시 석현동,중상사고,0,1,0,0,차대차 - 측면충돌,신호위반,건조,맑음,교차로 - 교차로안,이륜,남,19세,중상,화물,남,64세,상해없음
2020111500100345,2020년 11월 15일 18시,일요일,전라남도 순천시 조례동,중상사고,0,1,6,0,차대차 - 기타,중앙선침범,건조,맑음,교차로 - 교차로부근,승용,남,58세,상해없음,승용,여,51세,경상
2020111500100346,2020년 11월 15일 18시,일요일,전라남도 나주시 대호동,중상사고,0,1,0,0,차대사람 - 횡단중,안전운전불이행,건조,맑음,단일로 - 기타,이륜,남,20세,상해없음,보행자,여,63세,중상
2020111500100347,2020년 11월 15일 18시,일요일,전라남도 고흥군 금산면,중상사고,0,1,0,0,차대사람 - 기타,안전운전불이행,건조,맑음,단일로 - 기타,승용,남,73세,상해없음,보행자,여,69세,중상
2020111500100348,2020년 11월 15일 18시,일요일,전라남도 담양군 담양읍,경상사고,0,0,2,0,차대차 - 측면충돌,직진우회전진행방해,건조,흐림,교차로 - 교차로안,승용,남,73세,상해없음,승용,남,47세,경상
2020111500100397,2020년 11월 15일 19시,일요일,전라남도 목포시 산정동,경상사고,0,0,1,0,차대차 - 기타,안전운전불이행,건조,맑음,단일로 - 기타,화물,남,33세,상해없음,승용,남,46세,경상
2020111500100421,2020년 11월 15일 20시,일요일,전라남도 담양군 무정면,중상사고,0,1,2,0,차대차 - 정면충돌,중앙선침범,건조,흐림,단일로 - 기타,승용,남,53세,상해없음,화물,여,34세,중상
2020111500100440,2020년 11월 15일 21시,일요일,전라남도 영암군 삼호읍,경상사고,0,0,1,0,차대차 - 정면충돌,신호위반,건조,기타,교차로 - 교차로안,승용,남,54세,상해없음,승용,여,33세,경상
2020111500100451,2020년 11월 15일 22시,일요일,전라남도 목포시 산정동,경상사고,0,0,1,0,차대차 - 기타,직진우회전진행방해,건조,맑음,교차로 - 교차로부근,승용,여,42세,상해없음,승용,여,50세,경상
2020111500100467,2020년 11월 15일 23시,일요일,전라남도 보성군 벌교읍,경상사고,0,0,3,0,차대차 - 추돌,과속,건조,맑음,단일로 - 기타,승용,남,22세,경상,승용,남,65세,경상
2020111500100468,2020년 11월 15일 23시,일요일,전라남도 무안군 삼향읍,경상사고,0,0,1,0,차대차 - 기타,안전거리미확보,건조,맑음,교차로 - 교차로안,승용,남,60세,상해없음,승용,여,29세,경상
2020111600100078,2020년 11월 16일 07시,월요일,전라남도 목포시 산정동,부상신고사고,0,0,0,1,차대차 - 추돌,안전운전불이행,건조,맑음,기타 - 기타,승용,남,69세,부상신고,승용,남,51세,기타불명
2020111600100079,2020년 11월 16일 07시,월요일,전라남도 순천시 해룡면,경상사고,0,0,2,0,차대차 - 추돌,안전운전불이행,건조,맑음,단일로 - 기타,승용,여,61세,상해없음,승용,남,35세,경상
2020111600100111,2020년 11월 16일 08시,월요일,전라남도 장흥군 회진면,경상사고,0,0,1,0,차대차 - 측면충돌,교차로운행방법위반,건조,맑음,교차로 - 교차로안,승용,남,54세,상해없음,이륜,남,80세,경상
2020111600100112,2020년 11월 16일 08시,월요일,전라남도 고흥군 도양읍,경상사고,0,0,2,0,차량단독 - 공작물충돌,안전운전불이행,건조,맑음,교차로 - 교차로부근,승용,남,68세,경상,,,,
2020111600100113,2020년 11월 16일 08시,월요일,전라남도 고흥군 도양읍,경상사고,0,0,1,0,차대차 - 측면충돌,안전운전불이행,건조,맑음,단일로 - 기타,화물,남,56세,경상,화물,남,64세,상해없음
2020111600100180,2020년 11월 16일 10시,월요일,전라남도 해남군 해남읍,경상사고,0,0,1,0,차대사람 - 차도통행중,안전운전불이행,건조,맑음,단일로 - 기타,승용,여,39세,상해없음,보행자,여,56세,경상
2020111600100181,2020년 11월 16일 10시,월요일,전라남도 해남군 송지면,중상사고,0,1,0,0,차대사람 - 횡단중,안전운전불이행,건조,맑음,단일로 - 기타,승합,여,66세,상해없음,보행자,남,79세,중상
2020111600100231,2020년 11월 16일 11시,월요일,전라남도 순천시 주암면,경상사고,0,0,3,0,차대차 - 측면충돌,중앙선침범,건조,맑음,교차로 - 교차로안,화물,남,67세,상해없음,승용,여,55세,경상
2020111600100232,2020년 11월 16일 11시,월요일,전라남도 고흥군 도양읍,부상신고사고,0,0,0,1,차대차 - 기타,신호위반,건조,맑음,교차로 - 교차로안,농기계,남,86세,부상신고,화물,남,58세,상해없음
2020111600100272,2020년 11월 16일 12시,월요일,전라남도 목포시 상동,경상사고,0,0,1,0,차대사람 - 횡단중,신호위반,건조,맑음,교차로 - 교차로횡단보도내,승용,여,30세,상해없음,보행자,여,58세,경상
2020111600100273,2020년 11월 16일 12시,월요일,전라남도 무안군 몽탄면,중상사고,0,1,0,0,차대차 - 기타,안전운전불이행,건조,맑음,교차로 - 교차로안,이륜,남,73세,중상,승용,남,70세,상해없음
2020111600100300,2020년 11월 16일 13시,월요일,전라남도 여수시 화장동,경상사고,0,0,1,0,차대차 - 정면충돌,교차로운행방법위반,건조,맑음,교차로 - 교차로부근,승용,여,26세,상해없음,자전거,남,66세,경상
2020111600100301,2020년 11월 16일 13시,월요일,전라남도 순천시 조례동,경상사고,0,0,2,0,차대차 - 측면충돌,직진우회전진행방해,건조,맑음,교차로 - 교차로안,승용,여,49세,경상,승용,여,33세,경상
2020111600100302,2020년 11월 16일 13시,월요일,전라남도 담양군 고서면,경상사고,0,0,2,0,차대차 - 기타,안전운전불이행,건조,맑음,기타 - 기타,승용,남,74세,상해없음,승용,남,33세,경상
2020111600100337,2020년 11월 16일 14시,월요일,전라남도 장흥군 안양면,경상사고,0,0,2,0,차대차 - 정면충돌,안전운전불이행,건조,맑음,단일로 - 기타,승용,여,63세,경상,승용,남,73세,경상
2020111600100338,2020년 11월 16일 14시,월요일,전라남도 담양군 담양읍,경상사고,0,0,2,0,차대차 - 추돌,안전거리미확보,건조,맑음,단일로 - 기타,이륜,남,58세,상해없음,승용,남,21세,경상
2020111600100414,2020년 11월 16일 16시,월요일,전라남도 목포시 옥암동,경상사고,0,0,1,0,차대차 - 측면충돌,신호위반,건조,맑음,교차로 - 교차로안,승용,남,36세,기타불명,승용,여,47세,경상
2020111600100415,2020년 11월 16일 16시,월요일,전라남도 장흥군 장흥읍,경상사고,0,0,1,0,차대차 - 측면충돌,직진우회전진행방해,건조,맑음,교차로 - 교차로안,승용,남,32세,상해없음,이륜,여,74세,경상
2020111600100520,2020년 11월 16일 18시,월요일,전라남도 순천시 남정동,중상사고,0,1,0,0,차대차 - 측면충돌,직진우회전진행방해,건조,맑음,교차로 - 교차로안,승용,남,54세,상해없음,원동기,남,45세,중상
2020111600100521,2020년 11월 16일 18시,월요일,전라남도 화순군 화순읍,경상사고,0,0,1,0,차대차 - 추돌,안전운전불이행,건조,맑음,단일로 - 기타,승용,여,35세,경상,화물,남,48세,상해없음
2020111600100578,2020년 11월 16일 19시,월요일,전라남도 목포시 옥암동,사망사고,1,1,0,0,차대사람 - 횡단중,신호위반,건조,맑음,단일로 - 기타,이륜,남,26세,중상,보행자,남,33세,사망
2020111600100608,2020년 11월 16일 20시,월요일,전라남도 해남군 문내면,경상사고,0,0,1,0,차대사람 - 차도통행중,기타,건조,맑음,단일로 - 기타,승용,남,49세,상해없음,보행자,여,11세,경상
2020111600100655,2020년 11월 16일 22시,월요일,전라남도 목포시 상동,경상사고,0,0,2,0,차대사람 - 횡단중,신호위반,건조,맑음,교차로 - 교차로횡단보도내,이륜,남,20세,경상,보행자,여,16세,경상
2020111600100664,2020년 11월 16일 23시,월요일,전라남도 여수시 미평동,경상사고,0,0,1,0,차대차 - 측면충돌,교차로운행방법위반,건조,맑음,교차로 - 교차로안,승용,남,20세,상해없음,이륜,남,17세,경상
2020111600100665,2020년 11월 16일 23시,월요일,전라남도 순천시 조례동,경상사고,0,0,1,0,차대차 - 측면충돌,신호위반,건조,맑음,교차로 - 교차로안,승용,남,19세,상해없음,승용,남,24세,경상
2020111700100008,2020년 11월 17일 00시,화요일,전라남도 여수시 봉계동,경상사고,0,0,1,0,차대차 - 기타,안전운전불이행,건조,맑음,단일로 - 기타,화물,남,55세,상해없음,승용,여,56세,경상
2020111700100058,2020년 11월 17일 06시,화요일,전라남도 완도군 완도읍,경상사고,0,0,1,0,차대차 - 기타,안전운전불이행,건조,맑음,단일로 - 기타,화물,남,60세,상해없음,자전거,남,76세,경상
2020111700100071,2020년 11월 17일 07시,화요일,전라남도 목포시 달동,경상사고,0,0,2,0,차대차 - 기타,안전거리미확보,건조,맑음,단일로 - 기타,승용,남,37세,경상,승용,남,21세,경상
2020111700100072,2020년 11월 17일 07시,화요일,전라남도 여수시 웅천동,경상사고,0,0,1,0,차대차 - 추돌,안전운전불이행,건조,맑음,단일로 - 기타,승용,여,42세,상해없음,화물,남,30세,경상
2020111700100073,2020년 11월 17일 07시,화요일,전라남도 곡성군 석곡면,중상사고,0,1,0,0,차대차 - 측면충돌,과속,건조,흐림,교차로 - 교차로안,승용,여,42세,상해없음,사륜오토바이(ATV),여,70세,중상
2020111700100102,2020년 11월 17일 08시,화요일,전라남도 목포시 용해동,중상사고,0,1,0,0,차대사람 - 기타,안전운전불이행,건조,맑음,단일로 - 기타,승용,여,48세,상해없음,보행자,여,63세,중상
2020111700100103,2020년 11월 17일 08시,화요일,전라남도 여수시 여서동,경상사고,0,0,1,0,차대차 - 추돌,안전운전불이행,건조,맑음,교차로 - 교차로안,승용,남,69세,상해없음,승용,여,32세,경상
2020111700100104,2020년 11월 17일 08시,화요일,전라남도 여수시 안산동,경상사고,0,0,6,0,차대차 - 측면충돌,기타,건조,맑음,교차로 - 교차로안,승용,여,27세,경상,승용,남,20세,경상
2020111700100147,2020년 11월 17일 09시,화요일,전라남도 보성군 벌교읍,경상사고,0,0,7,0,차대차 - 측면충돌,교차로운행방법위반,건조,맑음,교차로 - 교차로안,승용,남,64세,경상,승합,남,47세,경상
2020111700100148,2020년 11월 17일 09시,화요일,전라남도 장성군 북이면,경상사고,0,0,1,0,차대차 - 측면충돌,안전운전불이행,건조,맑음,단일로 - 기타,승용,남,74세,상해없음,화물,남,35세,경상
2020111700100178,2020년 11월 17일 10시,화요일,전라남도 무안군 삼향읍,경상사고,0,0,3,0,차대차 - 측면충돌,직진우회전진행방해,건조,맑음,교차로 - 교차로안,승용,여,35세,경상,화물,남,62세,경상
2020111700100216,2020년 11월 17일 11시,화요일,전라남도 여수시 화장동,경상사고,0,0,3,1,차대차 - 추돌,안전운전불이행,건조,맑음,교차로 - 교차로부근,화물,남,48세,상해없음,승용,남,32세,경상
2020111700100217,2020년 11월 17일 11시,화요일,전라남도 고흥군 도양읍,중상사고,0,2,3,0,차대차 - 추돌,안전운전불이행,건조,맑음,기타 - 기타,승용,남,67세,중상,화물,남,65세,경상
2020111700100218,2020년 11월 17일 11시,화요일,전라남도 함평군 함평읍,중상사고,0,1,2,0,차대차 - 측면충돌,교차로운행방법위반,젖음/습기,비,교차로 - 교차로안,화물,남,79세,경상,승용,남,69세,경상
2020111700100219,2020년 11월 17일 11시,화요일,전라남도 담양군 담양읍,경상사고,0,0,1,0,차대차 - 측면충돌,교차로운행방법위반,건조,흐림,교차로 - 교차로안,화물,남,74세,상해없음,승용,여,52세,경상
2020111700100237,2020년 11월 17일 12시,화요일,전라남도 여수시 웅천동,경상사고,0,0,2,0,차대차 - 추돌,안전운전불이행,건조,맑음,단일로 - 기타,건설기계,남,57세,상해없음,승용,남,66세,경상
2020111700100262,2020년 11월 17일 13시,화요일,전라남도 순천시 왕지동,경상사고,0,0,1,0,차대차 - 측면충돌,교차로운행방법위반,건조,맑음,교차로 - 교차로안,승용,여,40세,상해없음,승합,여,55세,경상
2020111700100263,2020년 11월 17일 13시,화요일,전라남도 화순군 동복면,경상사고,0,0,1,1,차대차 - 측면충돌,안전운전불이행,건조,맑음,단일로 - 기타,사륜오토바이(ATV),남,63세,부상신고,승용,남,32세,경상
2020111700100335,2020년 11월 17일 15시,화요일,전라남도 여수시 여서동,경상사고,0,0,1,0,차대사람 - 횡단중,안전운전불이행,건조,맑음,교차로 - 교차로안,승용,여,37세,상해없음,보행자,여,52세,경상
2020111700100368,2020년 11월 17일 16시,화요일,전라남도 목포시 옥암동,중상사고,0,2,0,0,차대차 - 측면충돌,신호위반,젖음/습기,비,교차로 - 교차로안,승용,여,54세,중상,승용,남,56세,중상
2020111700100369,2020년 11월 17일 16시,화요일,전라남도 화순군 화순읍,중상사고,0,1,1,0,차대차 - 측면충돌,교차로운행방법위반,젖음/습기,비,교차로 - 교차로안,이륜,남,51세,중상,승용,남,29세,경상