사고번호,사고일시,요일,시군구,사고내용,사망자수,중상자수,경상자수,부상신고자수,사고유형,법규위반,노면상태,기상상태,도로형태,가해운전자 차종,가해운전자 성별,가해운전자 연령,가해운전자 상해정도,피해운전자 차종,피해운전자 성별,피해운전자 연령,피해운전자 상해정도
2020111700100370,2020년 11월 17일 16시,화요일,전라남도 무안군 무안읍,경상사고,0,0,1,0,차대차 - 기타,안전운전불이행,건조,흐림,교차로 - 교차로안,승용,남,29세,상해없음,이륜,남,67세,경상
2020111700100489,2020년 11월 17일 18시,화요일,전라남도 순천시 덕월동,중상사고,0,1,0,0,차대사람 - 차도통행중,안전운전불이행,건조,맑음,단일로 - 기타,승용,남,33세,상해없음,보행자,여,77세,중상
2020111700100490,2020년 11월 17일 18시,화요일,전라남도 무안군 일로읍,경상사고,0,0,1,0,차대차 - 기타,안전운전불이행,젖음/습기,흐림,교차로 - 교차로횡단보도내,승합,남,62세,상해없음,이륜,남,35세,경상
2020111700100637,2020년 11월 17일 22시,화요일,전라남도 나주시 금천면,경상사고,0,0,1,0,차대차 - 추돌,안전거리미확보,건조,맑음,단일로 - 기타,승용,남,26세,상해없음,승용,남,43세,경상
2020111800100036,2020년 11월 18일 03시,수요일,전라남도 목포시 상동,중상사고,0,1,0,0,차대차 - 측면충돌,기타,건조,맑음,교차로 - 교차로안,이륜,여,39세,중상,화물,남,38세,상해없음
2020111800100095,2020년 11월 18일 07시,수요일,전라남도 해남군 북평면,경상사고,0,0,1,0,차대차 - 측면충돌,신호위반,건조,맑음,교차로 - 교차로안,승합,남,64세,상해없음,승용,남,53세,경상
2020111800100129,2020년 11월 18일 08시,수요일,전라남도 목포시 용당동,경상사고,0,0,3,0,차대차 - 측면충돌,안전운전불이행,건조,맑음,단일로 - 기타,승용,남,67세,경상,승용,남,54세,경상
2020111800100130,2020년 11월 18일 08시,수요일,전라남도 여수시 율촌면,경상사고,0,0,4,0,차대차 - 추돌,안전거리미확보,건조,맑음,단일로 - 기타,승용,남,27세,경상,승용,여,37세,경상
2020111800100131,2020년 11월 18일 08시,수요일,전라남도 순천시 연향동,경상사고,0,0,2,0,차대차 - 측면충돌,안전거리미확보,건조,맑음,교차로 - 교차로부근,승용,남,68세,상해없음,승용,여,34세,경상
2020111800100169,2020년 11월 18일 09시,수요일,전라남도 순천시 석현동,경상사고,0,0,1,0,차대차 - 기타,안전운전불이행,건조,흐림,단일로 - 교량,승용,남,56세,상해없음,승용,남,59세,경상
2020111800100206,2020년 11월 18일 10시,수요일,전라남도 여수시 소라면,경상사고,0,0,1,0,차대차 - 측면충돌,안전운전불이행,건조,맑음,단일로 - 기타,화물,남,65세,상해없음,승용,남,28세,경상
2020111800100207,2020년 11월 18일 10시,수요일,전라남도 장흥군 회진면,경상사고,0,0,3,0,차대차 - 측면충돌,직진우회전진행방해,건조,맑음,교차로 - 교차로안,화물,남,49세,상해없음,승용,남,51세,경상
2020111800100236,2020년 11월 18일 11시,수요일,전라남도 여수시 화치동,경상사고,0,0,1,0,차대사람 - 기타,안전운전불이행,건조,맑음,단일로 - 기타,화물,남,40세,상해없음,보행자,여,26세,경상
2020111800100237,2020년 11월 18일 11시,수요일,전라남도 강진군 병영면,경상사고,0,0,1,0,차대차 - 측면충돌,기타,건조,맑음,교차로 - 교차로안,건설기계,남,26세,상해없음,화물,남,62세,경상
2020111800100238,2020년 11월 18일 11시,수요일,전라남도 강진군 칠량면,중상사고,0,2,1,0,차대차 - 정면충돌,중앙선침범,건조,흐림,단일로 - 기타,승용,여,63세,경상,화물,남,66세,중상
2020111800100268,2020년 11월 18일 12시,수요일,전라남도 곡성군 오곡면,중상사고,0,3,1,0,차대차 - 측면충돌,안전운전불이행,건조,흐림,단일로 - 기타,승용,남,52세,경상,승용,남,57세,중상
2020111800100302,2020년 11월 18일 13시,수요일,전라남도 강진군 군동면,중상사고,0,1,0,0,차대차 - 추돌,안전운전불이행,건조,맑음,단일로 - 기타,승용,여,47세,상해없음,자전거,남,81세,중상
2020111800100333,2020년 11월 18일 14시,수요일,전라남도 여수시 학동,경상사고,0,0,1,0,차대사람 - 보도통행중,기타,건조,맑음,기타 - 기타,승용,여,58세,상해없음,보행자,여,53세,경상
2020111800100334,2020년 11월 18일 14시,수요일,전라남도 곡성군 죽곡면,경상사고,0,0,1,0,차량단독 - 전도전복 - 전복,안전운전불이행,젖음/습기,비,단일로 - 기타,건설기계,남,55세,경상,,,,
2020111800100368,2020년 11월 18일 15시,수요일,전라남도 목포시 용해동,경상사고,0,0,1,0,차대차 - 측면충돌,중앙선침범,젖음/습기,맑음,교차로 - 교차로부근,원동기,남,17세,경상,승용,여,35세,상해없음
2020111800100369,2020년 11월 18일 15시,수요일,전라남도 화순군 화순읍,중상사고,0,1,0,0,차대사람 - 길가장자리구역통행중,안전운전불이행,젖음/습기,비,단일로 - 기타,화물,남,51세,상해없음,보행자,여,70세,중상
2020111800100453,2020년 11월 18일 17시,수요일,전라남도 여수시 둔덕동,경상사고,0,0,1,0,차대차 - 측면충돌,안전운전불이행,건조,맑음,교차로 - 교차로안,화물,남,56세,상해없음,승용,남,26세,경상
2020111800100454,2020년 11월 18일 17시,수요일,전라남도 영암군 삼호읍,경상사고,0,0,2,0,차대차 - 측면충돌,신호위반,젖음/습기,비,교차로 - 교차로안,승용,여,62세,경상,승용,남,54세,경상
2020111800100506,2020년 11월 18일 18시,수요일,전라남도 목포시 용당동,경상사고,0,0,1,0,차대차 - 추돌,안전운전불이행,젖음/습기,비,단일로 - 기타,화물,남,55세,상해없음,승용,남,41세,경상
2020111800100507,2020년 11월 18일 18시,수요일,전라남도 목포시 상동,경상사고,0,0,1,0,차대차 - 기타,교차로운행방법위반,건조,맑음,교차로 - 교차로횡단보도내,기타불명,기타불명,미분류,기타불명,이륜,남,34세,경상
2020111800100508,2020년 11월 18일 18시,수요일,전라남도 나주시 남평읍,중상사고,0,1,0,0,차대사람 - 횡단중,안전운전불이행,젖음/습기,비,교차로 - 교차로부근,화물,남,62세,상해없음,보행자,여,67세,중상
2020111800100509,2020년 11월 18일 18시,수요일,전라남도 화순군 도곡면,경상사고,0,0,1,0,차대차 - 측면충돌,안전거리미확보,젖음/습기,비,단일로 - 기타,승용,남,51세,상해없음,승용,남,61세,경상
2020111800100510,2020년 11월 18일 18시,수요일,전라남도 장성군 장성읍,중상사고,0,1,0,0,차대사람 - 횡단중,기타,건조,맑음,교차로 - 교차로안,승용,남,32세,상해없음,보행자,여,56세,중상
2020111800100511,2020년 11월 18일 18시,수요일,전라남도 곡성군 옥과면,중상사고,0,1,0,0,차대차 - 기타,안전운전불이행,젖음/습기,비,단일로 - 기타,승합,남,60세,상해없음,자전거,남,62세,중상
2020111800100512,2020년 11월 18일 18시,수요일,전라남도 무안군 삼향읍,경상사고,0,0,1,0,차대차 - 추돌,안전운전불이행,젖음/습기,맑음,기타 - 기타,이륜,남,28세,기타불명,승용,여,39세,경상
2020111800100513,2020년 11월 18일 18시,수요일,전라남도 무안군 청계면,중상사고,0,1,2,0,차대차 - 추돌,안전운전불이행,건조,맑음,단일로 - 기타,승용,남,53세,중상,농기계,남,55세,경상
2020111800100580,2020년 11월 18일 19시,수요일,전라남도 순천시 조례동,경상사고,0,0,1,0,차대차 - 기타,안전운전불이행,젖음/습기,비,단일로 - 기타,원동기,남,27세,경상,승용,남,26세,상해없음
2020111800100581,2020년 11월 18일 19시,수요일,전라남도 나주시 빛가람동,경상사고,0,0,1,0,차대차 - 추돌,안전운전불이행,건조,맑음,교차로 - 교차로부근,승용,남,37세,상해없음,승용,남,35세,경상
2020111800100582,2020년 11월 18일 19시,수요일,전라남도 무안군 삼향읍,경상사고,0,0,1,0,차대차 - 추돌,안전운전불이행,건조,맑음,교차로 - 교차로횡단보도내,승용,남,52세,상해없음,이륜,남,20세,경상
2020111800100647,2020년 11월 18일 21시,수요일,전라남도 장성군 장성읍,경상사고,0,0,1,0,차대차 - 측면충돌,안전운전불이행,젖음/습기,흐림,교차로 - 교차로안,승용,여,50세,상해없음,이륜,남,34세,경상
2020111800100695,2020년 11월 18일 23시,수요일,전라남도 목포시 산정동,경상사고,0,0,2,0,차대차 - 기타,중앙선침범,건조,맑음,단일로 - 고가도로위,기타불명,기타불명,미분류,기타불명,승용,남,24세,경상
2020111800100696,2020년 11월 18일 23시,수요일,전라남도 강진군 군동면,중상사고,0,1,0,0,차대차 - 추돌,안전운전불이행,건조,기타,단일로 - 기타,승합,남,51세,상해없음,건설기계,남,37세,기타불명
2020111900100009,2020년 11월 19일 00시,목요일,전라남도 목포시 연산동,경상사고,0,0,1,0,차대차 - 측면충돌,안전운전불이행,젖음/습기,흐림,교차로 - 교차로횡단보도내,승용,여,55세,상해없음,승용,남,27세,경상
2020111900100083,2020년 11월 19일 06시,목요일,전라남도 광양시 금호동,경상사고,0,0,1,0,차대차 - 측면충돌,신호위반,젖음/습기,비,교차로 - 교차로안,승용,남,65세,상해없음,승용,남,48세,경상
2020111900100123,2020년 11월 19일 07시,목요일,전라남도 목포시 달동,경상사고,0,0,1,0,차대차 - 측면충돌,신호위반,젖음/습기,흐림,교차로 - 교차로안,승용,여,39세,기타불명,승용,남,18세,경상
2020111900100124,2020년 11월 19일 07시,목요일,전라남도 목포시 옥암동,경상사고,0,0,1,0,차대차 - 측면충돌,신호위반,젖음/습기,비,교차로 - 교차로횡단보도내,승용,여,20세,상해없음,자전거,여,18세,경상
2020111900100125,2020년 11월 19일 07시,목요일,전라남도 장흥군 장흥읍,중상사고,0,2,0,0,차량단독 - 도로외이탈 - 기타,안전운전불이행,젖음/습기,비,단일로 - 기타,승합,남,58세,기타불명,,,,
2020111900100170,2020년 11월 19일 08시,목요일,전라남도 여수시 학동,경상사고,0,0,1,0,차대차 - 측면충돌,차로위반,건조,맑음,교차로 - 교차로안,승용,여,45세,상해없음,승용,여,58세,경상
2020111900100171,2020년 11월 19일 08시,목요일,전라남도 나주시 남평읍,중상사고,0,1,1,0,차대차 - 측면충돌,중앙선침범,젖음/습기,비,단일로 - 기타,화물,남,44세,상해없음,승용,여,41세,경상
2020111900100172,2020년 11월 19일 08시,목요일,전라남도 함평군 나산면,중상사고,0,1,2,1,차량단독 - 공작물충돌,과속,젖음/습기,비,단일로 - 기타,승합,남,35세,부상신고,,,,
2020111900100214,2020년 11월 19일 09시,목요일,전라남도 목포시 상동,경상사고,0,0,3,1,차대차 - 기타,차로위반,젖음/습기,비,단일로 - 기타,승용,남,78세,상해없음,승용,남,50세,경상
2020111900100215,2020년 11월 19일 09시,목요일,전라남도 목포시 남교동,중상사고,0,1,0,0,차대사람 - 기타,안전운전불이행,건조,맑음,단일로 - 기타,기타불명,기타불명,미분류,기타불명,보행자,여,75세,중상
2020111900100216,2020년 11월 19일 09시,목요일,전라남도 목포시 산정동,경상사고,0,0,2,0,차대차 - 기타,안전운전불이행,건조,맑음,기타 - 기타,화물,남,44세,상해없음,승용,남,65세,경상
2020111900100217,2020년 11월 19일 09시,목요일,전라남도 순천시 별량면,경상사고,0,0,1,0,차대차 - 측면충돌,신호위반,젖음/습기,비,교차로 - 교차로안,승용,여,72세,상해없음,승용,남,65세,경상
2020111900100218,2020년 11월 19일 09시,목요일,전라남도 함평군 함평읍,부상신고사고,0,0,0,1,차대차 - 측면충돌,교차로운행방법위반,젖음/습기,비,교차로 - 교차로부근,승용,여,70세,상해없음,승용,여,26세,부상신고
2020111900100254,2020년 11월 19일 10시,목요일,전라남도 목포시 명륜동,경상사고,0,0,1,0,차대차 - 측면충돌,신호위반,건조,맑음,기타 - 기타,승용,남,74세,상해없음,승용,여,45세,경상
2020111900100255,2020년 11월 19일 10시,목요일,전라남도 해남군 화산면,중상사고,0,1,0,0,차대차 - 측면충돌,교차로운행방법위반,젖음/습기,비,교차로 - 교차로안,화물,남,43세,기타불명,승용,남,57세,중상
2020111900100256,2020년 11월 19일 10시,목요일,전라남도 광양시 중동,경상사고,0,0,1,0,차대차 - 측면충돌,안전운전불이행,건조,맑음,단일로 - 기타,승용,남,63세,상해없음,승용,남,24세,경상
2020111900100290,2020년 11월 19일 11시,목요일,전라남도 나주시 금천면,경상사고,0,0,3,0,차대차 - 측면충돌,중앙선침범,젖음/습기,비,단일로 - 기타,화물,남,57세,경상,승용,여,33세,경상
2020111900100355,2020년 11월 19일 13시,목요일,전라남도 여수시 웅천동,경상사고,0,0,1,0,차대차 - 측면충돌,교차로운행방법위반,건조,맑음,교차로 - 교차로안,승용,남,46세,상해없음,승용,여,63세,상해없음
2020111900100356,2020년 11월 19일 13시,목요일,전라남도 영광군 백수읍,경상사고,0,0,1,0,차대사람 - 차도통행중,안전운전불이행,젖음/습기,흐림,단일로 - 기타,화물,남,53세,상해없음,보행자,남,24세,경상
2020111900100385,2020년 11월 19일 14시,목요일,전라남도 목포시 상동,경상사고,0,0,1,0,차대차 - 기타,중앙선침범,건조,맑음,기타 - 기타,승용,여,43세,상해없음,승용,남,23세,경상
2020111900100386,2020년 11월 19일 14시,목요일,전라남도 여수시 적량동,사망사고,1,1,0,0,차대차 - 측면충돌,중앙선침범,건조,맑음,교차로 - 교차로부근,특수,남,55세,중상,화물,남,48세,사망
2020111900100387,2020년 11월 19일 14시,목요일,전라남도 여수시 문수동,경상사고,0,0,1,0,차대차 - 정면충돌,안전운전불이행,건조,맑음,단일로 - 기타,승용,여,47세,상해없음,승용,여,54세,경상
2020111900100388,2020년 11월 19일 14시,목요일,전라남도 나주시 금성동,경상사고,0,0,1,0,차대사람 - 기타,안전운전불이행,건조,맑음,단일로 - 기타,승용,남,61세,상해없음,보행자,여,63세,경상
2020111900100421,2020년 11월 19일 15시,목요일,전라남도 순천시 대룡동,경상사고,0,0,1,0,차대차 - 기타,중앙선침범,건조,맑음,교차로 - 교차로안,화물,남,27세,상해없음,화물,남,39세,경상
2020111900100452,2020년 11월 19일 16시,목요일,전라남도 목포시 대성동,경상사고,0,0,1,0,차대차 - 기타,안전운전불이행,건조,맑음,단일로 - 기타,화물,남,59세,상해없음,승합,남,46세,상해없음
2020111900100453,2020년 11월 19일 16시,목요일,전라남도 순천시 석현동,경상사고,0,0,1,0,차대차 - 추돌,안전운전불이행,건조,맑음,단일로 - 기타,승용,남,59세,상해없음,승용,여,44세,경상
2020111900100454,2020년 11월 19일 16시,목요일,전라남도 영암군 삼호읍,중상사고,0,1,0,0,차대차 - 측면충돌,안전운전불이행,건조,맑음,단일로 - 기타,승용,남,51세,상해없음,이륜,남,59세,중상
2020111900100455,2020년 11월 19일 16시,목요일,전라남도 강진군 군동면,경상사고,0,0,1,0,차대차 - 추돌,안전운전불이행,건조,맑음,단일로 - 기타,승용,남,35세,상해없음,승용,여,37세,경상
2020111900100494,2020년 11월 19일 17시,목요일,전라남도 목포시 상동,경상사고,0,0,2,0,차대차 - 추돌,안전운전불이행,건조,맑음,교차로 - 교차로안,이륜,남,19세,경상,승용,남,59세,경상
2020111900100544,2020년 11월 19일 18시,목요일,전라남도 해남군 현산면,중상사고,0,2,1,0,차대차 - 추돌,기타,건조,맑음,단일로 - 기타,승용,남,22세,기타불명,승용,남,44세,기타불명
2020111900100545,2020년 11월 19일 18시,목요일,전라남도 영광군 영광읍,경상사고,0,0,2,0,차대차 - 정면충돌,교차로운행방법위반,건조,맑음,단일로 - 기타,승용,여,49세,경상,승용,여,39세,상해없음
2020111900100546,2020년 11월 19일 18시,목요일,전라남도 장성군 동화면,사망사고,1,0,0,0,차대차 - 추돌,안전운전불이행,기타,흐림,단일로 - 기타,화물,남,50세,상해없음,승용,여,61세,사망
2020111900100598,2020년 11월 19일 19시,목요일,전라남도 목포시 죽교동,경상사고,0,0,3,0,차대차 - 기타,안전운전불이행,젖음/습기,흐림,단일로 - 지하차도(도로)내,화물,남,42세,상해없음,승합,남,49세,경상
2020111900100674,2020년 11월 19일 22시,목요일,전라남도 신안군 압해읍,사망사고,1,0,0,0,차대사람 - 횡단중,과속,건조,맑음,단일로 - 기타,화물,남,51세,상해없음,보행자,여,44세,사망
2020111900100690,2020년 11월 19일 23시,목요일,전라남도 목포시 산정동,중상사고,0,1,0,0,차량단독 - 공작물충돌,안전운전불이행,건조,맑음,단일로 - 기타,이륜,남,45세,중상,,,,
2020111900100691,2020년 11월 19일 23시,목요일,전라남도 광양시 광양읍,경상사고,0,0,1,0,차대차 - 측면충돌,교차로운행방법위반,건조,맑음,교차로 - 교차로안,승용,남,48세,상해없음,승용,남,25세,경상
2020112000100037,2020년 11월 20일 02시,금요일,전라남도 여수시 문수동,경상사고,0,0,2,0,차대차 - 측면충돌,교차로운행방법위반,건조,맑음,교차로 - 교차로안,승용,남,54세,상해없음,승용,남,49세,상해없음
2020112000100038,2020년 11월 20일 02시,금요일,전라남도 나주시 운곡동,경상사고,0,0,1,0,차대차 - 기타,안전운전불이행,건조,맑음,단일로 - 기타,화물,남,76세,상해없음,자전거,남,78세,경상
2020112000100073,2020년 11월 20일 06시,금요일,전라남도 영암군 삼호읍,중상사고,0,1,0,0,차대차 - 측면충돌,안전운전불이행,건조,맑음,교차로 - 교차로안,승용,남,47세,상해없음,원동기,여,56세,중상
2020112000100119,2020년 11월 20일 08시,금요일,전라남도 여수시 문수동,경상사고,0,0,1,0,차대차 - 측면충돌,안전운전불이행,건조,맑음,단일로 - 기타,승용,남,75세,상해없음,승용,여,28세,경상
2020112000100120,2020년 11월 20일 08시,금요일,전라남도 해남군 옥천면,중상사고,0,1,1,0,차대차 - 측면충돌,중앙선침범,건조,맑음,단일로 - 기타,화물,남,76세,중상,승합,남,51세,경상
2020112000100121,2020년 11월 20일 08시,금요일,전라남도 해남군 북일면,중상사고,0,1,1,0,차대차 - 기타,기타,건조,흐림,단일로 - 기타,건설기계,남,30세,상해없음,화물,남,74세,경상
2020112000100122,2020년 11월 20일 08시,금요일,전라남도 화순군 화순읍,중상사고,0,1,0,0,차대사람 - 기타,안전운전불이행,건조,맑음,기타 - 기타,승용,여,38세,상해없음,보행자,여,62세,중상
2020112000100209,2020년 11월 20일 11시,금요일,전라남도 무안군 무안읍,중상사고,0,1,0,0,차대차 - 기타,안전운전불이행,건조,맑음,교차로 - 교차로안,승용,여,52세,상해없음,화물,남,65세,상해없음
2020112000100244,2020년 11월 20일 12시,금요일,전라남도 여수시 소라면,경상사고,0,0,1,0,차대차 - 측면충돌,안전운전불이행,건조,맑음,교차로 - 교차로부근,승용,여,48세,상해없음,승용,여,31세,경상
2020112000100245,2020년 11월 20일 12시,금요일,전라남도 곡성군 석곡면,중상사고,0,1,0,0,차대사람 - 기타,안전운전불이행,건조,흐림,교차로 - 교차로안,승용,여,44세,상해없음,보행자,여,77세,중상
2020112000100283,2020년 11월 20일 13시,금요일,전라남도 목포시 산정동,경상사고,0,0,1,0,차대차 - 측면충돌,안전운전불이행,건조,맑음,교차로 - 교차로안,자전거,남,89세,경상,승용,남,44세,상해없음
2020112000100315,2020년 11월 20일 14시,금요일,전라남도 여수시 웅천동,경상사고,0,0,2,0,차대차 - 측면충돌,차로위반,건조,맑음,기타 - 기타,승용,남,58세,기타불명,승용,남,40세,경상
2020112000100316,2020년 11월 20일 14시,금요일,전라남도 여수시 화장동,경상사고,0,0,1,0,차대차 - 추돌,안전운전불이행,건조,맑음,교차로 - 교차로부근,승용,남,62세,상해없음,화물,남,36세,경상
2020112000100317,2020년 11월 20일 14시,금요일,전라남도 장흥군 대덕읍,경상사고,0,0,1,0,차량단독 - 공작물충돌,안전운전불이행,건조,맑음,교차로 - 교차로안,사륜오토바이(ATV),여,65세,경상,,,,
2020112000100390,2020년 11월 20일 16시,금요일,전라남도 목포시 용당동,경상사고,0,0,2,0,차대차 - 기타,교차로운행방법위반,건조,맑음,교차로 - 교차로안,승용,남,72세,상해없음,승합,남,72세,경상
2020112000100391,2020년 11월 20일 16시,금요일,전라남도 고흥군 남양면,중상사고,0,1,0,0,차량단독 - 도로외이탈 - 기타,안전운전불이행,건조,맑음,단일로 - 기타,화물,남,64세,중상,,,,
2020112000100392,2020년 11월 20일 16시,금요일,전라남도 고흥군 도양읍,경상사고,0,0,1,0,차대차 - 측면충돌,안전운전불이행,건조,맑음,단일로 - 기타,승용,여,61세,경상,특수,남,60세,상해없음
2020112000100393,2020년 11월 20일 16시,금요일,전라남도 화순군 화순읍,중상사고,0,1,0,0,차대사람 - 기타,안전운전불이행,건조,맑음,교차로 - 교차로안,승합,여,59세,상해없음,보행자,여,71세,중상
2020112000100451,2020년 11월 20일 17시,금요일,전라남도 여수시 율촌면,중상사고,0,1,0,0,차대사람 - 횡단중,신호위반,건조,맑음,단일로 - 기타,화물,남,42세,상해없음,보행자,여,60세,중상
2020112000100452,2020년 11월 20일 17시,금요일,전라남도 여수시 둔덕동,경상사고,0,0,1,0,차대차 - 기타,교차로운행방법위반,건조,맑음,교차로 - 교차로안,승용,남,69세,상해없음,승용,남,44세,경상
2020112000100453,2020년 11월 20일 17시,금요일,전라남도 담양군 봉산면,경상사고,0,0,2,0,차대차 - 후진중충돌,안전운전불이행,건조,맑음,단일로 - 기타,화물,여,52세,경상,승용,여,56세,경상
2020112000100454,2020년 11월 20일 17시,금요일,전라남도 무안군 삼향읍,경상사고,0,0,2,0,차대사람 - 횡단중,안전운전불이행,건조,맑음,교차로 - 교차로안,승용,여,53세,상해없음,보행자,여,14세,경상
2020112000100532,2020년 11월 20일 18시,금요일,전라남도 해남군 마산면,경상사고,0,0,3,0,차대차 - 추돌,중앙선침범,건조,맑음,단일로 - 기타,화물,남,65세,경상,승용,여,61세,경상
2020112000100533,2020년 11월 20일 18시,금요일,전라남도 영암군 삼호읍,경상사고,0,0,1,0,차대차 - 추돌,안전운전불이행,건조,맑음,단일로 - 기타,화물,남,76세,경상,승용,남,25세,기타불명
2020112000100634,2020년 11월 20일 20시,금요일,전라남도 목포시 용당동,경상사고,0,0,1,0,차대차 - 기타,안전운전불이행,건조,맑음,교차로 - 교차로안,승용,남,52세,상해없음,승용,남,68세,경상
2020112000100635,2020년 11월 20일 20시,금요일,전라남도 광양시 광양읍,경상사고,0,0,1,0,차대차 - 측면충돌,신호위반,건조,맑음,교차로 - 교차로안,승용,남,64세,상해없음,승용,여,50세,경상
2020112000100636,2020년 11월 20일 20시,금요일,전라남도 광양시 마동,경상사고,0,0,1,0,차대차 - 추돌,안전거리미확보,건조,맑음,교차로 - 교차로부근,원동기,남,33세,경상,화물,남,53세,상해없음
2020112000100663,2020년 11월 20일 21시,금요일,전라남도 순천시 장천동,경상사고,0,0,1,0,차량단독 - 기타,안전운전불이행,건조,맑음,단일로 - 기타,승용,남,38세,상해없음,,,,
2020112000100664,2020년 11월 20일 21시,금요일,전라남도 광양시 옥곡면,경상사고,0,0,3,0,차대차 - 추돌,안전운전불이행,건조,맑음,교차로 - 교차로부근,이륜,남,59세,경상,승용,여,44세,경상
2020112000100690,2020년 11월 20일 22시,금요일,전라남도 목포시 상동,중상사고,0,1,2,0,차대차 - 기타,신호위반,건조,흐림,교차로 - 교차로안,화물,남,18세,경상,이륜,남,47세,중상
2020112100100010,2020년 11월 21일 00시,토요일,전라남도 광양시 옥곡면,중상사고,0,1,0,0,차대차 - 추돌,안전운전불이행,건조,맑음,단일로 - 기타,화물,남,43세,중상,화물,남,59세,상해없음
2020112100100011,2020년 11월 21일 00시,토요일,전라남도 광양시 옥곡면,경상사고,0,0,1,0,차량단독 - 기타,안전운전불이행,건조,맑음,단일로 - 기타,승용,남,45세,경상,,,,
2020112100100044,2020년 11월 21일 02시,토요일,전라남도 순천시 연향동,중상사고,0,1,0,0,차대차 - 정면충돌,직진우회전진행방해,건조,맑음,교차로 - 교차로안,승용,남,43세,상해없음,원동기,남,22세,중상
2020112100100069,2020년 11월 21일 05시,토요일,전라남도 해남군 산이면,경상사고,0,0,1,0,차대차 - 측면충돌,안전운전불이행,건조,맑음,단일로 - 기타,승용,남,59세,기타불명,승용,남,55세,경상
2020112100100081,2020년 11월 21일 06시,토요일,전라남도 순천시 조곡동,경상사고,0,0,1,0,차대차 - 기타,안전운전불이행,건조,맑음,단일로 - 기타,화물,남,60세,상해없음,승용,여,71세,경상
2020112100100100,2020년 11월 21일 07시,토요일,전라남도 여수시 덕충동,경상사고,0,0,2,0,차대차 - 측면충돌,중앙선침범,건조,맑음,단일로 - 기타,승용,남,19세,상해없음,승용,남,64세,경상
2020112100100114,2020년 11월 21일 08시,토요일,전라남도 함평군 함평읍,경상사고,0,0,2,0,차대차 - 측면충돌,안전운전불이행,건조,맑음,단일로 - 기타,승용,남,48세,경상,승용,남,53세,경상
2020112100100187,2020년 11월 21일 11시,토요일,전라남도 여수시 신기동,경상사고,0,0,2,0,차대차 - 기타,차로위반,건조,맑음,교차로 - 교차로부근,승용,남,76세,상해없음,승용,여,68세,경상
2020112100100188,2020년 11월 21일 11시,토요일,전라남도 여수시 화양면,경상사고,0,0,2,0,차대차 - 측면충돌,중앙선침범,건조,맑음,단일로 - 기타,승용,남,73세,상해없음,승합,남,59세,상해없음
2020112100100228,2020년 11월 21일 12시,토요일,전라남도 함평군 함평읍,경상사고,0,0,2,1,차대차 - 측면충돌,기타,건조,맑음,교차로 - 교차로안,화물,남,58세,부상신고,승용,남,50세,경상
2020112100100230,2020년 11월 21일 12시,토요일,전라남도 광양시 성황동,중상사고,0,1,0,0,차대사람 - 차도통행중,안전운전불이행,건조,맑음,단일로 - 기타,승용,남,66세,상해없음,보행자,남,57세,중상
2020112100100268,2020년 11월 21일 13시,토요일,전라남도 순천시 조곡동,경상사고,0,0,1,0,차대차 - 기타,안전운전불이행,건조,맑음,교차로 - 교차로안,화물,남,63세,상해없음,이륜,남,25세,경상
2020112100100269,2020년 11월 21일 13시,토요일,전라남도 장성군 북하면,중상사고,0,1,0,0,차대차 - 정면충돌,중앙선침범,건조,맑음,기타 - 기타,승용,남,49세,상해없음,자전거,남,44세,중상
2020112100100270,2020년 11월 21일 13시,토요일,전라남도 담양군 고서면,중상사고,0,1,0,0,차대차 - 추돌,안전운전불이행,건조,맑음,단일로 - 기타,이륜,남,84세,중상,승용,남,62세,상해없음
2020112100100323,2020년 11월 21일 14시,토요일,전라남도 담양군 창평면,경상사고,0,0,2,0,차대사람 - 기타,안전운전불이행,건조,맑음,단일로 - 기타,화물,남,49세,상해없음,보행자,여,63세,경상
2020112100100350,2020년 11월 21일 15시,토요일,전라남도 목포시 죽교동,경상사고,0,0,3,0,차대차 - 후진중충돌,안전운전불이행,건조,맑음,기타 - 기타,승용,남,37세,경상,승용,남,52세,경상
2020112100100351,2020년 11월 21일 15시,토요일,전라남도 여수시 중앙동,경상사고,0,0,2,0,차대차 - 측면충돌,차로위반,건조,맑음,교차로 - 교차로안,승합,남,53세,상해없음,승용,남,27세,경상
2020112100100352,2020년 11월 21일 15시,토요일,전라남도 담양군 용면,경상사고,0,0,6,0,차대차 - 정면충돌,중앙선침범,건조,맑음,단일로 - 기타,승용,여,41세,경상,승용,남,62세,경상
2020112100100353,2020년 11월 21일 15시,토요일,전라남도 광양시 중동,경상사고,0,0,1,0,차대사람 - 기타,안전운전불이행,건조,맑음,주차장 - 주차장,승용,여,30세,상해없음,보행자,남,59세,경상
2020112100100457,2020년 11월 21일 18시,토요일,전라남도 장성군 장성읍,경상사고,0,0,1,0,차대차 - 측면충돌,안전운전불이행,건조,맑음,교차로 - 교차로안,승용,남,82세,상해없음,승용,여,37세,경상