사고번호,사고일시,요일,시군구,사고내용,사망자수,중상자수,경상자수,부상신고자수,사고유형,법규위반,노면상태,기상상태,도로형태,가해운전자 차종,가해운전자 성별,가해운전자 연령,가해운전자 상해정도,피해운전자 차종,피해운전자 성별,피해운전자 연령,피해운전자 상해정도
2020112100100458,2020년 11월 21일 18시,토요일,전라남도 강진군 강진읍,경상사고,0,0,1,0,차대차 - 측면충돌,신호위반,건조,맑음,단일로 - 교량,화물,남,60세,기타불명,승용,여,46세,경상
2020112100100459,2020년 11월 21일 18시,토요일,전라남도 무안군 해제면,중상사고,0,1,0,0,차대차 - 측면충돌,중앙선침범,건조,맑음,교차로 - 교차로부근,이륜,여,71세,중상,승용,남,57세,상해없음
2020112100100531,2020년 11월 21일 20시,토요일,전라남도 목포시 용해동,경상사고,0,0,2,0,차대차 - 기타,안전운전불이행,건조,맑음,교차로 - 교차로안,승용,남,66세,경상,승용,여,68세,경상
2020112100100553,2020년 11월 21일 21시,토요일,전라남도 화순군 화순읍,중상사고,0,1,0,0,차대차 - 기타,안전운전불이행,건조,맑음,교차로 - 교차로부근,승용,남,45세,상해없음,이륜,남,23세,중상
2020112100100567,2020년 11월 21일 22시,토요일,전라남도 순천시 해룡면,부상신고사고,0,0,0,1,차량단독 - 공작물충돌,안전운전불이행,건조,맑음,단일로 - 기타,승용,남,36세,부상신고,,,,
2020112200100043,2020년 11월 22일 02시,일요일,전라남도 순천시 해룡면,중상사고,0,1,0,0,차량단독 - 기타,안전운전불이행,건조,맑음,단일로 - 기타,승용,남,40세,중상,,,,
2020112200100075,2020년 11월 22일 05시,일요일,전라남도 여수시 둔덕동,중상사고,0,1,2,0,차대차 - 정면충돌,중앙선침범,건조,흐림,단일로 - 기타,승용,여,21세,경상,승용,남,26세,경상
2020112200100088,2020년 11월 22일 06시,일요일,전라남도 목포시 용해동,중상사고,0,1,0,0,차대사람 - 횡단중,보행자보호의무위반,젖음/습기,비,교차로 - 교차로횡단보도내,승용,남,41세,상해없음,보행자,남,63세,중상
2020112200100112,2020년 11월 22일 09시,일요일,전라남도 완도군 완도읍,경상사고,0,0,2,0,차대차 - 측면충돌,안전운전불이행,젖음/습기,비,단일로 - 기타,화물,남,70세,경상,승용,남,44세,경상
2020112200100154,2020년 11월 22일 12시,일요일,전라남도 목포시 산정동,경상사고,0,0,2,0,차대차 - 기타,직진우회전진행방해,건조,맑음,교차로 - 교차로안,승용,여,50세,경상,승용,남,44세,경상
2020112200100180,2020년 11월 22일 13시,일요일,전라남도 함평군 함평읍,중상사고,0,1,3,0,차대차 - 측면충돌,교차로운행방법위반,건조,흐림,교차로 - 교차로안,승용,여,54세,경상,승용,남,64세,경상
2020112200100203,2020년 11월 22일 14시,일요일,전라남도 순천시 남정동,경상사고,0,0,1,0,차대차 - 기타,신호위반,건조,맑음,교차로 - 교차로안,화물,남,56세,상해없음,이륜,남,27세,경상
2020112200100204,2020년 11월 22일 14시,일요일,전라남도 보성군 조성면,중상사고,0,1,0,0,차대차 - 기타,안전운전불이행,건조,맑음,교차로 - 교차로안,화물,여,67세,기타불명,승용,남,47세,중상
2020112200100205,2020년 11월 22일 14시,일요일,전라남도 함평군 학교면,경상사고,0,0,1,0,차량단독 - 기타,안전운전불이행,건조,맑음,단일로 - 기타,이륜,남,76세,경상,,,,
2020112200100258,2020년 11월 22일 16시,일요일,전라남도 고흥군 도양읍,경상사고,0,0,1,0,차대차 - 후진중충돌,안전운전불이행,건조,맑음,기타 - 기타,화물,남,60세,상해없음,자전거,여,9세,경상
2020112200100288,2020년 11월 22일 17시,일요일,전라남도 화순군 화순읍,경상사고,0,0,1,0,차대사람 - 횡단중,보행자보호의무위반,건조,맑음,교차로 - 교차로횡단보도내,승용,여,58세,상해없음,보행자,여,62세,경상
2020112200100319,2020년 11월 22일 18시,일요일,전라남도 순천시 연향동,경상사고,0,0,1,0,차대차 - 기타,직진우회전진행방해,건조,맑음,교차로 - 교차로안,화물,남,49세,상해없음,승용,남,57세,경상
2020112200100346,2020년 11월 22일 19시,일요일,전라남도 무안군 삼향읍,경상사고,0,0,2,0,차대차 - 기타,안전운전불이행,건조,맑음,주차장 - 주차장,승용,남,34세,경상,승용,여,28세,경상
2020112200100391,2020년 11월 22일 21시,일요일,전라남도 나주시 빛가람동,경상사고,0,0,1,0,차대차 - 추돌,안전운전불이행,건조,맑음,교차로 - 교차로부근,승용,남,29세,상해없음,승용,남,21세,경상
2020112300100015,2020년 11월 23일 01시,월요일,전라남도 목포시 산정동,중상사고,0,1,0,0,차대차 - 측면충돌,직진우회전진행방해,건조,흐림,교차로 - 교차로안,승용,남,27세,상해없음,원동기,남,17세,중상
2020112300100033,2020년 11월 23일 05시,월요일,전라남도 영암군 삼호읍,경상사고,0,0,1,0,차대차 - 추돌,안전운전불이행,건조,맑음,교차로 - 교차로부근,화물,남,76세,상해없음,승용,남,72세,경상
2020112300100045,2020년 11월 23일 06시,월요일,전라남도 무안군 삼향읍,경상사고,0,0,3,0,차대차 - 측면충돌,안전운전불이행,건조,맑음,교차로 - 교차로안,승용,남,58세,경상,화물,남,62세,경상
2020112300100066,2020년 11월 23일 07시,월요일,전라남도 장흥군 부산면,경상사고,0,0,2,0,차대차 - 추돌,안전운전불이행,건조,맑음,교차로 - 교차로안,승용,남,68세,경상,승용,여,54세,경상
2020112300100067,2020년 11월 23일 07시,월요일,전라남도 영암군 삼호읍,중상사고,0,1,0,0,차대차 - 측면충돌,안전운전불이행,건조,맑음,단일로 - 기타,이륜,남,38세,중상,승용,남,47세,상해없음
2020112300100068,2020년 11월 23일 07시,월요일,전라남도 무안군 삼향읍,경상사고,0,0,2,0,차대차 - 기타,교차로운행방법위반,건조,맑음,교차로 - 교차로안,승용,남,50세,상해없음,승용,남,37세,경상
2020112300100108,2020년 11월 23일 08시,월요일,전라남도 순천시 연향동,중상사고,0,1,0,0,차대차 - 기타,중앙선침범,건조,맑음,단일로 - 기타,승용,남,80세,상해없음,승용,남,40세,중상
2020112300100155,2020년 11월 23일 09시,월요일,전라남도 영광군 홍농읍,경상사고,0,0,1,0,차대차 - 후진중충돌,안전운전불이행,건조,맑음,단일로 - 기타,승용,남,52세,상해없음,자전거,남,76세,경상
2020112300100156,2020년 11월 23일 09시,월요일,전라남도 강진군 작천면,중상사고,0,1,1,0,차대차 - 측면충돌,교차로운행방법위반,건조,맑음,교차로 - 교차로부근,화물,남,72세,중상,화물,남,65세,경상
2020112300100183,2020년 11월 23일 10시,월요일,전라남도 목포시 용해동,경상사고,0,0,1,0,차대차 - 기타,중앙선침범,건조,맑음,단일로 - 기타,승용,남,56세,상해없음,자전거,여,54세,경상
2020112300100205,2020년 11월 23일 11시,월요일,전라남도 순천시 덕암동,중상사고,0,1,0,0,차대차 - 측면충돌,안전운전불이행,건조,맑음,교차로 - 교차로안,승합,남,55세,상해없음,이륜,남,70세,중상
2020112300100206,2020년 11월 23일 11시,월요일,전라남도 무안군 청계면,경상사고,0,0,1,0,차대차 - 기타,중앙선침범,건조,맑음,기타 - 기타,승용,남,51세,상해없음,화물,남,24세,경상
2020112300100297,2020년 11월 23일 13시,월요일,전라남도 여수시 신기동,경상사고,0,0,1,0,차대차 - 기타,교차로운행방법위반,건조,맑음,교차로 - 교차로안,건설기계,남,62세,상해없음,승용,여,32세,경상
2020112300100329,2020년 11월 23일 14시,월요일,전라남도 목포시 상동,경상사고,0,0,4,0,차대차 - 기타,안전운전불이행,건조,맑음,교차로 - 교차로안,화물,남,46세,경상,승용,남,76세,경상
2020112300100361,2020년 11월 23일 15시,월요일,전라남도 담양군 대전면,중상사고,0,1,0,0,차량단독 - 전도전복 - 전도,안전운전불이행,건조,맑음,단일로 - 기타,이륜,남,77세,중상,,,,
2020112300100396,2020년 11월 23일 16시,월요일,전라남도 광양시 중동,경상사고,0,0,1,0,차대사람 - 횡단중,안전운전불이행,건조,맑음,교차로 - 교차로안,승용,남,70세,상해없음,보행자,남,42세,경상
2020112300100501,2020년 11월 23일 18시,월요일,전라남도 목포시 산정동,경상사고,0,0,1,0,차대사람 - 차도통행중,안전운전불이행,건조,맑음,교차로 - 교차로안,승용,여,52세,상해없음,보행자,여,72세,경상
2020112300100502,2020년 11월 23일 18시,월요일,전라남도 여수시 화치동,중상사고,0,1,0,0,차대차 - 측면충돌,신호위반,건조,맑음,교차로 - 교차로안,승용,여,24세,상해없음,승용,남,58세,중상
2020112300100503,2020년 11월 23일 18시,월요일,전라남도 함평군 대동면,중상사고,0,1,0,0,차대사람 - 길가장자리구역통행중,안전운전불이행,건조,맑음,교차로 - 교차로안,승용,남,70세,상해없음,보행자,여,75세,중상
2020112300100504,2020년 11월 23일 18시,월요일,전라남도 영암군 삼호읍,중상사고,0,1,0,0,차대사람 - 길가장자리구역통행중,안전운전불이행,건조,맑음,단일로 - 기타,승용,여,30세,상해없음,보행자,여,23세,중상
2020112300100540,2020년 11월 23일 19시,월요일,전라남도 목포시 용해동,경상사고,0,0,2,0,차대차 - 기타,안전운전불이행,건조,맑음,기타 - 기타,화물,남,54세,상해없음,승용,남,28세,경상
2020112300100622,2020년 11월 23일 23시,월요일,전라남도 목포시 상동,경상사고,0,0,1,0,차대차 - 기타,중앙선침범,건조,맑음,단일로 - 기타,승용,남,39세,상해없음,승용,여,45세,경상
2020112400100031,2020년 11월 24일 03시,화요일,전라남도 강진군 강진읍,부상신고사고,0,0,0,1,차대차 - 추돌,안전운전불이행,건조,맑음,단일로 - 기타,자전거,남,50세,부상신고,승용,남,66세,기타불명
2020112400100037,2020년 11월 24일 05시,화요일,전라남도 여수시 중흥동,경상사고,0,0,1,0,차대차 - 측면충돌,안전운전불이행,건조,맑음,단일로 - 기타,기타불명,기타불명,미분류,기타불명,승용,여,58세,경상
2020112400100038,2020년 11월 24일 05시,화요일,전라남도 고흥군 도양읍,중상사고,0,1,0,0,차대차 - 측면충돌,안전운전불이행,건조,맑음,교차로 - 교차로안,승용,남,52세,상해없음,자전거,남,73세,중상
2020112400100071,2020년 11월 24일 07시,화요일,전라남도 무안군 삼향읍,중상사고,0,1,0,0,차량단독 - 전도전복 - 전도,안전운전불이행,건조,맑음,단일로 - 기타,화물,남,50세,중상,,,,
2020112400100100,2020년 11월 24일 08시,화요일,전라남도 목포시 옥암동,경상사고,0,0,1,0,차대차 - 기타,안전운전불이행,건조,맑음,단일로 - 기타,승용,남,53세,상해없음,화물,남,68세,상해없음
2020112400100101,2020년 11월 24일 08시,화요일,전라남도 광양시 광양읍,경상사고,0,0,2,0,차대차 - 측면충돌,안전운전불이행,건조,맑음,단일로 - 기타,승용,여,41세,기타불명,승용,여,47세,경상
2020112400100127,2020년 11월 24일 09시,화요일,전라남도 목포시 상동,경상사고,0,0,2,0,차대차 - 측면충돌,직진우회전진행방해,건조,흐림,교차로 - 교차로안,승용,남,72세,경상,승용,여,36세,경상
2020112400100128,2020년 11월 24일 09시,화요일,전라남도 무안군 삼향읍,경상사고,0,0,1,0,차대차 - 기타,안전운전불이행,건조,맑음,기타 - 기타,화물,남,23세,상해없음,화물,남,50세,경상
2020112400100151,2020년 11월 24일 10시,화요일,전라남도 영암군 시종면,경상사고,0,0,1,0,차대차 - 추돌,안전운전불이행,건조,맑음,단일로 - 기타,화물,남,63세,상해없음,이륜,여,78세,경상
2020112400100188,2020년 11월 24일 11시,화요일,전라남도 강진군 강진읍,중상사고,0,1,0,0,차대사람 - 기타,안전운전불이행,건조,맑음,단일로 - 기타,승용,남,62세,상해없음,보행자,여,65세,중상
2020112400100221,2020년 11월 24일 12시,화요일,전라남도 여수시 수정동,경상사고,0,0,1,0,차대차 - 추돌,안전거리미확보,건조,맑음,단일로 - 고가도로위,승용,여,58세,경상,승용,남,47세,상해없음
2020112400100222,2020년 11월 24일 12시,화요일,전라남도 순천시 왕지동,중상사고,0,1,0,0,차대사람 - 횡단중,보행자보호의무위반,건조,맑음,교차로 - 교차로횡단보도내,승용,남,70세,상해없음,보행자,남,14세,중상
2020112400100249,2020년 11월 24일 13시,화요일,전라남도 영암군 군서면,경상사고,0,0,1,0,차대차 - 추돌,안전운전불이행,건조,맑음,교차로 - 교차로부근,화물,남,55세,상해없음,승용,여,47세,경상
2020112400100250,2020년 11월 24일 13시,화요일,전라남도 담양군 창평면,중상사고,0,1,0,0,차대사람 - 기타,안전운전불이행,기타,맑음,교차로 - 교차로부근,화물,남,46세,상해없음,보행자,남,59세,중상
2020112400100283,2020년 11월 24일 14시,화요일,전라남도 목포시 상동,경상사고,0,0,1,0,차대차 - 기타,교차로운행방법위반,건조,맑음,교차로 - 교차로안,승용,남,86세,상해없음,승용,남,37세,경상
2020112400100284,2020년 11월 24일 14시,화요일,전라남도 순천시 연향동,경상사고,0,0,1,0,차대차 - 후진중충돌,안전운전불이행,건조,맑음,단일로 - 기타,승용,남,68세,상해없음,승용,여,39세,경상
2020112400100285,2020년 11월 24일 14시,화요일,전라남도 장성군 북이면,경상사고,0,0,1,0,차대차 - 측면충돌,안전운전불이행,건조,맑음,단일로 - 기타,화물,남,54세,상해없음,승용,남,59세,경상
2020112400100327,2020년 11월 24일 15시,화요일,전라남도 여수시 학동,경상사고,0,0,2,0,차대차 - 측면충돌,안전거리미확보,건조,맑음,단일로 - 기타,승용,여,53세,상해없음,승용,여,50세,경상
2020112400100328,2020년 11월 24일 15시,화요일,전라남도 강진군 강진읍,경상사고,0,0,1,0,차대차 - 측면충돌,직진우회전진행방해,건조,맑음,교차로 - 교차로안,이륜,남,69세,경상,승용,여,48세,상해없음
2020112400100371,2020년 11월 24일 16시,화요일,전라남도 나주시 경현동,중상사고,0,1,0,0,차대사람 - 차도통행중,안전운전불이행,건조,맑음,단일로 - 기타,원동기,남,55세,상해없음,보행자,남,44세,중상
2020112400100372,2020년 11월 24일 16시,화요일,전라남도 해남군 마산면,중상사고,0,1,0,0,차대사람 - 기타,안전운전불이행,건조,맑음,단일로 - 기타,승용,남,60세,상해없음,보행자,여,80세,중상
2020112400100373,2020년 11월 24일 16시,화요일,전라남도 화순군 화순읍,경상사고,0,0,3,2,차대차 - 추돌,안전운전불이행,건조,맑음,교차로 - 교차로안,승용,여,64세,부상신고,승용,여,38세,경상
2020112400100476,2020년 11월 24일 18시,화요일,전라남도 목포시 상동,경상사고,0,0,1,0,차대차 - 기타,직진우회전진행방해,건조,맑음,교차로 - 교차로안,이륜,남,63세,경상,승용,여,20세,상해없음
2020112400100477,2020년 11월 24일 18시,화요일,전라남도 여수시 미평동,경상사고,0,0,4,0,차대차 - 정면충돌,안전운전불이행,건조,맑음,교차로 - 교차로안,승용,남,31세,상해없음,승용,남,50세,경상
2020112400100478,2020년 11월 24일 18시,화요일,전라남도 나주시 성북동,중상사고,0,1,0,0,차대차 - 기타,안전운전불이행,건조,맑음,교차로 - 교차로부근,승용,여,45세,상해없음,자전거,남,11세,중상
2020112400100589,2020년 11월 24일 21시,화요일,전라남도 목포시 산정동,경상사고,0,0,5,0,차대차 - 기타,안전운전불이행,건조,흐림,교차로 - 교차로안,승용,여,43세,상해없음,승용,남,30세,경상
2020112400100590,2020년 11월 24일 21시,화요일,전라남도 순천시 풍덕동,경상사고,0,0,2,0,차대차 - 측면충돌,직진우회전진행방해,건조,맑음,교차로 - 교차로안,승용,여,62세,경상,화물,남,65세,경상
2020112400100630,2020년 11월 24일 23시,화요일,전라남도 광양시 광양읍,경상사고,0,0,3,0,차대차 - 추돌,안전운전불이행,건조,맑음,기타 - 기타,승용,남,41세,상해없음,승용,여,37세,상해없음
2020112500100091,2020년 11월 25일 08시,수요일,전라남도 목포시 상동,경상사고,0,0,2,0,차대차 - 기타,안전운전불이행,건조,맑음,단일로 - 기타,승용,남,35세,상해없음,승용,남,76세,경상
2020112500100092,2020년 11월 25일 08시,수요일,전라남도 함평군 신광면,경상사고,0,0,1,0,차대차 - 측면충돌,안전운전불이행,건조,맑음,교차로 - 교차로안,승용,여,37세,상해없음,화물,남,67세,경상
2020112500100093,2020년 11월 25일 08시,수요일,전라남도 강진군 강진읍,경상사고,0,0,1,0,차대사람 - 차도통행중,안전운전불이행,건조,맑음,단일로 - 기타,승용,여,40세,상해없음,보행자,여,61세,경상
2020112500100094,2020년 11월 25일 08시,수요일,전라남도 담양군 금성면,경상사고,0,0,1,0,차대차 - 추돌,안전운전불이행,건조,맑음,교차로 - 교차로부근,화물,남,46세,상해없음,승용,여,39세,경상
2020112500100121,2020년 11월 25일 09시,수요일,전라남도 영암군 시종면,경상사고,0,0,1,0,차대차 - 측면충돌,중앙선침범,건조,맑음,단일로 - 기타,사륜오토바이(ATV),여,83세,경상,승용,남,59세,상해없음
2020112500100122,2020년 11월 25일 09시,수요일,전라남도 강진군 강진읍,경상사고,0,0,1,0,차대차 - 측면충돌,교차로운행방법위반,건조,맑음,교차로 - 교차로안,이륜,남,65세,경상,화물,남,41세,상해없음
2020112500100158,2020년 11월 25일 10시,수요일,전라남도 화순군 춘양면,경상사고,0,0,3,0,차대차 - 측면충돌,안전거리미확보,건조,맑음,단일로 - 기타,화물,남,72세,상해없음,승용,남,26세,경상
2020112500100196,2020년 11월 25일 11시,수요일,전라남도 목포시 상동,경상사고,0,0,1,0,차대차 - 기타,안전운전불이행,건조,맑음,교차로 - 교차로안,화물,남,44세,상해없음,승용,남,46세,상해없음
2020112500100197,2020년 11월 25일 11시,수요일,전라남도 여수시 학동,경상사고,0,0,1,0,차대사람 - 횡단중,신호위반,건조,맑음,교차로 - 교차로부근,승용,남,45세,상해없음,보행자,남,65세,경상
2020112500100233,2020년 11월 25일 12시,수요일,전라남도 구례군 구례읍,중상사고,0,1,0,0,차대사람 - 기타,안전운전불이행,건조,맑음,단일로 - 기타,화물,남,57세,상해없음,보행자,여,82세,중상
2020112500100266,2020년 11월 25일 13시,수요일,전라남도 구례군 구례읍,중상사고,0,1,0,0,차대차 - 측면충돌,직진우회전진행방해,건조,맑음,교차로 - 교차로안,승용,여,65세,상해없음,농기계,여,78세,중상
2020112500100293,2020년 11월 25일 14시,수요일,전라남도 순천시 황전면,경상사고,0,0,2,0,차대차 - 측면충돌,직진우회전진행방해,건조,맑음,단일로 - 기타,승용,여,63세,경상,화물,남,49세,경상
2020112500100294,2020년 11월 25일 14시,수요일,전라남도 화순군 능주면,경상사고,0,0,2,0,차대차 - 측면충돌,직진우회전진행방해,건조,맑음,교차로 - 교차로안,화물,남,27세,경상,화물,남,61세,경상
2020112500100336,2020년 11월 25일 15시,수요일,전라남도 여수시 충무동,경상사고,0,0,2,0,차대차 - 측면충돌,안전운전불이행,건조,맑음,교차로 - 교차로안,승용,여,36세,상해없음,승용,남,66세,경상
2020112500100337,2020년 11월 25일 15시,수요일,전라남도 순천시 승주읍,중상사고,0,1,0,0,차대차 - 추돌,안전운전불이행,건조,맑음,단일로 - 기타,화물,남,71세,상해없음,이륜,남,87세,중상
2020112500100378,2020년 11월 25일 16시,수요일,전라남도 장흥군 관산읍,중상사고,0,1,0,0,차량단독 - 공작물충돌,안전운전불이행,건조,맑음,단일로 - 기타,이륜,남,82세,중상,,,,
2020112500100379,2020년 11월 25일 16시,수요일,전라남도 보성군 조성면,중상사고,0,5,2,0,차대차 - 측면충돌,안전운전불이행,건조,맑음,교차로 - 교차로안,화물,남,69세,중상,승용,남,57세,경상
2020112500100380,2020년 11월 25일 16시,수요일,전라남도 함평군 대동면,경상사고,0,0,1,0,차량단독 - 기타,안전운전불이행,건조,맑음,단일로 - 기타,화물,남,38세,경상,,,,
2020112500100425,2020년 11월 25일 17시,수요일,전라남도 순천시 연향동,경상사고,0,0,1,0,차대차 - 측면충돌,기타,건조,맑음,교차로 - 교차로안,이륜,남,60세,상해없음,승합,남,48세,경상
2020112500100426,2020년 11월 25일 17시,수요일,전라남도 보성군 보성읍,중상사고,0,1,0,0,차대사람 - 기타,안전운전불이행,건조,맑음,단일로 - 기타,승용,남,36세,상해없음,보행자,여,79세,중상
2020112500100478,2020년 11월 25일 18시,수요일,전라남도 목포시 산정동,경상사고,0,0,2,0,차대차 - 기타,교차로운행방법위반,건조,맑음,교차로 - 교차로안,승용,남,37세,상해없음,승용,남,59세,경상
2020112500100479,2020년 11월 25일 18시,수요일,전라남도 목포시 상동,경상사고,0,0,2,0,차대차 - 기타,직진우회전진행방해,건조,맑음,교차로 - 교차로안,승용,남,39세,경상,화물,남,58세,경상
2020112500100480,2020년 11월 25일 18시,수요일,전라남도 나주시 금성동,중상사고,0,1,1,0,차대사람 - 횡단중,안전운전불이행,건조,맑음,단일로 - 기타,이륜,남,24세,경상,보행자,여,68세,중상
2020112500100481,2020년 11월 25일 18시,수요일,전라남도 강진군 강진읍,부상신고사고,0,0,0,1,차대차 - 추돌,안전운전불이행,건조,맑음,단일로 - 기타,원동기,남,81세,부상신고,승용,여,28세,기타불명
2020112500100622,2020년 11월 25일 23시,수요일,전라남도 여수시 국동,경상사고,0,0,1,0,차대차 - 측면충돌,안전운전불이행,건조,맑음,단일로 - 기타,승용,여,33세,상해없음,승용,남,59세,경상
2020112600100014,2020년 11월 26일 01시,목요일,전라남도 장흥군 안양면,경상사고,0,0,2,0,차대차 - 후진중충돌,안전운전불이행,건조,맑음,단일로 - 기타,승용,남,59세,기타불명,승용,남,20세,경상
2020112600100031,2020년 11월 26일 03시,목요일,전라남도 여수시 웅천동,중상사고,0,1,2,0,차대차 - 측면충돌,신호위반,건조,맑음,교차로 - 교차로안,화물,남,28세,상해없음,승용,남,54세,중상
2020112600100034,2020년 11월 26일 04시,목요일,전라남도 신안군 임자면,경상사고,0,0,1,0,차량단독 - 공작물충돌,안전운전불이행,건조,맑음,단일로 - 기타,화물,남,45세,경상,,,,
2020112600100041,2020년 11월 26일 05시,목요일,전라남도 여수시 주삼동,경상사고,0,0,2,0,차대차 - 기타,안전운전불이행,건조,맑음,교차로 - 교차로부근,승용,남,48세,경상,화물,남,56세,경상
2020112600100059,2020년 11월 26일 06시,목요일,전라남도 여수시 율촌면,경상사고,0,0,1,0,차대차 - 추돌,안전운전불이행,건조,맑음,단일로 - 기타,승용,남,45세,상해없음,승합,남,47세,경상
2020112600100102,2020년 11월 26일 08시,목요일,전라남도 목포시 연산동,경상사고,0,0,3,0,차대차 - 측면충돌,안전운전불이행,건조,맑음,교차로 - 교차로안,승용,여,57세,경상,승용,남,64세,경상
2020112600100103,2020년 11월 26일 08시,목요일,전라남도 순천시 조례동,경상사고,0,0,1,0,차대차 - 기타,안전운전불이행,건조,맑음,교차로 - 교차로안,화물,여,53세,상해없음,승용,여,28세,경상
2020112600100104,2020년 11월 26일 08시,목요일,전라남도 담양군 수북면,중상사고,0,1,0,0,차대차 - 측면충돌,안전운전불이행,건조,맑음,교차로 - 교차로안,화물,남,35세,상해없음,승용,남,22세,중상
2020112600100139,2020년 11월 26일 09시,목요일,전라남도 여수시 선원동,경상사고,0,0,1,0,차대차 - 측면충돌,직진우회전진행방해,건조,맑음,교차로 - 교차로부근,자전거,남,68세,경상,승용,남,64세,상해없음
2020112600100164,2020년 11월 26일 10시,목요일,전라남도 순천시 조곡동,부상신고사고,0,0,0,1,차대차 - 측면충돌,안전운전불이행,건조,맑음,단일로 - 기타,자전거,남,78세,부상신고,승용,여,45세,상해없음
2020112600100165,2020년 11월 26일 10시,목요일,전라남도 담양군 창평면,중상사고,0,1,0,0,차대차 - 측면충돌,직진우회전진행방해,건조,맑음,교차로 - 교차로안,승용,남,50세,상해없음,자전거,남,75세,중상
2020112600100166,2020년 11월 26일 10시,목요일,전라남도 광양시 광양읍,중상사고,0,1,0,0,차대차 - 측면충돌,신호위반,건조,맑음,교차로 - 교차로안,승용,여,58세,상해없음,승용,여,50세,중상
2020112600100224,2020년 11월 26일 12시,목요일,전라남도 여수시 학동,경상사고,0,0,2,0,차대차 - 정면충돌,교차로운행방법위반,건조,맑음,교차로 - 교차로안,이륜,남,17세,경상,승용,여,51세,경상
2020112600100225,2020년 11월 26일 12시,목요일,전라남도 영암군 삼호읍,중상사고,0,1,0,0,차대차 - 기타,안전운전불이행,건조,맑음,단일로 - 기타,승용,남,56세,상해없음,건설기계,남,51세,중상
2020112600100226,2020년 11월 26일 12시,목요일,전라남도 장성군 삼계면,사망사고,1,0,0,0,차대차 - 측면충돌,신호위반,건조,맑음,교차로 - 교차로안,이륜,남,79세,사망,특수,남,62세,상해없음
2020112600100252,2020년 11월 26일 13시,목요일,전라남도 나주시 남평읍,사망사고,1,1,0,0,차량단독 - 공작물충돌,안전운전불이행,건조,맑음,교차로 - 교차로부근,승용,남,75세,사망,,,,
2020112600100253,2020년 11월 26일 13시,목요일,전라남도 나주시 왕곡면,경상사고,0,0,1,0,차대차 - 측면충돌,안전운전불이행,건조,맑음,단일로 - 기타,승용,남,80세,상해없음,승용,남,65세,경상
2020112600100280,2020년 11월 26일 14시,목요일,전라남도 순천시 동외동,경상사고,0,0,1,0,차대차 - 추돌,안전거리미확보,건조,맑음,단일로 - 기타,승용,남,21세,상해없음,승용,여,49세,경상
2020112600100281,2020년 11월 26일 14시,목요일,전라남도 화순군 동면,경상사고,0,0,1,0,차대차 - 측면충돌,불법유턴,건조,맑음,단일로 - 기타,승용,여,58세,상해없음,승용,남,66세,경상
2020112600100282,2020년 11월 26일 14시,목요일,전라남도 화순군 화순읍,경상사고,0,0,1,1,차대차 - 측면충돌,직진우회전진행방해,건조,맑음,교차로 - 교차로안,승용,남,28세,부상신고,승용,여,43세,경상
2020112600100320,2020년 11월 26일 15시,목요일,전라남도 순천시 남정동,중상사고,0,1,0,0,차대차 - 기타,교차로운행방법위반,건조,맑음,교차로 - 교차로안,승용,여,54세,상해없음,원동기,남,80세,중상
2020112600100358,2020년 11월 26일 16시,목요일,전라남도 해남군 계곡면,경상사고,0,0,2,0,차대차 - 기타,안전운전불이행,건조,맑음,교차로 - 교차로안,화물,남,38세,상해없음,화물,남,44세,경상
2020112600100454,2020년 11월 26일 18시,목요일,전라남도 나주시 빛가람동,경상사고,0,0,1,0,차대차 - 측면충돌,신호위반,건조,맑음,교차로 - 교차로안,승용,여,54세,상해없음,승용,남,36세,경상
2020112600100455,2020년 11월 26일 18시,목요일,전라남도 광양시 중동,경상사고,0,0,1,0,차대차 - 측면충돌,신호위반,건조,맑음,교차로 - 교차로안,승용,남,33세,상해없음,승용,남,56세,경상
2020112600100456,2020년 11월 26일 18시,목요일,전라남도 광양시 광양읍,경상사고,0,0,1,0,차대차 - 측면충돌,안전운전불이행,건조,맑음,기타 - 기타,승용,남,40세,상해없음,승용,남,46세,경상
2020112600100511,2020년 11월 26일 19시,목요일,전라남도 여수시 오림동,경상사고,0,0,4,0,차대차 - 측면충돌,안전운전불이행,건조,맑음,교차로 - 교차로안,화물,남,61세,상해없음,승용,남,43세,경상
2020112600100512,2020년 11월 26일 19시,목요일,전라남도 광양시 중동,경상사고,0,0,2,0,차대차 - 측면충돌,교차로운행방법위반,건조,맑음,교차로 - 교차로안,승용,여,48세,경상,승용,여,40세,경상
2020112600100596,2020년 11월 26일 22시,목요일,전라남도 여수시 화장동,중상사고,0,1,0,0,차대차 - 측면충돌,중앙선침범,건조,맑음,단일로 - 기타,승용,남,46세,상해없음,이륜,남,32세,중상
2020112600100611,2020년 11월 26일 23시,목요일,전라남도 광양시 중동,경상사고,0,0,1,0,차대차 - 기타,직진우회전진행방해,건조,맑음,교차로 - 교차로안,승용,남,26세,상해없음,승용,남,42세,상해없음