사고번호,사고일시,요일,시군구,사고내용,사망자수,중상자수,경상자수,부상신고자수,사고유형,법규위반,노면상태,기상상태,도로형태,가해운전자 차종,가해운전자 성별,가해운전자 연령,가해운전자 상해정도,피해운전자 차종,피해운전자 성별,피해운전자 연령,피해운전자 상해정도
2020112700100033,2020년 11월 27일 05시,금요일,전라남도 목포시 연산동,경상사고,0,0,1,0,차대차 - 추돌,안전운전불이행,건조,맑음,교차로 - 교차로안,승용,남,62세,상해없음,화물,남,75세,상해없음
2020112700100047,2020년 11월 27일 06시,금요일,전라남도 여수시 중흥동,경상사고,0,0,1,0,차대차 - 측면충돌,신호위반,건조,맑음,교차로 - 교차로안,화물,남,54세,경상,건설기계,남,51세,상해없음
2020112700100048,2020년 11월 27일 06시,금요일,전라남도 진도군 진도읍,중상사고,0,1,0,0,차대사람 - 기타,안전운전불이행,건조,맑음,교차로 - 교차로안,승용,여,45세,상해없음,보행자,여,79세,중상
2020112700100049,2020년 11월 27일 06시,금요일,전라남도 나주시 노안면,경상사고,0,0,2,0,차대차 - 추돌,안전운전불이행,건조,맑음,단일로 - 기타,승용,남,58세,상해없음,승용,여,45세,경상
2020112700100086,2020년 11월 27일 08시,금요일,전라남도 목포시 상동,경상사고,0,0,1,0,차대차 - 측면충돌,안전운전불이행,건조,맑음,단일로 - 기타,승용,남,77세,기타불명,승용,여,28세,경상
2020112700100087,2020년 11월 27일 08시,금요일,전라남도 여수시 율촌면,중상사고,0,1,0,0,차대차 - 후진중충돌,안전운전불이행,건조,맑음,단일로 - 기타,승합,남,60세,상해없음,이륜,여,70세,중상
2020112700100088,2020년 11월 27일 08시,금요일,전라남도 순천시 대대동,경상사고,0,0,1,0,차대차 - 추돌,안전운전불이행,건조,맑음,단일로 - 기타,승용,여,40세,상해없음,승용,여,32세,경상
2020112700100106,2020년 11월 27일 09시,금요일,전라남도 순천시 조례동,경상사고,0,0,3,0,차대차 - 측면충돌,신호위반,건조,맑음,교차로 - 교차로안,승용,여,35세,상해없음,승용,남,42세,경상
2020112700100213,2020년 11월 27일 13시,금요일,전라남도 담양군 창평면,경상사고,0,0,3,0,차대차 - 기타,안전운전불이행,건조,맑음,단일로 - 기타,승용,남,69세,상해없음,승용,여,61세,경상
2020112700100253,2020년 11월 27일 14시,금요일,전라남도 목포시 용당동,중상사고,0,1,0,0,차대사람 - 기타,안전운전불이행,건조,맑음,교차로 - 교차로부근,승용,남,61세,상해없음,보행자,남,79세,중상
2020112700100343,2020년 11월 27일 16시,금요일,전라남도 여수시 서교동,경상사고,0,0,2,0,차대차 - 기타,안전운전불이행,건조,맑음,기타 - 기타,승용,여,59세,기타불명,화물,남,62세,경상
2020112700100344,2020년 11월 27일 16시,금요일,전라남도 함평군 함평읍,부상신고사고,0,0,0,1,차대차 - 추돌,안전운전불이행,건조,맑음,교차로 - 교차로부근,화물,남,59세,상해없음,승용,남,60세,부상신고
2020112700100345,2020년 11월 27일 16시,금요일,전라남도 곡성군 곡성읍,경상사고,0,0,1,0,차대차 - 기타,안전운전불이행,건조,맑음,단일로 - 기타,농기계,남,67세,상해없음,승용,여,43세,경상
2020112700100466,2020년 11월 27일 18시,금요일,전라남도 목포시 석현동,중상사고,0,3,0,0,차대차 - 기타,신호위반,기타,기타,교차로 - 교차로안,화물,남,56세,중상,승용,여,63세,중상
2020112700100467,2020년 11월 27일 18시,금요일,전라남도 고흥군 동강면,중상사고,0,1,0,0,차대사람 - 기타,안전운전불이행,건조,맑음,단일로 - 기타,이륜,남,60세,상해없음,보행자,여,58세,중상
2020112700100468,2020년 11월 27일 18시,금요일,전라남도 해남군 삼산면,중상사고,0,1,0,0,차대사람 - 기타,안전운전불이행,건조,맑음,단일로 - 기타,승용,남,59세,기타불명,보행자,여,72세,중상
2020112700100469,2020년 11월 27일 18시,금요일,전라남도 무안군 삼향읍,경상사고,0,0,1,0,차대차 - 측면충돌,안전운전불이행,건조,기타,교차로 - 교차로안,승용,남,57세,상해없음,자전거,남,64세,경상
2020112700100578,2020년 11월 27일 20시,금요일,전라남도 나주시 빛가람동,경상사고,0,0,2,0,차대차 - 추돌,안전운전불이행,건조,맑음,교차로 - 교차로부근,승용,남,53세,상해없음,승용,여,21세,경상
2020112800100025,2020년 11월 28일 02시,토요일,전라남도 강진군 칠량면,경상사고,0,0,1,0,차대차 - 추돌,안전운전불이행,건조,맑음,교차로 - 교차로부근,화물,남,45세,경상,화물,남,58세,상해없음
2020112800100064,2020년 11월 28일 08시,토요일,전라남도 목포시 상동,경상사고,0,0,2,0,차대차 - 기타,안전운전불이행,건조,맑음,기타 - 기타,승용,남,49세,상해없음,화물,남,49세,경상
2020112800100117,2020년 11월 28일 10시,토요일,전라남도 화순군 화순읍,중상사고,0,1,0,0,차대차 - 측면충돌,신호위반,건조,맑음,교차로 - 교차로안,승합,남,57세,상해없음,승용,여,64세,중상
2020112800100118,2020년 11월 28일 10시,토요일,전라남도 구례군 구례읍,경상사고,0,0,1,0,차대사람 - 길가장자리구역통행중,기타,건조,맑음,단일로 - 기타,화물,남,44세,상해없음,보행자,남,62세,경상
2020112800100154,2020년 11월 28일 11시,토요일,전라남도 여수시 중흥동,경상사고,0,0,1,0,차대차 - 추돌,안전운전불이행,건조,맑음,단일로 - 기타,건설기계,남,53세,상해없음,승용,남,25세,경상
2020112800100237,2020년 11월 28일 13시,토요일,전라남도 목포시 옥암동,경상사고,0,0,1,0,차대차 - 측면충돌,교차로운행방법위반,건조,맑음,교차로 - 교차로안,승용,남,66세,상해없음,이륜,남,41세,경상
2020112800100238,2020년 11월 28일 13시,토요일,전라남도 여수시 학동,경상사고,0,0,1,0,차대사람 - 기타,안전운전불이행,건조,맑음,교차로 - 교차로안,승용,여,55세,상해없음,보행자,여,53세,경상
2020112800100239,2020년 11월 28일 13시,토요일,전라남도 영암군 금정면,중상사고,0,1,0,0,차대사람 - 횡단중,안전운전불이행,건조,맑음,단일로 - 기타,화물,남,80세,상해없음,보행자,여,57세,중상
2020112800100240,2020년 11월 28일 13시,토요일,전라남도 광양시 광양읍,경상사고,0,0,1,0,차대차 - 추돌,안전거리미확보,건조,맑음,교차로 - 교차로부근,이륜,남,53세,상해없음,승용,여,63세,경상
2020112800100287,2020년 11월 28일 14시,토요일,전라남도 진도군 진도읍,경상사고,0,0,1,0,차대사람 - 차도통행중,안전운전불이행,건조,맑음,교차로 - 교차로안,승용,남,40세,상해없음,보행자,남,69세,경상
2020112800100327,2020년 11월 28일 15시,토요일,전라남도 보성군 조성면,경상사고,0,0,3,0,차대차 - 측면충돌,직진우회전진행방해,건조,맑음,교차로 - 교차로안,승용,남,70세,경상,화물,남,24세,경상
2020112800100397,2020년 11월 28일 17시,토요일,전라남도 순천시 동외동,중상사고,0,1,1,0,차대차 - 추돌,안전거리미확보,건조,맑음,단일로 - 기타,승용,남,64세,상해없음,승용,여,69세,중상
2020112800100398,2020년 11월 28일 17시,토요일,전라남도 고흥군 도양읍,중상사고,0,1,0,0,차대차 - 측면충돌,기타,건조,맑음,교차로 - 교차로안,화물,남,49세,상해없음,승용,여,30세,중상
2020112800100399,2020년 11월 28일 17시,토요일,전라남도 무안군 해제면,중상사고,0,1,1,0,차대차 - 측면충돌,안전운전불이행,건조,맑음,교차로 - 교차로안,승용,여,60세,상해없음,승용,남,83세,경상
2020112800100443,2020년 11월 28일 18시,토요일,전라남도 여수시 둔덕동,경상사고,0,0,1,0,차대차 - 기타,안전운전불이행,건조,맑음,교차로 - 교차로안,승합,남,67세,상해없음,승용,남,62세,경상
2020112800100444,2020년 11월 28일 18시,토요일,전라남도 순천시 조례동,경상사고,0,0,1,0,차대사람 - 횡단중,보행자보호의무위반,건조,맑음,교차로 - 교차로횡단보도내,승용,남,48세,상해없음,보행자,남,20세,경상
2020112800100445,2020년 11월 28일 18시,토요일,전라남도 영암군 영암읍,중상사고,0,1,0,0,차량단독 - 전도전복 - 전도,안전운전불이행,건조,맑음,단일로 - 기타,승용,남,25세,중상,,,,
2020112800100446,2020년 11월 28일 18시,토요일,전라남도 광양시 봉강면,중상사고,0,1,2,0,차대차 - 추돌,안전운전불이행,건조,맑음,기타 - 기타,승용,여,66세,중상,화물,남,58세,상해없음
2020112800100578,2020년 11월 28일 23시,토요일,전라남도 목포시 상동,중상사고,0,1,1,0,차대차 - 추돌,안전운전불이행,건조,맑음,교차로 - 교차로부근,이륜,남,57세,중상,승용,남,51세,경상
2020112900100051,2020년 11월 29일 05시,일요일,전라남도 해남군 황산면,경상사고,0,0,1,0,차대차 - 추돌,안전운전불이행,건조,맑음,단일로 - 기타,화물,남,51세,상해없음,승용,남,48세,경상
2020112900100078,2020년 11월 29일 09시,일요일,전라남도 목포시 산정동,경상사고,0,0,1,0,차대차 - 기타,안전운전불이행,젖음/습기,맑음,기타 - 기타,승용,남,69세,기타불명,이륜,남,46세,경상
2020112900100079,2020년 11월 29일 09시,일요일,전라남도 영암군 덕진면,경상사고,0,0,2,0,차대차 - 추돌,안전운전불이행,건조,맑음,단일로 - 기타,승용,여,28세,상해없음,화물,남,40세,경상
2020112900100080,2020년 11월 29일 09시,일요일,전라남도 담양군 담양읍,중상사고,0,1,1,0,차대차 - 측면충돌,불법유턴,건조,맑음,단일로 - 기타,승용,여,64세,중상,승합,남,57세,경상
2020112900100113,2020년 11월 29일 11시,일요일,전라남도 여수시 돌산읍,경상사고,0,0,2,0,차대차 - 추돌,안전거리미확보,건조,맑음,단일로 - 기타,승용,남,45세,상해없음,승용,남,36세,경상
2020112900100133,2020년 11월 29일 12시,일요일,전라남도 광양시 광양읍,중상사고,0,3,0,0,차량단독 - 도로외이탈 - 추락,안전운전불이행,건조,맑음,교차로 - 교차로부근,승용,여,49세,중상,,,,
2020112900100157,2020년 11월 29일 13시,일요일,전라남도 목포시 용해동,경상사고,0,0,2,0,차대차 - 측면충돌,안전운전불이행,건조,맑음,단일로 - 기타,승합,남,56세,상해없음,승용,여,49세,경상
2020112900100184,2020년 11월 29일 14시,일요일,전라남도 순천시 풍덕동,경상사고,0,0,2,0,차량단독 - 기타,안전운전불이행,건조,맑음,단일로 - 기타,승용,남,70세,상해없음,,,,
2020112900100185,2020년 11월 29일 14시,일요일,전라남도 나주시 용산동,경상사고,0,0,1,0,차대차 - 측면충돌,신호위반,건조,맑음,교차로 - 교차로안,승용,남,56세,상해없음,승용,여,47세,경상
2020112900100186,2020년 11월 29일 14시,일요일,전라남도 영암군 삼호읍,중상사고,0,1,2,0,차대차 - 측면충돌,신호위반,건조,맑음,교차로 - 교차로안,승용,여,27세,상해없음,승용,남,60세,경상
2020112900100217,2020년 11월 29일 15시,일요일,전라남도 광양시 중동,경상사고,0,0,2,0,차대차 - 측면충돌,안전거리미확보,건조,맑음,교차로 - 교차로부근,화물,남,59세,상해없음,승용,남,36세,경상
2020112900100243,2020년 11월 29일 16시,일요일,전라남도 순천시 황전면,중상사고,0,1,0,0,차량단독 - 전도전복 - 전도,안전운전불이행,건조,맑음,단일로 - 기타,승용,남,71세,중상,,,,
2020112900100271,2020년 11월 29일 17시,일요일,전라남도 함평군 학교면,경상사고,0,0,1,0,차대차 - 추돌,안전운전불이행,건조,맑음,단일로 - 기타,승용,남,25세,상해없음,승용,여,60세,경상
2020112900100301,2020년 11월 29일 18시,일요일,전라남도 목포시 석현동,경상사고,0,0,1,0,차대차 - 기타,신호위반,건조,맑음,교차로 - 교차로안,승용,여,42세,상해없음,이륜,남,45세,경상
2020112900100302,2020년 11월 29일 18시,일요일,전라남도 목포시 죽교동,경상사고,0,0,1,0,차대사람 - 기타,안전운전불이행,건조,맑음,기타 - 기타,이륜,남,36세,상해없음,보행자,남,36세,경상
2020112900100326,2020년 11월 29일 19시,일요일,전라남도 목포시 상동,경상사고,0,0,3,0,차대차 - 추돌,안전거리미확보,건조,흐림,단일로 - 기타,승용,남,19세,경상,승용,남,24세,경상
2020112900100352,2020년 11월 29일 20시,일요일,전라남도 신안군 자은면,사망사고,1,0,1,0,차량단독 - 도로외이탈 - 추락,안전운전불이행,건조,맑음,단일로 - 기타,승합,남,22세,경상,,,,
2020112900100353,2020년 11월 29일 20시,일요일,전라남도 여수시 학동,경상사고,0,0,1,0,차대차 - 측면충돌,교차로운행방법위반,건조,맑음,교차로 - 교차로안,승합,남,68세,상해없음,승용,남,63세,상해없음
2020112900100397,2020년 11월 29일 22시,일요일,전라남도 순천시 조례동,경상사고,0,0,3,0,차대차 - 측면충돌,안전운전불이행,건조,맑음,단일로 - 기타,원동기,남,42세,경상,승용,남,60세,경상
2020113000100007,2020년 11월 30일 00시,월요일,전라남도 목포시 옥암동,경상사고,0,0,1,0,차대차 - 기타,신호위반,건조,맑음,교차로 - 교차로안,화물,남,50세,상해없음,승용,남,59세,경상
2020113000100008,2020년 11월 30일 00시,월요일,전라남도 목포시 용당동,경상사고,0,0,1,0,차대차 - 기타,안전운전불이행,건조,맑음,단일로 - 기타,이륜,남,18세,경상,승용,남,56세,상해없음
2020113000100048,2020년 11월 30일 06시,월요일,전라남도 영암군 삼호읍,경상사고,0,0,2,0,차대차 - 추돌,안전운전불이행,건조,맑음,단일로 - 기타,승용,남,40세,상해없음,승용,남,45세,경상
2020113000100073,2020년 11월 30일 07시,월요일,전라남도 완도군 완도읍,경상사고,0,0,1,0,차대차 - 측면충돌,신호위반,건조,맑음,교차로 - 교차로부근,승용,남,49세,상해없음,승용,여,57세,경상
2020113000100106,2020년 11월 30일 08시,월요일,전라남도 순천시 풍덕동,경상사고,0,0,1,0,차대차 - 측면충돌,교차로운행방법위반,건조,맑음,교차로 - 교차로부근,화물,남,53세,기타불명,승용,남,33세,경상
2020113000100107,2020년 11월 30일 08시,월요일,전라남도 나주시 봉황면,중상사고,0,1,0,0,차대차 - 추돌,안전운전불이행,건조,맑음,단일로 - 기타,승용,남,26세,중상,건설기계,남,65세,상해없음
2020113000100108,2020년 11월 30일 08시,월요일,전라남도 장흥군 장흥읍,경상사고,0,0,1,0,차대차 - 측면충돌,직진우회전진행방해,건조,맑음,교차로 - 교차로안,자전거,남,13세,경상,승용,여,44세,상해없음
2020113000100109,2020년 11월 30일 08시,월요일,전라남도 강진군 강진읍,경상사고,0,0,2,0,차대차 - 측면충돌,직진우회전진행방해,건조,맑음,교차로 - 교차로안,화물,남,40세,경상,승용,남,57세,경상
2020113000100110,2020년 11월 30일 08시,월요일,전라남도 담양군 대전면,경상사고,0,0,1,0,차대사람 - 기타,안전운전불이행,건조,맑음,교차로 - 교차로안,승용,여,37세,상해없음,보행자,여,66세,경상
2020113000100144,2020년 11월 30일 09시,월요일,전라남도 순천시 연향동,경상사고,0,0,2,0,차대차 - 기타,교차로운행방법위반,건조,맑음,교차로 - 교차로안,승용,여,32세,경상,승용,남,30세,경상
2020113000100175,2020년 11월 30일 10시,월요일,전라남도 강진군 도암면,경상사고,0,0,1,0,차대차 - 측면충돌,중앙선침범,건조,맑음,단일로 - 기타,승용,남,81세,상해없음,승용,여,32세,경상
2020113000100176,2020년 11월 30일 10시,월요일,전라남도 곡성군 석곡면,경상사고,0,0,1,0,차대차 - 측면충돌,안전운전불이행,건조,맑음,단일로 - 기타,승용,남,63세,상해없음,승용,남,31세,경상
2020113000100210,2020년 11월 30일 11시,월요일,전라남도 완도군 고금면,경상사고,0,0,1,0,차대차 - 후진중충돌,안전운전불이행,건조,맑음,주차장 - 주차장,화물,남,62세,상해없음,화물,남,62세,경상
2020113000100276,2020년 11월 30일 13시,월요일,전라남도 여수시 미평동,경상사고,0,0,2,0,차대차 - 측면충돌,안전운전불이행,건조,맑음,교차로 - 교차로안,이륜,남,26세,경상,화물,남,47세,경상
2020113000100311,2020년 11월 30일 14시,월요일,전라남도 함평군 월야면,부상신고사고,0,0,0,1,차량단독 - 공작물충돌,안전운전불이행,건조,맑음,단일로 - 기타,승용,남,51세,부상신고,,,,
2020113000100312,2020년 11월 30일 14시,월요일,전라남도 광양시 태인동,중상사고,0,1,0,0,차대차 - 측면충돌,신호위반,건조,맑음,교차로 - 교차로안,화물,남,65세,상해없음,특수,남,50세,중상
2020113000100349,2020년 11월 30일 15시,월요일,전라남도 여수시 국동,중상사고,0,1,0,0,차대차 - 정면충돌,중앙선침범,건조,맑음,단일로 - 기타,이륜,남,66세,상해없음,이륜,남,23세,중상
2020113000100350,2020년 11월 30일 15시,월요일,전라남도 여수시 소라면,경상사고,0,0,1,0,차대차 - 측면충돌,신호위반,건조,맑음,교차로 - 교차로안,승용,남,46세,상해없음,화물,남,37세,경상
2020113000100401,2020년 11월 30일 16시,월요일,전라남도 여수시 문수동,경상사고,0,0,1,0,차대차 - 측면충돌,안전거리미확보,건조,맑음,교차로 - 교차로부근,승용,여,68세,상해없음,승용,남,30세,경상
2020113000100439,2020년 11월 30일 17시,월요일,전라남도 여수시 중흥동,중상사고,0,1,1,0,차대차 - 측면충돌,중앙선침범,건조,맑음,단일로 - 기타,승용,남,63세,상해없음,이륜,남,25세,경상
2020113000100440,2020년 11월 30일 17시,월요일,전라남도 여수시 평여동,경상사고,0,0,1,0,차대차 - 기타,기타,건조,맑음,단일로 - 기타,화물,남,57세,상해없음,승용,남,51세,경상
2020113000100441,2020년 11월 30일 17시,월요일,전라남도 고흥군 도덕면,중상사고,0,1,1,0,차대차 - 추돌,안전운전불이행,건조,맑음,단일로 - 기타,승용,여,45세,경상,승용,여,59세,중상
2020113000100442,2020년 11월 30일 17시,월요일,전라남도 함평군 함평읍,부상신고사고,0,0,0,1,차대차 - 측면충돌,불법유턴,건조,맑음,교차로 - 교차로부근,자전거,남,11세,부상신고,승용,남,59세,상해없음
2020113000100443,2020년 11월 30일 17시,월요일,전라남도 장성군 장성읍,경상사고,0,0,1,0,차대사람 - 횡단중,안전운전불이행,건조,맑음,교차로 - 교차로부근,승용,남,50세,상해없음,보행자,여,62세,경상
2020113000100499,2020년 11월 30일 18시,월요일,전라남도 고흥군 풍양면,중상사고,0,1,1,0,차대차 - 추돌,안전운전불이행,건조,맑음,단일로 - 기타,화물,남,73세,중상,건설기계,남,58세,경상
2020113000100500,2020년 11월 30일 18시,월요일,전라남도 해남군 화원면,경상사고,0,0,1,0,차대차 - 추돌,안전운전불이행,건조,맑음,단일로 - 기타,화물,여,41세,상해없음,승용,여,56세,경상
2020113000100501,2020년 11월 30일 18시,월요일,전라남도 장성군 황룡면,중상사고,0,1,0,0,차대차 - 추돌,안전운전불이행,건조,맑음,단일로 - 기타,승용,남,30세,상해없음,농기계,남,57세,중상
2020113000100502,2020년 11월 30일 18시,월요일,전라남도 강진군 대구면,중상사고,0,1,0,0,차대사람 - 횡단중,안전운전불이행,건조,맑음,단일로 - 기타,승용,남,32세,상해없음,보행자,남,63세,중상
2020113000100556,2020년 11월 30일 19시,월요일,전라남도 여수시 문수동,경상사고,0,0,1,0,차대차 - 후진중충돌,안전운전불이행,건조,맑음,교차로 - 교차로안,승용,남,65세,상해없음,승용,남,37세,경상
2020113000100557,2020년 11월 30일 19시,월요일,전라남도 순천시 연향동,경상사고,0,0,1,0,차대차 - 기타,신호위반,건조,맑음,교차로 - 교차로안,승용,남,63세,상해없음,이륜,남,67세,경상
2020113000100609,2020년 11월 30일 21시,월요일,전라남도 목포시 옥암동,경상사고,0,0,1,0,차대차 - 추돌,안전거리미확보,건조,맑음,교차로 - 교차로안,승용,남,55세,기타불명,승용,여,43세,경상
2020113000100641,2020년 11월 30일 23시,월요일,전라남도 해남군 해남읍,경상사고,0,0,2,0,차대차 - 측면충돌,중앙선침범,건조,맑음,단일로 - 기타,승용,남,26세,상해없음,승용,남,60세,경상
2020120100100018,2020년 12월 1일 03시,화요일,전라남도 담양군 담양읍,경상사고,0,0,1,0,차량단독 - 공작물충돌,안전운전불이행,건조,흐림,교차로 - 교차로부근,승용,남,52세,경상,,,,
2020120100100034,2020년 12월 1일 06시,화요일,전라남도 함평군 나산면,부상신고사고,0,0,0,1,차량단독 - 공작물충돌,안전운전불이행,건조,맑음,단일로 - 기타,이륜,남,36세,부상신고,,,,
2020120100100065,2020년 12월 1일 07시,화요일,전라남도 여수시 소호동,중상사고,0,1,0,0,차대차 - 측면충돌,신호위반,건조,맑음,교차로 - 교차로안,승용,여,50세,상해없음,승용,여,53세,중상
2020120100100066,2020년 12월 1일 07시,화요일,전라남도 해남군 해남읍,중상사고,0,1,0,0,차대사람 - 횡단중,안전운전불이행,건조,맑음,교차로 - 교차로안,승용,남,25세,상해없음,보행자,여,83세,중상
2020120100100099,2020년 12월 1일 08시,화요일,전라남도 완도군 완도읍,사망사고,1,0,0,0,차대차 - 기타,중앙선침범,건조,맑음,단일로 - 기타,이륜,남,78세,사망,승용,남,50세,상해없음
2020120100100141,2020년 12월 1일 09시,화요일,전라남도 장흥군 장흥읍,경상사고,0,0,1,0,차대차 - 측면충돌,직진우회전진행방해,건조,맑음,교차로 - 교차로안,화물,남,53세,상해없음,화물,남,72세,경상
2020120100100142,2020년 12월 1일 09시,화요일,전라남도 영암군 영암읍,경상사고,0,0,1,0,차대차 - 측면충돌,안전운전불이행,건조,맑음,주차장 - 주차장,승용,여,58세,상해없음,승용,여,61세,경상
2020120100100143,2020년 12월 1일 09시,화요일,전라남도 강진군 강진읍,경상사고,0,0,1,0,차대사람 - 횡단중,안전운전불이행,건조,맑음,교차로 - 교차로횡단보도내,화물,남,67세,상해없음,보행자,여,63세,경상
2020120100100144,2020년 12월 1일 09시,화요일,전라남도 담양군 담양읍,중상사고,0,1,0,0,차대차 - 기타,불법유턴,건조,맑음,단일로 - 기타,자전거,남,87세,중상,승용,남,42세,상해없음
2020120100100169,2020년 12월 1일 10시,화요일,전라남도 순천시 덕암동,경상사고,0,0,1,0,차대차 - 측면충돌,교차로운행방법위반,건조,맑음,교차로 - 교차로안,승용,남,51세,상해없음,승용,남,50세,경상
2020120100100170,2020년 12월 1일 10시,화요일,전라남도 고흥군 도화면,중상사고,0,1,0,0,차량단독 - 전도전복 - 전도,안전운전불이행,건조,맑음,교차로 - 교차로부근,농기계,남,68세,중상,,,,
2020120100100207,2020년 12월 1일 11시,화요일,전라남도 순천시 조례동,경상사고,0,0,1,0,차대차 - 추돌,안전운전불이행,건조,맑음,단일로 - 기타,승용,남,47세,상해없음,승용,남,73세,경상
2020120100100208,2020년 12월 1일 11시,화요일,전라남도 나주시 이창동,중상사고,0,1,0,0,차대사람 - 기타,안전운전불이행,건조,맑음,교차로 - 교차로안,승용,남,71세,상해없음,보행자,남,88세,중상
2020120100100238,2020년 12월 1일 12시,화요일,전라남도 목포시 용당동,경상사고,0,0,2,0,차대차 - 측면충돌,중앙선침범,건조,맑음,단일로 - 기타,승용,여,58세,경상,화물,남,32세,경상
2020120100100239,2020년 12월 1일 12시,화요일,전라남도 순천시 연향동,부상신고사고,0,0,0,1,차대차 - 측면충돌,직진우회전진행방해,건조,맑음,교차로 - 교차로안,이륜,남,46세,부상신고,승용,남,22세,상해없음
2020120100100240,2020년 12월 1일 12시,화요일,전라남도 순천시 풍덕동,중상사고,0,1,0,0,차대차 - 기타,안전운전불이행,건조,맑음,교차로 - 교차로안,승용,남,61세,상해없음,원동기,남,32세,중상
2020120100100241,2020년 12월 1일 12시,화요일,전라남도 나주시 금성동,사망사고,1,0,0,0,차대차 - 측면충돌,안전운전불이행,건조,맑음,교차로 - 교차로부근,이륜,남,80세,사망,승용,여,44세,상해없음
2020120100100242,2020년 12월 1일 12시,화요일,전라남도 나주시 다도면,사망사고,1,0,0,0,차대사람 - 기타,안전운전불이행,건조,맑음,단일로 - 기타,승용,여,63세,상해없음,보행자,여,55세,사망
2020120100100243,2020년 12월 1일 12시,화요일,전라남도 장흥군 안양면,경상사고,0,0,1,0,차대차 - 기타,안전운전불이행,건조,맑음,단일로 - 기타,화물,남,62세,상해없음,승용,남,22세,경상
2020120100100289,2020년 12월 1일 13시,화요일,전라남도 여수시 둔덕동,중상사고,0,1,0,0,차대사람 - 기타,안전운전불이행,건조,맑음,주차장 - 주차장,승용,여,49세,상해없음,보행자,여,52세,중상
2020120100100290,2020년 12월 1일 13시,화요일,전라남도 보성군 벌교읍,중상사고,0,1,0,0,차대차 - 측면충돌,직진우회전진행방해,건조,맑음,교차로 - 교차로안,이륜,여,66세,중상,화물,남,75세,상해없음
2020120100100291,2020년 12월 1일 13시,화요일,전라남도 광양시 중동,경상사고,0,0,2,0,차대차 - 정면충돌,안전운전불이행,건조,맑음,교차로 - 교차로안,화물,남,64세,상해없음,승용,남,63세,경상
2020120100100333,2020년 12월 1일 14시,화요일,전라남도 여수시 학동,경상사고,0,0,1,0,차대차 - 측면충돌,차로위반,건조,맑음,교차로 - 교차로안,건설기계,남,46세,상해없음,화물,여,56세,경상
2020120100100334,2020년 12월 1일 14시,화요일,전라남도 강진군 성전면,경상사고,0,0,1,0,차대차 - 측면충돌,안전운전불이행,건조,맑음,단일로 - 기타,승용,남,43세,경상,화물,남,67세,기타불명
2020120100100369,2020년 12월 1일 15시,화요일,전라남도 여수시 안산동,경상사고,0,0,1,0,차대차 - 기타,안전운전불이행,건조,맑음,단일로 - 기타,승용,남,59세,상해없음,이륜,남,50세,경상
2020120100100417,2020년 12월 1일 16시,화요일,전라남도 영암군 덕진면,사망사고,1,0,0,0,차량단독 - 도로외이탈 - 추락,안전운전불이행,건조,맑음,단일로 - 기타,농기계,남,71세,사망,,,,
2020120100100461,2020년 12월 1일 17시,화요일,전라남도 목포시 산정동,경상사고,0,0,1,0,차대차 - 측면충돌,안전운전불이행,건조,맑음,단일로 - 기타,원동기,남,17세,경상,승용,남,56세,상해없음
2020120100100462,2020년 12월 1일 17시,화요일,전라남도 목포시 용해동,경상사고,0,0,2,0,차대차 - 측면충돌,중앙선침범,건조,맑음,단일로 - 기타,승용,남,59세,상해없음,승용,여,42세,경상
2020120100100463,2020년 12월 1일 17시,화요일,전라남도 여수시 여서동,경상사고,0,0,1,0,차대사람 - 횡단중,중앙선침범,건조,맑음,단일로 - 기타,승용,여,55세,상해없음,보행자,남,14세,경상
2020120100100509,2020년 12월 1일 18시,화요일,전라남도 목포시 호남동,경상사고,0,0,1,0,차대사람 - 기타,직진우회전진행방해,건조,맑음,교차로 - 교차로부근,승용,남,78세,상해없음,보행자,남,82세,경상
2020120100100510,2020년 12월 1일 18시,화요일,전라남도 목포시 옥암동,경상사고,0,0,1,0,차대차 - 기타,안전운전불이행,건조,맑음,교차로 - 교차로안,이륜,남,20세,상해없음,승용,여,46세,경상
2020120100100511,2020년 12월 1일 18시,화요일,전라남도 여수시 신기동,경상사고,0,0,1,0,차대차 - 측면충돌,교차로운행방법위반,건조,맑음,교차로 - 교차로안,승합,남,38세,상해없음,승용,여,50세,경상
2020120100100512,2020년 12월 1일 18시,화요일,전라남도 여수시 학동,경상사고,0,0,4,0,차대차 - 측면충돌,안전운전불이행,건조,맑음,단일로 - 기타,승용,여,27세,상해없음,승용,남,48세,경상
2020120100100513,2020년 12월 1일 18시,화요일,전라남도 순천시 오천동,경상사고,0,0,1,0,차대차 - 측면충돌,안전운전불이행,건조,맑음,단일로 - 기타,화물,남,58세,상해없음,이륜,남,35세,경상
2020120100100514,2020년 12월 1일 18시,화요일,전라남도 담양군 담양읍,경상사고,0,0,1,0,차대차 - 기타,안전거리미확보,건조,맑음,교차로 - 교차로부근,화물,남,29세,상해없음,승용,여,42세,경상
2020120100100587,2020년 12월 1일 20시,화요일,전라남도 목포시 용해동,경상사고,0,0,1,0,차대차 - 기타,안전운전불이행,건조,맑음,교차로 - 교차로부근,승용,남,38세,상해없음,승용,남,51세,경상