사고번호,사고일시,요일,시군구,사고내용,사망자수,중상자수,경상자수,부상신고자수,사고유형,법규위반,노면상태,기상상태,도로형태,가해운전자 차종,가해운전자 성별,가해운전자 연령,가해운전자 상해정도,피해운전자 차종,피해운전자 성별,피해운전자 연령,피해운전자 상해정도
2020121600100346,2020년 12월 16일 17시,수요일,전라남도 목포시 옥암동,사망사고,2,0,1,0,차대차 - 정면충돌,중앙선침범,건조,맑음,단일로 - 기타,승용,여,67세,사망,승합,남,66세,경상
2020121600100347,2020년 12월 16일 17시,수요일,전라남도 화순군 화순읍,경상사고,0,0,1,0,차대차 - 추돌,안전거리미확보,건조,맑음,단일로 - 기타,승용,여,47세,상해없음,승용,남,49세,경상
2020121600100348,2020년 12월 16일 17시,수요일,전라남도 광양시 광양읍,경상사고,0,0,1,0,차대차 - 측면충돌,안전운전불이행,건조,맑음,교차로 - 교차로부근,승용,남,28세,상해없음,화물,남,52세,경상
2020121600100400,2020년 12월 16일 18시,수요일,전라남도 여수시 여서동,경상사고,0,0,1,0,차대차 - 측면충돌,중앙선침범,건조,맑음,교차로 - 교차로안,이륜,남,33세,경상,승용,남,39세,상해없음
2020121600100401,2020년 12월 16일 18시,수요일,전라남도 담양군 봉산면,경상사고,0,0,2,0,차대차 - 측면충돌,신호위반,건조,맑음,교차로 - 교차로안,승용,남,70세,상해없음,승용,남,72세,경상
2020121600100402,2020년 12월 16일 18시,수요일,전라남도 무안군 무안읍,중상사고,0,1,0,0,차대사람 - 횡단중,안전운전불이행,건조,맑음,교차로 - 교차로횡단보도내,승용,여,26세,상해없음,보행자,여,29세,중상
2020121600100454,2020년 12월 16일 19시,수요일,전라남도 순천시 조례동,중상사고,0,2,0,0,차대차 - 측면충돌,신호위반,건조,맑음,교차로 - 교차로안,원동기,남,17세,중상,원동기,남,43세,중상
2020121600100489,2020년 12월 16일 20시,수요일,전라남도 강진군 성전면,경상사고,0,0,1,0,차대차 - 측면충돌,신호위반,건조,맑음,교차로 - 교차로안,화물,남,52세,상해없음,승용,남,28세,경상
2020121600100490,2020년 12월 16일 20시,수요일,전라남도 무안군 무안읍,경상사고,0,0,1,0,차대차 - 추돌,안전운전불이행,젖음/습기,흐림,기타 - 기타,승용,남,71세,상해없음,승용,여,46세,경상
2020121600100530,2020년 12월 16일 21시,수요일,전라남도 여수시 신월동,경상사고,0,0,2,0,차대차 - 측면충돌,안전운전불이행,건조,맑음,단일로 - 기타,승용,남,47세,상해없음,승용,남,47세,경상
2020121600100531,2020년 12월 16일 21시,수요일,전라남도 순천시 매곡동,경상사고,0,0,1,0,차대차 - 추돌,안전운전불이행,건조,맑음,교차로 - 교차로부근,승용,남,38세,상해없음,승용,여,29세,경상
2020121600100532,2020년 12월 16일 21시,수요일,전라남도 나주시 빛가람동,경상사고,0,0,1,0,차대차 - 측면충돌,차로위반,서리/결빙,눈,교차로 - 교차로부근,승용,여,47세,상해없음,이륜,남,28세,경상
2020121600100533,2020년 12월 16일 21시,수요일,전라남도 곡성군 오곡면,부상신고사고,0,0,0,1,차대차 - 기타,안전운전불이행,건조,맑음,단일로 - 기타,화물,남,47세,부상신고,화물,남,36세,상해없음
2020121600100552,2020년 12월 16일 22시,수요일,전라남도 화순군 화순읍,중상사고,0,1,0,0,차대사람 - 기타,안전운전불이행,건조,맑음,단일로 - 기타,승용,남,33세,상해없음,보행자,남,75세,중상
2020121700100054,2020년 12월 17일 07시,목요일,전라남도 여수시 학동,경상사고,0,0,1,0,차대차 - 후진중충돌,안전운전불이행,건조,맑음,교차로 - 교차로부근,승용,남,50세,상해없음,승용,남,47세,경상
2020121700100055,2020년 12월 17일 07시,목요일,전라남도 고흥군 봉래면,중상사고,0,1,0,0,차대사람 - 횡단중,안전운전불이행,건조,맑음,단일로 - 기타,승용,남,37세,상해없음,보행자,여,81세,중상
2020121700100056,2020년 12월 17일 07시,목요일,전라남도 강진군 강진읍,중상사고,0,1,1,0,차대차 - 측면충돌,직진우회전진행방해,건조,맑음,교차로 - 교차로안,승용,여,22세,경상,승용,여,49세,중상
2020121700100057,2020년 12월 17일 07시,목요일,전라남도 곡성군 곡성읍,중상사고,0,3,1,0,차대차 - 측면충돌,교차로운행방법위반,건조,맑음,교차로 - 교차로안,승용,남,49세,경상,승용,남,63세,중상
2020121700100058,2020년 12월 17일 07시,목요일,전라남도 광양시 광양읍,경상사고,0,0,1,0,차대차 - 측면충돌,교차로운행방법위반,건조,맑음,교차로 - 교차로안,승용,남,26세,상해없음,승용,여,38세,경상
2020121700100088,2020년 12월 17일 08시,목요일,전라남도 여수시 둔덕동,중상사고,0,1,0,0,차량단독 - 기타,안전운전불이행,건조,맑음,교차로 - 교차로부근,승합,남,43세,상해없음,,,,
2020121700100089,2020년 12월 17일 08시,목요일,전라남도 광양시 광양읍,경상사고,0,0,1,0,차대차 - 측면충돌,중앙선침범,건조,맑음,교차로 - 교차로부근,승용,남,53세,상해없음,승용,남,41세,경상
2020121700100090,2020년 12월 17일 08시,목요일,전라남도 광양시 황길동,경상사고,0,0,1,0,차대차 - 측면충돌,안전운전불이행,건조,맑음,교차로 - 교차로안,화물,남,59세,상해없음,승용,여,49세,경상
2020121700100129,2020년 12월 17일 09시,목요일,전라남도 여수시 돌산읍,경상사고,0,0,1,0,차대차 - 측면충돌,안전운전불이행,건조,맑음,교차로 - 교차로안,원동기,남,34세,상해없음,승용,남,67세,경상
2020121700100130,2020년 12월 17일 09시,목요일,전라남도 담양군 담양읍,경상사고,0,0,2,1,차대차 - 추돌,안전운전불이행,건조,맑음,단일로 - 기타,승용,여,46세,부상신고,승용,여,36세,경상
2020121700100131,2020년 12월 17일 09시,목요일,전라남도 진도군 의신면,부상신고사고,0,0,0,1,차대사람 - 기타,안전운전불이행,건조,맑음,단일로 - 기타,승합,남,58세,상해없음,보행자,여,61세,부상신고
2020121700100166,2020년 12월 17일 10시,목요일,전라남도 여수시 화장동,중상사고,0,1,1,0,차대차 - 측면충돌,중앙선침범,건조,맑음,교차로 - 교차로부근,승용,여,40세,상해없음,승용,여,42세,중상
2020121700100167,2020년 12월 17일 10시,목요일,전라남도 여수시 봉산동,중상사고,0,1,0,0,차대사람 - 횡단중,보행자보호의무위반,건조,맑음,단일로 - 기타,승용,여,26세,상해없음,보행자,남,76세,중상
2020121700100198,2020년 12월 17일 11시,목요일,전라남도 목포시 연산동,경상사고,0,0,2,0,차대차 - 기타,안전운전불이행,건조,맑음,단일로 - 기타,화물,남,66세,경상,건설기계,남,46세,경상
2020121700100199,2020년 12월 17일 11시,목요일,전라남도 곡성군 고달면,중상사고,0,1,1,0,차대차 - 기타,직진우회전진행방해,건조,맑음,교차로 - 교차로안,화물,남,63세,경상,화물,남,65세,중상
2020121700100234,2020년 12월 17일 12시,목요일,전라남도 함평군 함평읍,경상사고,0,0,1,0,차대사람 - 기타,안전운전불이행,건조,맑음,단일로 - 기타,승용,남,62세,상해없음,보행자,남,80세,경상
2020121700100270,2020년 12월 17일 13시,목요일,전라남도 목포시 산정동,중상사고,0,1,0,0,차대차 - 기타,안전거리미확보,건조,맑음,단일로 - 기타,자전거,남,76세,중상,승용,여,59세,상해없음
2020121700100271,2020년 12월 17일 13시,목요일,전라남도 목포시 죽교동,경상사고,0,0,1,0,차대차 - 측면충돌,안전운전불이행,건조,맑음,교차로 - 교차로안,승용,남,81세,상해없음,승용,남,41세,경상
2020121700100365,2020년 12월 17일 16시,목요일,전라남도 함평군 함평읍,경상사고,0,0,1,1,차대차 - 정면충돌,안전운전불이행,건조,맑음,교차로 - 교차로안,승용,여,62세,부상신고,승용,남,63세,경상
2020121700100366,2020년 12월 17일 16시,목요일,전라남도 강진군 마량면,경상사고,0,0,3,0,차대차 - 측면충돌,직진우회전진행방해,건조,맑음,교차로 - 교차로안,승용,여,48세,경상,승용,남,23세,경상
2020121700100394,2020년 12월 17일 17시,목요일,전라남도 영암군 학산면,중상사고,0,2,0,0,차대차 - 측면충돌,중앙선침범,건조,맑음,교차로 - 교차로안,승용,여,18세,상해없음,화물,남,60세,중상
2020121700100395,2020년 12월 17일 17시,목요일,전라남도 광양시 광양읍,중상사고,0,1,2,0,차대차 - 측면충돌,직진우회전진행방해,건조,맑음,교차로 - 교차로안,승용,남,29세,경상,승용,남,82세,상해없음
2020121700100442,2020년 12월 17일 18시,목요일,전라남도 여수시 학동,경상사고,0,0,1,0,차대차 - 측면충돌,안전운전불이행,건조,맑음,교차로 - 교차로안,승용,여,54세,상해없음,승용,남,55세,경상
2020121700100443,2020년 12월 17일 18시,목요일,전라남도 나주시 용산동,경상사고,0,0,1,0,차대차 - 측면충돌,직진우회전진행방해,건조,맑음,교차로 - 교차로안,승용,남,61세,상해없음,승용,여,61세,상해없음
2020121700100520,2020년 12월 17일 20시,목요일,전라남도 여수시 학동,경상사고,0,0,2,0,차대차 - 측면충돌,교차로운행방법위반,건조,맑음,교차로 - 교차로안,이륜,남,40세,상해없음,승용,남,28세,경상
2020121700100553,2020년 12월 17일 21시,목요일,전라남도 여수시 선원동,경상사고,0,0,1,0,차대차 - 추돌,안전운전불이행,건조,맑음,교차로 - 교차로부근,승용,남,26세,상해없음,승합,남,58세,경상
2020121700100554,2020년 12월 17일 21시,목요일,전라남도 나주시 남평읍,경상사고,0,0,1,2,차대차 - 측면충돌,신호위반,건조,맑음,교차로 - 교차로안,승용,여,48세,경상,화물,남,44세,부상신고
2020121700100555,2020년 12월 17일 21시,목요일,전라남도 무안군 삼향읍,중상사고,0,1,1,0,차대차 - 측면충돌,안전운전불이행,건조,맑음,교차로 - 교차로안,승용,남,26세,경상,승용,남,39세,중상
2020121700100556,2020년 12월 17일 21시,목요일,전라남도 구례군 산동면,사망사고,1,1,0,0,차대차 - 기타,안전운전불이행,건조,맑음,단일로 - 기타,승용,남,53세,중상,승용,남,58세,상해없음
2020121700100575,2020년 12월 17일 22시,목요일,전라남도 여수시 관문동,경상사고,0,0,1,0,차대차 - 기타,안전거리미확보,건조,맑음,교차로 - 교차로부근,승용,남,61세,상해없음,이륜,남,19세,경상
2020121700100576,2020년 12월 17일 22시,목요일,전라남도 광양시 광양읍,경상사고,0,0,1,0,차대차 - 측면충돌,교차로운행방법위반,건조,맑음,교차로 - 교차로안,승용,남,35세,상해없음,승용,남,29세,경상
2020121800100017,2020년 12월 18일 04시,금요일,전라남도 나주시 산포면,경상사고,0,0,1,0,차대차 - 기타,안전운전불이행,건조,맑음,단일로 - 기타,승용,남,20세,경상,승용,남,63세,상해없음
2020121800100097,2020년 12월 18일 08시,금요일,전라남도 여수시 호명동,중상사고,0,1,0,0,차대차 - 기타,안전운전불이행,건조,맑음,단일로 - 기타,화물,남,63세,상해없음,승용,남,72세,중상
2020121800100140,2020년 12월 18일 10시,금요일,전라남도 목포시 상동,경상사고,0,0,1,0,차대차 - 기타,차로위반,건조,맑음,단일로 - 기타,승용,여,62세,상해없음,승용,여,61세,경상
2020121800100141,2020년 12월 18일 10시,금요일,전라남도 고흥군 고흥읍,중상사고,0,1,0,0,차대사람 - 길가장자리구역통행중,안전운전불이행,건조,맑음,단일로 - 기타,승용,여,42세,상해없음,보행자,여,70세,중상
2020121800100265,2020년 12월 18일 14시,금요일,전라남도 순천시 조례동,경상사고,0,0,2,0,차대차 - 측면충돌,직진우회전진행방해,건조,맑음,교차로 - 교차로안,원동기,남,29세,경상,승용,여,41세,경상
2020121800100266,2020년 12월 18일 14시,금요일,전라남도 구례군 구례읍,경상사고,0,0,2,0,차대차 - 기타,직진우회전진행방해,건조,맑음,교차로 - 교차로안,승용,남,84세,경상,화물,남,22세,경상
2020121800100313,2020년 12월 18일 15시,금요일,전라남도 여수시 학동,경상사고,0,0,1,0,차대차 - 기타,안전운전불이행,건조,맑음,단일로 - 기타,승용,여,21세,상해없음,승용,여,43세,경상
2020121800100314,2020년 12월 18일 15시,금요일,전라남도 순천시 동외동,사망사고,1,0,0,0,차대차 - 추돌,안전운전불이행,건조,맑음,교차로 - 교차로부근,건설기계,남,60세,상해없음,이륜,남,75세,사망
2020121800100353,2020년 12월 18일 16시,금요일,전라남도 목포시 상동,경상사고,0,0,3,0,차대차 - 추돌,안전운전불이행,건조,흐림,교차로 - 교차로부근,승용,남,57세,경상,승용,남,66세,경상
2020121800100354,2020년 12월 18일 16시,금요일,전라남도 목포시 용당동,경상사고,0,0,3,0,차대차 - 측면충돌,차로위반,건조,맑음,단일로 - 기타,승용,남,59세,경상,승용,여,41세,경상
2020121800100355,2020년 12월 18일 16시,금요일,전라남도 여수시 신월동,경상사고,0,0,1,0,차대차 - 측면충돌,안전거리미확보,건조,맑음,교차로 - 교차로안,승용,남,34세,상해없음,승용,남,39세,경상
2020121800100356,2020년 12월 18일 16시,금요일,전라남도 여수시 신기동,중상사고,0,1,0,0,차대사람 - 횡단중,안전운전불이행,건조,맑음,단일로 - 기타,승용,남,32세,상해없음,보행자,남,56세,중상
2020121800100402,2020년 12월 18일 17시,금요일,전라남도 여수시 신기동,사망사고,1,0,0,0,차대사람 - 횡단중,과속,건조,맑음,단일로 - 기타,화물,남,63세,상해없음,보행자,여,78세,사망
2020121800100403,2020년 12월 18일 17시,금요일,전라남도 여수시 미평동,경상사고,0,0,2,0,차대차 - 추돌,안전운전불이행,건조,맑음,교차로 - 교차로안,승용,여,29세,상해없음,승용,남,43세,경상
2020121800100404,2020년 12월 18일 17시,금요일,전라남도 순천시 왕지동,부상신고사고,0,0,0,1,차대차 - 추돌,안전거리미확보,건조,맑음,단일로 - 기타,이륜,남,28세,부상신고,승용,여,39세,상해없음
2020121800100405,2020년 12월 18일 17시,금요일,전라남도 강진군 칠량면,경상사고,0,0,1,0,차량단독 - 기타,안전운전불이행,건조,맑음,단일로 - 기타,이륜,남,76세,경상,,,,
2020121800100478,2020년 12월 18일 18시,금요일,전라남도 목포시 옥암동,경상사고,0,0,3,0,차대차 - 기타,교차로운행방법위반,건조,기타,교차로 - 교차로안,승용,남,27세,경상,승용,여,40세,경상
2020121800100479,2020년 12월 18일 18시,금요일,전라남도 목포시 산정동,경상사고,0,0,1,0,차대차 - 기타,신호위반,건조,맑음,교차로 - 교차로안,승용,여,42세,상해없음,승용,여,36세,경상
2020121800100480,2020년 12월 18일 18시,금요일,전라남도 순천시 왕지동,경상사고,0,0,3,0,차대차 - 측면충돌,직진우회전진행방해,건조,맑음,교차로 - 교차로안,승용,여,29세,경상,승용,남,22세,경상
2020121800100481,2020년 12월 18일 18시,금요일,전라남도 나주시 문평면,경상사고,0,0,1,0,차대사람 - 기타,안전운전불이행,건조,맑음,교차로 - 교차로부근,화물,남,55세,상해없음,보행자,남,74세,경상
2020121800100482,2020년 12월 18일 18시,금요일,전라남도 해남군 계곡면,경상사고,0,0,1,0,차대차 - 측면충돌,안전운전불이행,건조,맑음,단일로 - 기타,화물,남,29세,상해없음,승용,남,40세,경상
2020121800100483,2020년 12월 18일 18시,금요일,전라남도 함평군 함평읍,경상사고,0,0,2,0,차대차 - 측면충돌,교차로운행방법위반,건조,맑음,교차로 - 교차로안,승용,여,33세,경상,승용,여,29세,경상
2020121800100484,2020년 12월 18일 18시,금요일,전라남도 영암군 삼호읍,경상사고,0,0,3,0,차대차 - 측면충돌,안전운전불이행,건조,맑음,교차로 - 교차로안,승용,남,21세,경상,승용,남,50세,경상
2020121800100485,2020년 12월 18일 18시,금요일,전라남도 영암군 삼호읍,부상신고사고,0,0,0,1,차대사람 - 기타,안전운전불이행,건조,맑음,교차로 - 교차로안,승용,남,56세,상해없음,보행자,남,47세,부상신고
2020121800100536,2020년 12월 18일 19시,금요일,전라남도 무안군 무안읍,경상사고,0,0,1,0,차대차 - 정면충돌,안전운전불이행,건조,기타,교차로 - 교차로안,승용,남,47세,상해없음,승용,여,48세,경상
2020121800100586,2020년 12월 18일 20시,금요일,전라남도 여수시 여서동,경상사고,0,0,1,0,차대차 - 측면충돌,안전거리미확보,건조,맑음,교차로 - 교차로안,승용,여,58세,상해없음,승용,여,53세,경상
2020121800100640,2020년 12월 18일 21시,금요일,전라남도 광양시 중동,경상사고,0,0,1,0,차량단독 - 공작물충돌,기타,건조,맑음,교차로 - 교차로안,승용,남,44세,경상,,,,
2020121800100676,2020년 12월 18일 22시,금요일,전라남도 여수시 신기동,경상사고,0,0,1,0,차대사람 - 횡단중,안전운전불이행,건조,맑음,단일로 - 기타,승용,여,59세,상해없음,보행자,남,62세,경상
2020121800100677,2020년 12월 18일 22시,금요일,전라남도 순천시 연향동,경상사고,0,0,3,0,차대차 - 측면충돌,직진우회전진행방해,건조,맑음,교차로 - 교차로안,승용,남,67세,경상,승용,남,26세,경상
2020121900100005,2020년 12월 19일 00시,토요일,전라남도 화순군 화순읍,경상사고,0,0,1,0,차대차 - 기타,차로위반,건조,맑음,교차로 - 교차로안,승용,여,48세,상해없음,승용,남,47세,경상
2020121900100014,2020년 12월 19일 01시,토요일,전라남도 여수시 문수동,경상사고,0,0,1,0,차대차 - 측면충돌,안전운전불이행,건조,맑음,단일로 - 기타,승용,여,48세,상해없음,화물,남,59세,경상
2020121900100043,2020년 12월 19일 06시,토요일,전라남도 보성군 회천면,경상사고,0,0,1,0,차대차 - 측면충돌,중앙선침범,건조,맑음,기타 - 기타,승용,남,78세,상해없음,화물,남,54세,경상
2020121900100080,2020년 12월 19일 09시,토요일,전라남도 목포시 죽교동,경상사고,0,0,1,0,차대사람 - 차도통행중,안전운전불이행,건조,맑음,기타 - 기타,승용,남,58세,상해없음,보행자,남,36세,경상
2020121900100081,2020년 12월 19일 09시,토요일,전라남도 여수시 수정동,중상사고,0,1,0,0,차대차 - 측면충돌,안전운전불이행,건조,맑음,단일로 - 기타,이륜,남,24세,중상,승용,남,31세,상해없음
2020121900100082,2020년 12월 19일 09시,토요일,전라남도 순천시 왕지동,중상사고,0,1,0,0,차대차 - 측면충돌,차로위반,건조,맑음,교차로 - 교차로부근,승용,남,66세,상해없음,승용,남,50세,중상
2020121900100104,2020년 12월 19일 10시,토요일,전라남도 순천시 연향동,경상사고,0,0,2,0,차대차 - 측면충돌,교차로운행방법위반,건조,맑음,교차로 - 교차로안,화물,남,45세,상해없음,승용,남,46세,경상
2020121900100105,2020년 12월 19일 10시,토요일,전라남도 보성군 벌교읍,경상사고,0,0,1,0,차대사람 - 보도통행중,안전운전불이행,건조,맑음,단일로 - 기타,승용,남,67세,상해없음,보행자,여,66세,경상
2020121900100135,2020년 12월 19일 11시,토요일,전라남도 여수시 신기동,경상사고,0,0,3,0,차대차 - 추돌,안전운전불이행,건조,맑음,단일로 - 기타,건설기계,남,53세,상해없음,승용,남,36세,경상
2020121900100166,2020년 12월 19일 12시,토요일,전라남도 영광군 영광읍,경상사고,0,0,1,0,차대차 - 측면충돌,안전운전불이행,건조,맑음,단일로 - 기타,화물,남,65세,상해없음,승용,여,58세,경상
2020121900100203,2020년 12월 19일 13시,토요일,전라남도 여수시 만흥동,중상사고,0,2,4,0,차대차 - 추돌,안전운전불이행,건조,맑음,기타 - 기타,승용,남,61세,중상,승용,남,50세,경상
2020121900100232,2020년 12월 19일 14시,토요일,전라남도 목포시 옥암동,경상사고,0,0,2,0,차대차 - 추돌,안전운전불이행,건조,맑음,단일로 - 기타,승용,남,62세,상해없음,승용,여,40세,경상
2020121900100233,2020년 12월 19일 14시,토요일,전라남도 나주시 삼영동,경상사고,0,0,2,0,차대차 - 정면충돌,직진우회전진행방해,건조,맑음,교차로 - 교차로안,승용,남,62세,상해없음,화물,남,61세,경상
2020121900100234,2020년 12월 19일 14시,토요일,전라남도 나주시 남평읍,경상사고,0,0,2,0,차대차 - 추돌,안전거리미확보,건조,맑음,단일로 - 기타,화물,남,59세,상해없음,승용,여,23세,경상
2020121900100235,2020년 12월 19일 14시,토요일,전라남도 나주시 왕곡면,경상사고,0,0,1,0,차대차 - 기타,차로위반,건조,맑음,단일로 - 기타,화물,남,58세,상해없음,승용,남,45세,상해없음
2020121900100236,2020년 12월 19일 14시,토요일,전라남도 무안군 삼향읍,경상사고,0,0,2,0,차대차 - 기타,안전운전불이행,건조,맑음,기타 - 기타,승용,여,41세,경상,승용,여,42세,경상
2020121900100270,2020년 12월 19일 15시,토요일,전라남도 여수시 주삼동,중상사고,0,1,1,0,차대차 - 기타,신호위반,건조,맑음,기타 - 기타,승용,남,43세,상해없음,화물,남,60세,경상
2020121900100271,2020년 12월 19일 15시,토요일,전라남도 여수시 종화동,경상사고,0,0,3,0,차대차 - 기타,안전운전불이행,건조,맑음,교차로 - 교차로부근,승용,남,73세,상해없음,승용,여,27세,경상
2020121900100304,2020년 12월 19일 16시,토요일,전라남도 목포시 상동,경상사고,0,0,1,0,차대차 - 기타,중앙선침범,건조,기타,단일로 - 기타,자전거,남,53세,경상,승용,남,21세,상해없음
2020121900100305,2020년 12월 19일 16시,토요일,전라남도 목포시 용해동,경상사고,0,0,1,0,차대차 - 기타,안전운전불이행,건조,맑음,단일로 - 기타,이륜,남,35세,상해없음,승용,남,52세,경상
2020121900100306,2020년 12월 19일 16시,토요일,전라남도 장성군 황룡면,경상사고,0,0,1,0,차대차 - 기타,안전운전불이행,건조,맑음,교차로 - 교차로안,건설기계,남,59세,상해없음,승용,남,49세,경상
2020121900100342,2020년 12월 19일 17시,토요일,전라남도 해남군 해남읍,경상사고,0,0,3,0,차대차 - 추돌,안전운전불이행,건조,맑음,기타 - 기타,승용,남,25세,상해없음,승용,여,49세,경상
2020121900100343,2020년 12월 19일 17시,토요일,전라남도 순천시 서면,경상사고,0,0,1,0,차대차 - 기타,안전운전불이행,건조,맑음,단일로 - 기타,화물,남,50세,상해없음,승용,여,63세,경상
2020121900100395,2020년 12월 19일 18시,토요일,전라남도 여수시 상암동,부상신고사고,0,0,0,1,차대차 - 추돌,안전운전불이행,건조,맑음,단일로 - 기타,화물,남,60세,상해없음,승합,남,42세,부상신고
2020121900100396,2020년 12월 19일 18시,토요일,전라남도 순천시 조례동,경상사고,0,0,2,0,차대사람 - 차도통행중,안전운전불이행,건조,맑음,교차로 - 교차로부근,승용,여,45세,상해없음,보행자,여,19세,경상
2020121900100397,2020년 12월 19일 18시,토요일,전라남도 고흥군 도양읍,경상사고,0,0,6,0,차대차 - 기타,직진우회전진행방해,건조,맑음,교차로 - 교차로안,승용,남,41세,경상,승용,남,49세,경상
2020121900100398,2020년 12월 19일 18시,토요일,전라남도 담양군 담양읍,경상사고,0,0,2,0,차대차 - 측면충돌,과속,건조,맑음,교차로 - 교차로안,승용,남,24세,상해없음,승용,여,47세,경상
2020121900100560,2020년 12월 19일 22시,토요일,전라남도 목포시 옥암동,경상사고,0,0,3,0,차대차 - 기타,안전운전불이행,건조,맑음,교차로 - 교차로부근,승용,남,40세,상해없음,승용,남,22세,경상
2020121900100561,2020년 12월 19일 22시,토요일,전라남도 나주시 남평읍,경상사고,0,0,1,0,차대차 - 측면충돌,안전운전불이행,건조,맑음,단일로 - 기타,승합,남,58세,상해없음,개인형이동수단(PM),남,51세,경상
2020121900100562,2020년 12월 19일 22시,토요일,전라남도 고흥군 포두면,중상사고,0,1,0,0,차량단독 - 기타,안전운전불이행,건조,맑음,단일로 - 기타,승용,남,49세,중상,,,,
2020121900100589,2020년 12월 19일 23시,토요일,전라남도 순천시 매곡동,부상신고사고,0,0,0,1,차량단독 - 기타,안전운전불이행,건조,맑음,기타 - 기타,승용,남,66세,상해없음,,,,
2020122000100005,2020년 12월 20일 00시,일요일,전라남도 여수시 문수동,경상사고,0,0,1,0,차대차 - 측면충돌,안전운전불이행,건조,맑음,교차로 - 교차로부근,승용,여,24세,상해없음,기타불명,기타불명,미분류,기타불명
2020122000100043,2020년 12월 20일 09시,일요일,전라남도 나주시 삼도동,경상사고,0,0,1,0,차대차 - 측면충돌,교차로운행방법위반,건조,맑음,교차로 - 교차로안,건설기계,남,51세,상해없음,승용,남,31세,경상
2020122000100053,2020년 12월 20일 10시,일요일,전라남도 나주시 보산동,경상사고,0,0,1,0,차대차 - 측면충돌,안전운전불이행,건조,맑음,단일로 - 기타,승용,여,33세,상해없음,승용,남,52세,경상
2020122000100054,2020년 12월 20일 10시,일요일,전라남도 담양군 수북면,중상사고,0,1,2,0,차대차 - 측면충돌,기타,건조,맑음,교차로 - 교차로횡단보도내,화물,여,63세,경상,화물,남,71세,중상
2020122000100069,2020년 12월 20일 11시,일요일,전라남도 장성군 남면,경상사고,0,0,2,0,차대차 - 기타,안전운전불이행,건조,맑음,단일로 - 기타,승용,남,65세,상해없음,승용,남,40세,경상
2020122000100070,2020년 12월 20일 11시,일요일,전라남도 무안군 해제면,중상사고,0,2,2,0,차대차 - 정면충돌,안전운전불이행,건조,맑음,교차로 - 교차로안,승용,여,44세,경상,화물,남,66세,상해없음
2020122000100087,2020년 12월 20일 12시,일요일,전라남도 순천시 별량면,중상사고,0,1,1,0,차대차 - 기타,과속,건조,맑음,교차로 - 교차로안,승용,남,66세,중상,승용,남,59세,경상
2020122000100088,2020년 12월 20일 12시,일요일,전라남도 순천시 장천동,중상사고,0,1,0,0,차대차 - 측면충돌,차로위반,건조,맑음,교차로 - 교차로부근,승용,남,69세,상해없음,이륜,남,24세,중상
2020122000100116,2020년 12월 20일 13시,일요일,전라남도 목포시 용당동,경상사고,0,0,1,0,차대사람 - 기타,안전운전불이행,건조,맑음,단일로 - 기타,승용,남,47세,상해없음,보행자,남,28세,경상
2020122000100148,2020년 12월 20일 14시,일요일,전라남도 순천시 조례동,경상사고,0,0,1,0,차대차 - 기타,직진우회전진행방해,건조,맑음,교차로 - 교차로안,승용,남,25세,상해없음,승용,남,31세,상해없음
2020122000100149,2020년 12월 20일 14시,일요일,전라남도 보성군 율어면,중상사고,0,1,0,0,차량단독 - 공작물충돌,안전운전불이행,건조,맑음,단일로 - 교량,화물,남,73세,중상,,,,
2020122000100150,2020년 12월 20일 14시,일요일,전라남도 강진군 마량면,경상사고,0,0,1,0,차량단독 - 기타,안전운전불이행,건조,맑음,단일로 - 기타,이륜,남,86세,경상,,,,
2020122000100174,2020년 12월 20일 15시,일요일,전라남도 나주시 대호동,경상사고,0,0,1,1,차대차 - 측면충돌,직진우회전진행방해,건조,맑음,교차로 - 교차로안,승용,여,30세,부상신고,승용,남,37세,경상
2020122000100209,2020년 12월 20일 17시,일요일,전라남도 화순군 화순읍,경상사고,0,0,1,0,차대차 - 기타,직진우회전진행방해,건조,맑음,교차로 - 교차로안,승용,남,36세,상해없음,승용,남,66세,경상
2020122000100241,2020년 12월 20일 18시,일요일,전라남도 영암군 미암면,경상사고,0,0,2,0,차대차 - 기타,기타,건조,맑음,교차로 - 교차로안,승용,여,60세,상해없음,승용,남,27세,경상
2020122000100276,2020년 12월 20일 19시,일요일,전라남도 목포시 대성동,중상사고,0,1,0,0,차대차 - 측면충돌,안전운전불이행,건조,맑음,단일로 - 기타,승용,여,47세,상해없음,자전거,남,62세,중상
2020122000100353,2020년 12월 20일 23시,일요일,전라남도 여수시 학동,중상사고,0,1,0,0,차대차 - 후진중충돌,안전운전불이행,건조,맑음,교차로 - 교차로안,승용,남,51세,상해없음,이륜,남,18세,중상
2020122100100016,2020년 12월 21일 02시,월요일,전라남도 목포시 옥암동,경상사고,0,0,1,0,차대차 - 측면충돌,신호위반,건조,맑음,교차로 - 교차로안,승용,남,25세,상해없음,승용,남,37세,경상
2020122100100019,2020년 12월 21일 04시,월요일,전라남도 여수시 화양면,경상사고,0,0,2,0,차량단독 - 공작물충돌,안전운전불이행,건조,맑음,단일로 - 기타,승용,남,19세,상해없음,,,,