사고번호,사고일시,요일,시군구,사고내용,사망자수,중상자수,경상자수,부상신고자수,사고유형,법규위반,노면상태,기상상태,도로형태,가해운전자 차종,가해운전자 성별,가해운전자 연령,가해운전자 상해정도,피해운전자 차종,피해운전자 성별,피해운전자 연령,피해운전자 상해정도
2020122100100025,2020년 12월 21일 05시,월요일,전라남도 여수시 여서동,경상사고,0,0,1,0,차대사람 - 기타,안전운전불이행,건조,맑음,기타 - 기타,승용,남,30세,상해없음,보행자,남,36세,경상
2020122100100063,2020년 12월 21일 07시,월요일,전라남도 영암군 삼호읍,경상사고,0,0,1,0,차대차 - 정면충돌,신호위반,건조,맑음,교차로 - 교차로안,승용,남,41세,상해없음,자전거,남,55세,경상
2020122100100104,2020년 12월 21일 08시,월요일,전라남도 담양군 담양읍,경상사고,0,0,1,0,차대차 - 기타,불법유턴,건조,맑음,단일로 - 기타,자전거,여,71세,경상,승용,남,50세,상해없음
2020122100100162,2020년 12월 21일 10시,월요일,전라남도 목포시 산정동,경상사고,0,0,1,0,차대차 - 측면충돌,중앙선침범,건조,맑음,교차로 - 교차로부근,승용,남,71세,기타불명,승용,남,21세,경상
2020122100100163,2020년 12월 21일 10시,월요일,전라남도 나주시 산포면,경상사고,0,0,4,0,차대차 - 추돌,안전거리미확보,건조,맑음,단일로 - 기타,특수,남,60세,상해없음,화물,남,32세,경상
2020122100100204,2020년 12월 21일 11시,월요일,전라남도 광양시 광양읍,경상사고,0,0,1,0,차대차 - 측면충돌,안전운전불이행,건조,맑음,교차로 - 교차로안,화물,남,62세,상해없음,원동기,남,38세,경상
2020122100100241,2020년 12월 21일 12시,월요일,전라남도 목포시 옥암동,경상사고,0,0,2,0,차대차 - 측면충돌,안전운전불이행,건조,맑음,단일로 - 기타,승용,남,63세,상해없음,승용,남,51세,경상
2020122100100269,2020년 12월 21일 13시,월요일,전라남도 순천시 서면,경상사고,0,0,2,0,차대차 - 정면충돌,중앙선침범,건조,맑음,단일로 - 교량,승용,남,49세,경상,승용,여,59세,경상
2020122100100301,2020년 12월 21일 14시,월요일,전라남도 해남군 송지면,사망사고,1,1,1,0,차대차 - 정면충돌,중앙선침범,건조,맑음,교차로 - 교차로부근,화물,남,69세,경상,화물,남,63세,사망
2020122100100335,2020년 12월 21일 15시,월요일,전라남도 강진군 강진읍,경상사고,0,0,1,0,차대차 - 기타,안전운전불이행,건조,맑음,단일로 - 기타,승용,남,52세,상해없음,승용,여,58세,경상
2020122100100336,2020년 12월 21일 15시,월요일,전라남도 광양시 중동,경상사고,0,0,3,0,차대차 - 측면충돌,안전운전불이행,건조,맑음,단일로 - 기타,승용,여,33세,상해없음,승용,여,34세,경상
2020122100100375,2020년 12월 21일 16시,월요일,전라남도 나주시 남내동,경상사고,0,0,1,0,차대차 - 측면충돌,직진우회전진행방해,건조,맑음,교차로 - 교차로안,승용,여,74세,상해없음,승용,여,22세,경상
2020122100100419,2020년 12월 21일 17시,월요일,전라남도 여수시 웅천동,경상사고,0,0,1,0,차대차 - 측면충돌,차로위반,건조,맑음,교차로 - 교차로부근,화물,남,65세,상해없음,승용,여,43세,경상
2020122100100476,2020년 12월 21일 18시,월요일,전라남도 목포시 옥암동,경상사고,0,0,1,0,차대차 - 측면충돌,안전거리미확보,건조,맑음,단일로 - 기타,건설기계,남,68세,기타불명,승용,남,50세,경상
2020122100100477,2020년 12월 21일 18시,월요일,전라남도 화순군 화순읍,중상사고,0,1,0,0,차대차 - 측면충돌,교차로운행방법위반,건조,맑음,교차로 - 교차로안,이륜,남,61세,중상,승용,남,21세,상해없음
2020122100100529,2020년 12월 21일 19시,월요일,전라남도 여수시 선원동,경상사고,0,0,1,0,차대차 - 측면충돌,차로위반,건조,맑음,기타 - 기타,승용,여,60세,상해없음,이륜,남,24세,경상
2020122100100577,2020년 12월 21일 20시,월요일,전라남도 고흥군 금산면,경상사고,0,0,1,0,차대사람 - 차도통행중,안전운전불이행,건조,흐림,단일로 - 기타,승용,남,61세,상해없음,보행자,남,61세,경상
2020122100100638,2020년 12월 21일 23시,월요일,전라남도 목포시 상동,경상사고,0,0,4,0,차대차 - 기타,직진우회전진행방해,건조,맑음,교차로 - 교차로안,승용,남,55세,경상,승용,남,26세,경상
2020122200100017,2020년 12월 22일 04시,화요일,전라남도 목포시 옥암동,중상사고,0,1,3,0,차량단독 - 공작물충돌,안전운전불이행,건조,맑음,교차로 - 교차로부근,승용,남,18세,상해없음,,,,
2020122200100038,2020년 12월 22일 06시,화요일,전라남도 순천시 해룡면,사망사고,1,0,0,0,차대사람 - 횡단중,안전운전불이행,건조,맑음,단일로 - 기타,승용,남,63세,상해없음,보행자,남,45세,사망
2020122200100062,2020년 12월 22일 07시,화요일,전라남도 목포시 대양동,경상사고,0,0,1,0,차대사람 - 기타,안전운전불이행,건조,맑음,교차로 - 교차로부근,승용,남,55세,상해없음,보행자,여,70세,경상
2020122200100063,2020년 12월 22일 07시,화요일,전라남도 목포시 상동,경상사고,0,0,3,0,차대차 - 측면충돌,안전거리미확보,건조,맑음,교차로 - 교차로안,승용,남,39세,경상,승용,여,46세,경상
2020122200100091,2020년 12월 22일 08시,화요일,전라남도 보성군 복내면,경상사고,0,0,1,0,차대사람 - 차도통행중,안전운전불이행,건조,맑음,교차로 - 교차로안,이륜,남,71세,상해없음,보행자,여,83세,경상
2020122200100092,2020년 12월 22일 08시,화요일,전라남도 영암군 삼호읍,경상사고,0,0,1,0,차대차 - 측면충돌,중앙선침범,건조,맑음,단일로 - 기타,화물,남,42세,상해없음,승용,여,32세,경상
2020122200100093,2020년 12월 22일 08시,화요일,전라남도 광양시 광영동,중상사고,0,1,0,0,차대차 - 정면충돌,안전운전불이행,건조,맑음,교차로 - 교차로안,승용,여,51세,상해없음,승용,여,23세,중상
2020122200100115,2020년 12월 22일 09시,화요일,전라남도 영암군 삼호읍,경상사고,0,0,1,0,차대차 - 측면충돌,안전거리미확보,건조,맑음,단일로 - 기타,화물,남,49세,상해없음,승용,남,74세,경상
2020122200100141,2020년 12월 22일 10시,화요일,전라남도 완도군 신지면,경상사고,0,0,3,0,차대차 - 측면충돌,중앙선침범,건조,맑음,단일로 - 기타,화물,남,80세,경상,화물,남,45세,경상
2020122200100142,2020년 12월 22일 10시,화요일,전라남도 진도군 진도읍,중상사고,0,1,0,0,차대차 - 측면충돌,안전운전불이행,건조,맑음,교차로 - 교차로부근,사륜오토바이(ATV),남,93세,중상,화물,남,43세,상해없음
2020122200100170,2020년 12월 22일 11시,화요일,전라남도 여수시 학동,부상신고사고,0,0,0,1,차대차 - 기타,안전운전불이행,건조,맑음,단일로 - 기타,승용,여,67세,상해없음,승용,남,64세,부상신고
2020122200100171,2020년 12월 22일 11시,화요일,전라남도 나주시 삼영동,사망사고,1,0,0,0,차대차 - 측면충돌,안전운전불이행,건조,맑음,교차로 - 교차로안,화물,남,73세,상해없음,자전거,남,88세,사망
2020122200100172,2020년 12월 22일 11시,화요일,전라남도 강진군 강진읍,경상사고,0,0,2,0,차대차 - 측면충돌,과속,건조,맑음,교차로 - 교차로안,승합,남,59세,경상,승용,남,48세,경상
2020122200100204,2020년 12월 22일 12시,화요일,전라남도 광양시 마동,경상사고,0,0,1,0,차대차 - 기타,신호위반,건조,맑음,교차로 - 교차로안,승용,남,55세,상해없음,승용,남,39세,경상
2020122200100237,2020년 12월 22일 13시,화요일,전라남도 목포시 상동,경상사고,0,0,2,0,차대차 - 측면충돌,차로위반,건조,맑음,단일로 - 기타,화물,남,55세,상해없음,승용,남,64세,경상
2020122200100257,2020년 12월 22일 14시,화요일,전라남도 순천시 석현동,경상사고,0,0,1,0,차대차 - 추돌,안전거리미확보,건조,맑음,단일로 - 기타,화물,여,60세,상해없음,승용,남,39세,경상
2020122200100293,2020년 12월 22일 15시,화요일,전라남도 여수시 소라면,경상사고,0,0,1,0,차대차 - 기타,신호위반,건조,맑음,교차로 - 교차로부근,승용,남,31세,상해없음,자전거,남,57세,경상
2020122200100294,2020년 12월 22일 15시,화요일,전라남도 여수시 학동,경상사고,0,0,1,0,차대차 - 기타,안전운전불이행,건조,맑음,단일로 - 기타,승용,남,72세,상해없음,승용,여,47세,경상
2020122200100336,2020년 12월 22일 16시,화요일,전라남도 신안군 압해읍,경상사고,0,0,1,0,차대차 - 기타,기타,건조,맑음,단일로 - 기타,화물,남,34세,상해없음,승용,남,65세,경상
2020122200100367,2020년 12월 22일 17시,화요일,전라남도 순천시 풍덕동,경상사고,0,0,1,0,차대차 - 후진중충돌,안전운전불이행,건조,맑음,기타 - 기타,승용,여,50세,상해없음,승용,여,32세,경상
2020122200100368,2020년 12월 22일 17시,화요일,전라남도 나주시 토계동,경상사고,0,0,3,0,차대차 - 정면충돌,신호위반,건조,맑음,교차로 - 교차로안,승용,여,50세,경상,승용,남,50세,경상
2020122200100369,2020년 12월 22일 17시,화요일,전라남도 나주시 빛가람동,경상사고,0,0,2,0,차대차 - 기타,불법유턴,건조,맑음,교차로 - 교차로부근,승용,여,54세,경상,승용,남,21세,경상
2020122200100406,2020년 12월 22일 18시,화요일,전라남도 여수시 학동,경상사고,0,0,5,0,차대차 - 측면충돌,안전운전불이행,건조,맑음,교차로 - 교차로안,승용,남,20세,경상,승용,남,34세,경상
2020122200100407,2020년 12월 22일 18시,화요일,전라남도 장성군 장성읍,중상사고,0,1,0,0,차대차 - 측면충돌,안전운전불이행,건조,맑음,교차로 - 교차로안,승용,남,26세,상해없음,승용,남,33세,중상
2020122200100408,2020년 12월 22일 18시,화요일,전라남도 광양시 봉강면,경상사고,0,0,1,0,차대차 - 추돌,안전운전불이행,건조,맑음,단일로 - 기타,승용,남,39세,상해없음,승용,여,41세,경상
2020122200100477,2020년 12월 22일 19시,화요일,전라남도 무안군 삼향읍,경상사고,0,0,2,0,차대차 - 기타,안전운전불이행,건조,맑음,기타 - 기타,승용,남,39세,상해없음,승용,남,50세,경상
2020122200100569,2020년 12월 22일 22시,화요일,전라남도 광양시 마동,경상사고,0,0,1,0,차대차 - 추돌,안전거리미확보,건조,맑음,단일로 - 기타,승용,남,46세,상해없음,승용,여,37세,경상
2020122200100583,2020년 12월 22일 23시,화요일,전라남도 여수시 안산동,경상사고,0,0,1,0,차대차 - 측면충돌,교차로운행방법위반,건조,맑음,교차로 - 교차로안,승용,남,60세,상해없음,승용,여,24세,경상
2020122200100584,2020년 12월 22일 23시,화요일,전라남도 화순군 화순읍,경상사고,0,0,2,0,차대차 - 추돌,안전운전불이행,건조,맑음,교차로 - 교차로부근,승용,남,25세,상해없음,승용,남,30세,경상
2020122300100020,2020년 12월 23일 03시,수요일,전라남도 보성군 조성면,경상사고,0,0,1,0,차량단독 - 공작물충돌,안전운전불이행,건조,맑음,단일로 - 기타,화물,여,53세,경상,,,,
2020122300100073,2020년 12월 23일 07시,수요일,전라남도 목포시 상동,사망사고,1,0,0,0,차대사람 - 횡단중,보행자보호의무위반,건조,맑음,교차로 - 교차로횡단보도내,승용,남,49세,상해없음,보행자,남,55세,사망
2020122300100114,2020년 12월 23일 08시,수요일,전라남도 순천시 연향동,경상사고,0,0,1,0,차대사람 - 기타,안전운전불이행,건조,맑음,기타 - 기타,승용,여,47세,상해없음,보행자,남,24세,경상
2020122300100115,2020년 12월 23일 08시,수요일,전라남도 순천시 장천동,경상사고,0,0,1,1,차대차 - 기타,교차로운행방법위반,건조,맑음,교차로 - 교차로부근,승용,여,27세,부상신고,화물,남,53세,경상
2020122300100183,2020년 12월 23일 11시,수요일,전라남도 순천시 조례동,경상사고,0,0,2,0,차대차 - 측면충돌,신호위반,건조,맑음,교차로 - 교차로안,원동기,남,19세,상해없음,승용,남,39세,경상
2020122300100298,2020년 12월 23일 15시,수요일,전라남도 목포시 용당동,경상사고,0,0,2,0,차대차 - 후진중충돌,안전운전불이행,건조,맑음,기타 - 기타,승용,여,49세,상해없음,승용,여,61세,경상
2020122300100299,2020년 12월 23일 15시,수요일,전라남도 영광군 영광읍,경상사고,0,0,3,0,차대차 - 측면충돌,직진우회전진행방해,건조,맑음,교차로 - 교차로안,승용,남,73세,상해없음,화물,남,74세,경상
2020122300100328,2020년 12월 23일 16시,수요일,전라남도 여수시 여서동,중상사고,0,1,0,0,차대사람 - 기타,안전운전불이행,건조,맑음,기타 - 기타,승용,남,51세,상해없음,보행자,남,74세,중상
2020122300100329,2020년 12월 23일 16시,수요일,전라남도 보성군 문덕면,경상사고,0,0,2,0,차대차 - 측면충돌,직진우회전진행방해,건조,맑음,교차로 - 교차로안,이륜,남,76세,경상,승용,남,64세,상해없음
2020122300100330,2020년 12월 23일 16시,수요일,전라남도 함평군 나산면,경상사고,0,0,1,0,차대차 - 측면충돌,중앙선침범,건조,맑음,기타 - 기타,화물,남,55세,상해없음,화물,남,37세,경상
2020122300100331,2020년 12월 23일 16시,수요일,전라남도 영암군 영암읍,경상사고,0,0,1,0,차대차 - 추돌,안전운전불이행,건조,맑음,단일로 - 기타,화물,남,70세,상해없음,승합,남,39세,경상
2020122300100376,2020년 12월 23일 17시,수요일,전라남도 순천시 석현동,경상사고,0,0,1,0,차대차 - 측면충돌,안전운전불이행,건조,맑음,단일로 - 기타,원동기,남,17세,상해없음,승용,남,52세,경상
2020122300100377,2020년 12월 23일 17시,수요일,전라남도 화순군 화순읍,경상사고,0,0,2,0,차대차 - 기타,신호위반,건조,맑음,교차로 - 교차로안,화물,남,40세,경상,승용,남,71세,경상
2020122300100378,2020년 12월 23일 17시,수요일,전라남도 광양시 광영동,경상사고,0,0,1,0,차대차 - 측면충돌,안전운전불이행,건조,맑음,단일로 - 기타,이륜,남,36세,경상,승용,남,60세,상해없음
2020122300100451,2020년 12월 23일 18시,수요일,전라남도 목포시 상동,경상사고,0,0,2,0,차대차 - 추돌,안전운전불이행,건조,맑음,교차로 - 교차로부근,승용,남,28세,상해없음,승용,남,39세,경상
2020122300100452,2020년 12월 23일 18시,수요일,전라남도 여수시 만흥동,경상사고,0,0,1,0,차대차 - 추돌,안전운전불이행,건조,맑음,단일로 - 기타,화물,남,50세,상해없음,승용,남,64세,경상
2020122300100453,2020년 12월 23일 18시,수요일,전라남도 순천시 연향동,경상사고,0,0,1,0,차대차 - 측면충돌,안전운전불이행,건조,맑음,교차로 - 교차로안,개인형이동수단(PM),남,59세,경상,승용,여,39세,상해없음
2020122300100454,2020년 12월 23일 18시,수요일,전라남도 영광군 불갑면,사망사고,1,0,0,0,차대사람 - 횡단중,안전운전불이행,건조,맑음,교차로 - 교차로안,화물,남,63세,상해없음,보행자,여,79세,사망
2020122300100506,2020년 12월 23일 19시,수요일,전라남도 목포시 옥암동,경상사고,0,0,1,0,차대차 - 측면충돌,안전운전불이행,건조,맑음,기타 - 기타,승용,여,56세,상해없음,이륜,남,40세,경상
2020122300100507,2020년 12월 23일 19시,수요일,전라남도 여수시 월내동,경상사고,0,0,1,0,차량단독 - 기타,안전운전불이행,건조,맑음,단일로 - 기타,이륜,남,19세,경상,,,,
2020122300100508,2020년 12월 23일 19시,수요일,전라남도 고흥군 과역면,경상사고,0,0,1,0,차대사람 - 차도통행중,안전운전불이행,건조,맑음,단일로 - 기타,기타불명,기타불명,미분류,기타불명,보행자,여,50세,경상
2020122300100546,2020년 12월 23일 20시,수요일,전라남도 여수시 오천동,중상사고,0,1,0,0,차대사람 - 기타,안전운전불이행,건조,맑음,단일로 - 기타,승용,남,68세,상해없음,보행자,여,63세,중상
2020122300100547,2020년 12월 23일 20시,수요일,전라남도 화순군 화순읍,부상신고사고,0,0,0,1,차대차 - 기타,안전운전불이행,건조,맑음,교차로 - 교차로안,자전거,남,12세,부상신고,승용,남,45세,상해없음
2020122300100626,2020년 12월 23일 23시,수요일,전라남도 영암군 삼호읍,경상사고,0,0,2,0,차대차 - 추돌,안전운전불이행,건조,맑음,교차로 - 교차로부근,승용,남,64세,상해없음,승용,남,49세,경상
2020122400100025,2020년 12월 24일 05시,목요일,전라남도 순천시 동외동,중상사고,0,1,0,0,차대차 - 측면충돌,안전운전불이행,건조,맑음,단일로 - 기타,화물,여,51세,상해없음,자전거,남,73세,중상
2020122400100090,2020년 12월 24일 08시,목요일,전라남도 목포시 산정동,경상사고,0,0,1,0,차대차 - 추돌,안전운전불이행,건조,맑음,단일로 - 기타,승용,여,65세,상해없음,승용,남,51세,경상
2020122400100091,2020년 12월 24일 08시,목요일,전라남도 강진군 강진읍,중상사고,0,1,0,0,차대사람 - 기타,안전운전불이행,건조,맑음,교차로 - 교차로안,승용,남,62세,상해없음,보행자,남,18세,중상
2020122400100114,2020년 12월 24일 09시,목요일,전라남도 순천시 인월동,경상사고,0,0,1,0,차대차 - 후진중충돌,안전운전불이행,건조,맑음,기타 - 기타,승용,남,71세,상해없음,승용,여,46세,경상
2020122400100115,2020년 12월 24일 09시,목요일,전라남도 보성군 겸백면,경상사고,0,0,1,0,차량단독 - 공작물충돌,안전운전불이행,건조,맑음,단일로 - 기타,화물,남,47세,경상,,,,
2020122400100141,2020년 12월 24일 10시,목요일,전라남도 장성군 동화면,부상신고사고,0,0,0,1,차대차 - 정면충돌,신호위반,건조,맑음,교차로 - 교차로안,승용,남,38세,부상신고,화물,남,62세,상해없음
2020122400100142,2020년 12월 24일 10시,목요일,전라남도 무안군 삼향읍,경상사고,0,0,1,0,차대차 - 측면충돌,안전운전불이행,건조,맑음,기타 - 기타,승용,여,59세,기타불명,화물,남,50세,경상
2020122400100176,2020년 12월 24일 11시,목요일,전라남도 목포시 상동,경상사고,0,0,1,0,차대차 - 측면충돌,교차로운행방법위반,건조,맑음,교차로 - 교차로안,이륜,남,43세,기타불명,승용,여,49세,경상
2020122400100177,2020년 12월 24일 11시,목요일,전라남도 보성군 벌교읍,중상사고,0,1,1,0,차대차 - 측면충돌,과속,건조,맑음,교차로 - 교차로안,승용,남,27세,중상,승용,여,30세,경상
2020122400100178,2020년 12월 24일 11시,목요일,전라남도 담양군 대전면,중상사고,0,1,0,0,차량단독 - 전도전복 - 전도,안전운전불이행,건조,맑음,단일로 - 기타,사륜오토바이(ATV),여,75세,중상,,,,
2020122400100204,2020년 12월 24일 12시,목요일,전라남도 순천시 해룡면,경상사고,0,0,1,0,차대차 - 추돌,안전운전불이행,건조,맑음,단일로 - 기타,화물,남,57세,상해없음,승용,여,61세,경상
2020122400100241,2020년 12월 24일 13시,목요일,전라남도 순천시 덕암동,경상사고,0,0,2,0,차대차 - 기타,차로위반,건조,맑음,단일로 - 기타,승용,남,63세,상해없음,화물,남,60세,경상
2020122400100317,2020년 12월 24일 15시,목요일,전라남도 여수시 선원동,경상사고,0,0,1,0,차대차 - 추돌,안전운전불이행,건조,맑음,단일로 - 기타,승용,남,24세,상해없음,승용,남,38세,경상
2020122400100318,2020년 12월 24일 15시,목요일,전라남도 장성군 동화면,경상사고,0,0,1,0,차량단독 - 공작물충돌,안전운전불이행,건조,맑음,단일로 - 기타,승용,남,71세,경상,,,,
2020122400100319,2020년 12월 24일 15시,목요일,전라남도 강진군 강진읍,경상사고,0,0,1,0,차대차 - 측면충돌,안전운전불이행,건조,맑음,교차로 - 교차로안,승용,남,59세,상해없음,이륜,남,36세,경상
2020122400100320,2020년 12월 24일 15시,목요일,전라남도 광양시 진상면,중상사고,0,1,1,0,차대차 - 측면충돌,안전운전불이행,건조,맑음,교차로 - 교차로부근,이륜,남,47세,경상,승용,남,33세,중상
2020122400100321,2020년 12월 24일 15시,목요일,전라남도 광양시 광양읍,경상사고,0,0,2,0,차대차 - 측면충돌,안전거리미확보,건조,맑음,교차로 - 교차로안,건설기계,남,63세,상해없음,승용,남,28세,경상
2020122400100354,2020년 12월 24일 16시,목요일,전라남도 순천시 풍덕동,중상사고,0,1,0,0,차대사람 - 기타,안전운전불이행,건조,맑음,단일로 - 기타,승용,남,24세,상해없음,보행자,남,66세,중상
2020122400100355,2020년 12월 24일 16시,목요일,전라남도 보성군 벌교읍,중상사고,0,1,1,0,차량단독 - 기타,안전운전불이행,건조,맑음,단일로 - 기타,사륜오토바이(ATV),남,60세,경상,,,,
2020122400100407,2020년 12월 24일 17시,목요일,전라남도 목포시 용해동,경상사고,0,0,1,0,차대차 - 후진중충돌,안전운전불이행,건조,흐림,교차로 - 교차로부근,승용,여,25세,상해없음,승용,남,54세,경상
2020122400100408,2020년 12월 24일 17시,목요일,전라남도 완도군 완도읍,경상사고,0,0,2,0,차대차 - 측면충돌,교차로운행방법위반,건조,맑음,교차로 - 교차로안,승용,여,50세,경상,승용,여,51세,경상
2020122400100476,2020년 12월 24일 18시,목요일,전라남도 여수시 교동,중상사고,0,1,0,0,차대사람 - 기타,안전운전불이행,건조,맑음,교차로 - 교차로안,승용,여,38세,상해없음,보행자,여,56세,중상
2020122400100477,2020년 12월 24일 18시,목요일,전라남도 화순군 화순읍,중상사고,0,1,0,0,차대사람 - 차도통행중,안전운전불이행,건조,맑음,교차로 - 교차로부근,화물,남,71세,상해없음,보행자,남,13세,중상
2020122400100537,2020년 12월 24일 19시,목요일,전라남도 함평군 함평읍,경상사고,0,0,2,0,차대차 - 추돌,안전운전불이행,건조,맑음,단일로 - 기타,승용,남,32세,경상,특수,남,48세,경상
2020122500100006,2020년 12월 25일 00시,금요일,전라남도 여수시 돌산읍,경상사고,0,0,1,0,차대차 - 측면충돌,차로위반,건조,맑음,단일로 - 기타,승용,남,63세,상해없음,이륜,남,48세,경상
2020122500100027,2020년 12월 25일 05시,금요일,전라남도 영암군 삼호읍,중상사고,0,2,0,0,차대차 - 측면충돌,기타,건조,맑음,교차로 - 교차로부근,화물,남,67세,중상,화물,남,59세,상해없음
2020122500100060,2020년 12월 25일 09시,금요일,전라남도 무안군 일로읍,사망사고,1,0,0,0,차대차 - 측면충돌,신호위반,건조,맑음,교차로 - 교차로안,화물,남,45세,상해없음,이륜,남,80세,사망
2020122500100061,2020년 12월 25일 09시,금요일,전라남도 광양시 태인동,사망사고,1,0,0,0,차량단독 - 공작물충돌,안전운전불이행,건조,맑음,단일로 - 교량,건설기계,남,70세,사망,,,,
2020122500100066,2020년 12월 25일 10시,금요일,전라남도 목포시 옥암동,경상사고,0,0,1,0,차대사람 - 기타,기타,건조,맑음,기타 - 기타,승용,남,57세,상해없음,보행자,여,79세,경상
2020122500100083,2020년 12월 25일 11시,금요일,전라남도 목포시 동명동,경상사고,0,0,1,0,차대차 - 측면충돌,신호위반,건조,맑음,교차로 - 교차로안,승용,남,43세,상해없음,승용,여,29세,경상
2020122500100107,2020년 12월 25일 12시,금요일,전라남도 목포시 석현동,경상사고,0,0,3,0,차대차 - 기타,교차로운행방법위반,건조,맑음,교차로 - 교차로부근,승용,남,64세,경상,승용,남,59세,경상
2020122500100108,2020년 12월 25일 12시,금요일,전라남도 순천시 왕지동,경상사고,0,0,1,0,차대차 - 기타,안전운전불이행,건조,맑음,단일로 - 기타,승용,여,56세,상해없음,이륜,남,32세,경상
2020122500100109,2020년 12월 25일 12시,금요일,전라남도 광양시 중동,중상사고,0,1,0,0,차대차 - 측면충돌,교차로운행방법위반,건조,맑음,교차로 - 교차로안,승용,남,65세,상해없음,이륜,남,38세,중상
2020122500100158,2020년 12월 25일 14시,금요일,전라남도 해남군 해남읍,경상사고,0,0,1,0,차대차 - 기타,안전운전불이행,건조,맑음,교차로 - 교차로안,화물,남,64세,상해없음,승용,남,55세,경상
2020122500100159,2020년 12월 25일 14시,금요일,전라남도 영암군 신북면,경상사고,0,0,1,0,차대차 - 추돌,안전운전불이행,건조,맑음,교차로 - 교차로부근,승용,남,72세,상해없음,승용,남,55세,경상
2020122500100190,2020년 12월 25일 15시,금요일,전라남도 진도군 진도읍,경상사고,0,0,2,0,차량단독 - 공작물충돌,안전운전불이행,건조,맑음,단일로 - 기타,승용,여,41세,경상,,,,
2020122500100211,2020년 12월 25일 16시,금요일,전라남도 해남군 문내면,사망사고,1,0,0,0,차량단독 - 전도전복 - 전도,안전운전불이행,건조,맑음,단일로 - 기타,화물,남,28세,상해없음,,,,
2020122500100237,2020년 12월 25일 17시,금요일,전라남도 여수시 문수동,경상사고,0,0,1,0,차대차 - 측면충돌,교차로운행방법위반,건조,맑음,교차로 - 교차로안,승용,남,38세,상해없음,이륜,남,23세,경상
2020122500100238,2020년 12월 25일 17시,금요일,전라남도 영광군 영광읍,경상사고,0,0,1,0,차대차 - 측면충돌,안전운전불이행,건조,맑음,단일로 - 기타,승용,남,42세,상해없음,자전거,남,48세,경상
2020122500100239,2020년 12월 25일 17시,금요일,전라남도 무안군 무안읍,경상사고,0,0,1,0,차대차 - 측면충돌,신호위반,건조,기타,교차로 - 교차로안,승용,남,26세,상해없음,화물,남,25세,경상
2020122500100363,2020년 12월 25일 21시,금요일,전라남도 목포시 산정동,경상사고,0,0,1,0,차대차 - 정면충돌,안전운전불이행,건조,맑음,단일로 - 기타,승용,남,68세,상해없음,승용,남,30세,경상
2020122500100364,2020년 12월 25일 21시,금요일,전라남도 목포시 옥암동,중상사고,0,1,0,0,차대사람 - 횡단중,보행자보호의무위반,건조,맑음,교차로 - 교차로횡단보도내,승용,남,50세,상해없음,보행자,여,43세,중상
2020122500100365,2020년 12월 25일 21시,금요일,전라남도 완도군 완도읍,경상사고,0,0,1,0,차대차 - 기타,신호위반,건조,맑음,교차로 - 교차로안,승용,여,26세,경상,화물,남,54세,상해없음
2020122600100024,2020년 12월 26일 04시,토요일,전라남도 순천시 동외동,경상사고,0,0,1,0,차량단독 - 공작물충돌,안전운전불이행,건조,맑음,단일로 - 기타,승용,남,27세,상해없음,,,,
2020122600100037,2020년 12월 26일 06시,토요일,전라남도 여수시 둔덕동,경상사고,0,0,4,0,차대차 - 추돌,안전운전불이행,건조,맑음,단일로 - 기타,화물,남,38세,상해없음,승용,남,45세,경상
2020122600100052,2020년 12월 26일 08시,토요일,전라남도 완도군 금일읍,경상사고,0,0,1,0,차대사람 - 기타,기타,건조,맑음,단일로 - 기타,승용,남,27세,상해없음,보행자,남,87세,경상
2020122600100067,2020년 12월 26일 09시,토요일,전라남도 화순군 화순읍,경상사고,0,0,1,0,차대차 - 측면충돌,신호위반,건조,맑음,교차로 - 교차로안,승용,여,39세,상해없음,승용,남,38세,경상
2020122600100085,2020년 12월 26일 10시,토요일,전라남도 여수시 돌산읍,경상사고,0,0,3,0,차대차 - 측면충돌,안전거리미확보,건조,맑음,단일로 - 기타,화물,남,41세,상해없음,승용,남,24세,경상
2020122600100086,2020년 12월 26일 10시,토요일,전라남도 순천시 서면,중상사고,0,1,1,0,차대차 - 측면충돌,신호위반,건조,맑음,교차로 - 교차로안,승용,남,79세,상해없음,승용,남,66세,상해없음
2020122600100087,2020년 12월 26일 10시,토요일,전라남도 함평군 함평읍,중상사고,0,1,0,0,차대차 - 측면충돌,교차로운행방법위반,건조,맑음,교차로 - 교차로안,이륜,남,77세,중상,승용,남,63세,상해없음
2020122600100127,2020년 12월 26일 12시,토요일,전라남도 목포시 용당동,경상사고,0,0,3,0,차대차 - 기타,안전운전불이행,건조,맑음,기타 - 기타,승용,남,45세,상해없음,승용,여,38세,경상
2020122600100128,2020년 12월 26일 12시,토요일,전라남도 담양군 담양읍,경상사고,0,0,1,0,차대차 - 측면충돌,직진우회전진행방해,건조,맑음,교차로 - 교차로안,승용,남,59세,상해없음,승용,여,61세,경상
2020122600100129,2020년 12월 26일 12시,토요일,전라남도 무안군 삼향읍,경상사고,0,0,3,0,차대차 - 기타,안전운전불이행,건조,맑음,교차로 - 교차로안,승용,여,36세,상해없음,승용,여,49세,경상