사고번호,사고일시,요일,시군구,사고내용,사망자수,중상자수,경상자수,부상신고자수,사고유형,법규위반,노면상태,기상상태,도로형태,가해운전자 차종,가해운전자 성별,가해운전자 연령,가해운전자 상해정도,피해운전자 차종,피해운전자 성별,피해운전자 연령,피해운전자 상해정도
2020122600100150,2020년 12월 26일 13시,토요일,전라남도 순천시 해룡면,중상사고,0,1,3,0,차대차 - 추돌,안전거리미확보,건조,맑음,단일로 - 기타,승용,남,30세,상해없음,승용,여,49세,중상
2020122600100178,2020년 12월 26일 14시,토요일,전라남도 화순군 화순읍,경상사고,0,0,1,0,차대차 - 측면충돌,안전운전불이행,건조,맑음,주차장 - 주차장,화물,남,61세,상해없음,승용,여,43세,경상
2020122600100179,2020년 12월 26일 14시,토요일,전라남도 무안군 삼향읍,경상사고,0,0,2,0,차대차 - 기타,신호위반,건조,맑음,교차로 - 교차로안,승용,남,43세,상해없음,승용,남,43세,경상
2020122600100180,2020년 12월 26일 14시,토요일,전라남도 진도군 진도읍,경상사고,0,0,1,0,차대사람 - 기타,안전운전불이행,기타,맑음,단일로 - 기타,승용,여,61세,상해없음,보행자,남,56세,경상
2020122600100204,2020년 12월 26일 15시,토요일,전라남도 장성군 황룡면,경상사고,0,0,3,0,차대차 - 추돌,안전운전불이행,건조,맑음,기타 - 기타,화물,남,23세,경상,승용,남,39세,경상
2020122600100262,2020년 12월 26일 17시,토요일,전라남도 여수시 여천동,경상사고,0,0,1,0,차대차 - 기타,안전운전불이행,건조,맑음,단일로 - 기타,승용,남,42세,상해없음,승용,남,55세,상해없음
2020122600100263,2020년 12월 26일 17시,토요일,전라남도 순천시 용당동,경상사고,0,0,2,0,차대차 - 측면충돌,직진우회전진행방해,건조,맑음,교차로 - 교차로안,승용,여,23세,경상,승용,여,40세,경상
2020122600100264,2020년 12월 26일 17시,토요일,전라남도 무안군 삼향읍,경상사고,0,0,1,0,차대차 - 측면충돌,안전운전불이행,건조,맑음,교차로 - 교차로안,승용,여,46세,상해없음,승용,여,49세,경상
2020122600100304,2020년 12월 26일 18시,토요일,전라남도 목포시 옥암동,경상사고,0,0,2,0,차대차 - 기타,신호위반,건조,맑음,교차로 - 교차로안,승용,남,42세,상해없음,승용,남,18세,경상
2020122600100305,2020년 12월 26일 18시,토요일,전라남도 고흥군 도양읍,경상사고,0,0,1,0,차대차 - 기타,안전운전불이행,건조,맑음,교차로 - 교차로안,화물,남,45세,상해없음,이륜,남,65세,경상
2020122600100367,2020년 12월 26일 20시,토요일,전라남도 순천시 서면,경상사고,0,0,1,0,차대차 - 측면충돌,안전거리미확보,건조,맑음,교차로 - 교차로부근,승용,여,28세,상해없음,화물,여,52세,경상
2020122700100004,2020년 12월 27일 00시,일요일,전라남도 함평군 대동면,사망사고,1,0,0,0,차량단독 - 공작물충돌,안전운전불이행,건조,맑음,단일로 - 기타,승용,남,26세,사망,,,,
2020122700100007,2020년 12월 27일 01시,일요일,전라남도 목포시 상동,경상사고,0,0,2,0,차대차 - 측면충돌,안전운전불이행,건조,맑음,단일로 - 기타,승용,남,28세,상해없음,승용,남,32세,경상
2020122700100008,2020년 12월 27일 01시,일요일,전라남도 장흥군 장흥읍,경상사고,0,0,2,0,차대차 - 측면충돌,안전운전불이행,건조,맑음,교차로 - 교차로안,승용,남,19세,상해없음,승용,여,59세,경상
2020122700100023,2020년 12월 27일 05시,일요일,전라남도 광양시 중동,경상사고,0,0,1,0,차대차 - 측면충돌,안전운전불이행,건조,맑음,교차로 - 교차로부근,승용,남,49세,상해없음,건설기계,남,47세,상해없음
2020122700100043,2020년 12월 27일 09시,일요일,전라남도 고흥군 풍양면,사망사고,1,0,0,0,차량단독 - 기타,안전운전불이행,건조,맑음,기타 - 기타,농기계,남,63세,사망,,,,
2020122700100061,2020년 12월 27일 11시,일요일,전라남도 순천시 풍덕동,경상사고,0,0,1,0,차대차 - 측면충돌,기타,건조,맑음,교차로 - 교차로안,원동기,남,52세,상해없음,승용,남,55세,경상
2020122700100062,2020년 12월 27일 11시,일요일,전라남도 해남군 황산면,중상사고,0,1,1,0,차대차 - 정면충돌,중앙선침범,젖음/습기,비,교차로 - 교차로부근,승용,남,33세,기타불명,승용,남,71세,경상
2020122700100063,2020년 12월 27일 11시,일요일,전라남도 화순군 화순읍,경상사고,0,0,2,0,차대차 - 기타,중앙선침범,젖음/습기,비,단일로 - 기타,승용,여,41세,경상,승용,남,51세,경상
2020122700100068,2020년 12월 27일 12시,일요일,전라남도 장흥군 장흥읍,경상사고,0,0,1,0,차대차 - 추돌,안전운전불이행,건조,기타,교차로 - 교차로안,건설기계,남,51세,상해없음,승용,여,55세,경상
2020122700100083,2020년 12월 27일 13시,일요일,전라남도 순천시 해룡면,경상사고,0,0,1,0,차대차 - 측면충돌,차로위반,건조,맑음,단일로 - 기타,승용,여,48세,상해없음,화물,남,62세,경상
2020122700100104,2020년 12월 27일 14시,일요일,전라남도 목포시 용해동,경상사고,0,0,1,0,차대차 - 기타,안전운전불이행,건조,맑음,단일로 - 기타,기타불명,기타불명,미분류,기타불명,승용,남,55세,경상
2020122700100148,2020년 12월 27일 16시,일요일,전라남도 목포시 용당동,경상사고,0,0,1,0,차대차 - 기타,안전운전불이행,젖음/습기,비,단일로 - 기타,승용,남,36세,상해없음,승용,남,74세,경상
2020122700100175,2020년 12월 27일 17시,일요일,전라남도 여수시 미평동,경상사고,0,0,1,0,차대차 - 기타,교차로운행방법위반,젖음/습기,비,교차로 - 교차로안,기타불명,기타불명,미분류,기타불명,이륜,남,35세,경상
2020122700100176,2020년 12월 27일 17시,일요일,전라남도 여수시 둔덕동,사망사고,1,0,0,0,차대사람 - 횡단중,신호위반,젖음/습기,비,단일로 - 기타,승용,여,57세,상해없음,보행자,여,61세,사망
2020122700100177,2020년 12월 27일 17시,일요일,전라남도 영광군 군서면,경상사고,0,0,2,0,차대차 - 측면충돌,안전운전불이행,건조,맑음,교차로 - 교차로안,화물,남,45세,기타불명,화물,남,19세,경상
2020122700100207,2020년 12월 27일 18시,일요일,전라남도 목포시 용해동,경상사고,0,0,2,0,차대차 - 추돌,안전운전불이행,젖음/습기,비,단일로 - 기타,승용,남,43세,상해없음,승용,여,45세,경상
2020122700100208,2020년 12월 27일 18시,일요일,전라남도 순천시 덕월동,경상사고,0,0,1,0,차대차 - 측면충돌,신호위반,젖음/습기,비,교차로 - 교차로안,화물,남,60세,상해없음,승용,여,49세,경상
2020122700100209,2020년 12월 27일 18시,일요일,전라남도 영암군 삼호읍,경상사고,0,0,2,0,차대차 - 정면충돌,안전운전불이행,젖음/습기,비,단일로 - 기타,승용,남,53세,상해없음,승용,남,49세,경상
2020122700100254,2020년 12월 27일 20시,일요일,전라남도 순천시 서면,경상사고,0,0,1,0,차대사람 - 길가장자리구역통행중,안전운전불이행,젖음/습기,비,교차로 - 교차로안,승용,여,41세,상해없음,보행자,남,82세,경상
2020122700100297,2020년 12월 27일 22시,일요일,전라남도 무안군 삼향읍,중상사고,0,1,1,0,차대차 - 기타,안전운전불이행,건조,맑음,단일로 - 기타,승용,남,36세,중상,승용,여,38세,경상
2020122800100011,2020년 12월 28일 02시,월요일,전라남도 목포시 산정동,중상사고,0,1,0,0,차대사람 - 기타,안전운전불이행,기타,맑음,단일로 - 기타,화물,여,45세,상해없음,보행자,남,70세,중상
2020122800100015,2020년 12월 28일 03시,월요일,전라남도 장성군 삼계면,경상사고,0,0,1,0,차대차 - 측면충돌,안전운전불이행,건조,맑음,교차로 - 교차로안,화물,남,75세,상해없음,화물,여,65세,경상
2020122800100019,2020년 12월 28일 04시,월요일,전라남도 보성군 득량면,사망사고,2,0,0,0,차량단독 - 공작물충돌,안전운전불이행,젖음/습기,비,교차로 - 교차로부근,화물,남,32세,사망,,,,
2020122800100035,2020년 12월 28일 06시,월요일,전라남도 함평군 함평읍,경상사고,0,0,1,0,차대차 - 측면충돌,안전거리미확보,젖음/습기,안개,단일로 - 기타,승용,남,58세,상해없음,승용,여,59세,경상
2020122800100062,2020년 12월 28일 07시,월요일,전라남도 고흥군 풍양면,경상사고,0,0,1,0,차대차 - 기타,안전운전불이행,서리/결빙,기타,단일로 - 기타,이륜,남,33세,경상,승용,남,50세,상해없음
2020122800100088,2020년 12월 28일 08시,월요일,전라남도 순천시 조례동,경상사고,0,0,3,0,차대차 - 측면충돌,신호위반,건조,맑음,교차로 - 교차로안,화물,남,71세,상해없음,승용,남,31세,경상
2020122800100089,2020년 12월 28일 08시,월요일,전라남도 보성군 벌교읍,경상사고,0,0,2,0,차대차 - 정면충돌,중앙선침범,서리/결빙,흐림,단일로 - 기타,화물,남,55세,경상,화물,남,34세,상해없음
2020122800100120,2020년 12월 28일 09시,월요일,전라남도 장흥군 관산읍,중상사고,0,1,1,0,차대차 - 정면충돌,기타,건조,맑음,단일로 - 기타,화물,남,72세,상해없음,승용,남,84세,경상
2020122800100156,2020년 12월 28일 10시,월요일,전라남도 장흥군 장흥읍,경상사고,0,0,1,0,차대차 - 추돌,안전운전불이행,건조,맑음,단일로 - 기타,승용,여,72세,상해없음,승용,여,47세,경상
2020122800100157,2020년 12월 28일 10시,월요일,전라남도 담양군 가사문학면,중상사고,0,1,0,0,차량단독 - 도로외이탈 - 추락,안전운전불이행,서리/결빙,맑음,교차로 - 교차로부근,이륜,남,68세,중상,,,,
2020122800100183,2020년 12월 28일 11시,월요일,전라남도 목포시 상동,경상사고,0,0,1,0,차대차 - 추돌,안전운전불이행,건조,맑음,단일로 - 기타,이륜,남,37세,경상,승용,여,28세,기타불명
2020122800100184,2020년 12월 28일 11시,월요일,전라남도 목포시 용당동,경상사고,0,0,1,0,차대차 - 기타,안전운전불이행,건조,맑음,단일로 - 기타,승용,남,59세,상해없음,승용,남,80세,상해없음
2020122800100212,2020년 12월 28일 12시,월요일,전라남도 목포시 상동,경상사고,0,0,3,0,차대차 - 측면충돌,안전운전불이행,건조,맑음,단일로 - 기타,승용,여,54세,경상,승용,여,46세,경상
2020122800100246,2020년 12월 28일 13시,월요일,전라남도 여수시 둔덕동,경상사고,0,0,1,0,차대차 - 측면충돌,안전운전불이행,건조,맑음,단일로 - 기타,승용,남,68세,상해없음,화물,남,46세,경상
2020122800100247,2020년 12월 28일 13시,월요일,전라남도 해남군 해남읍,중상사고,0,1,0,0,차대차 - 측면충돌,교차로운행방법위반,건조,맑음,교차로 - 교차로안,승용,남,60세,상해없음,이륜,남,71세,중상
2020122800100248,2020년 12월 28일 13시,월요일,전라남도 보성군 득량면,경상사고,0,0,1,0,차대사람 - 기타,안전운전불이행,건조,맑음,단일로 - 기타,승용,여,76세,상해없음,보행자,여,38세,경상
2020122800100249,2020년 12월 28일 13시,월요일,전라남도 함평군 월야면,경상사고,0,0,1,1,차대차 - 측면충돌,기타,건조,맑음,교차로 - 교차로안,승용,남,60세,부상신고,승용,남,31세,경상
2020122800100250,2020년 12월 28일 13시,월요일,전라남도 곡성군 입면,중상사고,0,1,0,0,차대사람 - 기타,안전운전불이행,건조,맑음,기타 - 기타,승용,여,41세,상해없음,보행자,여,86세,중상
2020122800100251,2020년 12월 28일 13시,월요일,전라남도 무안군 해제면,중상사고,0,1,0,0,차대사람 - 기타,안전운전불이행,건조,맑음,기타 - 기타,승용,여,78세,상해없음,보행자,남,57세,중상
2020122800100252,2020년 12월 28일 13시,월요일,전라남도 무안군 청계면,경상사고,0,0,1,0,차대차 - 기타,안전운전불이행,건조,맑음,교차로 - 교차로안,화물,남,78세,상해없음,승용,여,47세,경상
2020122800100333,2020년 12월 28일 15시,월요일,전라남도 목포시 산정동,경상사고,0,0,2,0,차대차 - 측면충돌,안전운전불이행,건조,맑음,교차로 - 교차로부근,승용,여,47세,경상,승용,남,69세,경상
2020122800100364,2020년 12월 28일 16시,월요일,전라남도 목포시 상동,경상사고,0,0,2,0,차대차 - 측면충돌,안전운전불이행,건조,맑음,단일로 - 기타,승용,남,48세,경상,승용,남,43세,경상
2020122800100365,2020년 12월 28일 16시,월요일,전라남도 나주시 다시면,중상사고,0,1,0,0,차대차 - 측면충돌,안전운전불이행,건조,맑음,교차로 - 교차로부근,이륜,남,83세,중상,승합,여,40세,상해없음
2020122800100402,2020년 12월 28일 17시,월요일,전라남도 목포시 상동,부상신고사고,0,0,0,1,차대차 - 측면충돌,안전운전불이행,건조,흐림,교차로 - 교차로횡단보도내,이륜,남,79세,부상신고,승합,남,55세,상해없음
2020122800100460,2020년 12월 28일 18시,월요일,전라남도 목포시 용당동,경상사고,0,0,2,0,차대차 - 정면충돌,안전운전불이행,건조,맑음,단일로 - 기타,승용,남,29세,상해없음,승용,남,59세,경상
2020122800100461,2020년 12월 28일 18시,월요일,전라남도 여수시 국동,경상사고,0,0,1,0,차대차 - 기타,차로위반,건조,맑음,교차로 - 교차로부근,건설기계,남,55세,상해없음,승용,여,30세,경상
2020122800100462,2020년 12월 28일 18시,월요일,전라남도 광양시 중동,경상사고,0,0,1,0,차대차 - 정면충돌,안전운전불이행,건조,맑음,단일로 - 기타,승용,남,54세,상해없음,이륜,남,37세,경상
2020122800100518,2020년 12월 28일 20시,월요일,전라남도 여수시 학동,경상사고,0,0,1,0,차대차 - 후진중충돌,안전운전불이행,건조,맑음,단일로 - 기타,승용,남,26세,상해없음,승용,남,56세,경상
2020122800100519,2020년 12월 28일 20시,월요일,전라남도 여수시 웅천동,중상사고,0,1,0,0,차대사람 - 횡단중,보행자보호의무위반,건조,맑음,교차로 - 교차로횡단보도내,승용,남,60세,상해없음,보행자,여,47세,중상
2020122900100016,2020년 12월 29일 05시,화요일,전라남도 해남군 산이면,중상사고,0,1,0,0,차대사람 - 기타,안전운전불이행,젖음/습기,안개,단일로 - 기타,화물,여,67세,상해없음,보행자,남,75세,중상
2020122900100025,2020년 12월 29일 06시,화요일,전라남도 여수시 중흥동,경상사고,0,0,1,0,차대차 - 측면충돌,안전운전불이행,건조,맑음,교차로 - 교차로부근,승합,남,52세,상해없음,승용,남,45세,경상
2020122900100026,2020년 12월 29일 06시,화요일,전라남도 여수시 적량동,경상사고,0,0,1,0,차대차 - 측면충돌,불법유턴,건조,맑음,단일로 - 기타,화물,남,32세,상해없음,승용,남,38세,경상
2020122900100027,2020년 12월 29일 06시,화요일,전라남도 순천시 연향동,경상사고,0,0,3,0,차대차 - 기타,직진우회전진행방해,건조,맑음,교차로 - 교차로안,승용,남,55세,경상,승용,남,52세,경상
2020122900100047,2020년 12월 29일 07시,화요일,전라남도 순천시 서면,경상사고,0,0,2,0,차대차 - 측면충돌,안전운전불이행,건조,맑음,단일로 - 기타,특수,남,46세,상해없음,승용,남,65세,경상
2020122900100077,2020년 12월 29일 09시,화요일,전라남도 목포시 상동,경상사고,0,0,1,0,차대사람 - 차도통행중,안전운전불이행,건조,맑음,단일로 - 기타,승용,여,30세,상해없음,보행자,남,36세,경상
2020122900100091,2020년 12월 29일 10시,화요일,전라남도 목포시 산정동,경상사고,0,0,1,0,차대사람 - 기타,안전운전불이행,건조,맑음,단일로 - 기타,화물,남,60세,상해없음,보행자,남,77세,경상
2020122900100092,2020년 12월 29일 10시,화요일,전라남도 광양시 광양읍,경상사고,0,0,1,0,차대차 - 기타,안전운전불이행,건조,맑음,교차로 - 교차로횡단보도내,화물,남,41세,상해없음,자전거,남,67세,경상
2020122900100112,2020년 12월 29일 11시,화요일,전라남도 무안군 삼향읍,경상사고,0,0,1,0,차대차 - 측면충돌,안전운전불이행,건조,맑음,교차로 - 교차로부근,승용,여,53세,상해없음,승용,남,28세,경상
2020122900100158,2020년 12월 29일 13시,화요일,전라남도 고흥군 풍양면,중상사고,0,1,0,0,차량단독 - 기타,안전운전불이행,건조,맑음,기타 - 기타,농기계,남,83세,중상,,,,
2020122900100176,2020년 12월 29일 14시,화요일,전라남도 나주시 다시면,중상사고,0,1,0,0,차대차 - 측면충돌,안전운전불이행,건조,맑음,교차로 - 교차로안,화물,남,46세,상해없음,이륜,남,78세,중상
2020122900100177,2020년 12월 29일 14시,화요일,전라남도 화순군 화순읍,경상사고,0,0,3,0,차대차 - 측면충돌,교차로운행방법위반,건조,맑음,교차로 - 교차로안,승용,남,21세,상해없음,승용,남,69세,경상
2020122900100206,2020년 12월 29일 15시,화요일,전라남도 목포시 용당동,경상사고,0,0,2,0,차대차 - 후진중충돌,안전운전불이행,건조,맑음,교차로 - 교차로부근,승용,남,69세,경상,승용,남,28세,경상
2020122900100207,2020년 12월 29일 15시,화요일,전라남도 여수시 돌산읍,경상사고,0,0,1,0,차대차 - 추돌,안전운전불이행,건조,맑음,단일로 - 기타,화물,남,63세,상해없음,승용,남,60세,경상
2020122900100208,2020년 12월 29일 15시,화요일,전라남도 해남군 해남읍,중상사고,0,1,0,0,차대사람 - 횡단중,안전운전불이행,건조,맑음,교차로 - 교차로안,화물,남,44세,상해없음,보행자,남,72세,중상
2020122900100209,2020년 12월 29일 15시,화요일,전라남도 영암군 삼호읍,부상신고사고,0,0,0,1,차대차 - 기타,기타,건조,맑음,교차로 - 교차로부근,기타불명,기타불명,미분류,기타불명,승용,남,37세,부상신고
2020122900100234,2020년 12월 29일 16시,화요일,전라남도 여수시 문수동,경상사고,0,0,1,0,차대사람 - 길가장자리구역통행중,안전운전불이행,건조,맑음,단일로 - 기타,승용,여,57세,상해없음,보행자,여,52세,경상
2020122900100235,2020년 12월 29일 16시,화요일,전라남도 무안군 청계면,경상사고,0,0,4,0,차대차 - 기타,안전운전불이행,젖음/습기,흐림,기타 - 기타,화물,남,27세,상해없음,승용,여,50세,경상
2020122900100278,2020년 12월 29일 17시,화요일,전라남도 순천시 해룡면,사망사고,1,0,2,0,차대차 - 측면충돌,중앙선침범,젖음/습기,비,단일로 - 기타,승용,남,36세,사망,승용,남,50세,경상
2020122900100279,2020년 12월 29일 17시,화요일,전라남도 함평군 나산면,경상사고,0,0,1,0,차대차 - 측면충돌,중앙선침범,건조,맑음,단일로 - 기타,승용,여,74세,상해없음,승용,여,52세,경상
2020122900100324,2020년 12월 29일 18시,화요일,전라남도 목포시 상동,중상사고,0,1,0,0,차대사람 - 횡단중,보행자보호의무위반,젖음/습기,비,단일로 - 기타,승용,남,60세,상해없음,보행자,여,65세,중상
2020122900100374,2020년 12월 29일 19시,화요일,전라남도 여수시 여서동,경상사고,0,0,1,0,차대차 - 기타,신호위반,건조,맑음,교차로 - 교차로안,승용,남,37세,상해없음,승용,남,25세,경상
2020122900100404,2020년 12월 29일 20시,화요일,전라남도 해남군 해남읍,중상사고,0,1,0,0,차대차 - 측면충돌,신호위반,서리/결빙,맑음,교차로 - 교차로안,원동기,남,40세,중상,화물,남,44세,상해없음
2020122900100442,2020년 12월 29일 21시,화요일,전라남도 광양시 광양읍,경상사고,0,0,1,0,차대차 - 측면충돌,안전거리미확보,젖음/습기,비,교차로 - 교차로부근,승용,남,67세,상해없음,승용,남,22세,상해없음
2020122900100484,2020년 12월 29일 23시,화요일,전라남도 여수시 둔덕동,중상사고,0,3,0,0,차량단독 - 공작물충돌,안전운전불이행,젖음/습기,비,단일로 - 기타,승용,남,24세,상해없음,,,,
2020123000100007,2020년 12월 30일 00시,수요일,전라남도 여수시 신기동,경상사고,0,0,1,0,차대차 - 기타,안전운전불이행,젖음/습기,눈,기타 - 기타,승용,남,57세,상해없음,승용,남,28세,상해없음
2020123000100033,2020년 12월 30일 06시,수요일,전라남도 목포시 산정동,경상사고,0,0,2,0,차대차 - 기타,안전운전불이행,서리/결빙,눈,교차로 - 교차로부근,승용,남,28세,상해없음,승용,남,45세,경상
2020123000100034,2020년 12월 30일 06시,수요일,전라남도 순천시 서면,중상사고,0,1,0,0,차량단독 - 기타,안전운전불이행,서리/결빙,눈,단일로 - 기타,승용,여,60세,중상,,,,
2020123000100049,2020년 12월 30일 07시,수요일,전라남도 나주시 세지면,경상사고,0,0,1,0,차대차 - 기타,안전운전불이행,서리/결빙,눈,교차로 - 교차로안,화물,남,62세,상해없음,승용,남,67세,경상
2020123000100078,2020년 12월 30일 08시,수요일,전라남도 고흥군 봉래면,사망사고,1,0,0,0,차량단독 - 도로외이탈 - 추락,안전운전불이행,서리/결빙,눈,단일로 - 기타,승용,남,51세,사망,,,,
2020123000100102,2020년 12월 30일 09시,수요일,전라남도 순천시 주암면,중상사고,0,2,1,0,차대차 - 추돌,안전운전불이행,적설,눈,단일로 - 기타,승용,남,28세,상해없음,기타불명,남,32세,중상
2020123000100126,2020년 12월 30일 10시,수요일,전라남도 담양군 담양읍,경상사고,0,0,2,0,차대차 - 정면충돌,안전거리미확보,적설,눈,단일로 - 기타,승용,남,41세,상해없음,승용,남,52세,경상
2020123000100151,2020년 12월 30일 11시,수요일,전라남도 순천시 풍덕동,경상사고,0,0,2,0,차대차 - 측면충돌,직진우회전진행방해,건조,맑음,교차로 - 교차로안,승용,남,59세,상해없음,화물,남,61세,경상
2020123000100152,2020년 12월 30일 11시,수요일,전라남도 무안군 무안읍,중상사고,0,1,14,0,차대차 - 추돌,안전운전불이행,서리/결빙,눈,단일로 - 터널,승용,남,64세,경상,승용,여,50세,중상
2020123000100240,2020년 12월 30일 14시,수요일,전라남도 여수시 중흥동,경상사고,0,0,2,0,차대차 - 측면충돌,안전거리미확보,건조,맑음,단일로 - 기타,승용,남,59세,상해없음,화물,남,45세,경상
2020123000100241,2020년 12월 30일 14시,수요일,전라남도 여수시 문수동,경상사고,0,0,1,0,차대차 - 측면충돌,안전운전불이행,건조,맑음,교차로 - 교차로안,승용,남,79세,상해없음,승용,남,26세,경상
2020123000100271,2020년 12월 30일 15시,수요일,전라남도 여수시 웅천동,경상사고,0,0,1,0,차대사람 - 횡단중,신호위반,건조,맑음,교차로 - 교차로안,승용,여,51세,상해없음,보행자,여,10세,경상
2020123000100311,2020년 12월 30일 16시,수요일,전라남도 영광군 묘량면,경상사고,0,0,2,0,차대차 - 측면충돌,직진우회전진행방해,적설,눈,교차로 - 교차로안,승용,여,46세,경상,승용,남,63세,경상
2020123000100312,2020년 12월 30일 16시,수요일,전라남도 화순군 능주면,중상사고,0,1,2,0,차대차 - 기타,과속,서리/결빙,눈,단일로 - 교량,승용,남,51세,경상,승용,기타불명,98세 이상,기타불명
2020123000100313,2020년 12월 30일 16시,수요일,전라남도 영광군 영광읍,경상사고,0,0,1,0,차대차 - 추돌,안전운전불이행,서리/결빙,눈,단일로 - 기타,승용,남,35세,상해없음,승용,여,27세,경상
2020123000100340,2020년 12월 30일 17시,수요일,전라남도 화순군 청풍면,경상사고,0,0,1,1,차대차 - 기타,안전운전불이행,적설,눈,단일로 - 기타,승용,남,54세,상해없음,승용,남,60세,경상
2020123000100341,2020년 12월 30일 17시,수요일,전라남도 광양시 성황동,경상사고,0,0,2,0,차대차 - 추돌,안전거리미확보,건조,맑음,교차로 - 교차로안,승용,남,76세,상해없음,승용,여,25세,경상
2020123000100402,2020년 12월 30일 18시,수요일,전라남도 순천시 가곡동,부상신고사고,0,0,0,1,차대차 - 측면충돌,신호위반,건조,맑음,교차로 - 교차로안,이륜,남,24세,부상신고,승용,남,26세,상해없음
2020123000100466,2020년 12월 30일 20시,수요일,전라남도 목포시 산정동,경상사고,0,0,1,0,차대차 - 기타,차로위반,서리/결빙,눈,기타 - 기타,승용,남,27세,상해없음,승용,남,28세,경상
2020123000100509,2020년 12월 30일 21시,수요일,전라남도 영암군 삼호읍,경상사고,0,0,1,0,차대차 - 측면충돌,기타,적설,눈,단일로 - 기타,승용,남,27세,기타불명,승용,여,24세,상해없음
2020123100100020,2020년 12월 31일 05시,목요일,전라남도 광양시 마동,부상신고사고,0,0,0,1,차량단독 - 전도전복 - 전도,안전운전불이행,건조,맑음,교차로 - 교차로안,승용,남,23세,상해없음,,,,
2020123100100037,2020년 12월 31일 07시,목요일,전라남도 화순군 화순읍,경상사고,0,0,2,0,차대차 - 측면충돌,안전운전불이행,적설,눈,교차로 - 교차로안,승용,남,26세,상해없음,승용,남,68세,경상
2020123100100095,2020년 12월 31일 10시,목요일,전라남도 구례군 용방면,중상사고,0,2,1,0,차대차 - 정면충돌,안전운전불이행,건조,맑음,교차로 - 교차로안,승용,남,67세,경상,승용,남,65세,중상
2020123100100130,2020년 12월 31일 11시,목요일,전라남도 여수시 월내동,경상사고,0,0,1,0,차대차 - 측면충돌,기타,건조,맑음,교차로 - 교차로안,특수,남,50세,상해없음,화물,남,56세,경상
2020123100100164,2020년 12월 31일 12시,목요일,전라남도 목포시 용해동,경상사고,0,0,2,0,차대차 - 측면충돌,직진우회전진행방해,젖음/습기,눈,교차로 - 교차로안,승용,남,59세,경상,승용,남,35세,경상
2020123100100256,2020년 12월 31일 15시,목요일,전라남도 여수시 둔덕동,경상사고,0,0,1,0,차대차 - 측면충돌,차로위반,건조,맑음,단일로 - 기타,승용,남,60세,상해없음,승용,남,58세,경상
2020123100100295,2020년 12월 31일 16시,목요일,전라남도 여수시 소라면,경상사고,0,0,2,0,차대차 - 기타,교차로운행방법위반,건조,맑음,교차로 - 교차로안,승용,여,42세,상해없음,승용,남,41세,경상
2020123100100296,2020년 12월 31일 16시,목요일,전라남도 순천시 덕암동,경상사고,0,0,1,0,차대차 - 기타,안전운전불이행,건조,맑음,기타 - 기타,승용,남,57세,상해없음,승용,여,27세,경상
2020123100100297,2020년 12월 31일 16시,목요일,전라남도 완도군 완도읍,경상사고,0,0,2,0,차대차 - 추돌,안전운전불이행,기타,눈,단일로 - 기타,화물,남,44세,상해없음,화물,남,38세,상해없음
2020123100100344,2020년 12월 31일 17시,목요일,전라남도 순천시 조례동,중상사고,0,1,0,0,차대사람 - 기타,안전운전불이행,건조,맑음,단일로 - 기타,승용,여,60세,상해없음,보행자,여,59세,중상
2020123100100345,2020년 12월 31일 17시,목요일,전라남도 고흥군 과역면,중상사고,0,1,0,0,차대차 - 기타,직진우회전진행방해,건조,흐림,교차로 - 교차로안,승용,여,51세,기타불명,자전거,여,67세,중상
2020123100100346,2020년 12월 31일 17시,목요일,전라남도 해남군 송지면,중상사고,0,1,0,0,차대차 - 기타,신호위반,젖음/습기,맑음,교차로 - 교차로안,승용,여,27세,상해없음,승용,남,68세,중상
2020123100100472,2020년 12월 31일 19시,목요일,전라남도 여수시 국동,경상사고,0,0,1,0,차대차 - 측면충돌,교차로운행방법위반,건조,맑음,교차로 - 교차로안,이륜,남,67세,경상,승용,여,57세,상해없음
2020123100100473,2020년 12월 31일 19시,목요일,전라남도 순천시 조례동,경상사고,0,0,2,0,차대차 - 측면충돌,안전운전불이행,건조,맑음,교차로 - 교차로안,원동기,남,39세,상해없음,승용,남,34세,경상
2020123100100474,2020년 12월 31일 19시,목요일,전라남도 영암군 삼호읍,중상사고,0,1,1,0,차대차 - 정면충돌,중앙선침범,건조,맑음,단일로 - 기타,화물,남,54세,중상,승용,남,38세,경상
2020123100100519,2020년 12월 31일 20시,목요일,전라남도 구례군 광의면,부상신고사고,0,0,0,1,차량단독 - 기타,안전운전불이행,건조,맑음,단일로 - 기타,이륜,남,71세,부상신고,,,,
2020123100100581,2020년 12월 31일 22시,목요일,전라남도 목포시 상동,경상사고,0,0,1,0,차대차 - 추돌,안전운전불이행,건조,맑음,단일로 - 기타,승용,남,65세,기타불명,승용,남,52세,경상
2020123100100582,2020년 12월 31일 22시,목요일,전라남도 여수시 학동,경상사고,0,0,2,0,차대차 - 측면충돌,교차로운행방법위반,건조,맑음,교차로 - 교차로안,승용,남,31세,상해없음,승용,남,25세,경상